{"cluster_sizes":[1,2,3,4,5,6,7,8,9,10,11,12,13,14,15,16,17,18,19,20,21,22,23,24,25,26,27,28,29,30,31,32,33,34,35,36,37,38,39,40,41,42,43,44,45,46,47,48,49,50,51,52,53,54,55,56,57,58,59,60,61,62,63,64,65,66,67,68,69,70,71,73,74,75,76,77],"cluster_removal_rates":[27.77777777777778,25.0,43.44827586206896,97.5443383356071,9.75609756097561,0.0,66.66666666666666,96.22166246851386,100.0,100.0,97.87234042553192,98.51576994434137,98.94526795895096,98.75666074600356,100.0,100.0,77.55102040816327,55.81395348837209,55.00000000000001,53.70370370370371,69.23076923076923,48.0,48.38709677419355,59.523809523809526,66.66666666666666,67.64705882352942,67.5,58.333333333333336,65.0,48.148148148148145,45.45454545454545,84.21052631578947,76.92307692307693,88.23529411764706,88.23529411764706,70.0,86.66666666666667,87.5,81.81818181818183,93.75,100.0,77.77777777777779,100.0,100.0,87.5,72.72727272727273,83.33333333333334,88.88888888888889,69.23076923076923,83.33333333333334,88.88888888888889,100.0,100.0,100.0,100.0,88.88888888888889,80.0,87.5,100.0,100.0,100.0,100.0,88.88888888888889,100.0,66.66666666666666,100.0,75.0,50.0,100.0,100.0,100.0,100.0,100.0,100.0,100.0,100.0],"cluster_post_filtering_doc_counts":[78,27,82,36,37,3,1,15,0,0,1,24,37,7,0,0,11,19,18,25,12,26,16,17,17,11,13,10,7,14,6,3,3,2,2,3,2,2,2,1,0,4,0,0,1,3,1,1,4,2,1,0,0,0,0,1,1,1,0,0,0,0,1,0,1,0,1,1,0,0,0,0,0,0,0,0],"tail_threshold":78,"tail_removal_rate":90.0,"tail_post_filtering_doc_counts":1,"global_removal_rate":93.76899696048632}