{"cluster_sizes":[1,2,3,4,5,6,7,10,11,12,13,14,15,16,17,18,19,20,21,22,23,24,25,26,27,28,29,30,31,32,33,34,35,36,37,38,39,40,41,42,43,44,45,46,47,48,49,50,51,52,53,54,55,56,57,58,59,60,61,62,63,64,65,66,67,68,69,70,72,74],"cluster_removal_rates":[12.264150943396226,10.76923076923077,12.878787878787879,10.576923076923077,9.30232558139535,0.0,0.0,66.66666666666666,89.8989898989899,88.9423076923077,88.5929357266937,85.96491228070175,100.0,44.44444444444444,29.09090909090909,21.666666666666668,38.70967741935484,19.607843137254903,43.90243902439025,56.41025641025641,52.94117647058824,51.85185185185185,66.66666666666666,67.74193548387096,73.91304347826086,66.66666666666666,82.6086956521739,86.66666666666667,70.58823529411765,77.77777777777779,84.0,64.0,94.73684210526315,91.66666666666666,80.0,70.58823529411765,78.57142857142857,100.0,72.72727272727273,92.3076923076923,81.81818181818183,57.14285714285714,55.55555555555556,100.0,80.0,100.0,100.0,75.0,85.71428571428571,75.0,100.0,85.71428571428571,80.0,75.0,66.66666666666666,77.77777777777779,100.0,50.0,100.0,83.33333333333334,100.0,100.0,100.0,60.0,100.0,100.0,100.0,50.0,100.0,66.66666666666666],"cluster_post_filtering_doc_counts":[93,58,115,93,39,11,4,1,10,184,591,8,0,5,39,47,38,41,23,17,16,13,15,10,6,8,4,2,5,4,4,9,1,1,4,5,3,0,3,1,2,3,4,0,1,0,0,1,1,2,0,1,1,1,1,2,0,1,0,1,0,0,0,2,0,0,0,1,0,1],"tail_threshold":76,"tail_removal_rate":66.66666666666666,"tail_post_filtering_doc_counts":3,"global_removal_rate":81.32854578096948}