{"cluster_sizes":[1,2,3,4,5,6,7,8,9,10,11,12,13,14,15,16,17,18,19,20,21,22,23,24,25,26,27,28,29,30,31,32,33,34,35,36,37,38,39,40,41,42,43,44,45,46,47,48,49,50,51,52,53,54,55,56,57,58,59,60,61,62,63,64,65,66,68,70,71,72,73,74,75,76,77,79,81,82],"cluster_removal_rates":[75.81699346405229,49.29577464788733,28.205128205128204,34.375,46.666666666666664,50.0,37.5,66.66666666666666,100.0,100.0,94.73684210526315,80.0,78.86623570363004,79.29377852510208,86.98830409356725,16.666666666666664,33.33333333333333,56.25,15.789473684210526,46.15384615384615,52.17391304347826,52.17391304347826,32.432432432432435,39.02439024390244,25.806451612903224,54.23728813559322,57.14285714285714,45.45454545454545,57.89473684210527,26.923076923076923,65.0,50.0,57.89473684210527,50.0,68.18181818181817,45.45454545454545,73.68421052631578,64.28571428571429,90.0,57.14285714285714,44.44444444444444,90.9090909090909,75.0,60.0,30.0,75.0,90.9090909090909,45.45454545454545,66.66666666666666,100.0,100.0,100.0,57.14285714285714,66.66666666666666,100.0,85.71428571428571,87.5,50.0,100.0,80.0,100.0,100.0,100.0,80.0,75.0,80.0,100.0,83.33333333333334,100.0,66.66666666666666,100.0,100.0,100.0,50.0,0.0,100.0,50.0,0.0],"cluster_post_filtering_doc_counts":[37,36,28,21,16,4,5,1,0,0,1,73,425,862,89,20,16,7,16,14,11,22,25,25,23,27,18,18,16,19,7,9,8,11,7,6,5,5,2,6,5,1,3,4,7,2,1,6,2,0,0,0,3,2,0,1,1,1,0,1,0,0,0,1,1,1,0,1,0,1,0,0,0,1,1,0,1,1],"tail_threshold":84,"tail_removal_rate":77.77777777777779,"tail_post_filtering_doc_counts":2,"global_removal_rate":76.44276253547777}