{"cluster_sizes":[1,2,3,4,5,6,7,8,9,10,11,12,13,14,15,16,17,18,19,20,21,22,23,24,25,26,27,28,29,30,31,32,33,34,35,36,37,38,39,40,41,42,43,44,45,46,47,48,49,50,51,52,53,54,55,56,57,58,59,60,61,62,63,64,65,66,67,68,69,70,71,72,73,74,75,76],"cluster_removal_rates":[75.67567567567568,100.0,88.88888888888889,100.0,100.0,83.33333333333334,100.0,100.0,100.0,78.26086956521739,73.76523412443873,74.66500467435338,67.02127659574468,69.23076923076923,30.0,27.027027027027028,32.467532467532465,33.33333333333333,18.75,29.82456140350877,25.806451612903224,22.22222222222222,47.5,71.69811320754717,43.47826086956522,60.71428571428571,60.86956521739131,60.0,66.66666666666666,66.66666666666666,81.25,45.45454545454545,60.0,81.25,70.0,81.81818181818183,61.53846153846154,78.57142857142857,45.45454545454545,75.0,100.0,45.45454545454545,66.66666666666666,70.0,75.0,91.66666666666666,62.5,87.5,60.0,66.66666666666666,100.0,100.0,60.0,80.0,66.66666666666666,62.5,60.0,80.0,62.5,100.0,66.66666666666666,100.0,100.0,25.0,50.0,40.0,100.0,100.0,100.0,66.66666666666666,75.0,0.0,0.0,100.0,100.0,0.0],"cluster_post_filtering_doc_counts":[27,0,3,0,0,1,0,0,0,20,409,1626,31,4,7,27,52,44,39,40,23,28,21,15,13,11,9,4,3,8,3,6,4,3,3,2,5,3,6,3,0,6,2,3,2,1,3,1,4,2,0,0,4,1,1,3,2,1,3,0,2,0,0,3,1,3,0,0,0,1,1,2,1,0,0,2],"tail_threshold":79,"tail_removal_rate":90.0,"tail_post_filtering_doc_counts":1,"global_removal_rate":72.44535372025412}