{"cluster_sizes":[1,2,3,4,5,6,7,8,9,10,11,12,13,14,15,16,17,18,19,20,21,22,23,24,25,26,27,28,29,30,31,32,33,34,35,36,37,38,39,40,41,42,43,44,45,46,47,48,49,50,51,52,53,54,55,56,57],"cluster_removal_rates":[97.85388713381438,97.92870905587668,97.75440255288973,97.9148181011535,98.39368363735366,98.4630163304515,97.87234042553192,98.64864864864865,98.23874755381604,98.36888331242159,96.49446494464945,98.70466321243524,97.7491961414791,98.89705882352942,97.70642201834863,96.36363636363636,99.06542056074767,100.0,100.0,95.94594594594594,93.5064935064935,95.83333333333334,96.22641509433963,100.0,96.7741935483871,96.7741935483871,91.30434782608695,100.0,100.0,94.11764705882352,93.33333333333333,100.0,91.66666666666666,91.66666666666666,100.0,100.0,80.0,100.0,100.0,100.0,83.33333333333334,71.42857142857143,75.0,100.0,100.0,100.0,100.0,100.0,100.0,100.0,100.0,100.0,100.0,80.0,100.0,100.0,100.0],"cluster_post_filtering_doc_counts":[1841,301,190,94,59,32,33,15,18,13,19,5,7,3,5,6,1,0,0,3,5,2,2,0,1,1,2,0,0,1,1,0,1,1,0,0,2,0,0,0,1,2,1,0,0,0,0,0,0,0,0,0,0,1,0,0,0],"tail_threshold":58,"tail_removal_rate":99.23076923076923,"tail_post_filtering_doc_counts":1,"global_removal_rate":97.88864375014828}