{"cluster_sizes":[1,2,3,4,5,6,7,8,9,10,11,12,13,14,15,16,17,18,19,20,21,23,24,29,30,31,32,33,34,35,41],"cluster_removal_rates":[60.64814814814815,40.74074074074074,31.932773109243694,24.786324786324787,20.792079207920793,23.75,31.11111111111111,16.666666666666664,10.81081081081081,14.285714285714285,32.0,22.727272727272727,9.090909090909092,12.5,28.57142857142857,0.0,20.0,33.33333333333333,33.33333333333333,33.33333333333333,100.0,33.33333333333333,0.0,33.33333333333333,0.0,100.0,100.0,0.0,0.0,0.0,100.0],"cluster_post_filtering_doc_counts":[170,256,81,88,80,61,31,30,33,30,17,17,20,14,10,10,4,2,2,2,0,2,1,2,1,0,0,1,1,1,0],"tail_threshold":56,"tail_removal_rate":50.0,"tail_post_filtering_doc_counts":1,"global_removal_rate":38.50063532401525}