{"cluster_sizes":[1,2,3,4,5,6,7,8,9,10,11,12,13,14,15,16,17,18,19,20,21,22,23,24,25,26,27,28,29,30,31,32,33,34,35,36,37,38,39,40,41,42,43,44,45,46,47,48,49,50,51,52,53,54,55,56,57,58,59,60,61,62,63,64,65,66,67,68,69,70,71,72,73,74],"cluster_removal_rates":[34.21052631578947,33.33333333333333,28.08988764044944,11.627906976744185,18.181818181818183,25.0,50.0,0.0,92.5925925925926,68.23338735818476,70.79449622725255,77.49609307171383,85.61671353957414,77.6978417266187,44.0,57.8125,60.256410256410255,44.285714285714285,36.84210526315789,39.325842696629216,45.88235294117647,49.275362318840585,51.80722891566265,43.037974683544306,47.05882352941176,38.333333333333336,42.5,48.717948717948715,42.857142857142854,55.88235294117647,62.857142857142854,65.38461538461539,59.09090909090909,57.14285714285714,69.23076923076923,89.47368421052632,85.71428571428571,66.66666666666666,63.1578947368421,61.53846153846154,58.82352941176471,77.77777777777779,75.0,58.333333333333336,77.77777777777779,60.0,88.88888888888889,68.75,80.0,83.33333333333334,100.0,46.666666666666664,75.0,66.66666666666666,91.66666666666666,100.0,70.0,57.14285714285714,66.66666666666666,66.66666666666666,75.0,83.33333333333334,28.57142857142857,50.0,75.0,75.0,100.0,75.0,100.0,100.0,0.0,100.0,75.0,100.0],"cluster_post_filtering_doc_counts":[50,16,64,38,9,3,1,3,2,196,1316,1296,358,31,28,27,31,39,60,54,46,35,40,45,45,37,23,20,20,15,13,9,9,9,4,2,3,6,7,5,7,2,5,5,2,4,1,5,3,2,0,8,4,4,1,0,3,3,3,1,2,1,5,2,1,1,0,1,0,0,1,0,1,0],"tail_threshold":75,"tail_removal_rate":73.68421052631578,"tail_post_filtering_doc_counts":5,"global_removal_rate":73.3029315960912}