{"cluster_sizes":[1,2,3,4,5,7,8,9,10,11,12,13,14,15,16,17,18,19,20,21,22,23,24,25,26,27,28,29,30,31,32,33,34,35,36,37,38,39,40,41,42,43,44,45,46,47,48,49,50,51,52,53,54,55,56,57,58,59,60,61,62,63,64,65,66,67,68,69,72,74,75,76,79],"cluster_removal_rates":[47.82608695652174,33.33333333333333,31.57894736842105,44.44444444444444,100.0,50.0,95.0,86.12836438923395,87.14632174616005,91.32947976878613,93.21824907521578,92.88194444444444,94.0,50.0,33.33333333333333,24.0,20.51282051282051,26.82926829268293,41.66666666666667,54.83870967741935,57.692307692307686,54.285714285714285,60.526315789473685,69.23076923076923,72.72727272727273,66.66666666666666,44.44444444444444,65.0,68.42105263157895,77.77777777777779,84.61538461538461,92.85714285714286,81.81818181818183,93.33333333333333,87.5,75.0,85.71428571428571,100.0,88.88888888888889,66.66666666666666,100.0,85.71428571428571,88.88888888888889,80.0,87.5,80.0,76.92307692307693,69.23076923076923,100.0,71.42857142857143,85.71428571428571,75.0,50.0,80.0,100.0,100.0,100.0,57.14285714285714,80.0,100.0,50.0,75.0,100.0,100.0,50.0,100.0,100.0,100.0,100.0,100.0,100.0,100.0,0.0],"cluster_post_filtering_doc_counts":[12,14,13,5,0,1,1,67,159,90,165,82,6,13,14,38,31,30,28,14,11,16,15,8,3,5,10,7,6,2,2,1,2,1,1,2,1,0,1,4,0,1,1,1,1,1,3,4,0,2,1,1,2,1,0,0,0,3,1,0,1,1,0,0,1,0,0,0,0,0,0,0,1],"tail_threshold":81,"tail_removal_rate":87.5,"tail_post_filtering_doc_counts":1,"global_removal_rate":87.49828084169991}