{"cluster_sizes":[1,2,3,4,5,6,7,8,9,10,11,12,13,14,15,16,17,18,19,20,21,22,23,24,25,26,27,28,29,30,31,32,33,34,35,36,37,38,39,40,41,42,44,45,46,47,48,49,50,51,52,53,55,56,57,58,60,61,62,64,65,67,68,69,70,71,72,74],"cluster_removal_rates":[44.44444444444444,55.55555555555556,99.00990099009901,100.0,100.0,100.0,100.0,100.0,100.0,100.0,100.0,98.7878787878788,98.97318881916715,100.0,47.05882352941176,60.0,50.0,78.26086956521739,70.83333333333334,29.411764705882355,73.33333333333333,58.82352941176471,53.333333333333336,60.0,75.0,0.0,77.77777777777779,75.0,42.857142857142854,57.14285714285714,87.5,87.5,71.42857142857143,87.5,100.0,100.0,66.66666666666666,75.0,85.71428571428571,100.0,100.0,100.0,60.0,62.5,100.0,50.0,100.0,100.0,100.0,100.0,50.0,100.0,100.0,100.0,100.0,100.0,100.0,100.0,66.66666666666666,100.0,100.0,100.0,100.0,100.0,100.0,100.0,100.0,100.0],"cluster_post_filtering_doc_counts":[15,4,2,0,0,0,0,0,0,0,0,12,18,0,9,14,18,5,7,12,4,7,7,4,2,3,2,3,4,3,1,1,2,1,0,0,1,1,1,0,0,0,2,3,0,1,0,0,0,0,1,0,0,0,0,0,0,0,1,0,0,0,0,0,0,0,0,0],"tail_threshold":75,"tail_removal_rate":83.33333333333334,"tail_post_filtering_doc_counts":1,"global_removal_rate":96.87386404943656}