{"cluster_sizes":[1,2,3,4,5,6,7,8,9,10,11,12,13,14,15,16,17,18,19,20,21,22,23,24,25,26,27,28,29],"cluster_removal_rates":[82.6011760636458,74.29492344883158,75.55759242285365,77.62665759945597,11.11111111111111,26.506024096385545,24.489795918367346,75.0,46.666666666666664,50.0,60.0,75.86206896551724,90.0,61.53846153846154,81.25,81.81818181818183,52.38095238095239,87.5,70.0,84.61538461538461,83.33333333333334,62.5,55.55555555555556,50.0,100.0,66.66666666666666,57.14285714285714,57.14285714285714,75.0],"cluster_post_filtering_doc_counts":[503,319,800,658,56,61,37,9,16,11,12,7,3,10,3,4,10,1,3,2,1,3,4,1,0,1,3,3,1],"tail_threshold":30,"tail_removal_rate":69.23076923076923,"tail_post_filtering_doc_counts":4,"global_removal_rate":76.63148233134466}