{"cluster_sizes":[1,2,3,4,5,6,7,8,9,10,11,12,13,14,15,16,17,18,19,20,21,22,23,24,25,26,27,28,29,30,31,32,33,34,35,36,37,38,39,40,41,42,43,44,45,46,47,48,49,50,51,52,53,54,55,56,57,58,59,60,61,62,63,64,65,66,67,68,69,70,71,72,73,74,75,76,77,78,79,80,81,82,83,84,85,86,87,88,89,90,91,92,93,94,95,96,97,98,99,100,101,102,103,104,105,106,107,108,109,110,111,112,113,114,115,116,117,118,119,120,121,122,123,124,125,126,127,128,129,130,131,132,133,134,135,136,137,138,139,140,141,143,144,145,146,147,148,149,150,151,152,153,154,155,156,157,158,159,160,162,163,164,165,166,167,168,169,170,171,172,173,174,175,176,177,178,179,180,181,182,183,184,185,186,187,188,189,190],"cluster_removal_rates":[99.79967846116637,99.32411808311167,98.78797022731844,98.83824843610365,98.90929172994616,98.80229126887693,99.05817174515235,98.625,98.8646684831971,98.35694050991502,98.7603305785124,98.81556683587141,98.48837209302326,98.64197530864197,99.18032786885246,98.77112135176651,97.97047970479706,97.1731448763251,97.14867617107943,93.23017408123792,88.22355289421158,86.61257606490872,85.12898330804249,85.93103448275862,85.34031413612566,81.85714285714286,84.8993288590604,82.64462809917356,85.90425531914893,84.71337579617835,91.13924050632912,95.04950495049505,96.46464646464646,96.7741935483871,96.95431472081218,96.42857142857143,95.83333333333334,95.56962025316456,93.18181818181817,95.58823529411765,94.73684210526315,96.0,96.96969696969697,93.26923076923077,92.47311827956989,91.0891089108911,94.9367088607595,90.36144578313254,96.96969696969697,92.53731343283582,94.02985074626866,97.22222222222221,100.0,95.3125,91.07142857142857,97.61904761904762,96.72131147540983,89.28571428571429,94.73684210526315,96.49122807017544,90.32258064516128,86.95652173913044,91.48936170212765,95.74468085106383,90.9090909090909,96.7741935483871,98.24561403508771,93.61702127659575,88.63636363636364,86.04651162790698,91.66666666666666,92.6829268292683,87.5,88.63636363636364,91.30434782608695,100.0,87.5,100.0,96.29629629629629,81.08108108108108,93.75,85.71428571428571,84.84848484848484,96.66666666666667,91.17647058823529,85.71428571428571,90.625,95.0,92.5925925925926,88.0,85.71428571428571,84.0,87.09677419354838,95.23809523809523,96.0,88.23529411764706,86.20689655172413,100.0,73.33333333333333,90.47619047619048,85.0,95.83333333333334,85.71428571428571,92.85714285714286,100.0,92.3076923076923,100.0,94.73684210526315,90.0,92.85714285714286,90.0,100.0,100.0,94.44444444444444,100.0,100.0,100.0,90.0,72.72727272727273,100.0,100.0,75.0,100.0,100.0,100.0,100.0,100.0,100.0,100.0,100.0,100.0,91.66666666666666,100.0,75.0,100.0,100.0,83.33333333333334,100.0,100.0,100.0,100.0,100.0,100.0,100.0,100.0,100.0,87.5,83.33333333333334,88.88888888888889,100.0,100.0,100.0,100.0,100.0,100.0,100.0,100.0,83.33333333333334,100.0,100.0,100.0,100.0,75.0,100.0,100.0,100.0,100.0,100.0,100.0,100.0,100.0,100.0,100.0,100.0,100.0,100.0,100.0,100.0,100.0,100.0,100.0,100.0,50.0,100.0,100.0,100.0,100.0,100.0],"cluster_post_filtering_doc_counts":[704,310,241,143,79,69,34,44,25,29,18,14,13,11,6,8,11,16,14,35,59,66,98,102,112,127,90,84,53,48,21,10,7,6,6,6,7,7,9,6,7,5,3,7,7,9,4,8,2,5,4,2,0,3,5,1,2,6,3,2,6,6,4,2,4,2,1,3,5,6,3,3,4,5,4,0,2,0,1,7,2,4,5,1,3,4,3,1,2,3,3,4,4,1,1,2,4,0,4,2,3,1,2,1,0,1,0,1,1,1,1,0,0,1,0,0,0,1,3,0,0,2,0,0,0,0,0,0,0,0,0,1,0,1,0,0,1,0,0,0,0,0,0,0,0,0,1,1,1,0,0,0,0,0,0,0,0,1,0,0,0,0,1,0,0,0,0,0,0,0,0,0,0,0,0,0,0,0,0,0,0,0,1,0,0,0,0,0],"tail_threshold":191,"tail_removal_rate":100.0,"tail_post_filtering_doc_counts":0,"global_removal_rate":99.36887953895614}