{"cluster_sizes":[1,2,3,4,5,6,7,8,9,10,11,12,13,14,15,16,17,18,19,20,21,22,23,24,25,26,27,28,29,30,31,32,33,34,35,36,37,38,39,40,41,42,43,44,45,46,47,48,49,50,51,52,53,54,55,56,57,58,59,60,61,62,63,64,65,66,68,69,70,71],"cluster_removal_rates":[99.92967310117373,99.48448498066819,99.87480438184664,99.38097917839055,99.06303236797275,99.32279909706546,99.67741935483872,98.24304538799414,92.9757785467128,92.78597050617776,99.63235294117648,92.85714285714286,87.21804511278195,75.0,78.2258064516129,70.43478260869566,87.91208791208791,87.06896551724138,73.68421052631578,77.5,84.375,81.81818181818183,84.0909090909091,83.05084745762711,90.2439024390244,88.88888888888889,90.0,79.16666666666666,90.47619047619048,90.0,83.78378378378379,92.85714285714286,87.5,94.11764705882352,89.47368421052632,93.10344827586206,93.93939393939394,96.0,85.71428571428571,90.9090909090909,100.0,96.15384615384616,83.33333333333334,96.0,100.0,85.71428571428571,100.0,85.71428571428571,100.0,100.0,80.0,100.0,100.0,100.0,100.0,66.66666666666666,80.0,92.3076923076923,80.0,83.33333333333334,100.0,100.0,100.0,100.0,100.0,100.0,100.0,100.0,100.0,100.0],"cluster_post_filtering_doc_counts":[58,52,4,11,11,6,2,12,203,362,1,14,17,30,27,34,22,15,20,18,10,8,7,10,4,4,2,5,2,2,6,2,2,2,2,2,2,1,3,2,0,1,3,1,0,2,0,1,0,0,1,0,0,0,0,2,1,1,1,1,0,0,0,0,0,0,0,0,0,0],"tail_threshold":72,"tail_removal_rate":99.10714285714286,"tail_post_filtering_doc_counts":1,"global_removal_rate":99.08930722620781}