{"cluster_sizes":[1,2,3,4,5,6,7,8,9,10,11,12,13,14,15,16,17,18,19,20,21,22,23,24,25,26,27,28,29,30,31,32,33,34,35,36,37,38,39,40,41,42,43,44,45,47,48,49,51,52,53,54,56,57,59,61,62,63,64,65,66,67,70,71,72,74,75,76,77,78,82,83,84,85,86,89,91,96,102,103,109,111,113],"cluster_removal_rates":[91.15932642487047,91.05628373168851,96.39118352430621,92.90523045054377,60.8359133126935,81.05646630236795,79.02097902097903,87.43961352657004,94.08866995073892,94.87179487179486,94.05940594059405,97.77777777777777,90.2439024390244,95.23809523809523,93.63636363636364,93.58974358974359,100.0,95.1219512195122,90.38461538461539,78.18181818181819,89.0625,80.3921568627451,56.52173913043478,66.66666666666666,42.857142857142854,31.914893617021278,41.37931034482759,44.89795918367347,54.285714285714285,50.0,50.0,68.42105263157895,69.23076923076923,58.82352941176471,54.54545454545454,71.42857142857143,78.57142857142857,62.5,75.0,72.72727272727273,40.0,100.0,60.0,100.0,100.0,100.0,66.66666666666666,100.0,100.0,33.33333333333333,100.0,100.0,50.0,100.0,100.0,100.0,100.0,100.0,100.0,100.0,100.0,100.0,100.0,100.0,100.0,100.0,100.0,100.0,100.0,100.0,100.0,100.0,100.0,100.0,100.0,100.0,100.0,100.0,100.0,100.0,100.0,100.0,100.0],"cluster_post_filtering_doc_counts":[546,116,948,137,253,104,60,26,12,6,6,3,8,3,7,5,0,4,5,12,7,10,20,20,28,32,34,27,16,14,7,6,4,7,5,4,3,3,1,3,3,0,2,0,0,0,1,0,0,2,0,0,1,0,0,0,0,0,0,0,0,0,0,0,0,0,0,0,0,0,0,0,0,0,0,0,0,0,0,0,0,0,0],"tail_threshold":115,"tail_removal_rate":97.5,"tail_post_filtering_doc_counts":1,"global_removal_rate":93.57157422512235}