{"cluster_sizes":[1,2,3,4,5,6,7,8,9,10,11,12,13,14,15,16,17,18,19,20,21,22,23,24,25,26,27,28,29,30,31,32,33,34,35,36,37,38,39,40,41,42,43,44,45,46,47,48,49,50,51,52,53,54,55,56,57,58,59,60,61,62,63,64,65,66,67,68,69,70,71,72,73,74,75,76,77,78,79,80,81,82,83,84,85,86,87,88,89,90,91,92,93,94,95,96,97,98,99,100,101,102,103,104,105,106,107,108,109,110,111,112,113,114,115,116,117,118,119,120,121,122,123,124,125,126,127,128,129,130,131,132,133,134,135,136,137,138,139,140,141,142,143,144,145,146,147,148,149,150,151,153,154,155,156,157],"cluster_removal_rates":[99.33155640881068,98.8864707661979,98.89485829667557,98.34064419100137,97.92726641998149,98.5545163189221,98.41347927684171,98.59343603482921,98.12243301388617,98.15802229762481,98.59341825902335,98.59708193041527,97.19202898550725,97.35849056603773,97.70114942528735,97.63220205209156,97.07822808671065,97.61222540592168,97.4910394265233,96.3594994311718,95.85561497326202,96.61016949152543,95.93639575971731,96.97508896797153,96.07843137254902,98.10874704491725,98.86039886039886,97.42120343839542,96.42857142857143,97.71986970684038,97.06840390879479,95.6896551724138,96.66666666666667,96.07843137254902,93.14079422382672,94.88054607508532,92.6829268292683,93.16239316239316,94.9748743718593,91.13924050632912,97.31543624161074,94.16666666666667,92.6829268292683,96.55172413793103,94.56521739130434,97.9381443298969,98.80952380952381,96.73913043478261,97.53086419753086,97.5,97.91666666666666,100.0,100.0,94.44444444444444,98.24561403508771,95.23809523809523,98.07692307692307,97.77777777777777,100.0,97.05882352941177,97.87234042553192,97.14285714285714,97.2972972972973,100.0,100.0,94.87179487179486,97.82608695652173,100.0,100.0,96.7741935483871,100.0,100.0,100.0,100.0,96.7741935483871,100.0,96.7741935483871,100.0,96.0,100.0,100.0,100.0,100.0,100.0,100.0,100.0,100.0,95.45454545454545,100.0,100.0,100.0,100.0,100.0,100.0,100.0,100.0,100.0,100.0,100.0,100.0,100.0,100.0,100.0,88.88888888888889,100.0,85.71428571428571,100.0,100.0,100.0,100.0,100.0,100.0,100.0,100.0,100.0,100.0,100.0,100.0,100.0,100.0,100.0,100.0,100.0,100.0,100.0,100.0,100.0,100.0,100.0,100.0,100.0,100.0,100.0,100.0,100.0,85.71428571428571,88.88888888888889,100.0,100.0,100.0,100.0,100.0,100.0,100.0,100.0,100.0,100.0,100.0,100.0,100.0,100.0,100.0,100.0,100.0,100.0,100.0],"cluster_post_filtering_doc_counts":[2869,1141,613,662,717,221,129,105,96,76,53,50,62,49,36,30,31,25,21,32,31,24,23,17,18,8,4,9,13,7,9,15,11,12,19,15,18,16,10,14,4,7,9,4,5,2,1,3,2,2,1,0,0,3,1,2,1,1,0,2,1,1,1,0,0,2,1,0,0,1,0,0,0,0,1,0,1,0,1,0,0,0,0,0,0,0,0,1,0,0,0,0,0,0,0,0,0,0,0,0,0,0,0,2,0,2,0,0,0,0,0,0,0,0,0,0,0,0,0,0,0,0,0,0,0,0,0,0,0,0,0,0,0,0,0,1,1,0,0,0,0,0,0,0,0,0,0,0,0,0,0,0,0,0,0,0],"tail_threshold":158,"tail_removal_rate":99.4535519125683,"tail_post_filtering_doc_counts":4,"global_removal_rate":98.99028170073657}