{"cluster_sizes":[1,2,3,4,5,6,7,8,9,10,11,12,13,14,15,16,17,18,19,20,21,22,23,24,25,26,27,28,29,30,31,32,33,34,35,36,37,38,39,40,41,42,43,44,45,46,47,48,49,50,51,52,54,56,57,58,59,61,63,64,67,68,69,70,72,73,77,78,79,84,91,97,101,103,108,114,115,116,118,119,120,122,124,130,140,141,143,146,152],"cluster_removal_rates":[94.40753900818785,88.37209302325581,97.98387096774194,98.4,97.81420765027322,99.375,98.96907216494846,98.61111111111111,100.0,100.0,100.0,96.7741935483871,100.0,100.0,100.0,100.0,100.0,75.0,69.23076923076923,56.00000000000001,66.27906976744185,61.6822429906542,68.75,72.65625,72.93233082706767,79.7979797979798,86.66666666666667,86.53846153846155,84.0,64.28571428571429,63.63636363636363,87.5,20.0,66.66666666666666,55.55555555555556,77.77777777777779,58.333333333333336,75.0,100.0,50.0,75.0,85.71428571428571,100.0,85.71428571428571,100.0,100.0,100.0,100.0,100.0,100.0,100.0,100.0,100.0,100.0,100.0,100.0,100.0,100.0,100.0,100.0,100.0,100.0,100.0,100.0,100.0,100.0,100.0,100.0,100.0,0.0,100.0,100.0,100.0,100.0,100.0,100.0,100.0,100.0,100.0,100.0,100.0,100.0,100.0,100.0,100.0,100.0,100.0,100.0,100.0],"cluster_post_filtering_doc_counts":[362,55,5,2,4,1,1,1,0,0,0,1,0,0,0,0,0,3,12,22,29,41,30,35,36,20,10,7,4,5,4,1,4,2,4,2,5,1,0,1,1,1,0,1,0,0,0,0,0,0,0,0,0,0,0,0,0,0,0,0,0,0,0,0,0,0,0,0,0,1,0,0,0,0,0,0,0,0,0,0,0,0,0,0,0,0,0,0,0],"tail_threshold":158,"tail_removal_rate":90.0,"tail_post_filtering_doc_counts":1,"global_removal_rate":92.21048044449286}