{"cluster_sizes":[1,2,3,4,5,6,7,8,9,10,11,12,13,14,15,16,17,18,19,20,21,22,23,24,25,26,27,28,29,30,31,32,33,34,35,36,37,38,39,40,41,42,43,44,45,46,47,48,49,50,51,52,53,54,55,57,59,60],"cluster_removal_rates":[91.72932330827066,55.392156862745104,28.235294117647058,71.28815312984997,79.14285714285715,82.89541473467284,83.56164383561644,69.56521739130434,76.81159420289855,68.96551724137932,81.9672131147541,69.04761904761905,56.09756097560976,50.90909090909091,50.0,65.0,37.83783783783784,47.14285714285714,32.0,29.72972972972973,41.509433962264154,35.294117647058826,41.37931034482759,58.333333333333336,48.484848484848484,57.89473684210527,70.58823529411765,54.54545454545454,55.00000000000001,50.0,53.333333333333336,66.66666666666666,62.5,77.77777777777779,71.42857142857143,83.33333333333334,37.5,77.77777777777779,70.58823529411765,75.0,50.0,33.33333333333333,75.0,66.66666666666666,66.66666666666666,50.0,20.0,83.33333333333334,0.0,25.0,100.0,100.0,50.0,0.0,75.0,50.0,50.0,75.0],"cluster_post_filtering_doc_counts":[385,91,61,555,730,332,12,21,16,18,11,13,18,27,20,14,23,37,17,26,31,22,17,15,17,8,5,10,9,7,7,4,3,2,2,1,5,2,5,1,3,4,2,2,2,1,4,1,1,3,0,0,1,1,1,1,1,1],"tail_threshold":61,"tail_removal_rate":60.0,"tail_post_filtering_doc_counts":6,"global_removal_rate":80.4655645340648}