{"cluster_sizes":[1,2,3,4,5,6,7,8,9,10,11,12,13,14,15,16,17,18,19,20,21,22,23,24,25,26,27,28,29,30,31,32,33,34,35,36,37,38,39,40,41,42,43,44,45,46,47,48,49,51,52,53,54,57,58,59,60,62,63,67],"cluster_removal_rates":[91.53275648949321,95.07372072853425,95.33582089552239,91.07142857142857,88.88888888888889,84.61538461538461,100.0,100.0,100.0,100.0,81.81818181818183,100.0,100.0,100.0,100.0,100.0,94.73684210526315,78.57142857142857,92.5925925925926,90.47619047619048,93.33333333333333,98.27586206896551,86.66666666666667,78.16091954022988,83.50515463917526,85.1063829787234,72.04301075268818,68.0,56.75675675675676,33.33333333333333,36.666666666666664,14.814814814814813,35.0,10.0,40.0,61.53846153846154,0.0,33.33333333333333,42.857142857142854,42.857142857142854,75.0,50.0,42.857142857142854,80.0,20.0,62.5,60.0,14.285714285714285,0.0,25.0,66.66666666666666,100.0,50.0,100.0,100.0,100.0,100.0,50.0,100.0,0.0],"cluster_post_filtering_doc_counts":[137,284,25,5,3,2,0,0,0,0,2,0,0,0,0,0,1,3,2,4,3,1,10,19,16,14,26,24,16,20,19,23,13,9,6,5,4,4,8,4,1,4,4,1,4,3,2,6,1,3,1,0,1,0,0,0,0,1,0,1],"tail_threshold":72,"tail_removal_rate":50.0,"tail_post_filtering_doc_counts":5,"global_removal_rate":91.78262298674264}