{"cluster_sizes":[1,2,3,4,5,6,7,8,9,10,11,12,13,14,16,17,19,21,31,37],"cluster_removal_rates":[52.4390243902439,41.23314065510597,57.14285714285714,88.88888888888889,81.81818181818183,100.0,100.0,100.0,100.0,50.0,50.0,100.0,100.0,100.0,0.0,100.0,0.0,100.0,100.0,100.0],"cluster_post_filtering_doc_counts":[702,305,21,1,2,0,0,0,0,2,1,0,0,0,1,0,1,0,0,0],"tail_threshold":39,"tail_removal_rate":66.66666666666666,"tail_post_filtering_doc_counts":1,"global_removal_rate":50.38277511961723}