{"cluster_sizes":[1,2,3,4,5,6,7,8,9,10,11,12,13,14,15,16,17,18,19,20,21,22,23,24,25,26,27,28,29,30,31,32,33,34,35,36,37,38,40,42,43,46,54,60,61,64,68,72,77,143,144],"cluster_removal_rates":[99.91083370485956,99.26470588235294,100.0,97.47899159663865,94.8051948051948,94.44444444444444,90.0,100.0,100.0,100.0,93.75,100.0,100.0,100.0,100.0,83.33333333333334,100.0,100.0,100.0,100.0,100.0,100.0,75.0,100.0,100.0,100.0,100.0,100.0,50.0,100.0,100.0,100.0,100.0,100.0,100.0,100.0,100.0,100.0,100.0,100.0,100.0,100.0,100.0,100.0,100.0,100.0,100.0,100.0,100.0,100.0,100.0],"cluster_post_filtering_doc_counts":[4,2,0,3,4,2,4,0,0,0,1,0,0,0,0,1,0,0,0,0,0,0,1,0,0,0,0,0,1,0,0,0,0,0,0,0,0,0,0,0,0,0,0,0,0,0,0,0,0,0,0],"tail_threshold":200,"tail_removal_rate":100.0,"tail_post_filtering_doc_counts":0,"global_removal_rate":99.56944964432796}