{"cluster_sizes":[1,2,3,4,5,6,7,8,9,10,11,12,13,14,15,16,17,18,19,20,21,22,23,24,25,26,27,28,29,30,31,32,33],"cluster_removal_rates":[82.4742268041237,90.74550128534705,92.093156986774,33.68421052631579,52.94117647058824,63.63636363636363,60.0,66.66666666666666,87.17948717948718,84.21052631578947,78.57142857142857,95.23809523809523,93.75,91.66666666666666,100.0,93.75,86.66666666666667,100.0,90.9090909090909,80.0,84.61538461538461,90.9090909090909,91.66666666666666,100.0,100.0,77.77777777777779,100.0,100.0,100.0,100.0,80.0,100.0,100.0],"cluster_post_filtering_doc_counts":[68,36,550,63,24,32,22,12,5,3,3,1,1,2,0,1,2,0,1,3,2,1,1,0,0,2,0,0,0,0,1,0,0],"tail_threshold":34,"tail_removal_rate":88.88888888888889,"tail_post_filtering_doc_counts":1,"global_removal_rate":89.9916297979194}