{"cluster_sizes":[1,2,3,4,5,6,7,8,9,10,11,12,13,14,15,16,17,18,19,20,21,22,23,24,25,26,27,28,29,30,31,32,33,34,35,36,37,38,39,40,41,42,43,44,45,46,47,48,49,50,51,52,53,54,55,56,57,58,59,60,61,62,63,64,65,66,67,68,69,70,71,72,73,74,75,76,77,78,79,80,81,82,83,84,85,86,87,88,89,90,91,92,93,94,95,96,97,98,99,100,101,102,103,104,105,106,107,108,109,110,111,112,113,114,115,116,117,118,119,120,121,122,123,124,125,126,127,128,129,130,131,132],"cluster_removal_rates":[98.91425604358683,97.97774681222035,97.81756797492011,97.27148998682192,94.92422360248447,93.44692005242464,93.59107214029494,94.45903361344537,95.33307883183814,95.29238197424893,97.20392329087981,97.81818181818181,98.3386436049158,97.98314268512944,97.09741550695826,97.38856371004051,97.67441860465115,97.4223784417106,97.8102189781022,97.92176039119805,96.4122635355512,95.62314540059347,96.20901639344262,96.875,96.2532299741602,96.09826589595376,96.55172413793103,95.77464788732394,95.8855098389982,97.37274220032842,97.74557165861513,97.90732436472346,98.00569800569801,98.45288326300985,98.71244635193133,97.71689497716895,98.13559322033898,97.9035639412998,98.92241379310344,99.15611814345992,99.1869918699187,99.28057553956835,99.44444444444444,98.29683698296837,98.59154929577466,100.0,96.85534591194968,99.15966386554622,97.67441860465115,99.14529914529915,98.09523809523809,99.12280701754386,97.87234042553192,100.0,97.77777777777777,100.0,97.43589743589743,97.95918367346938,98.85057471264368,96.93877551020408,100.0,96.34146341463415,100.0,90.47619047619048,95.8904109589041,95.38461538461539,95.1219512195122,98.21428571428571,100.0,97.91666666666666,98.27586206896551,100.0,97.61904761904762,100.0,100.0,92.6829268292683,95.55555555555556,97.43589743589743,97.05882352941177,97.22222222222221,100.0,97.2972972972973,100.0,100.0,100.0,86.95652173913044,100.0,100.0,100.0,100.0,100.0,100.0,100.0,96.42857142857143,100.0,100.0,95.45454545454545,100.0,100.0,95.23809523809523,100.0,100.0,96.15384615384616,87.5,93.75,100.0,100.0,100.0,92.85714285714286,100.0,100.0,91.66666666666666,100.0,100.0,100.0,100.0,100.0,100.0,100.0,100.0,100.0,100.0,90.0,100.0,93.75,100.0,88.88888888888889,100.0,100.0,100.0,100.0,100.0],"cluster_post_filtering_doc_counts":[7465,2888,1448,1263,2043,1300,804,633,489,351,191,150,73,67,73,58,42,44,33,34,55,59,37,28,29,27,21,27,23,16,14,14,14,11,9,15,11,10,5,4,4,4,3,7,4,0,5,1,3,1,2,1,2,0,2,0,2,2,1,3,0,3,0,6,3,3,2,1,0,1,1,0,1,0,0,3,2,1,1,1,0,1,0,0,0,3,0,0,0,0,0,0,0,1,0,0,1,0,0,1,0,0,1,2,1,0,0,0,1,0,0,1,0,0,0,0,0,0,0,0,0,0,1,0,1,0,1,0,0,0,0,0],"tail_threshold":133,"tail_removal_rate":99.18625678119349,"tail_post_filtering_doc_counts":9,"global_removal_rate":98.18284843215082}