{"cluster_sizes":[1,2,3,4,5,6,7,8,9,10,11,12,13,14,15,16,18,19,21,33,87,89],"cluster_removal_rates":[91.24087591240875,94.84536082474226,99.34640522875817,100.0,91.66666666666666,100.0,100.0,100.0,100.0,100.0,100.0,100.0,100.0,100.0,100.0,100.0,100.0,100.0,100.0,100.0,100.0,100.0],"cluster_post_filtering_doc_counts":[36,5,1,0,1,0,0,0,0,0,0,0,0,0,0,0,0,0,0,0,0,0],"tail_threshold":100,"tail_removal_rate":100.0,"tail_post_filtering_doc_counts":0,"global_removal_rate":94.26666666666667}