{"cluster_sizes":[1,2,3,4,5,6,7,8,9,10,11,12,13,14,15,16,17,18,19,20,21,22,23,24,25,26,27,28,29,30,31,32,33,34,35,36,37,38,39,40,41,42,45,46,47,48,49,50,51,52,53],"cluster_removal_rates":[78.94736842105263,66.73784104389087,67.02928870292887,66.45435244161358,42.22222222222222,27.083333333333332,28.205128205128204,28.57142857142857,22.22222222222222,27.586206896551722,20.0,50.0,52.94117647058824,31.25,47.368421052631575,75.0,60.0,100.0,55.55555555555556,76.92307692307693,75.0,25.0,100.0,71.42857142857143,66.66666666666666,40.0,83.33333333333334,33.33333333333333,25.0,66.66666666666666,16.666666666666664,33.33333333333333,75.0,57.14285714285714,66.66666666666666,80.0,50.0,60.0,75.0,60.0,33.33333333333333,80.0,80.0,100.0,100.0,0.0,50.0,50.0,100.0,100.0,100.0],"cluster_post_filtering_doc_counts":[20,1402,788,316,26,35,28,20,21,21,12,9,8,11,10,1,4,0,4,3,1,3,0,2,2,3,1,4,3,1,5,2,1,3,1,1,3,2,1,2,2,1,1,0,0,1,3,1,0,0,0],"tail_threshold":54,"tail_removal_rate":60.0,"tail_post_filtering_doc_counts":4,"global_removal_rate":65.62884568053163}