{"cluster_sizes":[1,2,3,4,5,6,7,8,9,10,11,12,13,14,15,16,17,18,19,20,21,22,23,24,25,26,27,28,29,30,31,32,33,34,35,36,37,38,39,40,41,42,43,44,45,46,47,48,49,50,51,52,53,54,55,56,57,58,59,60,61,62,63,64,65,66,67,68,69,70,71,72,73,74,75,76,77,78,79,80,81,82,83,84,85,86,87,88,89,90,91,92,93,94,95,96,97,98,99,100,101,102,103,104,105,106,107,108,109,110,111,112,113,114],"cluster_removal_rates":[90.51797891563922,68.83253335972421,66.11628364362345,64.23573249993561,61.059702938043124,61.48231152979311,61.8908633072939,62.8167641325536,63.86680145450156,63.38791151367358,62.69094804499197,62.50256410256411,61.223865374808774,60.25123014761772,58.01516195727084,57.88628831814416,57.6553605313093,58.35666384530243,57.9296962459885,56.85435970539321,57.676693116811215,57.2639225181598,58.619447779111646,59.2814371257485,58.63596102745793,58.13878080415046,58.7890625,60.62081558125381,58.895842646401434,61.2141652613828,62.04208885424786,62.40495635032385,61.883281646461796,62.831102250071204,62.12477928193054,64.12945759664369,61.68557536466774,61.54886709502875,60.90425531914894,62.03852327447833,60.89906700593723,62.278710848842486,61.47420147420147,62.75040606388739,58.54675402025015,62.240932642487046,61.04166666666667,61.38022561380225,61.326746647847564,60.69364161849711,63.032113517550414,63.66639141205616,59.75103734439834,59.36426116838488,58.07860262008734,60.86547507055503,57.878787878787875,55.73440643863179,59.058341862845445,58.30815709969789,53.586956521739125,58.47826086956521,53.50877192982456,56.85579196217494,52.991452991452995,53.91304347826087,52.99043062200957,52.26390685640362,50.06858710562414,50.38363171355499,51.724137931034484,50.27548209366392,44.32432432432433,51.41158989598811,48.732394366197184,50.075414781297134,46.92913385826772,48.75207986688852,46.28378378378378,47.368421052631575,53.035714285714285,47.65342960288809,50.20242914979757,51.20967741935484,55.67928730512249,52.13270142180095,53.98633257403189,51.13350125944584,48.792270531400966,55.09708737864077,49.31506849315068,51.820728291316534,50.0,52.0,57.05329153605015,52.5,56.69781931464174,56.10561056105611,55.434782608695656,58.333333333333336,54.166666666666664,55.74468085106383,53.78151260504202,50.70422535211267,52.03619909502263,53.57142857142857,62.37623762376238,58.06451612903226,56.60377358490566,60.22099447513812,59.87261146496815,62.0,58.536585365853654,57.14285714285714],"cluster_post_filtering_doc_counts":[877778,377918,182619,124965,88456,60841,39954,32046,23948,21019,17414,14624,11406,9936,9138,8133,7141,6396,5637,5448,4587,4236,3447,3196,2802,2582,2321,1941,1839,1610,1461,1335,1352,1305,1287,1197,1182,1137,1029,946,922,831,784,688,696,583,561,582,548,544,495,440,485,473,480,416,417,440,400,414,427,382,424,365,385,371,393,369,364,388,350,361,412,327,364,331,337,308,318,290,263,290,246,242,199,202,202,194,212,185,185,172,157,168,137,152,139,133,123,125,110,104,110,105,106,91,76,78,69,72,63,57,68,69],"tail_threshold":115,"tail_removal_rate":75.67138089941204,"tail_post_filtering_doc_counts":3062,"global_removal_rate":84.01952018128817}