{"cluster_sizes":[1,2,3,4,5,6,7,8,9,10,11,12,13,14,15,16,17,18,19,20,21,22,23,24,25,26,27,28,29,30,31,32,33,34,35,37,38],"cluster_removal_rates":[88.0794701986755,89.40011648223646,92.333984375,9.090909090909092,16.129032258064516,16.9811320754717,17.391304347826086,34.48275862068966,37.5,45.45454545454545,48.148148148148145,76.19047619047619,62.5,80.0,88.88888888888889,93.75,80.0,78.57142857142857,93.33333333333333,88.88888888888889,90.0,55.55555555555556,80.0,85.71428571428571,66.66666666666666,87.5,80.0,100.0,83.33333333333334,80.0,60.0,50.0,100.0,50.0,100.0,100.0,100.0],"cluster_post_filtering_doc_counts":[18,364,314,40,26,44,19,19,15,12,14,5,9,3,2,1,4,3,1,2,1,4,2,1,1,1,1,0,1,1,2,1,0,1,0,0,0],"tail_threshold":39,"tail_removal_rate":80.0,"tail_post_filtering_doc_counts":2,"global_removal_rate":88.59306301905228}