{"cluster_sizes":[1,2,3,4,5,6,7,9,14,24,30,33,34,35,36,37,38,39],"cluster_removal_rates":[52.94117647058824,28.57142857142857,5.172413793103448,11.827956989247312,16.666666666666664,27.27272727272727,66.66666666666666,100.0,100.0,100.0,100.0,100.0,100.0,100.0,100.0,100.0,100.0,100.0],"cluster_post_filtering_doc_counts":[8,10,110,82,40,8,1,0,0,0,0,0,0,0,0,0,0,0],"tail_threshold":40,"tail_removal_rate":100.0,"tail_post_filtering_doc_counts":0,"global_removal_rate":21.27659574468085}