{"cluster_sizes":[1,2,3,4,5,6,7,8,9,10,11,12,13,14,16,17,18,19,20,21,22,23,24,25,26,27,28,29,30,31,32,33,34,35,36,37,38,39,40,42,43,45,46,51,62,89],"cluster_removal_rates":[89.95433789954338,60.0,66.66666666666666,86.66666666666667,90.9090909090909,80.0,25.0,70.0,100.0,100.0,0.0,100.0,66.66666666666666,100.0,83.33333333333334,38.46153846153847,52.63157894736842,52.38095238095239,40.625,47.05882352941176,46.15384615384615,44.61538461538462,56.14035087719298,62.82051282051282,51.5625,59.45945945945946,68.42105263157895,66.66666666666666,50.0,33.33333333333333,33.33333333333333,50.0,0.0,50.0,0.0,40.0,0.0,33.33333333333333,25.0,0.0,0.0,0.0,0.0,0.0,0.0,100.0],"cluster_post_filtering_doc_counts":[66,22,13,4,1,1,3,3,0,0,1,0,1,0,1,8,9,10,19,27,35,36,25,29,31,15,6,3,3,2,2,1,4,1,3,3,1,2,3,1,1,1,1,1,1,0],"tail_threshold":158,"tail_removal_rate":100.0,"tail_post_filtering_doc_counts":0,"global_removal_rate":71.53024911032028}