{"cluster_sizes":[1,2,3,4,5,6,7,8,9,10,11,12,13,14,15,16,17,18,19,20,21,22,23,24,25,26,27,28,29,30,31,32,33,34,35,36,37,38,39,40,41,43,44,45,47,50,51,55,57,62,64,66,78,81,85,86,89,92,96,103,105,111,120,133,140,142,145,148,150],"cluster_removal_rates":[94.6498819826908,90.23746701846966,89.69072164948454,94.23076923076923,99.25558312655087,100.0,97.5,93.54838709677419,94.73684210526315,100.0,100.0,100.0,100.0,100.0,100.0,100.0,57.14285714285714,50.0,17.647058823529413,22.727272727272727,26.08695652173913,17.5,9.30232558139535,21.568627450980394,33.33333333333333,38.095238095238095,50.0,12.5,40.0,20.0,80.0,0.0,42.857142857142854,0.0,25.0,50.0,100.0,33.33333333333333,0.0,100.0,33.33333333333333,0.0,0.0,66.66666666666666,100.0,100.0,100.0,100.0,100.0,100.0,0.0,100.0,100.0,100.0,100.0,100.0,100.0,100.0,100.0,100.0,100.0,100.0,100.0,100.0,100.0,100.0,100.0,100.0,100.0],"cluster_post_filtering_doc_counts":[136,37,20,6,3,0,1,2,1,0,0,0,0,0,0,0,3,3,14,17,17,33,39,40,28,13,8,7,3,4,1,3,4,3,3,1,0,2,1,0,2,3,1,1,0,0,0,0,0,0,1,0,0,0,0,0,0,0,0,0,0,0,0,0,0,0,0,0,0],"tail_threshold":152,"tail_removal_rate":80.0,"tail_post_filtering_doc_counts":1,"global_removal_rate":89.87951807228916}