{"cluster_sizes":[1,2,3,4,5,6,7,8,9,10,11,12,13,14,15,17,18,19,21,27,28,31,32,34,35,37,41,44,45,46],"cluster_removal_rates":[76.92307692307693,52.38095238095239,85.05434782608695,77.54385964912281,18.181818181818183,40.0,25.0,100.0,100.0,71.42857142857143,100.0,100.0,50.0,50.0,100.0,100.0,50.0,100.0,100.0,100.0,100.0,100.0,100.0,100.0,100.0,100.0,100.0,0.0,100.0,100.0],"cluster_post_filtering_doc_counts":[9,10,55,64,9,3,3,0,0,2,0,0,2,1,0,0,1,0,0,0,0,0,0,0,0,0,0,1,0,0],"tail_threshold":71,"tail_removal_rate":100.0,"tail_post_filtering_doc_counts":0,"global_removal_rate":79.27461139896373}