{"cluster_sizes":[1,2,3,4,5,6,7,8,9,10,11,12,13,14,15,16,17,18,20,21,22,24,26,31,32,33,35,36,37,39,41,46,47,49,55,56,57,59,60,63,65,67,69,76,81,101,123,130,156,166,167,173,181,184,190,195,223,295,341,347,349,478],"cluster_removal_rates":[37.464251668255486,21.22641509433962,23.076923076923077,42.10526315789473,70.70707070707071,69.33333333333334,68.64864864864865,63.84976525821596,65.18987341772153,60.19417475728155,53.03030303030303,23.076923076923077,14.285714285714285,0.0,0.0,0.0,0.0,0.0,0.0,0.0,0.0,0.0,0.0,0.0,0.0,33.33333333333333,0.0,100.0,0.0,0.0,0.0,0.0,0.0,0.0,50.0,0.0,0.0,0.0,0.0,100.0,0.0,0.0,0.0,0.0,0.0,100.0,0.0,0.0,0.0,100.0,0.0,0.0,100.0,0.0,0.0,0.0,0.0,0.0,0.0,100.0,0.0,0.0],"cluster_post_filtering_doc_counts":[656,167,50,33,29,46,58,77,55,41,31,10,6,2,3,3,8,4,1,2,1,2,1,2,1,2,1,0,1,1,2,3,1,2,1,1,1,1,2,0,2,1,1,1,1,0,2,1,2,0,1,1,0,1,1,1,1,1,1,0,1,1],"tail_threshold":508,"tail_removal_rate":0.0,"tail_post_filtering_doc_counts":3,"global_removal_rate":45.80960130187144}