{"cluster_sizes":[1,2,3,4,5,6,7,8,9,10,11,12,13,14,15,16,17,18,19,20,21,22,23,24,25,26,27,28,29,31,32,33,34,35,40,41,44,45,48,49,50,51,52,53,61,65,70,78,83,87,91,93],"cluster_removal_rates":[73.13019390581718,58.99705014749262,48.201438848920866,65.97938144329896,48.275862068965516,65.21739130434783,37.77777777777778,71.69811320754717,64.0625,60.526315789473685,60.63829787234043,54.54545454545454,84.0,53.84615384615385,66.66666666666666,88.88888888888889,60.0,80.0,100.0,100.0,40.0,100.0,100.0,100.0,100.0,83.33333333333334,100.0,100.0,100.0,100.0,100.0,100.0,100.0,100.0,100.0,100.0,100.0,100.0,100.0,100.0,100.0,100.0,100.0,100.0,100.0,100.0,100.0,0.0,100.0,100.0,100.0,100.0],"cluster_post_filtering_doc_counts":[194,139,72,33,30,16,28,15,23,30,37,25,4,6,3,1,2,1,0,0,3,0,0,0,0,1,0,0,0,0,0,0,0,0,0,0,0,0,0,0,0,0,0,0,0,0,0,1,0,0,0,0],"tail_threshold":428,"tail_removal_rate":100.0,"tail_post_filtering_doc_counts":0,"global_removal_rate":65.63146997929607}