{"cluster_sizes":[1,2,3,4,7,9,14,15,16,17,18,19,20,21,22,23,24,25,26,27,28,29,30,32,33,34,35,36,37,38,53,66],"cluster_removal_rates":[73.46278317152104,58.139534883720934,38.46153846153847,100.0,50.0,100.0,0.0,100.0,0.0,0.0,66.66666666666666,77.77777777777779,41.17647058823529,26.47058823529412,41.37931034482759,29.03225806451613,55.26315789473685,43.58974358974359,65.51724137931035,72.22222222222221,81.81818181818183,50.0,100.0,66.66666666666666,25.0,33.33333333333333,40.0,0.0,0.0,33.33333333333333,100.0,100.0],"cluster_post_filtering_doc_counts":[82,18,8,0,1,0,1,0,1,1,2,2,10,25,17,22,17,22,10,5,2,3,0,1,3,2,3,2,2,2,0,0],"tail_threshold":198,"tail_removal_rate":100.0,"tail_post_filtering_doc_counts":0,"global_removal_rate":61.00443131462334}