{"cluster_sizes":[1,2,3,4,5,6,7,8,9,10,11,12,13,14,15,16,27],"cluster_removal_rates":[93.7007874015748,27.419354838709676,16.666666666666664,20.833333333333336,10.526315789473683,12.5,14.285714285714285,66.66666666666666,100.0,100.0,100.0,100.0,100.0,50.0,50.0,0.0,100.0],"cluster_post_filtering_doc_counts":[8,90,20,38,17,21,6,1,0,0,0,0,0,1,1,1,0],"tail_threshold":34,"tail_removal_rate":100.0,"tail_post_filtering_doc_counts":0,"global_removal_rate":49.504950495049506}