{"cluster_sizes":[1,2,3,4,5,6,7,8,9,10,11,12,13,14,15,16,17,18,19,20,21,22,23,24,25,26,27,28,29,30,31,32,37,39,40,45,47,51,55,57,62,67,69,70],"cluster_removal_rates":[90.58510638297872,81.75965665236052,92.6923076923077,94.08866995073892,93.12169312169311,89.30817610062893,78.49462365591397,74.19354838709677,46.55172413793103,50.0,66.66666666666666,71.42857142857143,62.5,81.81818181818183,100.0,100.0,71.42857142857143,55.55555555555556,50.0,40.0,60.0,100.0,87.5,90.0,100.0,100.0,100.0,100.0,100.0,0.0,100.0,50.0,0.0,33.33333333333333,50.0,100.0,100.0,0.0,100.0,0.0,100.0,0.0,100.0,100.0],"cluster_post_filtering_doc_counts":[177,85,19,12,13,17,20,16,31,22,6,4,3,2,0,0,2,4,5,3,2,0,1,1,0,0,0,0,0,2,0,1,1,2,1,0,0,1,0,1,0,1,0,0],"tail_threshold":74,"tail_removal_rate":25.0,"tail_post_filtering_doc_counts":3,"global_removal_rate":87.16367713004485}