{"cluster_sizes":[1,2,3,4,5,6,7,8,9,10,11,12,13,14,16,17,18,19,20,21,22,23,24,25,26,29,32,51],"cluster_removal_rates":[98.86313302820021,88.09523809523809,91.07142857142857,90.2439024390244,94.87179487179486,100.0,100.0,100.0,100.0,100.0,100.0,50.0,50.0,75.0,100.0,100.0,100.0,100.0,100.0,100.0,100.0,100.0,100.0,100.0,100.0,100.0,100.0,100.0],"cluster_post_filtering_doc_counts":[77,15,5,4,2,0,0,0,0,0,0,1,2,1,0,0,0,0,0,0,0,0,0,0,0,0,0,0],"tail_threshold":74,"tail_removal_rate":75.0,"tail_post_filtering_doc_counts":2,"global_removal_rate":98.47829121876309}