{"cluster_sizes":[1,2,3,4,5,6,7,8,9,10,11,12,13,14,15,16,17,18,19,20,21,22,23,24,25,26,27,28,29,30,31,32,33,34,35,36,37,38,39,40,41,42,43,44,45,46,47,48,49,50,51,52,53,54,55,56,57,59,60],"cluster_removal_rates":[44.11764705882353,55.55555555555556,95.92592592592592,95.45760884216202,0.0,16.129032258064516,6.666666666666667,36.666666666666664,10.0,10.0,36.84210526315789,45.45454545454545,50.0,40.0,70.0,85.71428571428571,88.88888888888889,60.0,71.42857142857143,50.0,87.5,75.0,55.55555555555556,0.0,100.0,50.0,83.33333333333334,100.0,85.71428571428571,66.66666666666666,100.0,80.0,100.0,100.0,85.71428571428571,100.0,100.0,71.42857142857143,50.0,83.33333333333334,100.0,100.0,100.0,100.0,100.0,100.0,100.0,50.0,75.0,100.0,100.0,100.0,100.0,100.0,100.0,100.0,100.0,100.0,100.0],"cluster_post_filtering_doc_counts":[38,8,11,337,8,26,14,38,27,18,12,12,6,6,3,1,1,4,2,2,1,1,4,1,0,1,1,0,1,2,0,1,0,0,1,0,0,2,1,1,0,0,0,0,0,0,0,1,1,0,0,0,0,0,0,0,0,0,0],"tail_threshold":61,"tail_removal_rate":81.81818181818183,"tail_post_filtering_doc_counts":2,"global_removal_rate":92.75644141954302}