{"cluster_sizes":[1,2,3,4,5,6,7,8,9,10,11,12,13,14,15,16,17,18,19,20,21,22,23,24,25,26,27,28,29,30,31,32,33,34,35,36,37,38,39,40,41,42,43,44,45,46,47,50,58,64,66,67,70,73,91],"cluster_removal_rates":[97.2027972027972,89.83957219251337,78.57142857142857,78.18181818181819,84.44444444444444,91.11111111111111,93.18181818181817,93.65079365079364,84.21052631578947,90.625,83.33333333333334,96.55172413793103,78.57142857142857,86.95652173913044,88.88888888888889,56.25,60.0,68.42105263157895,65.0,71.42857142857143,60.0,75.0,71.42857142857143,100.0,100.0,100.0,71.42857142857143,66.66666666666666,57.14285714285714,44.44444444444444,100.0,100.0,66.66666666666666,100.0,66.66666666666666,100.0,100.0,100.0,100.0,100.0,66.66666666666666,66.66666666666666,100.0,100.0,100.0,80.0,100.0,100.0,100.0,100.0,100.0,100.0,100.0,100.0,100.0],"cluster_post_filtering_doc_counts":[12,19,24,24,7,4,3,4,6,3,5,1,3,3,2,7,6,6,7,2,2,1,2,0,0,0,2,4,3,5,0,0,1,0,1,0,0,0,0,0,1,2,0,0,0,1,0,0,0,0,0,0,0,0,0],"tail_threshold":96,"tail_removal_rate":50.0,"tail_post_filtering_doc_counts":1,"global_removal_rate":87.78089887640449}