{"cluster_sizes":[1,2,3,4,5,6,7,8,9,10,11,20,24,29,52],"cluster_removal_rates":[100.0,96.42857142857143,79.36507936507937,82.6086956521739,52.94117647058824,65.21739130434783,59.64912280701754,77.77777777777779,60.0,50.0,100.0,100.0,100.0,100.0,100.0],"cluster_post_filtering_doc_counts":[0,1,13,4,24,32,23,4,2,1,0,0,0,0,0],"tail_threshold":113,"tail_removal_rate":100.0,"tail_post_filtering_doc_counts":0,"global_removal_rate":74.75728155339806}