{"cluster_sizes":[1,2,3,4,5,6,7,8,9,10,11,12,13,14,15,16,17,18,19,20,21,22,23,24,25,26,27,28,29,30,31,32,33,34,35,36,37,38,39,40,41,42,43,44,45,46,47,48,49,50,51,52,53,54,55,56,57,58,59,60,61,62,63,64,66,67,68,70,71,72,73,74,75,76,77,78,79,81,82,83,85,86,87,88,89,91,92,94,95,96,97,98,99,100,102,103,104,105,106,107,108,109,110,111,112,113,114,116,117,118,120,121,122,123,125,131,133,134,135,137,138,139,143,145,146,148,151,152,157,158,159,164,166,169,171,179,180,182,184,185,187,188,194,195,204,206,208,211,219,220,222,224,225,234,237,239,241,243,244,246,264,274,283,285,286,287,294,297,308,311,319,320,335,337,346,351,353,362,365,371,393,401,405,478,480,483,495,511,517,533,535,548,550,552,558,559,605,609,619,662,663,681,717,719,722,728,743,924,1006,1009,1024,1041,1163,1253],"cluster_removal_rates":[98.36365080625943,96.45850229791836,96.17612977983777,95.22546419098144,95.32828282828282,97.0414201183432,96.66666666666667,96.97885196374622,98.68421052631578,98.9010989010989,97.36842105263158,97.03703703703704,97.5,99.12280701754386,96.73913043478261,98.76543209876543,98.82352941176471,97.2972972972973,97.67441860465115,100.0,97.91666666666666,97.2972972972973,100.0,100.0,100.0,100.0,100.0,96.0,100.0,100.0,100.0,95.0,100.0,90.9090909090909,100.0,100.0,94.73684210526315,100.0,100.0,88.88888888888889,100.0,100.0,92.3076923076923,92.3076923076923,100.0,100.0,100.0,100.0,100.0,100.0,100.0,100.0,100.0,100.0,100.0,100.0,100.0,100.0,100.0,100.0,100.0,100.0,100.0,100.0,100.0,100.0,100.0,100.0,100.0,100.0,100.0,100.0,100.0,100.0,100.0,100.0,100.0,100.0,100.0,100.0,100.0,100.0,100.0,100.0,100.0,100.0,100.0,100.0,100.0,100.0,100.0,100.0,100.0,100.0,100.0,100.0,100.0,100.0,100.0,100.0,100.0,100.0,100.0,100.0,100.0,100.0,100.0,100.0,100.0,100.0,100.0,100.0,100.0,100.0,100.0,100.0,100.0,100.0,100.0,100.0,100.0,100.0,100.0,100.0,100.0,100.0,100.0,100.0,100.0,100.0,100.0,100.0,100.0,100.0,100.0,100.0,100.0,100.0,100.0,100.0,100.0,100.0,100.0,100.0,100.0,100.0,100.0,100.0,100.0,100.0,100.0,100.0,100.0,100.0,100.0,100.0,100.0,100.0,100.0,100.0,100.0,100.0,100.0,100.0,100.0,100.0,100.0,100.0,100.0,100.0,100.0,100.0,100.0,100.0,100.0,100.0,100.0,100.0,100.0,100.0,100.0,100.0,100.0,100.0,100.0,100.0,100.0,100.0,100.0,100.0,100.0,100.0,100.0,100.0,100.0,100.0,100.0,100.0,100.0,100.0,100.0,100.0,100.0,100.0,100.0,100.0,100.0,100.0,100.0,100.0,100.0,100.0,100.0,100.0],"cluster_post_filtering_doc_counts":[206,131,66,54,37,15,15,10,3,2,4,4,3,1,3,1,1,2,1,0,1,1,0,0,0,0,0,1,0,0,0,1,0,2,0,0,1,0,0,1,0,0,1,1,0,0,0,0,0,0,0,0,0,0,0,0,0,0,0,0,0,0,0,0,0,0,0,0,0,0,0,0,0,0,0,0,0,0,0,0,0,0,0,0,0,0,0,0,0,0,0,0,0,0,0,0,0,0,0,0,0,0,0,0,0,0,0,0,0,0,0,0,0,0,0,0,0,0,0,0,0,0,0,0,0,0,0,0,0,0,0,0,0,0,0,0,0,0,0,0,0,0,0,0,0,0,0,0,0,0,0,0,0,0,0,0,0,0,0,0,0,0,0,0,0,0,0,0,0,0,0,0,0,0,0,0,0,0,0,0,0,0,0,0,0,0,0,0,0,0,0,0,0,0,0,0,0,0,0,0,0,0,0,0,0,0,0,0,0,0,0,0,0,0],"tail_threshold":1313,"tail_removal_rate":100.0,"tail_post_filtering_doc_counts":0,"global_removal_rate":97.57892945281253}