{"cluster_sizes":[1,2,3,4,5,6,7,8,9,10,11,12,13,14,15,16,17,18,19,20,21,22,23,24,25,26,27,28],"cluster_removal_rates":[93.65482233502537,90.88291746641075,80.25078369905955,56.00000000000001,42.0,57.89473684210527,75.0,70.96774193548387,71.42857142857143,52.63157894736842,100.0,80.0,92.3076923076923,100.0,75.0,92.85714285714286,100.0,85.71428571428571,100.0,83.33333333333334,80.0,100.0,75.0,50.0,100.0,100.0,66.66666666666666,100.0],"cluster_post_filtering_doc_counts":[25,665,63,22,29,16,8,9,4,9,0,1,1,0,2,1,0,1,0,1,1,0,1,1,0,0,1,0],"tail_threshold":30,"tail_removal_rate":88.88888888888889,"tail_post_filtering_doc_counts":1,"global_removal_rate":89.68899521531101}