{"cluster_sizes":[1,2,3,4,5,6,7,8,9,10,11,12,13,14,15,16,17,18,19,20,21,22,23,24,25,26,27,28,29,30,31,32,33,34,35,36,37,38,39,40,41,42,43,44,45,46,48,49,50,51,53,54,56,57,58,59,60,62,63,64,65,66,69,70,76,78,84,85,86,87,90,91,94,95,96,97,99,100,106,113,122,130,132,138,139,143,146,167,173,183,191,198,203,246,254,287,301,303,328,351,365,413,460],"cluster_removal_rates":[98.4971882877642,96.8465736810188,92.4092409240924,96.52777777777779,98.59154929577466,97.53086419753086,98.14814814814815,100.0,98.36065573770492,97.87234042553192,100.0,100.0,100.0,100.0,92.3076923076923,100.0,93.75,92.3076923076923,93.33333333333333,100.0,100.0,100.0,100.0,100.0,83.33333333333334,100.0,100.0,85.71428571428571,100.0,100.0,100.0,100.0,100.0,100.0,100.0,100.0,100.0,100.0,100.0,100.0,100.0,100.0,100.0,100.0,100.0,100.0,100.0,100.0,100.0,100.0,100.0,100.0,100.0,100.0,100.0,100.0,100.0,100.0,100.0,100.0,100.0,100.0,100.0,100.0,100.0,100.0,100.0,100.0,100.0,100.0,100.0,100.0,100.0,100.0,100.0,100.0,100.0,100.0,100.0,100.0,100.0,100.0,100.0,100.0,100.0,100.0,100.0,100.0,100.0,100.0,100.0,100.0,100.0,100.0,100.0,100.0,100.0,100.0,100.0,100.0,100.0,100.0,100.0],"cluster_post_filtering_doc_counts":[155,52,46,10,3,4,2,0,1,1,0,0,0,0,1,0,1,1,1,0,0,0,0,0,1,0,0,1,0,0,0,0,0,0,0,0,0,0,0,0,0,0,0,0,0,0,0,0,0,0,0,0,0,0,0,0,0,0,0,0,0,0,0,0,0,0,0,0,0,0,0,0,0,0,0,0,0,0,0,0,0,0,0,0,0,0,0,0,0,0,0,0,0,0,0,0,0,0,0,0,0,0,0],"tail_threshold":467,"tail_removal_rate":100.0,"tail_post_filtering_doc_counts":0,"global_removal_rate":97.9961354039934}