{"cluster_sizes":[1,2,3,4,5,6,7,8,9,10,11,12,13,14,15,16,17,18,19,20,21,22,23,24,25,26,27,28,29,30,31,32,33,34,35,36,37,38,39,40,41,42,43,44,45,46,47,48,49,50,51,52,53,54,55,56,57,58,59,60,61,62,63,64,65,66,67,68,69,70,71,72,73,74,75,76,77,78,79,80,81,82,83,84,85,86,87,88,89,90,91,92,93,94,95,96,97,98,99,100,101,102,103,104,105,106,107,108,109,110],"cluster_removal_rates":[54.872296097823124,37.52316568286954,32.45398500147863,30.866847733445457,30.615457777731997,31.431515494989565,27.895496103117505,25.760184952914294,28.971816358178376,31.02501655015761,32.72429455425958,29.753265602322205,26.805968133945452,28.586753258049086,29.157098353360034,29.416261440129105,28.78304752818298,30.386372838220833,30.64433078164155,32.02469711090401,32.651703335699075,33.72165591845226,33.89508800184056,34.257758943038766,34.660601819454165,34.200095132392576,34.6097605556571,34.68684160122582,34.21580002109482,34.5797559873475,35.14833353680869,35.618556701030926,35.598914588448125,35.32159060581799,35.79390973355084,36.185434253827445,36.24255719210279,36.20509243111266,34.13266292786695,35.49700085689803,35.915985997666276,36.01016518424397,37.91618828932262,37.05766710353866,38.98365316275764,41.090478071908336,40.24075666380051,41.571493832800364,42.75431861804223,40.692640692640694,42.43386243386244,45.39877300613497,43.68321810182275,45.962732919254655,46.36795655125594,46.457268078889705,46.32132132132132,43.20987654320987,42.065299924069855,39.590942293645,39.63828183873399,39.13978494623656,40.620272314674736,37.96296296296296,39.482470784641066,43.372319688109165,43.80853277835588,44.546498277841565,43.48341232227489,44.33617539585871,44.106463878327,45.0199203187251,43.793584379358435,49.29178470254957,47.002724795640326,45.91381872213967,48.089171974522294,45.54973821989529,46.94244604316547,49.621212121212125,50.09633911368015,45.2755905511811,45.89473684210526,46.25850340136054,48.32347140039448,47.5,48.82075471698113,44.26605504587156,52.13270142180095,47.32142857142857,44.41558441558441,47.43589743589743,50.810810810810814,49.60629921259843,51.53846153846153,56.49717514124294,46.08150470219436,55.319148936170215,59.813084112149525,56.957928802588995,52.851711026615966,50.0,53.588516746411486,51.598173515981735,53.50877192982456,50.649350649350644,57.345971563981045,51.66666666666667,60.0,57.2972972972973],"cluster_post_filtering_doc_counts":[3543671,1573674,865665,608351,404149,266176,230919,219003,149775,113568,85019,76956,65049,49263,39796,33240,28365,24071,20204,17505,15183,12744,11493,10549,9337,8300,7155,6820,6237,5791,5312,4996,4984,4847,4723,4460,4069,3658,3406,3011,2746,2518,2163,1921,1717,1491,1390,1279,1193,1233,1088,890,896,783,790,733,715,782,763,827,801,849,785,737,725,581,540,483,477,457,441,414,403,358,389,364,326,312,295,266,259,278,257,237,262,231,217,243,202,236,214,205,182,192,189,154,172,147,129,133,124,131,97,106,106,114,90,116,76,79],"tail_threshold":111,"tail_removal_rate":66.45082702910629,"tail_post_filtering_doc_counts":5233,"global_removal_rate":44.23220007644715}