{"cluster_sizes":[1,2,3,4,5,6,7,8,9,10,11,12,13,14,15,16,17,18,19,20,21,22,23,24,25,26,27,28,29,30,31,32,33,34,35,36,37,38,39,40,41,42,43,44,45,46,47,48,49,50,51,52,53,55,56,57,58,59,60,61,62,63,64,68,70,71,72,73,74,76,77,78,79,82,83,84,86,87,90,94,99,100,102,110,112,113,115,117,121,124,126,127,128,131,132,147,149,158,162,173,174,180,182,193,201,219,226,241,242,243,280,312,335,349,360,365],"cluster_removal_rates":[89.17733730924398,88.7784090909091,86.8268434134217,93.205317577548,92.63803680981594,96.75925925925925,99.02097902097901,97.16466739367503,86.4406779661017,94.89795918367348,98.68421052631578,93.93939393939394,95.91836734693877,100.0,90.0,100.0,96.42857142857143,95.65217391304348,100.0,100.0,100.0,90.9090909090909,100.0,100.0,80.0,100.0,100.0,75.0,100.0,100.0,66.66666666666666,100.0,85.71428571428571,100.0,100.0,83.33333333333334,100.0,100.0,100.0,100.0,75.0,66.66666666666666,100.0,100.0,100.0,100.0,100.0,100.0,100.0,71.42857142857143,100.0,100.0,100.0,100.0,100.0,100.0,0.0,100.0,100.0,100.0,100.0,100.0,100.0,100.0,100.0,100.0,100.0,100.0,100.0,100.0,100.0,100.0,100.0,100.0,100.0,100.0,100.0,100.0,100.0,100.0,100.0,100.0,100.0,100.0,100.0,100.0,100.0,100.0,100.0,100.0,100.0,100.0,100.0,100.0,100.0,100.0,50.0,100.0,100.0,100.0,100.0,100.0,100.0,100.0,100.0,100.0,100.0,100.0,100.0,100.0,100.0,100.0,100.0,100.0,100.0,100.0],"cluster_post_filtering_doc_counts":[1234,316,159,46,24,14,14,26,16,5,1,4,2,0,5,0,1,1,0,0,0,1,0,0,1,0,0,1,0,0,2,0,1,0,0,1,0,0,0,0,1,1,0,0,0,0,0,0,0,2,0,0,0,0,0,0,1,0,0,0,0,0,0,0,0,0,0,0,0,0,0,0,0,0,0,0,0,0,0,0,0,0,0,0,0,0,0,0,0,0,0,0,0,0,0,0,1,0,0,0,0,0,0,0,0,0,0,0,0,0,0,0,0,0,0,0],"tail_threshold":402,"tail_removal_rate":100.0,"tail_post_filtering_doc_counts":0,"global_removal_rate":90.62826964276817}