{"cluster_sizes":[1,2,3,4,5,6,7,8,9,10,11,12,13,15,16,17,18,19,22,25,31,37,46,52,53,55,63,79,86,161],"cluster_removal_rates":[93.68836291913215,61.63793103448276,50.32258064516129,50.0,33.33333333333333,62.5,100.0,100.0,100.0,100.0,100.0,100.0,100.0,100.0,100.0,100.0,100.0,100.0,100.0,100.0,100.0,100.0,100.0,100.0,0.0,100.0,100.0,100.0,100.0,100.0],"cluster_post_filtering_doc_counts":[32,89,77,34,12,6,0,0,0,0,0,0,0,0,0,0,0,0,0,0,0,0,0,0,1,0,0,0,0,0],"tail_threshold":4352,"tail_removal_rate":100.0,"tail_post_filtering_doc_counts":0,"global_removal_rate":76.0038240917782}