{"cluster_sizes":[1,2,3,4,5,6,7,8,9,10,11,12,13,14,15,16,17,18,19,20,21,22,23,24,25,26,27,28,29,30,31,32,33,34,35,36,37,38,39,40,42,43,45,47,50,54,61,71,74,78,86,98,101,114],"cluster_removal_rates":[93.60044518642181,98.89624724061811,99.35622317596567,99.18032786885246,100.0,100.0,100.0,98.4126984126984,100.0,100.0,100.0,100.0,95.0,100.0,100.0,100.0,69.23076923076923,72.72727272727273,54.166666666666664,28.000000000000004,18.91891891891892,14.285714285714285,14.285714285714285,21.73913043478261,24.390243902439025,25.0,33.33333333333333,20.0,70.0,66.66666666666666,50.0,50.0,83.33333333333334,100.0,33.33333333333333,71.42857142857143,75.0,50.0,50.0,33.33333333333333,33.33333333333333,100.0,100.0,100.0,100.0,100.0,100.0,100.0,100.0,100.0,100.0,100.0,100.0,100.0],"cluster_post_filtering_doc_counts":[345,10,3,2,0,0,0,1,0,0,0,0,1,0,0,0,4,3,11,18,30,36,36,36,31,15,8,8,3,1,2,2,1,0,4,2,2,1,3,2,2,0,0,0,0,0,0,0,0,0,0,0,0,0],"tail_threshold":117,"tail_removal_rate":100.0,"tail_post_filtering_doc_counts":0,"global_removal_rate":92.25509696668325}