{"cluster_sizes":[1,2,3,4,5,6,7,8,9,10,11,12,13,14,15,16,17,18,19,20,21,22,23,24,25,26,27,28,29,30,31,32,33,34,35,36,37,38,39,40,41,42,43],"cluster_removal_rates":[99.94050383097284,97.4339035769829,98.9655172413793,98.98989898989899,96.26436781609196,98.00664451827242,96.875,100.0,97.5609756097561,100.0,100.0,97.72727272727273,96.875,100.0,100.0,100.0,100.0,100.0,100.0,100.0,100.0,93.33333333333333,100.0,100.0,100.0,100.0,100.0,100.0,100.0,100.0,100.0,100.0,100.0,100.0,100.0,100.0,100.0,94.44444444444444,100.0,100.0,100.0,75.0,100.0],"cluster_post_filtering_doc_counts":[41,33,6,4,13,6,3,0,1,0,0,1,1,0,0,0,0,0,0,0,0,1,0,0,0,0,0,0,0,0,0,0,0,0,0,0,0,1,0,0,0,1,0],"tail_threshold":44,"tail_removal_rate":97.2972972972973,"tail_post_filtering_doc_counts":2,"global_removal_rate":99.84304438814847}