{"cluster_sizes":[1,2,3,4,5,6,7,8,9,10,11,12,13,14,15,16,17,18,19,20,21,22,23,24,25,26,27,28,29,30,31,32,33,34,35,36,37,38,39,40,41,42,43,44,45,46,47,48,49,50,51,52,53,54,55,56,57,58,59,60,61,62,63,64,65,66,67,68,69,70,71,72,73,74,75,76,77,78,79,80,81,82,83,84,85,86,87,88,89,90,91,92,93,94,95,96,97,98,99,100,101,102,103,104,105,106,107,108,109,110,111,112,113,114,115,116,117,118,119,120,121,122,123,124,125,126,127,128,129,130,131,132,133,134,135,136,137,138,139,140,141,142,143,144,145,146,147,148,149,150,151,152,153,154,155,156,157,158,159,160,161,162,163,164,165,166,167,168,169,170,171,172,173,174,175,176,177,178,179,180,181,182,183,184,185,186,187,188,189,190,191,192,193,194,195,196,197,198,199,200,201,202],"cluster_removal_rates":[87.34521278386886,78.73811703005767,75.27033827990043,74.97036861443641,73.73706469900117,74.1202972476114,71.75199291408326,72.4121115396551,74.46284091517977,74.01417525773196,73.99451195609565,74.19996384017357,73.08361359155747,73.44920163911262,71.88524590163935,70.1113172541744,70.35651408450704,69.70431410567134,67.42424242424242,68.00353877912121,67.1537695117901,62.903225806451616,62.41341596791834,64.7080561714708,62.27915194346289,66.33266533066133,66.31944444444444,72.1405750798722,72.02152190622598,75.69856054191362,76.11262488646685,78.67063492063492,79.95444191343964,77.89351851851852,78.47133757961784,79.49029126213593,83.37988826815642,83.77926421404682,82.78560250391236,83.5978835978836,83.42644320297951,84.01559454191033,83.2183908045977,82.90043290043289,80.25,81.63265306122449,84.93150684931507,86.48648648648648,82.58064516129032,82.94314381270902,81.66089965397923,83.93574297188755,85.56338028169014,87.45644599303137,85.87360594795538,86.45833333333334,85.71428571428571,83.76068376068376,90.25641025641026,86.11111111111111,84.65346534653465,91.09947643979058,89.0909090909091,92.52873563218391,88.34355828220859,89.1566265060241,92.61744966442953,91.82389937106919,94.39999999999999,91.55844155844156,91.33333333333333,91.26984126984127,85.24590163934425,90.0,94.35483870967742,92.15686274509804,95.14563106796116,91.6030534351145,88.9908256880734,91.59663865546219,90.38461538461539,94.3089430894309,94.0,93.33333333333333,87.62886597938144,89.04109589041096,93.54838709677419,92.85714285714286,93.90243902439023,90.9090909090909,94.5945945945946,92.6829268292683,94.5945945945946,91.66666666666666,93.05555555555556,96.20253164556962,92.20779220779221,98.11320754716981,95.16129032258065,92.85714285714286,93.65079365079364,95.77464788732394,96.92307692307692,92.3076923076923,95.71428571428572,96.875,96.42857142857143,89.79591836734694,89.36170212765957,95.91836734693877,91.83673469387756,91.52542372881356,88.46153846153845,97.87234042553192,92.72727272727272,97.77777777777777,94.44444444444444,100.0,97.43589743589743,93.47826086956522,100.0,100.0,89.0909090909091,97.77777777777777,100.0,94.5945945945946,91.66666666666666,97.05882352941177,100.0,95.23809523809523,97.5609756097561,95.83333333333334,97.61904761904762,95.45454545454545,100.0,93.33333333333333,87.87878787878788,93.33333333333333,100.0,96.29629629629629,93.93939393939394,93.75,92.10526315789474,96.42857142857143,96.29629629629629,91.30434782608695,93.75,96.875,92.5925925925926,100.0,97.05882352941177,96.29629629629629,96.29629629629629,100.0,100.0,100.0,100.0,88.88888888888889,100.0,100.0,100.0,90.47619047619048,95.65217391304348,94.73684210526315,100.0,93.75,95.23809523809523,100.0,100.0,100.0,94.11764705882352,100.0,100.0,95.0,85.71428571428571,100.0,100.0,100.0,94.73684210526315,85.71428571428571,94.73684210526315,100.0,94.73684210526315,87.5,96.0,87.5,95.0,100.0,94.73684210526315,94.73684210526315,94.11764705882352,100.0,92.85714285714286,93.75,100.0,100.0,100.0,100.0,100.0,88.88888888888889,100.0,94.73684210526315],"cluster_post_filtering_doc_counts":[214211,75731,36362,25341,14593,9995,7973,6223,4766,4033,3317,2854,2321,1879,1715,1611,1347,1250,1204,1085,989,1104,1031,955,854,672,582,436,364,287,263,215,176,191,169,169,119,97,110,93,89,82,73,79,79,72,55,50,54,51,53,40,41,36,38,39,35,38,19,30,31,17,18,13,19,18,11,13,7,13,13,11,18,12,7,8,5,11,12,10,10,7,6,6,12,8,6,7,5,7,4,6,4,6,5,3,6,1,3,5,4,3,2,5,3,1,2,5,5,2,4,5,6,1,4,1,2,0,1,3,0,0,6,1,0,2,3,1,0,2,1,2,1,1,0,2,4,2,0,1,2,2,3,1,1,2,2,1,2,0,1,1,1,0,0,0,0,3,0,0,0,2,1,1,0,1,1,0,0,0,1,0,0,1,2,0,0,0,1,2,1,0,1,2,1,2,1,0,1,1,1,0,1,1,0,0,0,0,0,1,0,1],"tail_threshold":203,"tail_removal_rate":95.72254335260115,"tail_post_filtering_doc_counts":111,"global_removal_rate":83.45657366517533}