{"cluster_sizes":[1,2,3,4,5,6,7,8,9,10,11,12,13,14,15,16,17,18,19,20,21,22,23,24,25,26,27,28,29,30,31,32,33,34,35,36,37,38,39,40,41,42,43,44,45,46,47,48,49,50,51,52,53,54,55,56,57,59,60,63,65,66,67,68,69,70,71,72,76,77,78,80,84,90,91,93,95,96,97,98,100,101,102,105,108,111,113,116,118,122,125,127,135,137,141,143,148,149,150,152,154,155,158,159,160,162,164,167,169,170,172,177,183,188,204,222,223,231],"cluster_removal_rates":[98.3131678883688,94.5539419087137,92.32585596221959,81.97879858657244,68.75,85.6687898089172,80.10752688172043,74.07407407407408,83.62068965517241,89.28571428571429,90.47619047619048,95.58823529411765,89.36170212765957,97.67441860465115,100.0,96.875,96.55172413793103,100.0,96.29629629629629,95.65217391304348,100.0,100.0,100.0,100.0,100.0,100.0,94.11764705882352,94.44444444444444,100.0,91.66666666666666,94.44444444444444,100.0,100.0,100.0,100.0,100.0,100.0,100.0,100.0,100.0,100.0,100.0,100.0,100.0,100.0,100.0,100.0,100.0,100.0,100.0,100.0,100.0,100.0,100.0,66.66666666666666,100.0,100.0,100.0,66.66666666666666,66.66666666666666,80.0,100.0,100.0,100.0,100.0,100.0,100.0,100.0,100.0,100.0,100.0,100.0,100.0,100.0,100.0,100.0,66.66666666666666,100.0,100.0,100.0,100.0,100.0,100.0,100.0,100.0,100.0,100.0,100.0,100.0,100.0,100.0,100.0,100.0,100.0,100.0,100.0,100.0,100.0,100.0,100.0,100.0,100.0,100.0,100.0,100.0,100.0,100.0,100.0,100.0,100.0,100.0,100.0,100.0,100.0,100.0,100.0,100.0,100.0],"cluster_post_filtering_doc_counts":[191,105,65,102,145,45,37,42,19,9,6,3,5,1,0,1,1,0,1,1,0,0,0,0,0,0,1,1,0,1,1,0,0,0,0,0,0,0,0,0,0,0,0,0,0,0,0,0,0,0,0,0,0,0,1,0,0,0,1,1,1,0,0,0,0,0,0,0,0,0,0,0,0,0,0,0,1,0,0,0,0,0,0,0,0,0,0,0,0,0,0,0,0,0,0,0,0,0,0,0,0,0,0,0,0,0,0,0,0,0,0,0,0,0,0,0,0,0],"tail_threshold":237,"tail_removal_rate":100.0,"tail_post_filtering_doc_counts":0,"global_removal_rate":95.31844106463878}