{"cluster_sizes":[1,2,3,4,5,6,7,8,9,10,11,12,13,14,15,16,18,19,20,22,23,25,26,27,28,29,30,31,32,33,34,35,36,37,39,40,42,44,46,48,53],"cluster_removal_rates":[93.6378466557912,90.64327485380117,81.15942028985508,90.9090909090909,94.28571428571428,84.61538461538461,85.71428571428571,90.9090909090909,100.0,100.0,100.0,100.0,100.0,100.0,100.0,100.0,100.0,100.0,83.33333333333334,100.0,100.0,100.0,100.0,100.0,100.0,100.0,100.0,100.0,100.0,100.0,100.0,100.0,100.0,100.0,100.0,100.0,100.0,100.0,100.0,100.0,100.0],"cluster_post_filtering_doc_counts":[39,16,13,4,2,6,2,1,0,0,0,0,0,0,0,0,0,0,1,0,0,0,0,0,0,0,0,0,0,0,0,0,0,0,0,0,0,0,0,0,0],"tail_threshold":79,"tail_removal_rate":100.0,"tail_post_filtering_doc_counts":0,"global_removal_rate":92.32876712328768}