{"cluster_sizes":[1,2,3,4,5,6,7,8,9,10,11,12,13,14,16,17,27,39,53,75,132,133],"cluster_removal_rates":[92.3076923076923,100.0,5.607476635514018,14.285714285714285,33.33333333333333,40.0,100.0,33.33333333333333,0.0,14.285714285714285,50.0,0.0,9.090909090909092,100.0,100.0,100.0,100.0,100.0,100.0,100.0,100.0,100.0],"cluster_post_filtering_doc_counts":[3,0,202,24,4,3,0,2,2,6,1,4,10,0,0,0,0,0,0,0,0,0],"tail_threshold":269,"tail_removal_rate":100.0,"tail_post_filtering_doc_counts":0,"global_removal_rate":25.428571428571427}