{"cluster_sizes":[1,2,3,4,5,6,7,8,10,11,13,18,19,20,22,25,26,32,38,40],"cluster_removal_rates":[98.99497487437185,84.95575221238938,25.791855203619914,39.39393939393939,58.06451612903226,91.66666666666666,100.0,80.0,100.0,100.0,100.0,100.0,100.0,100.0,100.0,100.0,100.0,100.0,100.0,100.0],"cluster_post_filtering_doc_counts":[6,17,164,40,13,1,0,1,0,0,0,0,0,0,0,0,0,0,0,0],"tail_threshold":73,"tail_removal_rate":100.0,"tail_post_filtering_doc_counts":0,"global_removal_rate":77.36202057998129}