{"cluster_sizes":[1,2,3,4,5,6,7,8,9,10,11,12,13,14,15,16,17,18,19,20,21,22,23,24,25,26,27,28,29,30,31,32,33,34,35,36,37,38,39,40,41,42,43,44,45,46,47,48,49,50,51,53,54,56,57,58,59,60,61,62,63,66,67,71,72,73,74,76,77,78,80,81,83,87,89,93,94,97,98,99,102,103,108,111,121,122,127,129,130,136,142],"cluster_removal_rates":[99.1440640284571,90.67351847802317,89.02007083825265,94.7871416159861,86.76789587852495,91.60104986876641,86.76470588235294,88.88888888888889,88.18897637795276,89.2156862745098,95.6043956043956,93.24324324324324,91.30434782608695,88.52459016393442,95.1219512195122,95.45454545454545,100.0,94.11764705882352,90.9090909090909,100.0,100.0,95.23809523809523,100.0,95.0,92.3076923076923,100.0,100.0,100.0,100.0,100.0,88.88888888888889,100.0,80.0,100.0,100.0,100.0,100.0,100.0,100.0,100.0,100.0,100.0,100.0,100.0,100.0,100.0,100.0,100.0,100.0,100.0,100.0,100.0,100.0,100.0,100.0,100.0,100.0,100.0,100.0,100.0,100.0,100.0,100.0,100.0,100.0,100.0,100.0,100.0,100.0,100.0,100.0,100.0,100.0,100.0,100.0,100.0,100.0,100.0,100.0,100.0,100.0,100.0,100.0,100.0,100.0,100.0,100.0,100.0,100.0,100.0,100.0],"cluster_post_filtering_doc_counts":[77,853,186,60,61,32,27,17,15,11,4,5,6,7,2,2,0,2,2,0,0,1,0,1,2,0,0,0,0,0,1,0,1,0,0,0,0,0,0,0,0,0,0,0,0,0,0,0,0,0,0,0,0,0,0,0,0,0,0,0,0,0,0,0,0,0,0,0,0,0,0,0,0,0,0,0,0,0,0,0,0,0,0,0,0,0,0,0,0,0,0],"tail_threshold":148,"tail_removal_rate":100.0,"tail_post_filtering_doc_counts":0,"global_removal_rate":94.0984591613374}