{"cluster_sizes":[1,2,3,4,5,6,7,8,9,10,11,12,16,17,22,30,31,33,37,39],"cluster_removal_rates":[91.40625,71.73913043478261,93.33333333333333,100.0,100.0,100.0,100.0,100.0,100.0,100.0,100.0,100.0,100.0,100.0,100.0,100.0,100.0,100.0,100.0,100.0],"cluster_post_filtering_doc_counts":[33,26,2,0,0,0,0,0,0,0,0,0,0,0,0,0,0,0,0,0],"tail_threshold":66,"tail_removal_rate":100.0,"tail_post_filtering_doc_counts":0,"global_removal_rate":89.29824561403508}