{"cluster_sizes":[1,2,3,4,5,6,7,8,9,10,11,12,13,14,15,16,17,18,19,20,21,22,23,24,25,26,27,28,29,30,31,32,33,34,35,36,37,38,39,40,41,42,43,44,45,46,47,48,49,50,51,52,53,54,55,56,57,58,59,60,61,62,63,64,65,66,67,68,69,70,71,72,73,74,75,76,77,78,79,80,81,82,83,84,85,86,87,88,89,90,91,92,93,94,95,96,97,98,99,100,101,102,103,104,105,106,107,108,109,110,111,112,113,114,115,116,117,118,119,120,121,122,123,124,125,126,127,128,129,130,131,132,133,134,135,136,137,138,139,140,141,143,144,145,146,147,148,149,150,151,152,153,154,155,156,157,158,159,162,163,164,165,167,168,172,174,177,178,179,182,183,187,189,191,194,196,197,198,199,201,202,203,205,206,207,208,209,213,214,215,217,218,219,220,221,222,231,234,235,236,239,240,241,242,243,244,247,252,254,255,256,257,259,260,261,262,263,265,266,268,269,273,274,275,276,278,280,281,284,288,289,291,294,295,297,300,302,304,306,307,308,311,313,315,316,317,319,325,326,330,332,337,341,343,344,347,352,353,354,357,358,360,368,369,376,386,393,394,399,402,406,408,411,413,430,436,439,442,443,444,445,459,462,466,472,481,488,497,499,500,515,516,517,525,527,536],"cluster_removal_rates":[99.36079917567544,98.81909547738694,98.36350974930362,97.94173527549081,97.4320987654321,94.69026548672566,96.09375,96.07097591888466,96.2843295638126,95.64459930313589,94.09190371991247,93.82352941176471,93.11377245508982,92.14285714285714,92.41071428571429,87.4439461883408,91.57088122605363,89.88326848249028,93.4156378600823,90.63545150501672,94.17808219178082,93.91534391534393,96.3265306122449,95.99358974358975,96.0,96.2174940898345,88.44621513944223,80.41958041958041,78.0701754385965,78.82352941176471,79.7872340425532,83.69565217391305,73.19587628865979,90.10989010989012,87.5,89.38053097345133,86.73469387755102,84.11214953271028,83.47107438016529,83.33333333333334,79.74683544303798,86.48648648648648,80.0,81.81818181818183,82.71604938271605,88.0,90.52631578947368,92.92929292929293,90.625,89.41176470588236,90.14084507042254,91.17647058823529,86.27450980392157,86.0,75.0,77.35849056603774,86.04651162790698,73.33333333333333,87.5,74.35897435897436,72.54901960784314,67.85714285714286,76.59574468085107,85.71428571428571,74.07407407407408,88.46153846153845,77.77777777777779,72.72727272727273,85.71428571428571,74.28571428571429,95.34883720930233,84.375,89.1891891891892,89.1891891891892,96.66666666666667,84.0,88.0,92.3076923076923,86.48648648648648,90.32258064516128,83.33333333333334,96.22641509433963,90.56603773584906,89.47368421052632,79.3103448275862,75.0,86.95652173913044,86.66666666666667,73.68421052631578,73.91304347826086,94.44444444444444,58.82352941176471,69.23076923076923,100.0,82.35294117647058,80.0,82.35294117647058,80.0,90.0,66.66666666666666,100.0,77.77777777777779,75.0,66.66666666666666,71.42857142857143,85.71428571428571,60.0,100.0,100.0,100.0,87.5,83.33333333333334,66.66666666666666,80.0,83.33333333333334,62.5,100.0,83.33333333333334,100.0,100.0,85.71428571428571,100.0,75.0,100.0,100.0,50.0,80.0,100.0,100.0,50.0,100.0,100.0,100.0,50.0,100.0,83.33333333333334,100.0,80.0,100.0,75.0,100.0,100.0,100.0,100.0,100.0,100.0,75.0,100.0,75.0,100.0,100.0,100.0,100.0,100.0,0.0,0.0,50.0,100.0,100.0,100.0,100.0,100.0,100.0,80.0,100.0,100.0,100.0,100.0,100.0,100.0,66.66666666666666,100.0,50.0,100.0,100.0,100.0,66.66666666666666,100.0,0.0,100.0,100.0,100.0,100.0,100.0,100.0,100.0,100.0,100.0,100.0,100.0,100.0,100.0,100.0,100.0,100.0,100.0,100.0,100.0,100.0,100.0,100.0,100.0,100.0,100.0,50.0,100.0,100.0,100.0,100.0,100.0,100.0,100.0,100.0,100.0,100.0,100.0,100.0,100.0,100.0,100.0,100.0,100.0,100.0,100.0,100.0,100.0,100.0,100.0,100.0,100.0,100.0,100.0,100.0,100.0,100.0,100.0,100.0,100.0,100.0,100.0,100.0,100.0,100.0,100.0,100.0,100.0,100.0,100.0,100.0,100.0,100.0,100.0,100.0,100.0,100.0,100.0,100.0,100.0,100.0,100.0,100.0,100.0,100.0,100.0,100.0,100.0,100.0,100.0,100.0,100.0,100.0,100.0,100.0,100.0,100.0,100.0,100.0,100.0,100.0,100.0,100.0,100.0,100.0,100.0,100.0,100.0,100.0,100.0,100.0,100.0,100.0,100.0,100.0,100.0,100.0,100.0],"cluster_post_filtering_doc_counts":[366,188,94,65,52,78,45,31,23,25,27,21,23,22,17,28,22,26,16,28,17,23,18,25,23,16,29,28,25,18,19,15,26,9,11,12,13,17,20,15,16,10,16,14,14,9,9,7,9,9,7,6,7,7,12,12,6,12,4,10,14,9,11,5,7,3,4,6,4,9,2,5,4,4,1,4,3,3,5,3,9,2,5,4,6,8,3,4,5,6,1,7,4,0,3,2,3,3,2,4,0,2,1,2,4,1,2,0,0,0,1,1,1,1,1,3,0,1,0,0,1,0,1,0,0,1,1,0,0,1,0,0,0,2,0,1,0,1,0,1,0,0,0,0,0,0,1,0,1,0,0,0,0,0,1,1,1,0,0,0,0,0,0,1,0,0,0,0,0,0,1,0,1,0,0,0,1,0,1,0,0,0,0,0,0,0,0,0,0,0,0,0,0,0,0,0,0,0,0,0,0,0,0,0,1,0,0,0,0,0,0,0,0,0,0,0,0,0,0,0,0,0,0,0,0,0,0,0,0,0,0,0,0,0,0,0,0,0,0,0,0,0,0,0,0,0,0,0,0,0,0,0,0,0,0,0,0,0,0,0,0,0,0,0,0,0,0,0,0,0,0,0,0,0,0,0,0,0,0,0,0,0,0,0,0,0,0,0,0,0,0,0,0,0,0,0],"tail_threshold":549,"tail_removal_rate":100.0,"tail_post_filtering_doc_counts":0,"global_removal_rate":97.9796653978575}