{"cluster_sizes":[1,2,3,4,5,6,7,8,9,10,11,12,13,14,15,17,20,24,28,30,33],"cluster_removal_rates":[100.0,98.64864864864865,97.36842105263158,100.0,100.0,100.0,100.0,100.0,100.0,100.0,100.0,100.0,100.0,100.0,100.0,100.0,100.0,100.0,100.0,100.0,100.0],"cluster_post_filtering_doc_counts":[0,1,1,0,0,0,0,0,0,0,0,0,0,0,0,0,0,0,0,0,0],"tail_threshold":37,"tail_removal_rate":100.0,"tail_post_filtering_doc_counts":0,"global_removal_rate":99.90850869167429}