{"cluster_sizes":[1,2,3,4,5,6,7,8,9,11,14,19,20,24,26,27,28,29,30],"cluster_removal_rates":[81.15942028985508,58.51063829787234,57.333333333333336,66.66666666666666,53.333333333333336,57.692307692307686,52.17391304347826,38.46153846153847,50.0,100.0,0.0,100.0,100.0,100.0,100.0,100.0,100.0,50.0,100.0],"cluster_post_filtering_doc_counts":[26,39,32,20,14,11,11,8,3,0,1,0,0,0,0,0,0,1,0],"tail_threshold":32,"tail_removal_rate":50.0,"tail_post_filtering_doc_counts":1,"global_removal_rate":65.35269709543569}