{"cluster_sizes":[1,2,3,4,5,6,7,8,9,10,11,12,13,14,15,16,17,18,19,20,21,22,23,24,25,26,27,28,29,30,31,32,33,34,35,36,37,38,39,40,41,42,43,44,45,46,47,48,49,50,51,52,53,54,55,56,57,58,59,60,61,62,63,64,65,66,67,68,69,70,71,72,73,74,75,76,77,78,79,80,81,82,83,84,85,86,87,88,89,90,91,92,93,94,95,96,97,98,99,100,101,102,103,104,105,106,107,108,109,110,111,112,113,114,115,116,117,118,119,120,121,122,123,124,125,126,127,128,129,130,131,132,133,134,135,136,137,138,139,140,141],"cluster_removal_rates":[99.95939758065117,99.9010133964202,99.90479693225667,99.91437340797809,99.91490769958212,99.92534362758198,99.93193485742852,99.94287863800382,99.94031894525097,99.9525361227489,99.95284268769733,99.9606657514384,99.95414492257679,99.95957178433973,99.96591393268002,99.95988768551946,99.96571733306246,99.95248111473714,99.96886547426895,99.96654045962843,99.9748240198991,99.974538933292,99.9798823115224,99.97337841255474,99.96671860581215,99.98000266631117,99.95996141736583,99.98469368231737,99.97739369900738,99.98010038251486,99.9789167916042,99.96988789029928,99.97962879130829,99.98635557374811,99.98811335108407,99.97690708952351,99.97578692493947,99.97953266245949,99.98073366214551,99.97867258147075,99.98558939379383,99.95848253671701,99.95294947950362,99.96281836772634,99.98610145934677,99.96225560504264,100.0,99.99157681940702,99.98149005090235,99.96181019667749,99.97992572518318,100.0,99.9889819303658,99.98904229673461,99.97724687144482,100.0,99.98805114111602,99.98812351543943,99.97525671161698,100.0,100.0,99.98615916955018,99.95864920744314,99.98625807338189,100.0,100.0,100.0,100.0,99.96673320026613,99.98185447287243,100.0,99.9604273842501,100.0,100.0,100.0,100.0,100.0,100.0,100.0,100.0,99.97035280166024,99.93821439604572,99.96836444163239,100.0,100.0,100.0,100.0,99.96721311475409,100.0,100.0,100.0,99.91833401388321,100.0,100.0,100.0,100.0,100.0,100.0,99.9508116084604,100.0,100.0,100.0,100.0,100.0,100.0,99.94331065759637,100.0,100.0,100.0,100.0,100.0,100.0,100.0,100.0,100.0,100.0,100.0,100.0,100.0,100.0,100.0,100.0,100.0,100.0,100.0,100.0,100.0,100.0,100.0,100.0,100.0,100.0,100.0,99.89626556016597,99.90059642147118,100.0,100.0,99.89827060020346,100.0,100.0,100.0],"cluster_post_filtering_doc_counts":[31174,12452,5234,3018,1841,1165,708,492,394,260,210,153,134,100,72,75,54,68,38,38,25,23,16,20,22,12,22,8,11,9,9,13,9,6,5,9,8,6,5,5,3,8,8,6,2,5,0,1,2,4,2,0,1,1,2,0,1,1,2,0,0,1,3,1,0,0,0,0,2,1,0,2,0,0,0,0,0,0,0,0,1,2,1,0,0,0,0,1,0,0,0,2,0,0,0,0,0,0,1,0,0,0,0,0,0,1,0,0,0,0,0,0,0,0,0,0,0,0,0,0,0,0,0,0,0,0,0,0,0,0,0,0,0,1,1,0,0,1,0,0,0],"tail_threshold":142,"tail_removal_rate":99.99725922271556,"tail_post_filtering_doc_counts":3,"global_removal_rate":99.94685348084637}