{"cluster_sizes":[1,2,3,4,6,9],"cluster_removal_rates":[35.714285714285715,50.0,50.0,100.0,100.0,0.0],"cluster_post_filtering_doc_counts":[18,2,2,0,0,1],"tail_threshold":17,"tail_removal_rate":100.0,"tail_post_filtering_doc_counts":0,"global_removal_rate":43.90243902439025}