{"cluster_sizes":[1,2,3,4,5,6,7,8,9,10,11,12,13,16,17,20,22,30,31,32,33,34,35,36],"cluster_removal_rates":[92.93222992619101,34.26573426573427,6.138107416879795,18.9873417721519,24.324324324324326,16.216216216216218,3.7037037037037033,5.555555555555555,20.0,44.44444444444444,0.0,50.0,0.0,100.0,0.0,100.0,100.0,100.0,100.0,100.0,100.0,100.0,100.0,100.0],"cluster_post_filtering_doc_counts":[316,94,367,64,56,62,26,17,12,5,2,2,1,0,1,0,0,0,0,0,0,0,0,0],"tail_threshold":38,"tail_removal_rate":83.33333333333334,"tail_post_filtering_doc_counts":1,"global_removal_rate":80.77571669477234}