{"cluster_sizes":[1,2,3,4,5,6,7,8,9,10,11,12,13,14,15,16,17,18,19,20,21,22,23,24,25,26,27,28,29,30,31,32,33,34,35,36,37,38,39,40,41,42,43,44,45,46,47,49,50,51,52,53,54,55],"cluster_removal_rates":[51.94805194805194,42.42424242424242,79.51334379905809,90.07412181759588,47.82608695652174,28.000000000000004,16.923076923076923,62.7906976744186,36.36363636363637,46.42857142857143,37.93103448275862,59.375,75.0,83.33333333333334,90.0,90.9090909090909,66.66666666666666,88.23529411764706,83.33333333333334,83.33333333333334,57.14285714285714,92.85714285714286,100.0,75.0,87.5,90.0,77.77777777777779,100.0,100.0,100.0,83.33333333333334,88.88888888888889,75.0,80.0,87.5,80.0,50.0,100.0,50.0,50.0,100.0,50.0,100.0,100.0,100.0,60.0,100.0,0.0,75.0,33.33333333333333,100.0,100.0,100.0,100.0],"cluster_post_filtering_doc_counts":[37,19,261,616,24,18,54,32,14,15,18,13,4,5,2,2,5,2,2,2,3,1,0,2,1,1,2,0,0,0,1,1,2,1,1,1,2,0,1,2,0,2,0,0,0,2,0,1,1,2,0,0,0,0],"tail_threshold":56,"tail_removal_rate":90.9090909090909,"tail_post_filtering_doc_counts":1,"global_removal_rate":85.75753905776916}