{"cluster_sizes":[1,2,3,4,5,6,7,8,9,10,11,12,13,14,15,16,17,18,19,20,21,22,23,24,25,26,27,28,29,30,31,33,34,36,49,55,68,70,81,159,175],"cluster_removal_rates":[99.76923076923076,100.0,98.1203007518797,98.11320754716981,100.0,100.0,66.66666666666666,100.0,93.02325581395348,79.3103448275862,94.5945945945946,97.61904761904762,93.33333333333333,89.47368421052632,80.0,100.0,100.0,87.5,100.0,100.0,88.88888888888889,100.0,90.0,100.0,100.0,100.0,100.0,100.0,100.0,100.0,100.0,0.0,100.0,100.0,100.0,100.0,100.0,100.0,100.0,100.0,100.0],"cluster_post_filtering_doc_counts":[3,0,5,2,0,0,19,0,3,6,2,1,2,2,2,0,0,1,0,0,1,0,1,0,0,0,0,0,0,0,0,1,0,0,0,0,0,0,0,0,0],"tail_threshold":178,"tail_removal_rate":100.0,"tail_post_filtering_doc_counts":0,"global_removal_rate":98.05566145634769}