{"cluster_sizes":[1,2,3,4,5,6,7,8,9,10,11,12,13,14,15,16,17,18,19,20,21,22,23,24,25,26,27,28,29,30,31,32,33,34,35,36,37,38,40,41,42,50,57,58,75],"cluster_removal_rates":[95.28655597214784,82.93401151117655,55.049504950495056,70.70063694267516,40.963855421686745,60.0,50.649350649350644,50.0,55.55555555555556,62.0,80.64516129032258,88.0,73.52941176470588,95.65217391304348,68.42105263157895,76.19047619047619,87.5,80.0,72.22222222222221,78.57142857142857,100.0,100.0,77.77777777777779,100.0,71.42857142857143,100.0,100.0,100.0,100.0,100.0,100.0,100.0,100.0,100.0,100.0,100.0,100.0,100.0,100.0,100.0,100.0,100.0,100.0,100.0,100.0],"cluster_post_filtering_doc_counts":[88,1275,227,46,98,36,38,35,16,19,6,3,9,1,6,5,2,2,5,3,0,0,2,0,2,0,0,0,0,0,0,0,0,0,0,0,0,0,0,0,0,0,0,0,0],"tail_threshold":76,"tail_removal_rate":100.0,"tail_post_filtering_doc_counts":0,"global_removal_rate":82.18848361414553}