{"cluster_sizes":[1,2,3,4,5,6,7,8,9,10,11,12,13,14],"cluster_removal_rates":[99.7828628695507,96.2043795620438,99.4413407821229,100.0,78.57142857142857,90.32258064516128,85.71428571428571,77.77777777777779,100.0,100.0,100.0,100.0,100.0,100.0],"cluster_post_filtering_doc_counts":[13,26,1,0,15,3,3,2,0,0,0,0,0,0],"tail_threshold":15,"tail_removal_rate":100.0,"tail_post_filtering_doc_counts":0,"global_removal_rate":99.11367473269556}