{"cluster_sizes":[1,2,3,4,5,6,7,8,9,10,11,12,13,14,15,16,17,19,23],"cluster_removal_rates":[73.32974137931035,70.0,45.714285714285715,51.28205128205128,41.46341463414634,22.22222222222222,52.63157894736842,55.55555555555556,78.125,69.38775510204081,67.85714285714286,86.66666666666667,100.0,33.33333333333333,0.0,0.0,0.0,0.0,0.0],"cluster_post_filtering_doc_counts":[495,54,19,19,24,28,9,8,7,15,9,2,0,2,3,1,1,2,1],"tail_threshold":24,"tail_removal_rate":33.33333333333333,"tail_post_filtering_doc_counts":2,"global_removal_rate":70.34686971235195}