{"cluster_sizes":[1,2,3,4,5,6,7,8,9,10,11,12,13,14,15,16,18,19,21,22,23,26,27,28,32,34,36,38,41,43,44,49,54,55,61,65,69,86,89],"cluster_removal_rates":[99.20634920634922,96.15384615384616,94.44444444444444,89.65517241379311,61.904761904761905,77.27272727272727,100.0,100.0,100.0,100.0,100.0,100.0,100.0,100.0,100.0,66.66666666666666,100.0,100.0,100.0,100.0,100.0,100.0,100.0,100.0,100.0,100.0,100.0,100.0,100.0,100.0,100.0,100.0,100.0,100.0,100.0,100.0,100.0,100.0,100.0],"cluster_post_filtering_doc_counts":[4,3,2,3,16,5,0,0,0,0,0,0,0,0,0,2,0,0,0,0,0,0,0,0,0,0,0,0,0,0,0,0,0,0,0,0,0,0,0],"tail_threshold":273,"tail_removal_rate":100.0,"tail_post_filtering_doc_counts":0,"global_removal_rate":95.56400506970849}