{"cluster_sizes":[1,2,3,4,5,6,7,8,9,11,12,15],"cluster_removal_rates":[42.857142857142854,40.0,38.46153846153847,60.0,0.0,0.0,0.0,0.0,100.0,100.0,100.0,100.0],"cluster_post_filtering_doc_counts":[92,12,8,2,6,4,1,1,0,0,0,0],"tail_threshold":21,"tail_removal_rate":50.0,"tail_post_filtering_doc_counts":1,"global_removal_rate":41.474654377880185}