{"cluster_sizes":[1,2,3,4,5,6,7,8,10,11,13,14,15,18,21,23,30,36,38,39],"cluster_removal_rates":[83.33333333333334,51.11111111111111,55.00000000000001,64.28571428571429,40.0,85.71428571428571,100.0,100.0,100.0,100.0,100.0,100.0,100.0,100.0,100.0,100.0,0.0,100.0,100.0,100.0],"cluster_post_filtering_doc_counts":[54,22,9,5,6,1,0,0,0,0,0,0,0,0,0,0,1,0,0,0],"tail_threshold":42,"tail_removal_rate":0.0,"tail_post_filtering_doc_counts":1,"global_removal_rate":77.80269058295964}