{"cluster_sizes":[1,2,3,4,5,6,7,8,9,10,11,12,13,14,16,17,18,19,21,22,23,24,25,28,30,31,35,36,37,38,39,42,44,46,49,50,51,52,59,62,68,71,77,99,121,132,168],"cluster_removal_rates":[97.8760045924225,70.98765432098766,84.5360824742268,80.0,96.7741935483871,73.17073170731707,100.0,81.81818181818183,100.0,87.5,100.0,100.0,100.0,100.0,100.0,100.0,100.0,100.0,100.0,100.0,100.0,100.0,100.0,100.0,100.0,100.0,100.0,100.0,100.0,100.0,100.0,100.0,100.0,100.0,100.0,100.0,100.0,100.0,100.0,100.0,100.0,100.0,100.0,100.0,100.0,100.0,100.0],"cluster_post_filtering_doc_counts":[37,94,15,18,2,11,0,4,0,1,0,0,0,0,0,0,0,0,0,0,0,0,0,0,0,0,0,0,0,0,0,0,0,0,0,0,0,0,0,0,0,0,0,0,0,0,0],"tail_threshold":624,"tail_removal_rate":100.0,"tail_post_filtering_doc_counts":0,"global_removal_rate":92.75766016713092}