{"cluster_sizes":[1,2,3,4,5,6,7,8,9,10,11,12,15,21,27,34,38],"cluster_removal_rates":[87.5598086124402,77.5,37.89473684210527,93.33333333333333,100.0,100.0,100.0,100.0,100.0,100.0,100.0,100.0,100.0,100.0,100.0,100.0,100.0],"cluster_post_filtering_doc_counts":[26,9,177,1,0,0,0,0,0,0,0,0,0,0,0,0,0],"tail_threshold":113,"tail_removal_rate":100.0,"tail_post_filtering_doc_counts":0,"global_removal_rate":63.339070567986234}