{"cluster_sizes":[1,2,3,4,5,6,7,8,9,10,11,12,13,14,15,16,17,18,19,20,21,22,23,24,25,26,27,28,29,30,31,32,33,34,35,36,37,38,39,40,41,42,43,44,45,46,47,48,49,50,51,52,53,54,55,56,57,58,59,60,61,62,63,64,65,66,67,68,69,70,71,72,73,74,75,76,77,78,79,80,81,82,83,84,85,86,87,88,89,90,91,92,93,94,95,96,97,98,99,100,101,102,103,104,105,106,107,108,109,110,111],"cluster_removal_rates":[70.14778889350343,53.460175221340336,46.24822629261594,43.30570203349397,42.885424251866986,41.9050037606974,39.94594378199968,37.50313517534851,39.57593490671929,39.284881388818924,40.49438748856352,43.33113296761738,41.98263356261843,40.6248397539282,40.17652170657355,39.66699314397649,38.57414258574143,41.41368803024365,39.73475989429882,40.999490478577314,40.677114397486534,40.75575850254957,41.075871020467034,43.42877735552352,43.41347063945784,44.06372487040081,44.928417703752224,44.69676955754457,44.74804404175882,46.78043145232176,46.96696289261244,48.075541556145005,49.03885771116005,50.03098741766715,51.033478893740906,51.35143175901822,49.791763843539684,49.086156898656895,47.41607435757245,47.580078321116574,47.566266409158345,48.7437641723356,48.227092297941894,47.83751231796781,47.65560734850562,45.98452278589854,47.180109157064884,49.78536437553659,49.90317047529464,51.10674759014637,50.25090516419996,50.768220617202886,51.477374474826085,51.82896861616233,52.472077438570366,52.879622344610546,52.194878616561354,52.824184566428,52.02178729689808,53.62704139764527,52.29896698399838,52.68383155138555,54.15412066465931,53.700298781889224,52.97532656023222,54.78763508419201,53.88278872866782,55.06233730648034,55.15210991167812,56.2240960411605,54.94686424187996,56.52039555006181,54.440348525469176,54.73223307510946,54.70742358078603,56.0589519650655,55.15582916506349,56.990498351754894,56.048053024026515,58.085599831330384,56.94959633427885,56.04726598702502,57.7638251630041,59.397590361445786,58.20322498080368,58.60892388451444,58.8882773802972,59.06677842972897,58.34312573443008,59.49074074074075,59.16509730069052,60.42661572747533,59.304233672464726,59.170600134861765,60.5427974947808,60.82869080779945,60.861352474499434,59.74842767295597,61.03991212010252,64.57475994513031,61.61041073607157,60.65292096219931,62.313104661389616,61.7634027470093,63.02408563782337,62.24862888482633,61.939571150097464,63.41232227488152,62.11741093828399,61.28048780487805,63.20166320166321],"cluster_post_filtering_doc_counts":[25536648,11153908,6137850,4432261,3150725,2214461,1545117,1397878,985673,781032,645840,547708,417931,358946,303588,252560,215012,185346,158729,142429,126318,111189,98058,86339,74731,66360,58855,52334,46468,42383,39088,37585,35869,34670,33640,32704,30139,26687,24044,20882,18733,16953,15521,14292,13363,12564,11323,9943,9054,8217,7832,7498,7045,6861,6383,5989,5750,5337,5197,4884,4710,4337,4111,4029,3888,3598,3486,3280,3199,3063,3010,2814,2719,2688,2593,2415,2331,2218,2122,1988,1973,1897,1749,1685,1633,1577,1494,1465,1418,1400,1301,1243,1240,1211,1134,1125,1036,1088,1064,1033,944,916,857,863,829,826,781,772,755,762,708],"tail_threshold":112,"tail_removal_rate":72.10860321416183,"tail_post_filtering_doc_counts":43423,"global_removal_rate":59.75456851940795}