{"cluster_sizes":[1,2,3,4,5,6,7,8,9,10,11,12,13,14,15,16,17,18,19,20,21,22,23,24,25,26,27,28,29,30,31,32,33,34,35,36,37,38,39,40,41,42,43,44,45,46,47,48,49,50,51,52,53,54,55,56,57,58,59,60,61,62,63,64,65,66,67,68,69,70,71,72,73,74,75,76,77,78,79,80,81,82,83,84,85,86,87,88,89,90,91,92,93,94,95,96,97,98,99,100,101,103,104,105,106,107,108,109,111,112,113,114,115,116,117,118,119,120,121,122,123,124,125,127,128,129,130,131,132,133,134,135,136,137,139,140,141,143,144,145,146,147,148,149,150,151,153,154,155,156,157,158],"cluster_removal_rates":[99.59754402070153,98.39510890332441,97.98092209856915,97.0348204570185,97.84649364991718,98.34305001534213,97.34996102883866,97.15555555555555,97.52155172413794,98.10671256454388,93.91819160387513,90.57025717480433,91.189111747851,95.64220183486239,98.32985386221294,97.5,96.72897196261682,97.53694581280789,98.7878787878788,95.95375722543352,97.79411764705883,94.16666666666667,98.09523809523809,98.09523809523809,98.93617021276596,96.96969696969697,96.7741935483871,94.73684210526315,100.0,96.36363636363636,93.75,96.80851063829788,95.45454545454545,95.71428571428572,98.63013698630137,95.8904109589041,96.875,94.5945945945946,94.28571428571428,95.23809523809523,96.36363636363636,97.67441860465115,97.36842105263158,88.09523809523809,100.0,100.0,91.30434782608695,92.3076923076923,100.0,100.0,94.73684210526315,100.0,90.9090909090909,100.0,87.5,100.0,81.81818181818183,88.88888888888889,100.0,100.0,100.0,100.0,100.0,100.0,100.0,100.0,100.0,100.0,100.0,81.81818181818183,80.0,100.0,100.0,90.9090909090909,100.0,100.0,100.0,100.0,80.0,100.0,100.0,100.0,100.0,100.0,100.0,100.0,100.0,100.0,100.0,100.0,100.0,100.0,100.0,100.0,100.0,100.0,100.0,100.0,100.0,100.0,100.0,100.0,80.0,100.0,100.0,100.0,83.33333333333334,100.0,100.0,100.0,100.0,100.0,100.0,100.0,100.0,100.0,100.0,100.0,100.0,100.0,100.0,100.0,100.0,100.0,100.0,100.0,100.0,100.0,100.0,100.0,100.0,100.0,100.0,100.0,100.0,100.0,50.0,100.0,100.0,100.0,100.0,100.0,100.0,100.0,100.0,100.0,100.0,100.0,100.0,50.0,100.0,100.0],"cluster_post_filtering_doc_counts":[605,252,127,109,78,54,34,32,23,22,113,253,123,19,8,9,7,5,2,7,3,7,2,2,1,2,2,3,0,2,4,3,3,3,1,3,3,4,4,3,2,1,1,5,0,0,2,1,0,0,1,0,1,0,1,0,2,1,0,0,0,0,0,0,0,0,0,0,0,2,1,0,0,1,0,0,0,0,1,0,0,0,0,0,0,0,0,0,0,0,0,0,0,0,0,0,0,0,0,0,0,0,1,0,0,0,1,0,0,0,0,0,0,0,0,0,0,0,0,0,0,0,0,0,0,0,0,0,0,0,0,0,0,0,0,0,1,0,0,0,0,0,0,0,0,0,0,0,0,1,0,0],"tail_threshold":159,"tail_removal_rate":99.49748743718592,"tail_post_filtering_doc_counts":1,"global_removal_rate":99.00707929722437}