{"cluster_sizes":[1,2,3,4,5,6,7,8,9,11,12,15,16,18,21,23,24,33,34,38,42,48,60,118],"cluster_removal_rates":[98.7012987012987,50.0,100.0,100.0,100.0,100.0,100.0,100.0,100.0,100.0,100.0,100.0,100.0,100.0,100.0,100.0,100.0,100.0,100.0,100.0,100.0,100.0,100.0,100.0],"cluster_post_filtering_doc_counts":[7,27,0,0,0,0,0,0,0,0,0,0,0,0,0,0,0,0,0,0,0,0,0,0],"tail_threshold":214,"tail_removal_rate":100.0,"tail_post_filtering_doc_counts":0,"global_removal_rate":94.75308641975309}