{"cluster_sizes":[1,2,3,4,5,6,8,11,12,13,24,61],"cluster_removal_rates":[36.734693877551024,65.51724137931035,37.5,36.84210526315789,11.76470588235294,50.0,0.0,0.0,0.0,100.0,0.0,0.0],"cluster_post_filtering_doc_counts":[62,20,10,12,15,5,1,1,1,0,1,1],"tail_threshold":169,"tail_removal_rate":0.0,"tail_post_filtering_doc_counts":1,"global_removal_rate":42.22222222222222}