{"cluster_sizes":[1,2,3,4,5,6,7,8,9,10,11,12,13,14,15,16,17,18,19,20,21,22,23,24,25,26,27,28,29,30,31,32],"cluster_removal_rates":[98.29334753836383,93.12283737024222,84.42776735459663,82.21574344023324,76.99680511182109,78.76106194690266,70.69767441860465,77.07006369426752,85.07462686567165,82.70270270270271,81.60377358490565,81.54506437768241,85.84070796460178,81.37254901960785,69.51219512195121,72.18045112781954,74.24242424242425,54.347826086956516,44.11764705882353,65.38461538461539,65.0,53.333333333333336,46.666666666666664,83.33333333333334,54.54545454545454,71.42857142857143,40.0,33.33333333333333,75.0,100.0,33.33333333333333,87.5],"cluster_post_filtering_doc_counts":[833,318,83,61,72,48,63,36,20,32,39,43,32,38,50,37,17,21,19,9,7,7,8,1,5,2,3,4,1,0,2,1],"tail_threshold":33,"tail_removal_rate":74.57627118644068,"tail_post_filtering_doc_counts":15,"global_removal_rate":96.62220196673036}