{"cluster_sizes":[1,2,3,4,5,6,7,8,9,10,11,12,13,14,15,16,17,18,19,21,22,23,24,25,27,29,30,31,32,35,36,37,38,39,41,42,56,57,59,60,61,62,64,69,86,89,100,114],"cluster_removal_rates":[98.48101265822785,94.90445859872611,93.65079365079364,92.85714285714286,88.46153846153845,95.0,92.3076923076923,100.0,100.0,100.0,100.0,100.0,100.0,100.0,100.0,100.0,66.66666666666666,100.0,100.0,100.0,100.0,100.0,100.0,100.0,100.0,100.0,100.0,100.0,100.0,100.0,100.0,100.0,100.0,100.0,100.0,100.0,100.0,100.0,100.0,100.0,100.0,100.0,100.0,100.0,100.0,100.0,100.0,100.0],"cluster_post_filtering_doc_counts":[12,8,4,3,3,1,2,0,0,0,0,0,0,0,0,0,1,0,0,0,0,0,0,0,0,0,0,0,0,0,0,0,0,0,0,0,0,0,0,0,0,0,0,0,0,0,0,0],"tail_threshold":288,"tail_removal_rate":100.0,"tail_post_filtering_doc_counts":0,"global_removal_rate":97.24249797242499}