{"cluster_sizes":[1,2,3,4,5,6,7,8,9,10,11,12,13,14,15,16,17,18,19,20,21,22,23,24,25,26,27,28,29,30,31,32,34,35,38,40,41,42,44,46,49,56,60,61,62,64,65,68,70,79,102,107,152,209,273],"cluster_removal_rates":[97.75474956822107,96.484375,80.9090909090909,91.86046511627907,88.46153846153845,92.85714285714286,90.9090909090909,91.30434782608695,100.0,100.0,88.88888888888889,100.0,100.0,100.0,85.71428571428571,90.9090909090909,100.0,100.0,100.0,100.0,80.0,100.0,100.0,100.0,100.0,100.0,0.0,100.0,100.0,100.0,100.0,100.0,100.0,100.0,100.0,100.0,100.0,100.0,100.0,100.0,100.0,100.0,100.0,100.0,100.0,100.0,100.0,100.0,100.0,100.0,100.0,100.0,100.0,100.0,100.0],"cluster_post_filtering_doc_counts":[39,9,21,7,6,4,3,2,0,0,1,0,0,0,1,1,0,0,0,0,1,0,0,0,0,0,1,0,0,0,0,0,0,0,0,0,0,0,0,0,0,0,0,0,0,0,0,0,0,0,0,0,0,0,0],"tail_threshold":295,"tail_removal_rate":100.0,"tail_post_filtering_doc_counts":0,"global_removal_rate":96.19500594530321}