{"cluster_sizes":[1,2,3,4,5,6,7,8,9,10,11,12,13,14,15,16,17,18,19,20,21,22,23,24,25,26,27,28,29,30,31,32,33,34,35,36,37,38,39,40,41,42,43,44,45,46,47,48,49,50,51,52,53,54,55,56,57,58,59,60,61,62,63,64,65,66,67,68,69,70,71,72,73,74,75,76,77,78,79,80,81,82,83,84,85,86,87,88,89,90,91,92,93,94,95,96,97,98,99,100,101,102,103,104,105,106,107,108,109,110,111,112,113,114],"cluster_removal_rates":[93.55740853414285,93.39086879328387,92.89051215695714,92.62918918918919,92.8550392768492,92.24563515954245,92.18843698190412,86.47694292163818,83.40760747242854,88.21624665634239,90.30831200120464,89.89592490712644,89.79501262100914,89.30402930402931,88.81929637526652,91.44134986785932,90.71461083295402,89.46576373212942,90.24973829819052,90.98781270044901,90.42125502534522,89.13659550349519,88.67771936918723,88.89607589478223,88.50969801129389,89.15388983532084,88.16793893129771,87.41765480895916,85.7916102841678,86.95652173913044,86.54970760233918,85.07789013391637,84.54162768942938,83.70833333333333,84.41663302381913,83.9375,84.04749612803303,85.73573573573574,84.58781362007169,88.75326939843069,90.36511156186613,88.67724867724867,90.25893958076449,89.3167701863354,89.88015978695073,90.57971014492753,89.29712460063898,91.10320284697508,91.97396963123644,95.56650246305419,90.98591549295774,91.26506024096386,91.35802469135803,89.36170212765957,88.0794701986755,91.32075471698113,89.23076923076924,87.78625954198473,84.48979591836735,89.1213389121339,89.83050847457628,88.58447488584474,86.01036269430051,87.37373737373737,88.46153846153845,91.21951219512195,89.32584269662921,85.14285714285714,89.83957219251337,84.93975903614458,86.02150537634408,89.1891891891892,87.03703703703704,90.44585987261146,91.21621621621621,91.12903225806451,92.62295081967213,90.2439024390244,90.22556390977444,93.96551724137932,90.98360655737704,91.66666666666666,91.13924050632912,94.1747572815534,92.0,92.13483146067416,87.75510204081633,89.65517241379311,89.41176470588236,96.7741935483871,96.84210526315789,93.75,91.11111111111111,89.6103896103896,91.02564102564102,90.54054054054053,92.53731343283582,93.42105263157895,89.85507246376811,83.78378378378379,90.9090909090909,92.98245614035088,90.32258064516128,87.71929824561403,88.52459016393442,89.36170212765957,89.74358974358975,92.0,92.98245614035088,94.0,98.18181818181819,93.84615384615384,97.87234042553192,81.25],"cluster_post_filtering_doc_counts":[148772,33726,18901,13636,11888,7084,4429,8387,11058,5022,5149,7126,3679,2044,1678,842,816,840,652,562,548,575,560,515,468,382,372,382,420,402,437,546,661,782,772,771,618,380,258,129,95,107,79,86,76,65,67,50,37,18,32,29,28,35,36,23,28,32,38,26,24,25,27,25,18,18,19,26,19,25,26,16,21,15,13,11,9,12,13,7,11,10,7,6,8,7,12,9,9,3,3,5,8,8,7,7,5,5,7,12,6,4,6,7,7,5,8,4,4,3,1,4,1,9],"tail_threshold":115,"tail_removal_rate":92.07823960880197,"tail_post_filtering_doc_counts":324,"global_removal_rate":92.70066577687514}