{"cluster_sizes":[1,2,3,4,5,6,7,8,9,10,11,12,13,14,15,16,17,18,19,20,21,22,23,24,25,26,27,28,29,30,31,32,33,34,35,36,37,38,39,40,41,42,43,44,45,46,47,48,49,50,51,52,53,54,55,56,57,58,59,60,61,62,63,64,65,66,67,68,69,70,71,72,73,74,75,76,77,78,79,80,81,82,83,84,85,86,87,88,89,90,91,92,93,94,95,96,97,98,99,100,101],"cluster_removal_rates":[89.57865765656948,82.59649562308296,81.02202904832424,81.49176185062353,81.67056103586697,82.59040366045942,82.41093761383229,81.6481719610738,81.77203891132997,82.21380093737173,81.57055356523749,83.33416814846353,82.48503242284028,80.34443580697244,84.7649480069324,83.9011833684888,84.24086284441728,84.53389830508475,85.08640794115888,85.81746552856205,86.07997576491972,85.37622972613667,86.24486935629191,87.17234262125902,87.65130353817506,87.46253095269125,87.59337922952982,86.82383336024544,86.87976212599888,87.93565683646113,88.39090511587231,88.29505300353357,87.76863283036123,89.05263157894737,88.3698531182278,89.04884318766067,89.30727220465651,89.67459324155193,89.01408450704226,90.81481481481481,90.15280135823429,89.43191311612364,89.86486486486487,90.64089521871821,90.18264840182648,88.98142216527867,88.88130968622102,90.7514450867052,90.74074074074075,90.53254437869822,90.359477124183,91.1149825783972,91.4423076923077,91.70684667309547,91.9753086419753,91.18257261410788,91.48936170212765,92.54658385093167,90.61277705345502,92.12792127921279,91.76136363636364,90.8955223880597,91.57458563535911,94.03453689167975,91.58730158730158,93.34415584415584,92.7710843373494,90.73756432246999,90.27027027027027,91.81636726546905,91.75257731958763,93.98340248962656,91.66666666666666,91.44736842105263,93.77777777777779,92.67734553775743,91.77777777777779,94.53302961275627,91.84210526315789,92.87531806615776,92.67605633802816,93.31476323119777,92.73743016759776,94.57831325301204,93.75,93.37349397590361,93.09309309309309,93.91025641025641,94.13793103448276,95.23809523809523,92.94117647058823,92.28187919463086,93.9799331103679,94.94584837545126,95.42483660130719,94.03508771929825,92.8082191780822,95.23809523809523,92.78688524590164,95.22292993630573,94.1747572815534],"cluster_post_filtering_doc_counts":[1135409,452949,236438,157097,104017,67575,43458,34680,24097,18633,15947,13309,10561,9861,5626,4503,3609,3212,2494,2160,1838,1650,1374,1243,1061,962,847,816,706,630,531,530,535,468,483,426,372,330,312,248,232,253,210,184,172,172,163,128,110,112,118,102,89,86,78,85,72,60,72,64,58,61,61,38,53,41,42,54,54,41,40,29,36,39,28,32,37,24,31,28,26,24,26,18,21,22,23,19,17,15,24,23,18,14,14,17,21,13,22,15,12],"tail_threshold":102,"tail_removal_rate":96.57801023814822,"tail_post_filtering_doc_counts":615,"global_removal_rate":86.72792992783755}