{"cluster_sizes":[1,2,3,4,5,6,7,8,9,10,11,12,13,14,15,16,17,18,19,20,21,22,23,24,25,26,27,28,29,30,31,32,33,34,35,36,37,38,39,40,41,42,43,44,45,46,47,48,49,50,51,52,53,54,55,56,57,58,59,60,61,62,63,64,65,66,67,68,69,70,71,72,73,74,75,76,77,78,79,80,81,82,83,84,85,86,87,88,89,90,91,92,93,94,95,96,97,98,99,100,101,102,103,104,105,106,107,108,109,110,111,112,113,114,115,116,117,118,119,120,121,122],"cluster_removal_rates":[95.39748953974896,92.66483516483517,91.53487628653433,91.7390152962808,92.74981731001141,90.94823560803148,90.1758859683536,89.42728170404853,91.08517529613623,91.14811663201887,91.96221243047925,93.01297922657578,92.1450670333448,91.3706045580676,91.36295267846812,91.94858863906983,92.54943205721497,93.03638368246968,92.94093003770423,93.29285433181536,93.07181271749447,93.10087003806416,93.26033312769894,93.34027055150884,93.181612932358,93.16272332206663,93.0544593528019,93.6695278969957,93.74922176565808,94.021940096142,94.12992754513078,94.99880639770828,95.11396975851952,95.3411349083683,95.29955899752608,95.19893309624361,95.16895459345301,95.18359561278015,94.58367016976557,93.48762109795479,93.08712121212122,93.23432343234323,94.38161255016418,93.55890746025275,93.47450302506482,93.02798982188295,94.20035149384886,93.75351716375914,91.72638436482085,93.0186170212766,92.66055045871559,93.40490797546013,93.4634974533107,93.46092503987241,93.51446099912357,91.9172932330827,91.73728813559322,90.77868852459017,91.36522753792299,91.71717171717172,90.87677725118483,90.99526066350711,91.12709832134293,91.39240506329114,88.11748998664886,91.0427807486631,90.3448275862069,88.9367816091954,91.904047976012,93.09815950920245,92.60450160771704,92.73021001615508,91.84692179700498,91.12227805695142,91.37645107794361,91.32841328413284,90.08097165991903,92.62135922330097,91.0913140311804,90.67796610169492,92.04545454545455,91.06699751861042,90.78341013824884,89.92805755395683,90.49881235154395,91.62162162162161,91.78885630498533,93.86666666666666,89.28571428571429,89.36781609195403,92.73743016759776,89.74358974358975,91.33333333333333,93.03135888501743,91.88191881918819,94.4055944055944,92.831541218638,91.52542372881356,93.56060606060606,94.44444444444444,93.62549800796812,91.94915254237289,95.54655870445345,95.37815126050421,96.34703196347031,92.95154185022027,88.13559322033898,96.05911330049261,94.47236180904522,97.47474747474747,94.84536082474226,92.81767955801105,93.54838709677419,92.26190476190477,95.29411764705881,95.67567567567568,94.67455621301775,93.67816091954023,93.86503067484662,96.3855421686747,97.2027972027972,96.8],"cluster_post_filtering_doc_counts":[428571,128961,73085,54903,40281,27139,18030,14990,9716,8218,7096,6293,5027,3794,2986,2299,1771,1579,1348,1193,1095,1015,874,832,755,708,616,531,502,485,478,419,433,422,437,432,366,303,268,242,219,205,154,158,151,137,99,111,127,105,104,86,77,82,74,86,78,90,74,82,77,76,74,68,89,67,70,77,54,45,46,45,49,53,52,47,49,38,40,44,35,36,40,42,40,31,28,23,36,37,26,32,26,20,22,16,20,25,17,18,16,19,11,11,8,16,21,8,11,5,10,13,10,13,8,8,9,11,10,6,4,4],"tail_threshold":123,"tail_removal_rate":96.34703196347031,"tail_post_filtering_doc_counts":536,"global_removal_rate":94.18393393285933}