{"cluster_sizes":[1,2,3,4,5,6,7,8,9,10,11,12,13,14,15,16,17,18,19,20,21,22,23,24,25,26,27,28,29,30,31,32,33,34,35,36,37,38,39,40,41,42,43,44,45,46,47,48,49,50,51,52,53,54,55,56,57,58,59,60,61,62,63,64,65,66,67,68,70,71,72,73,74,75,76,77,78,79,80,81,83,84,85,86,87,88,89,90,91,93,94,95,96,97,99,100,101,105,106,108,109,110],"cluster_removal_rates":[99.46745434552942,96.93935119887165,98.86653442901672,97.68167632634864,97.87750151607034,98.05013927576601,100.0,98.16933638443935,98.49397590361446,97.84172661870504,99.50980392156863,98.57142857142858,97.07602339181285,99.38650306748467,99.46236559139786,98.50746268656717,100.0,97.72727272727273,100.0,98.27586206896551,98.30508474576271,96.22641509433963,97.14285714285714,95.0,100.0,100.0,95.45454545454545,100.0,100.0,96.875,100.0,100.0,100.0,100.0,100.0,97.67441860465115,100.0,97.67441860465115,97.61904761904762,100.0,100.0,100.0,100.0,100.0,100.0,100.0,100.0,85.71428571428571,100.0,100.0,83.33333333333334,90.9090909090909,100.0,100.0,100.0,100.0,50.0,100.0,100.0,100.0,100.0,100.0,100.0,100.0,100.0,100.0,100.0,100.0,100.0,100.0,100.0,100.0,100.0,100.0,100.0,100.0,100.0,100.0,100.0,100.0,100.0,100.0,100.0,100.0,100.0,100.0,100.0,100.0,100.0,100.0,100.0,100.0,100.0,100.0,100.0,100.0,100.0,80.0,100.0,100.0,100.0,100.0],"cluster_post_filtering_doc_counts":[247,217,40,52,35,21,0,8,5,6,1,3,5,1,1,2,0,2,0,1,1,2,1,2,0,0,1,0,0,1,0,0,0,0,0,1,0,1,1,0,0,0,0,0,0,0,0,1,0,0,1,1,0,0,0,0,1,0,0,0,0,0,0,0,0,0,0,0,0,0,0,0,0,0,0,0,0,0,0,0,0,0,0,0,0,0,0,0,0,0,0,0,0,0,0,0,0,1,0,0,0,0],"tail_threshold":113,"tail_removal_rate":100.0,"tail_post_filtering_doc_counts":0,"global_removal_rate":98.99463197161313}