{"cluster_sizes":[1,2,3,4,5,6,7,8,9,10,11,12,13,14,15,16,17,18,19,20,21,22,23,24,25,26,27,28,29,30,31,32,33,34,35,36,37,38,39,40,41,42,43,44,45,46,47,48,49,50,51,52,53,54,55,56,57,58,59,60,61,62,63,64,65,66,67,68,69,70,71,72,73,74,75,76,77,78,79,80,81,82,83,84,85,86,87],"cluster_removal_rates":[55.66313689031994,51.248146443728594,42.52883715179029,36.168964505720155,37.00415294286123,41.47165116416849,49.95914555853857,55.26126126126126,49.65936739659367,50.63752276867031,61.29210381004969,63.671875,63.04155614500442,72.95162882527147,74.53416149068323,75.2,76.2063227953411,80.19169329073482,82.07070707070707,80.83538083538083,80.96774193548387,79.06976744186046,79.01234567901234,78.38983050847457,78.24267782426779,75.67567567567568,83.33333333333334,84.5679012345679,86.7132867132867,83.64779874213836,80.1526717557252,82.4074074074074,84.42622950819673,83.19327731092437,85.43689320388349,85.14851485148515,85.0574712643678,87.5,84.4155844155844,89.33333333333333,78.16091954022988,78.04878048780488,81.35593220338984,83.05084745762711,85.29411764705883,87.14285714285714,78.125,83.63636363636363,87.93103448275862,87.71929824561403,89.74358974358975,89.47368421052632,91.30434782608695,85.36585365853658,86.04651162790698,91.66666666666666,87.8048780487805,80.0,92.6829268292683,93.93939393939394,85.1063829787234,96.0,90.625,86.36363636363636,95.0,88.63636363636364,97.36842105263158,96.55172413793103,85.18518518518519,90.2439024390244,96.7741935483871,88.23529411764706,87.5,90.0,94.73684210526315,77.77777777777779,88.46153846153845,90.47619047619048,75.0,81.25,78.26086956521739,94.44444444444444,93.33333333333333,85.71428571428571,83.33333333333334,94.73684210526315,100.0],"cluster_post_filtering_doc_counts":[117318,47672,32535,28288,17596,9879,4287,2483,2069,1626,701,558,418,274,205,155,143,124,71,78,59,54,51,51,52,54,30,25,19,26,26,19,19,20,15,15,13,10,12,8,19,18,11,10,10,9,14,9,7,7,4,6,4,6,6,3,5,8,3,2,7,1,3,6,2,5,1,1,4,4,1,4,4,2,1,6,3,2,6,3,5,1,1,3,3,1,0],"tail_threshold":88,"tail_removal_rate":86.9090909090909,"tail_post_filtering_doc_counts":72,"global_removal_rate":50.86220997013554}