{"cluster_sizes":[1,2,3,4,5,6,7,8,11,14,21,35],"cluster_removal_rates":[68.23529411764706,11.11111111111111,8.394160583941606,75.0,66.66666666666666,7.142857142857142,66.66666666666666,100.0,100.0,100.0,100.0,100.0],"cluster_post_filtering_doc_counts":[27,16,251,2,1,13,2,0,0,0,0,0],"tail_threshold":37,"tail_removal_rate":100.0,"tail_post_filtering_doc_counts":0,"global_removal_rate":24.819277108433734}