{"cluster_sizes":[1,2,3,4,5,6,7,8,9,10,11,12,13,14,15,16,17,18,19,20,21,22,23,24,25,26,27,28,29,30,31,32,33,34,35,36,37,38,39,40,41,42,43,44,45,46,47,48,49,50,51,52,53,54,55,56,57,58,59,60,61,62,63,64,65,66,67,68,69,70,71,72,73,74,75,76,77,78,79,80,81,82,83,84,85,86,87,88,89,90,91,92,93,94,95,96,97,98,99,100,101,102,103,104,105,106,107,108,109,110,111,112,113,114,115,116,117,118,119,120,121,122,123,124,125,126,127,128,129,130],"cluster_removal_rates":[99.77289661524443,99.31134888362351,99.02929434544151,98.74561164686833,97.75223061084421,97.56882175673427,97.53757801824426,97.41467246655489,96.94178277708343,97.04094041345765,96.94066147859922,96.52775799698065,95.87659448234945,94.9874273465518,94.7702811625812,95.60146617794068,95.35060975609755,95.72799215631346,96.05013606003133,95.20127965875767,94.73995855126813,94.09542314335062,94.44511242034388,94.32770400928194,94.00630914826499,93.97982427595184,93.93884566672698,94.67680608365019,93.99418121363259,94.51166810717373,94.08949509452022,94.23858474778866,94.16726922149917,95.38386783284743,95.88263132986276,95.75963169372426,96.04608536266038,95.96728708403836,96.08723540731238,95.75208913649024,95.90097402597402,95.55167902311382,95.23809523809523,96.0196292257361,94.51219512195121,95.11400651465797,94.52554744525547,94.5273631840796,94.61414790996785,94.43137254901961,94.25478767693589,93.82273948075202,94.67028003613369,93.41372912801485,94.13953488372093,93.41372912801485,93.52720450281426,94.82071713147411,93.9453125,93.85245901639344,94.41860465116278,93.77245508982035,92.66409266409266,91.42857142857143,92.8478543563069,93.28358208955224,92.89176090468497,93.79727685325264,94.26356589147287,93.81270903010034,92.85714285714286,92.35880398671097,89.56356736242884,90.49360146252286,89.738430583501,92.0814479638009,91.53318077803205,92.80898876404494,92.16152019002375,90.11235955056179,90.81364829396325,89.77556109725685,88.21752265861026,91.40625,88.82978723404256,86.15819209039547,89.77900552486187,90.14084507042254,90.52287581699346,90.990990990991,87.71929824561403,89.55223880597015,85.99348534201955,87.19723183391004,88.81118881118881,90.03436426116839,89.59107806691449,91.09311740890689,89.96138996138995,87.55020080321285,83.61344537815127,89.68609865470853,90.47619047619048,93.12169312169311,92.89340101522842,91.27906976744185,88.63636363636364,92.22222222222223,90.1639344262295,92.3529411764706,89.22155688622755,93.88888888888889,92.46575342465754,93.75,95.0,93.24324324324324,98.55072463768117,93.29268292682927,94.36619718309859,95.48387096774194,95.38461538461539,91.95402298850574,94.73684210526315,95.23809523809523,95.9731543624161,95.94594594594594,95.4954954954955,95.3125,93.84615384615384,94.54545454545455],"cluster_post_filtering_doc_counts":[17297,8571,5269,4377,4978,3945,2667,2205,1982,1606,1258,1219,1112,1216,1103,792,732,610,479,540,533,547,462,440,399,370,335,280,289,254,247,241,242,190,174,175,151,143,122,122,101,102,95,73,90,75,75,77,67,71,69,69,59,71,63,71,69,52,62,60,48,52,57,66,55,45,44,41,37,37,41,46,55,52,51,35,37,32,33,44,35,41,39,33,42,49,37,35,29,30,42,35,43,37,32,29,28,22,26,31,39,23,20,13,14,15,20,14,18,13,18,11,11,11,8,10,2,11,8,7,6,14,8,8,6,6,5,6,8,6],"tail_threshold":131,"tail_removal_rate":97.95824519451854,"tail_post_filtering_doc_counts":222,"global_removal_rate":99.34186603570544}