{"cluster_sizes":[1,2,3,4,5,6,7,8,9,10,11,12,13],"cluster_removal_rates":[91.30023640661939,43.43434343434344,25.970149253731346,36.87150837988827,68.75,80.76923076923077,100.0,100.0,100.0,100.0,100.0,50.0,11.538461538461538],"cluster_post_filtering_doc_counts":[368,56,248,113,15,5,0,0,0,0,0,1,23],"tail_threshold":14,"tail_removal_rate":16.666666666666664,"tail_post_filtering_doc_counts":5,"global_removal_rate":83.27987169206095}