{"cluster_sizes":[1,2,3,4,5,6,7,8,9,10,11,12,13,14,15,16,17,18,20,21,22,24,25,26,27,28,29,30,33,34,35,36,37,38],"cluster_removal_rates":[99.22174130181455,81.91214470284238,82.14285714285714,75.0,73.4375,68.62745098039215,86.11111111111111,82.75862068965517,85.18518518518519,62.5,87.5,83.33333333333334,100.0,100.0,100.0,100.0,100.0,100.0,100.0,100.0,100.0,100.0,100.0,100.0,100.0,100.0,100.0,100.0,100.0,100.0,100.0,100.0,100.0,100.0],"cluster_post_filtering_doc_counts":[187,70,30,29,34,16,5,5,4,6,2,2,0,0,0,0,0,0,0,0,0,0,0,0,0,0,0,0,0,0,0,0,0,0],"tail_threshold":39,"tail_removal_rate":100.0,"tail_post_filtering_doc_counts":0,"global_removal_rate":98.44627704075535}