{"cluster_sizes":[1,2,3,4,5,6,7,8,9,10,11,12,13,14,15,16,17,18,20,24,28,30,31,37,38,39,40,59,65,68,107,116],"cluster_removal_rates":[100.0,100.0,100.0,100.0,95.45454545454545,100.0,90.9090909090909,100.0,100.0,100.0,100.0,100.0,100.0,100.0,100.0,100.0,100.0,100.0,100.0,100.0,100.0,100.0,100.0,100.0,100.0,100.0,100.0,100.0,100.0,100.0,100.0,100.0],"cluster_post_filtering_doc_counts":[0,0,0,0,1,0,1,0,0,0,0,0,0,0,0,0,0,0,0,0,0,0,0,0,0,0,0,0,0,0,0,0],"tail_threshold":253,"tail_removal_rate":100.0,"tail_post_filtering_doc_counts":0,"global_removal_rate":99.80139026812313}