{"cluster_sizes":[1,2,3,4,5,6,7,8,9,10,11,12,13,14,15,16,17,18,19,20,21,22,23,24,25,26,27,28,29,30,31,32,33,34,35,36,37,38,39,40,41,42,43,44,45,46,47,48,49,50,51,52,53,54,55,56,57,58,60,61,62,63,64,65,66,67,68,69,70,71,72,73,74,75,76,77,78,79,80,81,82,83,84,85,86,87,88,89,90,91,92,94,95,96,97,98,99,100,102,103,104,105,107,108,110,112,115,116,117,121,122,125,126,127,134,135,137,138,146,148,149,160,161,168,170,173,175,180,186,191,193,199,200],"cluster_removal_rates":[84.92845925667423,70.33203967227253,68.93772893772893,63.93738711619507,49.570446735395194,58.139534883720934,59.756097560975604,62.698412698412696,59.38566552901023,51.13122171945701,49.59349593495935,55.769230769230774,72.64957264957265,70.0,64.13043478260869,66.66666666666666,52.42718446601942,38.70967741935484,50.3448275862069,56.451612903225815,63.1578947368421,78.78787878787878,62.0,55.26315789473685,53.2258064516129,46.34146341463415,43.28358208955223,55.88235294117647,75.86206896551724,64.70588235294117,64.70588235294117,79.16666666666666,66.66666666666666,73.33333333333333,41.17647058823529,30.76923076923077,46.666666666666664,71.42857142857143,76.92307692307693,81.81818181818183,90.9090909090909,100.0,81.81818181818183,60.0,69.23076923076923,80.0,84.61538461538461,77.77777777777779,81.81818181818183,100.0,88.88888888888889,66.66666666666666,85.71428571428571,100.0,87.5,33.33333333333333,75.0,66.66666666666666,50.0,83.33333333333334,50.0,66.66666666666666,66.66666666666666,50.0,0.0,100.0,100.0,66.66666666666666,83.33333333333334,25.0,100.0,75.0,66.66666666666666,83.33333333333334,100.0,80.0,75.0,66.66666666666666,66.66666666666666,100.0,50.0,100.0,100.0,100.0,66.66666666666666,100.0,75.0,0.0,100.0,100.0,60.0,33.33333333333333,100.0,100.0,0.0,100.0,80.0,100.0,100.0,100.0,100.0,0.0,0.0,100.0,100.0,100.0,100.0,100.0,100.0,100.0,100.0,0.0,100.0,0.0,50.0,0.0,100.0,100.0,66.66666666666666,0.0,100.0,100.0,100.0,100.0,50.0,100.0,100.0,100.0,100.0,100.0,50.0,0.0,100.0],"cluster_post_filtering_doc_counts":[3455,1376,848,599,587,396,198,141,119,108,124,69,32,30,33,27,49,95,72,54,21,7,19,17,29,44,38,15,7,6,6,5,8,8,10,18,8,2,3,2,1,0,2,2,4,2,2,2,2,0,1,3,1,0,1,2,1,3,2,1,1,1,1,3,2,0,0,1,1,3,0,1,2,1,0,1,1,1,1,0,1,0,0,0,1,0,1,1,0,0,2,2,0,0,1,0,1,0,0,0,0,1,1,0,0,0,0,0,0,0,0,1,0,2,1,1,0,0,1,1,0,0,0,0,1,0,0,0,0,0,1,1,0],"tail_threshold":212,"tail_removal_rate":84.21052631578947,"tail_post_filtering_doc_counts":6,"global_removal_rate":76.79540461127141}