{"cluster_sizes":[1,2,3,4,5,6,7,8,9,10,11,12,13,14,15,16,17,18,19,20,21,22,23,24,25,26,27,28,29,30,31,32,33,34,35,36,37,38,39,40,41,42,43,44,45,46,47,48,50,51,52,53,54,55,56,57,58,59,63,65,66,68,73,76,77,80,82,83,84,87,88,92,94,98,106,110],"cluster_removal_rates":[93.7869155507462,82.52660487469963,82.63642806520198,74.44794952681389,68.91891891891892,64.31095406360424,66.93386773547094,66.55172413793103,69.43005181347151,70.0,73.07692307692307,55.639097744360896,53.54330708661418,44.0,60.43956043956044,60.49382716049383,49.333333333333336,48.93617021276596,65.85365853658537,53.84615384615385,62.7906976744186,75.0,70.37037037037037,79.16666666666666,55.55555555555556,75.0,64.0,73.68421052631578,77.77777777777779,91.66666666666666,90.0,80.0,100.0,100.0,75.0,90.0,100.0,100.0,100.0,66.66666666666666,100.0,100.0,100.0,66.66666666666666,100.0,100.0,75.0,100.0,100.0,50.0,100.0,100.0,100.0,50.0,100.0,100.0,0.0,100.0,0.0,100.0,100.0,100.0,100.0,100.0,100.0,50.0,100.0,100.0,100.0,100.0,100.0,100.0,0.0,100.0,100.0,100.0],"cluster_post_filtering_doc_counts":[1378,509,245,243,230,202,165,97,59,57,35,59,59,56,36,32,38,24,14,18,16,7,8,5,8,5,9,5,2,1,1,1,0,0,1,1,0,0,0,1,0,0,0,1,0,0,1,0,0,1,0,0,0,1,0,0,1,0,1,0,0,0,0,0,0,1,0,0,0,0,0,0,1,0,0,0],"tail_threshold":111,"tail_removal_rate":87.5,"tail_post_filtering_doc_counts":4,"global_removal_rate":88.33092833092833}