{"cluster_sizes":[1,2,3,4,5,7,16,17,18,19,20,21,22,23,24,25,26,27,28,29,30,31,32,33,34,35,36,37,39,40,54],"cluster_removal_rates":[71.53846153846153,59.50920245398773,21.73913043478261,0.0,50.0,100.0,66.66666666666666,16.666666666666664,33.33333333333333,50.0,55.00000000000001,34.375,55.00000000000001,61.29032258064516,56.36363636363636,61.904761904761905,76.47058823529412,62.5,75.0,60.0,100.0,50.0,0.0,0.0,0.0,20.0,0.0,0.0,0.0,0.0,0.0],"cluster_post_filtering_doc_counts":[74,66,36,1,1,0,1,5,2,5,9,21,27,24,24,24,12,12,6,4,0,3,1,2,2,4,5,1,1,2,1],"tail_threshold":82,"tail_removal_rate":100.0,"tail_post_filtering_doc_counts":0,"global_removal_rate":59.69989281886387}