{"cluster_sizes":[1,2,3,4,5,10,16,17,19,20,22,24,26,27,30],"cluster_removal_rates":[86.66666666666667,0.0,49.411764705882355,0.0,100.0,100.0,100.0,100.0,100.0,100.0,100.0,100.0,100.0,100.0,100.0],"cluster_post_filtering_doc_counts":[4,1,129,4,0,0,0,0,0,0,0,0,0,0,0],"tail_threshold":34,"tail_removal_rate":100.0,"tail_post_filtering_doc_counts":0,"global_removal_rate":56.05095541401274}