{"cluster_sizes":[1,2,3,4,5,6,7,8,9,10,11,12,13,14,15,20,21,23,27,31,33,37,42],"cluster_removal_rates":[98.60529986052998,91.05691056910568,77.92207792207793,100.0,18.367346938775512,100.0,80.0,100.0,100.0,100.0,100.0,100.0,100.0,100.0,100.0,100.0,100.0,100.0,100.0,100.0,100.0,100.0,100.0],"cluster_post_filtering_doc_counts":[10,11,17,0,40,0,1,0,0,0,0,0,0,0,0,0,0,0,0,0,0,0,0],"tail_threshold":46,"tail_removal_rate":100.0,"tail_post_filtering_doc_counts":0,"global_removal_rate":92.53308128544423}