{"cluster_sizes":[1,2,3,4,5,6,7,8,9,10,11,12,13,14,15,16,17,18,19,20,21,22,23,24,25,26,28,30,32,35,64,81,82,106],"cluster_removal_rates":[97.43589743589743,90.32258064516128,78.66666666666666,54.794520547945204,95.1219512195122,88.46153846153845,85.71428571428571,94.11764705882352,100.0,100.0,100.0,50.0,85.71428571428571,100.0,100.0,100.0,100.0,100.0,100.0,100.0,100.0,100.0,100.0,100.0,100.0,100.0,100.0,100.0,100.0,50.0,100.0,100.0,100.0,100.0],"cluster_post_filtering_doc_counts":[8,12,16,33,2,3,2,1,0,0,0,3,1,0,0,0,0,0,0,0,0,0,0,0,0,0,0,0,0,1,0,0,0,0],"tail_threshold":3741,"tail_removal_rate":100.0,"tail_post_filtering_doc_counts":0,"global_removal_rate":89.32291666666666}