{"cluster_sizes":[1,2,3,4,5,6,7,8,9,10,11,12,13,14,15,16,17,18,19,20,21,22,23,24,25,26,27,28,29,30,31,32,33,34,35,36,37,38,39,40,41,42,43,44,45,46,47,48,49,50,51,52,53,54,55,56,57,58,59,60,61,62,63,64,65,66,67,68,69,70,71,72,73,74,75,76,77,78,79,80,81,82,83,84,85,86,87,88,89,90,91,92,93,94,95,96,97,98,99,100,101,102,103,104,105,106,107,108,109,110,111,112,113,114,115,116,117,118,119,120,121,122,123,124,125,126,127,128,129,130,131,132,133,134,135,136,137,138,139,140],"cluster_removal_rates":[99.93945997661316,99.71263782175393,99.65412950756107,99.53271028037383,99.5730981874169,99.46388536894433,99.53161592505855,99.63212202781516,99.43826799297835,99.198133838752,98.61239592969473,98.10366624525916,97.75086505190312,97.48530372305683,97.41346519589197,97.2904318374259,97.2458688032048,96.98438341410878,97.01037217815741,97.79220779220779,98.36552748885586,98.1833195706028,98.97003745318352,98.9423076923077,99.235807860262,98.74055415617129,98.40848806366049,98.6468200270636,98.03030303030303,97.9876160990712,98.46743295019157,99.2467043314501,98.73873873873875,98.15573770491804,98.30508474576271,99.07235621521335,98.71244635193133,99.36034115138592,99.2084432717678,99.4475138121547,97.79411764705883,99.30313588850174,99.12663755458514,98.40637450199203,96.80365296803653,94.68599033816425,96.66666666666667,96.62921348314607,92.76315789473685,95.50561797752809,93.05555555555556,92.61744966442953,93.18181818181817,98.14814814814815,92.91338582677166,100.0,97.58064516129032,100.0,99.05660377358491,100.0,99.0909090909091,99.11504424778761,98.1981981981982,98.9010989010989,100.0,100.0,97.6470588235294,98.75,98.9795918367347,100.0,97.61904761904762,100.0,100.0,100.0,100.0,98.71794871794873,100.0,100.0,98.68421052631578,96.7741935483871,94.54545454545455,100.0,96.61016949152543,100.0,100.0,96.55172413793103,97.10144927536231,98.0,100.0,98.24561403508771,95.34883720930233,100.0,100.0,98.0,100.0,100.0,100.0,100.0,100.0,100.0,100.0,100.0,100.0,100.0,100.0,100.0,100.0,100.0,100.0,100.0,96.42857142857143,100.0,100.0,100.0,100.0,100.0,93.75,96.875,100.0,100.0,100.0,100.0,100.0,100.0,95.83333333333334,100.0,100.0,100.0,93.33333333333333,100.0,100.0,100.0,100.0,100.0,100.0,100.0,100.0,100.0,100.0,100.0],"cluster_post_filtering_doc_counts":[1139,423,223,189,122,110,66,41,48,55,75,90,78,77,68,64,55,56,49,34,22,22,11,11,7,10,12,10,13,13,8,4,7,9,9,5,6,3,3,2,6,2,2,4,7,11,6,6,11,8,10,11,9,2,9,0,3,0,1,0,1,1,2,1,0,0,2,1,1,0,2,0,0,0,0,1,0,0,1,2,3,0,2,0,0,2,2,1,0,1,2,0,0,1,0,0,0,0,0,0,0,0,0,0,0,0,0,0,0,0,1,0,0,0,0,0,1,1,0,0,0,0,0,0,1,0,0,0,1,0,0,0,0,0,0,0,0,0,0,0],"tail_threshold":141,"tail_removal_rate":99.82517482517483,"tail_post_filtering_doc_counts":4,"global_removal_rate":99.8507952678148}