{"cluster_sizes":[1,2,3,4,5,6,7,8,9,10,11,12,13,14,15,16,17,18,20,21,24,30,36,38,47,48,56,57,61,62,63,64,65,66,67,68,69,70,71,72,73,74,75,82,83,96,158,186],"cluster_removal_rates":[80.61674008810573,70.58823529411765,66.66666666666666,63.63636363636363,100.0,77.77777777777779,22.727272727272727,36.36363636363637,100.0,100.0,100.0,100.0,100.0,100.0,100.0,100.0,100.0,0.0,100.0,100.0,0.0,100.0,100.0,100.0,100.0,100.0,100.0,100.0,100.0,100.0,100.0,100.0,100.0,100.0,100.0,100.0,100.0,100.0,100.0,100.0,100.0,100.0,100.0,100.0,100.0,100.0,100.0,100.0],"cluster_post_filtering_doc_counts":[44,25,9,8,0,2,17,7,0,0,0,0,0,0,0,0,0,1,0,0,1,0,0,0,0,0,0,0,0,0,0,0,0,0,0,0,0,0,0,0,0,0,0,0,0,0,0,0],"tail_threshold":208,"tail_removal_rate":100.0,"tail_post_filtering_doc_counts":0,"global_removal_rate":76.10062893081762}