{"cluster_sizes":[1,2,3,4,5,6,7,8,9,10,11,12,13,14,15,16,17,18,19,20,21,22,23,24,25,26,27,28,29,30,31,32,33,34,35,36,37,38,39,40,41,42,43,44,45,46,47,48,49,50,51,52,53,54,55,56,57,58,59,60,61,62,63,64,65,66,67,68,69,70,71,72,73,74,75,76,77,78,79,80,81,82,83,84,85,86,87,88,89,90,91,92,93,94,95,96,97,98,99,100,101,102,103,104,105,106,107,108,109,110,111,112,113,114,115,116,117,118,119,120,121,122,123,124,125,126,127,128,129,130,131,132,133,134,135,136,137,138,139,140,141,142,143,144,145,146,147,148,149,150,151,152,153,154,155,156,157,158,159,160,161,162,163,164,165,166,167,168,169,170,171,172,173,174,175,176,177,178,179,180,181,182,183,184,185,186],"cluster_removal_rates":[82.47060905455363,71.35385412537893,67.69930084120713,65.76036944889404,62.45450799781883,60.49853810729265,56.514549264218026,53.87026500758832,56.51546352071746,56.46960675903809,52.34695591141808,53.560909547215196,55.2735767319946,58.13183844387411,60.839149733596955,56.83516691957511,55.33361618507436,58.138697396851526,60.015540962625515,63.03636517758753,64.9832838038633,66.38879357325959,67.32962138084633,68.00761607186448,67.94204022829278,67.73245925971737,68.29688901151962,67.86763863974657,68.2587839776967,68.98182614407708,69.83653846153847,71.4432585919906,73.84870022393146,76.23903132506496,77.39139199677452,78.57402126004666,79.34770652293477,79.09223159732325,79.40317065589058,79.19698009608786,77.91717980295566,77.27348852788478,76.95770421082247,76.23126338329764,75.10793001590548,74.66838377334192,73.17409913019468,72.95033793711431,72.8698464025869,72.20117120220462,72.68770402611534,71.11566018423746,70.40667361835246,70.12089810017271,72.28094902513507,72.78959810874704,72.26386806596702,72.21374045801527,73.36683417085426,74.75728155339806,74.29829389102916,76.37485970819304,76.52750898534697,75.83356296500413,78.07318467695826,79.56343792633015,79.3172119487909,79.91815258696288,80.06006006006005,79.65625,80.51470588235294,80.04726536124241,78.86266094420601,78.8135593220339,77.97216699801193,77.64158918005072,77.57048092868989,79.62559860687854,78.06657546739626,78.92635314995563,79.88505747126436,81.46551724137932,80.3951367781155,80.01126126126125,77.89351851851852,74.7962382445141,77.20739219712526,75.22871217452499,73.61455748552522,77.90794979079499,76.43260694108152,78.73338545738858,78.76039304610734,82.0830298616169,84.19599723947549,83.81014304291287,84.73034437946718,85.37825810553083,84.59885386819485,84.86891385767791,83.13253012048193,82.53012048192771,77.56482525366404,78.28220858895706,77.0012706480305,80.54123711340206,78.42605156037992,77.76223776223776,81.44171779141104,81.83161004431314,74.4807121661721,77.70897832817337,75.83187390542906,77.99642218246869,77.44227353463587,81.27272727272728,76.05118829981718,81.39963167587477,79.491833030853,80.07246376811594,75.5939524838013,80.22598870056498,77.00205338809035,82.48945147679325,82.32758620689656,77.02407002188184,79.74413646055437,85.83690987124464,80.93023255813954,80.23529411764706,81.51658767772511,79.00943396226415,83.80281690140845,85.60606060606061,85.59322033898306,82.57142857142857,81.30081300813008,82.8169014084507,81.30841121495327,82.23495702005731,83.08457711442786,84.3520782396088,86.88946015424165,86.51960784313727,85.56149732620321,85.44973544973546,85.51912568306011,85.94164456233422,84.21052631578947,86.95652173913044,84.7972972972973,86.08414239482201,83.93574297188755,82.87937743190662,85.22727272727273,85.82995951417004,87.45644599303137,80.3030303030303,81.78294573643412,87.02928870292888,83.6,85.02024291497976,85.02202643171806,83.11688311688312,83.41013824884793,86.8995633187773,81.05726872246696,86.4321608040201,83.84279475982532,83.08457711442786,86.86868686868688,82.90155440414507,84.04255319148936,85.57213930348259,87.5598086124402,82.94930875576037,89.44444444444444,89.28571428571429,87.62376237623762,87.68472906403942,91.81286549707602,86.28571428571429,89.171974522293,91.30434782608695,85.34031413612566,83.90243902439025],"cluster_post_filtering_doc_counts":[3009334,1164312,620781,442035,338072,253725,215630,209423,135570,110619,110668,98071,81564,61990,49318,45513,40005,32548,26243,21803,18853,16652,14669,13106,11571,10435,9192,8419,7742,7083,6274,5833,5372,4847,4486,4132,3755,3593,3313,3031,2869,2714,2457,2331,2191,1967,1943,1841,1678,1614,1506,1411,1419,1384,1180,1151,1110,1092,1007,962,934,842,849,877,767,749,727,687,664,651,583,591,591,575,554,529,541,468,481,475,420,387,387,355,382,402,333,352,319,264,292,272,281,246,229,249,235,230,215,202,196,174,199,177,181,151,159,159,121,123,172,144,138,123,127,103,131,101,113,110,113,105,112,83,82,105,95,66,82,84,78,89,69,57,51,61,69,61,60,62,68,64,51,55,54,55,53,53,57,45,45,43,40,44,39,35,36,52,47,31,41,37,34,39,36,30,43,27,37,34,26,33,30,29,26,37,19,21,25,25,14,24,17,14,28,33],"tail_threshold":187,"tail_removal_rate":91.87321817876908,"tail_post_filtering_doc_counts":2423,"global_removal_rate":75.39635715650425}