{"cluster_sizes":[1,2,3,4,5,6,7,8,9,10,11,12,13,14,15,16,17,18,19,20,21,22,23,24,25,26,27,28,29,30,31,33,34,37,42,45,46,49,51,53,54,56,60,61,62,73,75,84,85,88,91,92,108,110,111,119,131,134,140],"cluster_removal_rates":[51.206376561826794,28.670253651037665,30.988593155893536,44.918699186991866,56.88524590163935,49.26108374384236,50.75757575757576,39.58333333333333,43.07692307692308,35.294117647058826,35.714285714285715,42.30769230769231,30.0,50.0,44.44444444444444,25.0,50.0,66.66666666666666,45.45454545454545,41.66666666666667,66.66666666666666,100.0,100.0,100.0,75.0,66.66666666666666,100.0,0.0,66.66666666666666,0.0,100.0,100.0,0.0,100.0,100.0,100.0,100.0,100.0,100.0,100.0,0.0,100.0,100.0,100.0,100.0,100.0,100.0,100.0,100.0,100.0,100.0,100.0,100.0,100.0,100.0,100.0,100.0,100.0,100.0],"cluster_post_filtering_doc_counts":[2265,1856,726,271,263,103,65,58,37,22,18,15,7,5,5,3,2,3,6,7,3,0,0,0,1,1,0,2,1,1,0,0,1,0,0,0,0,0,0,0,1,0,0,0,0,0,0,0,0,0,0,0,0,0,0,0,0,0,0],"tail_threshold":145,"tail_removal_rate":100.0,"tail_post_filtering_doc_counts":0,"global_removal_rate":43.28004736530492}