{"cluster_sizes":[1,2,3,4,5,6,7,8,9,10,11,12,13,14,15,16,17,18,19,20,21,22,23,24,25,26,27,28,29,30,31,32,33,34,35,36,37,38,39,40,41,42,43,44,45,46,47,48,49,50,51,52,53,54,55,56,57,58,59,60,61,62,63,64,65,66,67,68,69,70,71,72,73,74,75,76,77,78,79,80,81,82,83,84,85,86,87,88,89,90,91,92,93,94,95,96,97,98,99,100],"cluster_removal_rates":[75.8364229140299,57.70196359723842,46.65649929610511,56.84429368639895,64.20231601110154,65.23892506649545,61.976483022856385,60.42745032559693,62.5506893755069,60.92834610184767,44.79133981801067,38.607134190730406,36.8044920877999,31.825967797190817,36.278195488721806,51.75757575757576,68.68236791852324,71.74721189591078,75.52657973921765,77.29988052568699,76.98519515477793,80.67484662576688,74.58471760797342,80.0,79.39508506616258,80.41002277904327,78.32167832167832,78.3641160949868,80.80000000000001,79.33130699088146,75.98566308243727,83.16151202749141,78.57142857142857,78.54251012145748,77.8688524590164,81.97424892703863,82.77511961722487,86.01036269430051,81.86813186813187,82.53968253968253,86.46616541353383,87.93103448275862,83.80952380952381,78.37837837837837,86.32478632478633,84.21052631578947,91.20879120879121,80.24691358024691,86.60714285714286,88.09523809523809,86.8421052631579,89.6103896103896,84.33734939759037,81.57894736842105,88.88888888888889,78.2051282051282,86.11111111111111,85.5072463768116,87.14285714285714,78.87323943661971,81.13207547169812,88.88888888888889,74.13793103448276,72.72727272727273,83.33333333333334,84.61538461538461,84.48275862068965,72.91666666666666,86.8421052631579,85.36585365853658,80.55555555555556,72.5,83.33333333333334,70.73170731707317,75.55555555555556,81.48148148148148,81.81818181818183,79.24528301886792,81.81818181818183,88.88888888888889,82.6086956521739,91.17647058823529,82.35294117647058,70.96774193548387,82.75862068965517,83.33333333333334,75.0,76.0,86.36363636363636,75.0,71.42857142857143,61.111111111111114,76.47058823529412,84.21052631578947,71.42857142857143,83.33333333333334,81.25,85.71428571428571,60.0,83.33333333333334],"cluster_post_filtering_doc_counts":[54030,37740,31829,15776,7481,3790,2878,2370,1847,1734,3519,5060,3714,3980,2712,1194,492,380,244,190,171,126,153,111,109,86,93,82,72,68,67,49,57,53,54,42,36,27,33,22,18,14,17,24,16,15,8,16,15,10,10,8,13,14,6,17,10,10,9,15,10,6,15,18,10,10,9,13,5,6,7,11,7,12,11,5,8,11,6,4,8,3,9,9,5,6,8,6,3,6,6,7,4,3,4,2,3,2,4,2],"tail_threshold":101,"tail_removal_rate":90.64327485380117,"tail_post_filtering_doc_counts":48,"global_removal_rate":64.28617412899412}