{"cluster_sizes":[1,2,3,4,5,6,7,8,9,10,11,12,13,14,15,16,17,18,19,20,21,22,23,24,25,26,27,28,29,30,31,32,33,34,35,36,37,38,39,40,41,42,43,44,45,46,47,48,49,50,51,52,53,54,55,56,57,58,59,60,61,62,63,64,65,66,67,68,69,70,71,72,73,74,75,76,77,78,79,80,81,82,83,84,85,86,87,88,89,90,91,92,93,94,95,96,97,98,99,100,101,102,103,104,105,106,108,109,110,111,112,113,114,115,116,117,118,119,120,121,122,123,124,125,126,127,128,129,130,131,132,133,134,135,136,137,138,139,140,141,142,143,144,146,147,148,149,150,151,152,153,155,156,157,158,159,160,161,162,163,164,165,166,168,169,170,171,172,173,174,175],"cluster_removal_rates":[99.35945549452424,98.99732239503219,99.03735545195859,99.13874692409615,98.00985941208691,99.03057419835943,98.828125,98.76146788990826,98.77022653721683,97.78287461773701,98.52631578947368,99.44444444444444,98.90453834115806,98.69706840390879,98.85057471264368,98.9672977624785,93.90756302521008,94.00921658986175,94.48051948051948,96.0,95.72649572649573,98.63013698630137,98.83040935672514,98.63013698630137,99.43502824858757,99.06976744186046,97.17514124293785,96.0,99.0,96.51162790697676,96.80851063829788,97.53086419753086,98.75,95.6043956043956,98.1651376146789,98.94736842105263,96.5909090909091,98.57142857142858,98.48484848484848,98.36065573770492,96.0,96.36363636363636,100.0,100.0,100.0,97.61904761904762,97.2972972972973,87.87878787878788,96.96969696969697,92.3076923076923,100.0,100.0,100.0,100.0,100.0,96.15384615384616,93.75,100.0,100.0,100.0,100.0,100.0,93.33333333333333,100.0,100.0,100.0,100.0,100.0,100.0,100.0,100.0,93.75,100.0,100.0,100.0,100.0,87.5,100.0,100.0,100.0,100.0,100.0,100.0,100.0,100.0,100.0,100.0,100.0,100.0,100.0,100.0,100.0,100.0,100.0,100.0,100.0,100.0,88.88888888888889,100.0,100.0,100.0,100.0,100.0,100.0,100.0,100.0,100.0,100.0,100.0,100.0,100.0,100.0,100.0,100.0,100.0,100.0,100.0,100.0,100.0,100.0,100.0,100.0,100.0,100.0,100.0,100.0,66.66666666666666,100.0,100.0,100.0,100.0,100.0,100.0,100.0,100.0,100.0,100.0,100.0,100.0,100.0,100.0,100.0,100.0,100.0,100.0,100.0,100.0,83.33333333333334,100.0,100.0,100.0,100.0,100.0,100.0,100.0,100.0,100.0,100.0,100.0,100.0,100.0,66.66666666666666,100.0,100.0,100.0,100.0,100.0,100.0,50.0,100.0,100.0],"cluster_post_filtering_doc_counts":[1502,352,159,91,109,39,33,27,19,29,14,5,7,8,6,6,29,26,17,13,10,3,2,3,1,2,5,6,1,3,3,2,1,4,2,1,3,1,1,1,2,2,0,0,0,1,1,4,1,2,0,0,0,0,0,1,1,0,0,0,0,0,1,0,0,0,0,0,0,0,0,1,0,0,0,0,1,0,0,0,0,0,0,0,0,0,0,0,0,0,0,0,0,0,0,0,0,1,0,0,0,0,0,0,0,0,0,0,0,0,0,0,0,0,0,0,0,0,0,0,0,0,0,0,0,0,1,0,0,0,0,0,0,0,0,0,0,0,0,0,0,0,0,0,0,0,0,1,0,0,0,0,0,0,0,0,0,0,0,0,0,1,0,0,0,0,0,0,1,0,0],"tail_threshold":176,"tail_removal_rate":98.76923076923076,"tail_post_filtering_doc_counts":4,"global_removal_rate":99.20590586296399}