{"cluster_sizes":[1,2,3,4,5,6,7,8,9,10,11,12,13,14,15,16,17,18,19,20,21,22,23,24,25,26,27,28,29,30,31,32,33,34,35,36,37,38,39,40,41,42,43,44,45,46,47,48,49,50,51,52,53,54,55,56,57,58,59,60,61,62,63,64,65,66,67,68,69,70,71,72,73,74,75,76,77,78,79,80,81,82,83,84,85,86,87,88,89,90,91,92,93,94,95,96,97,98,99,100,101,102,103,104,105,106,107,108,109,110,111,112,113,114,115,116,117,118,119,120,121,122,123,124,125,126,127,128,129,130,131,132,133],"cluster_removal_rates":[97.69250388833599,97.61450220472707,97.61202202415356,97.60111576011158,97.52502953796406,96.59871482384223,97.2972972972973,96.81961641175042,96.28597957288764,95.33555449785817,94.50146627565982,95.6043956043956,95.88313413014609,95.96662030598053,94.7107438016529,95.33213644524237,95.70661896243293,95.12711864406779,94.82288828337875,93.07479224376732,92.03821656050955,90.18181818181819,87.54578754578755,88.0,87.89237668161435,92.6829268292683,94.16058394160584,92.85714285714286,95.04950495049505,95.45454545454545,96.66666666666667,96.49122807017544,95.23809523809523,92.56198347107438,89.56521739130436,91.45299145299145,88.70967741935483,86.4406779661017,95.45454545454545,93.05555555555556,87.5,94.44444444444444,87.87878787878788,87.8048780487805,88.67924528301887,94.5945945945946,95.45454545454545,83.78378378378379,100.0,96.42857142857143,90.625,100.0,100.0,96.0,88.88888888888889,85.0,88.88888888888889,96.66666666666667,100.0,100.0,93.33333333333333,100.0,100.0,91.66666666666666,93.75,100.0,90.0,93.75,95.23809523809523,94.44444444444444,94.44444444444444,100.0,100.0,100.0,90.0,100.0,100.0,91.66666666666666,100.0,100.0,100.0,100.0,100.0,66.66666666666666,100.0,100.0,100.0,100.0,100.0,100.0,80.0,100.0,83.33333333333334,100.0,100.0,100.0,90.0,100.0,100.0,100.0,100.0,66.66666666666666,100.0,100.0,100.0,87.5,100.0,100.0,100.0,100.0,100.0,90.0,100.0,100.0,100.0,100.0,75.0,100.0,100.0,66.66666666666666,50.0,83.33333333333334,100.0,100.0,100.0,100.0,100.0,100.0,100.0,100.0,100.0,100.0,100.0],"cluster_post_filtering_doc_counts":[4614,1412,785,516,398,307,171,131,120,98,75,48,31,29,32,26,24,23,19,25,25,27,34,33,27,15,8,9,5,5,3,4,6,9,12,10,14,16,3,5,7,4,8,5,6,2,1,6,0,1,3,0,0,1,2,3,2,1,0,0,1,0,0,2,1,0,1,1,1,1,1,0,0,0,1,0,0,1,0,0,0,0,0,2,0,0,0,0,0,0,1,0,1,0,0,0,1,0,0,0,0,1,0,0,0,1,0,0,0,0,0,1,0,0,0,0,1,0,0,1,1,1,0,0,0,0,0,0,0,0,0,0,0],"tail_threshold":134,"tail_removal_rate":98.9100817438692,"tail_post_filtering_doc_counts":4,"global_removal_rate":97.47719143889984}