{"cluster_sizes":[1,2,3,4,5,6,7,8,9,10,11,14,15,16,17,18,19,20,21,22,23,24,25,26,27,28,29,30,31,32,34,35,36,37,38,39,40,42,48],"cluster_removal_rates":[90.43280182232346,84.21052631578947,82.75862068965517,94.11764705882352,86.66666666666667,95.0,85.71428571428571,93.75,100.0,100.0,100.0,100.0,100.0,0.0,0.0,16.666666666666664,14.285714285714285,21.052631578947366,20.0,12.5,15.686274509803921,24.242424242424242,28.125,20.833333333333336,16.0,40.0,0.0,0.0,40.0,0.0,0.0,0.0,0.0,0.0,0.0,0.0,0.0,0.0,0.0],"cluster_post_filtering_doc_counts":[84,9,5,1,2,1,2,1,0,0,0,0,0,1,1,5,6,15,20,35,43,25,23,19,21,3,3,6,3,1,1,6,4,1,2,1,1,2,1],"tail_threshold":54,"tail_removal_rate":50.0,"tail_post_filtering_doc_counts":1,"global_removal_rate":73.89705882352942}