{"cluster_sizes":[1,2,3,4,5,6,7,8,9,10,11,12,13,14,15,16,17,18,19,20,21,22,23,24,25,26,27,28,29,30,31,32,33,34,35,36,37,38,39,40,41,42,43,44,45,46,47,48,49,50,51,52,53,54,55,56,57,58,59,60,61,62,63,64,65,66,67,68,69,70,71,72,73,74,75,76,77,78,79,80,81,82,83,84,85,86,87,88,89,90,91,92,93,94,95,96,97,98,99,100,101,102,103,104,105,106,107,108,109,110,111,112,113,114,115,116,117,118,119,120,121,122,123,124,125,126,127,128,129,130,131],"cluster_removal_rates":[99.57475764863042,98.88400159092139,98.17707797683937,97.68457320245273,97.26399276075905,96.88636614129835,96.57548714157468,97.00056405322009,96.58298465829847,96.26842907981697,95.82329826340474,95.36610723303134,95.7347737008754,95.13259849394304,94.7709971296643,94.46607341490545,94.29989729544677,93.8722294654498,94.57295373665481,94.42843419788665,94.34426229508198,94.21273844164241,93.71554575523705,93.62519201228878,93.47181008902076,93.6269915651359,93.65,91.78532311062432,92.72844272844273,92.42227979274611,91.2648497554158,92.63238679969301,93.1333859510655,93.08909242298084,91.4757103574702,92.71217712177122,91.95509822263797,90.9375,92.47191011235955,90.93922651933701,92.89940828402366,90.2439024390244,90.19607843137256,89.89441930618402,88.74801901743264,88.25995807127882,87.25868725868726,90.65606361829026,89.69555035128806,84.87179487179488,89.0625,87.81163434903047,87.17201166180757,89.25619834710744,86.40226628895185,87.06624605678233,85.20900321543408,88.0794701986755,86.13861386138613,88.01369863013699,86.97318007662835,85.2,82.44897959183673,87.13692946058092,82.70042194092827,85.71428571428571,83.18181818181817,85.34482758620689,79.21348314606742,83.87096774193549,83.88888888888889,87.62886597938144,86.09625668449198,83.69565217391305,84.11764705882354,80.98159509202453,88.82978723404256,80.625,84.35374149659864,84.375,83.68794326241135,84.45945945945947,82.78688524590164,87.1559633027523,82.94573643410853,83.56164383561644,76.92307692307693,82.88288288288288,80.53097345132744,89.2156862745098,88.59649122807018,88.04347826086956,80.21978021978022,86.8421052631579,83.33333333333334,90.9090909090909,84.0,93.02325581395348,88.88888888888889,91.76470588235294,93.82716049382715,92.47311827956989,88.23529411764706,89.39393939393939,91.66666666666666,90.1639344262295,92.1875,88.73239436619718,94.0,89.65517241379311,89.55223880597015,85.71428571428571,90.56603773584906,91.07142857142857,92.85714285714286,84.78260869565217,96.07843137254902,92.85714285714286,95.55555555555556,89.79591836734694,87.5,100.0,96.07843137254902,94.11764705882352,89.1891891891892,95.45454545454545,93.18181818181817,95.0,88.09523809523809,90.625,95.23809523809523],"cluster_post_filtering_doc_counts":[9830,4742,3545,2715,2056,1695,1297,904,784,734,659,624,458,446,419,398,333,329,244,232,207,179,171,166,154,136,127,150,113,117,125,96,87,83,93,79,86,87,67,82,60,76,65,67,71,56,66,47,44,59,42,44,44,39,48,41,46,36,42,35,34,37,43,31,41,32,37,34,37,30,29,24,26,30,27,31,21,31,23,25,23,23,21,14,22,24,30,19,22,11,13,11,18,10,12,7,12,6,8,7,5,7,8,7,5,6,5,8,3,6,7,8,5,5,3,7,2,3,2,5,5,0,2,2,4,2,3,2,5,3,1],"tail_threshold":132,"tail_removal_rate":97.79326364692218,"tail_post_filtering_doc_counts":76,"global_removal_rate":98.91984884593764}