{"cluster_sizes":[1,2,3,4,5,6,7,8,9,10,11,12,13,14,15,16,17,18,19,20,21,22,24,26,30,31,32,33,34,35,36,37,38,42,44,46,47,48,51,62,66],"cluster_removal_rates":[95.28795811518324,87.41573033707866,96.71361502347418,67.75956284153006,95.0,95.1219512195122,90.32258064516128,86.20689655172413,93.33333333333333,95.23809523809523,100.0,94.44444444444444,100.0,100.0,100.0,100.0,100.0,100.0,100.0,100.0,100.0,100.0,100.0,100.0,100.0,100.0,100.0,100.0,100.0,100.0,100.0,100.0,100.0,100.0,100.0,100.0,100.0,100.0,100.0,100.0,100.0],"cluster_post_filtering_doc_counts":[234,56,7,59,3,2,3,4,1,1,0,1,0,0,0,0,0,0,0,0,0,0,0,0,0,0,0,0,0,0,0,0,0,0,0,0,0,0,0,0,0],"tail_threshold":70,"tail_removal_rate":100.0,"tail_post_filtering_doc_counts":0,"global_removal_rate":93.94087865425445}