{"cluster_sizes":[1,2,3,4,5,6,7,8,9,10,11,12,13,14,15,16,17,18,19,20,21,22,23,24,25,26,27,28,29,30,31,32,36,37,38,39],"cluster_removal_rates":[51.284686536485104,50.0,63.30275229357798,68.98395721925134,70.45454545454545,80.23255813953489,68.75,50.0,100.0,100.0,100.0,100.0,85.71428571428571,72.88135593220339,71.42857142857143,66.26506024096386,52.85285285285285,52.54237288135594,60.17069701280228,68.85245901639344,73.60114777618364,72.8310502283105,82.71028037383178,78.48101265822784,48.57142857142857,38.88888888888889,33.33333333333333,28.57142857142857,0.0,0.0,50.0,0.0,50.0,0.0,100.0,100.0],"cluster_post_filtering_doc_counts":[948,137,40,58,52,17,5,3,0,0,0,0,4,16,40,84,157,252,280,247,184,119,37,17,18,11,8,5,2,6,1,2,1,1,0,0],"tail_threshold":40,"tail_removal_rate":87.5,"tail_post_filtering_doc_counts":1,"global_removal_rate":61.64135432632018}