{"cluster_sizes":[1,2,3,4,5,6,7,8,9,10,12,15,16,35,42,63,65],"cluster_removal_rates":[34.53237410071942,29.411764705882355,94.73684210526315,96.73913043478261,98.33333333333333,100.0,82.6086956521739,85.71428571428571,100.0,100.0,100.0,100.0,100.0,100.0,100.0,100.0,100.0],"cluster_post_filtering_doc_counts":[91,36,9,3,1,0,4,1,0,0,0,0,0,0,0,0,0],"tail_threshold":107,"tail_removal_rate":100.0,"tail_post_filtering_doc_counts":0,"global_removal_rate":77.16535433070865}