{"cluster_sizes":[1,2,3,4,5,6,7,8,9,10,11,12,13,14,15,16,17,18,19,20,21,22,23,24,25,26,27,28,29,30,31,32,33,34,35,36,37,38,39,40,41,42,43,44,45,46,47,48,49,50,51,52,53,54,55,56,57,58,59,60,61,62,63,64,65,66,67,68,69,70,71,72,73,74,75,76,77,78,79,80,81,82,83,84,85,86,87,88,89,90,91,92,93,94,95,97,98,99,100,101,104,105,107,108,109,110,113,114,115,117,118,119,120,121,124,125,127,130,136,137,138,142,143,144,145,146,150,151,152,153,156,159,161,162,165,166,171,172,174,175,177],"cluster_removal_rates":[86.42561801706695,76.37069383794275,72.09964412811388,68.78048780487805,59.05562742561449,71.84713375796179,84.92569002123143,69.93166287015946,81.17647058823529,70.97902097902097,62.371134020618555,83.33333333333334,76.5432098765432,75.87939698492463,84.61538461538461,84.21052631578947,87.39495798319328,95.6043956043956,78.2051282051282,79.1044776119403,81.03448275862068,75.40983606557377,79.16666666666666,77.08333333333334,72.41379310344827,80.28169014084507,75.38461538461539,88.70967741935483,77.61194029850746,66.12903225806451,77.04918032786885,77.27272727272727,69.84126984126983,60.9375,65.27777777777779,64.19753086419753,78.26086956521739,65.78947368421053,75.47169811320755,68.96551724137932,56.75675675675676,53.84615384615385,55.4054054054054,63.1578947368421,67.3913043478261,64.51612903225806,75.0,74.19354838709677,75.0,78.26086956521739,89.47368421052632,84.21052631578947,85.0,90.9090909090909,63.63636363636363,81.81818181818183,81.81818181818183,57.14285714285714,88.88888888888889,100.0,90.0,100.0,87.5,87.5,71.42857142857143,75.0,80.0,55.55555555555556,33.33333333333333,66.66666666666666,100.0,66.66666666666666,81.81818181818183,85.71428571428571,62.5,66.66666666666666,66.66666666666666,100.0,100.0,50.0,83.33333333333334,0.0,100.0,100.0,100.0,83.33333333333334,100.0,66.66666666666666,85.71428571428571,100.0,100.0,66.66666666666666,100.0,100.0,100.0,100.0,66.66666666666666,100.0,66.66666666666666,100.0,100.0,100.0,66.66666666666666,0.0,100.0,50.0,100.0,50.0,100.0,100.0,100.0,100.0,100.0,100.0,100.0,0.0,0.0,100.0,100.0,100.0,100.0,100.0,100.0,0.0,100.0,100.0,66.66666666666666,100.0,100.0,100.0,100.0,100.0,100.0,100.0,100.0,0.0,100.0,0.0,100.0,100.0,0.0],"cluster_post_filtering_doc_counts":[1543,487,392,384,633,221,71,132,48,83,146,46,57,48,26,21,15,4,17,14,11,15,10,11,16,14,16,7,15,21,14,15,19,25,25,29,15,26,13,18,32,36,33,28,15,11,6,8,9,5,2,3,3,1,4,2,2,3,1,0,1,0,1,1,2,1,1,4,2,2,0,2,2,1,3,2,1,0,0,2,1,3,0,0,0,1,0,1,1,0,0,1,0,0,0,0,1,0,1,0,0,0,1,1,0,1,0,2,0,0,0,0,0,0,0,1,1,0,0,0,0,0,0,1,0,0,1,0,0,0,0,0,0,0,0,1,0,1,0,0,1],"tail_threshold":179,"tail_removal_rate":83.33333333333334,"tail_post_filtering_doc_counts":4,"global_removal_rate":79.04325143049479}