{"cluster_sizes":[1,2,3,4,5,6,7,8,9,10,12,15,26,38,50],"cluster_removal_rates":[93.81443298969072,90.9090909090909,100.0,75.0,100.0,100.0,100.0,100.0,100.0,100.0,50.0,100.0,100.0,100.0,100.0],"cluster_post_filtering_doc_counts":[18,5,0,1,0,0,0,0,0,0,1,0,0,0,0],"tail_threshold":178,"tail_removal_rate":100.0,"tail_post_filtering_doc_counts":0,"global_removal_rate":93.63867684478372}