{"cluster_sizes":[1,2,3,4,5,6,7,8,9,10,11,12,13,14,15,16,17,18,19,20,21,23,25],"cluster_removal_rates":[92.46987951807229,93.1239388794567,23.140495867768596,14.666666666666666,17.1875,15.0,37.5,13.793103448275861,40.909090909090914,60.0,92.85714285714286,90.9090909090909,75.0,100.0,60.0,100.0,100.0,66.66666666666666,66.66666666666666,75.0,100.0,100.0,50.0],"cluster_post_filtering_doc_counts":[250,81,93,64,53,34,20,25,13,6,1,1,2,0,2,0,0,1,1,1,0,0,1],"tail_threshold":26,"tail_removal_rate":100.0,"tail_post_filtering_doc_counts":0,"global_removal_rate":86.93639291465378}