{"cluster_sizes":[1,2,3,4,5,6,7,8,9,10,11,12,13,14,16,17,20,31,32,46],"cluster_removal_rates":[34.074074074074076,68.96551724137932,51.45631067961165,24.285714285714285,46.51162790697674,31.57894736842105,25.0,12.727272727272727,20.51282051282051,36.36363636363637,75.0,33.33333333333333,37.5,100.0,100.0,100.0,100.0,100.0,100.0,100.0],"cluster_post_filtering_doc_counts":[89,9,50,53,23,39,51,48,31,14,1,2,5,0,0,0,0,0,0,0],"tail_threshold":92,"tail_removal_rate":100.0,"tail_post_filtering_doc_counts":0,"global_removal_rate":35.758513931888544}