{"cluster_sizes":[1,2,3,4,5,6,7,8,9,10,11,12,13,14,16,19,20,21,23,24,33,35,41,47,58,64,101],"cluster_removal_rates":[65.09146341463415,67.38703339882122,63.40579710144928,59.06976744186046,56.94444444444444,39.00709219858156,40.0,36.18421052631579,37.03703703703704,51.85185185185185,43.75,50.0,100.0,100.0,50.0,100.0,100.0,100.0,100.0,100.0,100.0,100.0,100.0,100.0,0.0,100.0,0.0],"cluster_post_filtering_doc_counts":[687,166,101,88,62,86,102,97,68,26,9,4,0,0,1,0,0,0,0,0,0,0,0,0,1,0,1],"tail_threshold":103,"tail_removal_rate":0.0,"tail_post_filtering_doc_counts":4,"global_removal_rate":60.33254156769596}