{"cluster_sizes":[1,2,3,4,5,6,7,8,9,10,11,12,13,14,15,16,17,18,19,20,21,22,23,24,25,26,27,28,29,30,31,32,33,34,35,36,37,38,39,40,41,42,43,44,45,46,47,48,49,50,51,52,53,54,55,56,57,58,59,60,61,62,63,64,65,66,67,68,69,70,71,72,73,74,75,76,77,78,79,80,81,82,83,84,85,86,87,88,89,90,91,92,93,94,95,96,97,98,99,100,101,102,103,104,105,106,107,108,109,110,111,112,113,114,115,116,117,118,119,120,121,122,123,124,125,126,130,132,133,135,136,137,138,139,140,141,142,143],"cluster_removal_rates":[98.0632181465267,93.61702127659575,90.6891495601173,85.8017135862913,84.80212158302733,84.2469018112488,90.53763440860216,92.22654081066074,92.31950844854072,92.89012003693445,93.36384439359267,94.53015427769986,92.80701754385964,93.63957597173145,93.27548806941431,92.53333333333333,90.78590785907859,90.78212290502793,91.58878504672897,89.08554572271386,90.1639344262295,92.03980099502488,92.0303605313093,90.82217973231359,90.8411214953271,90.702947845805,92.85714285714286,92.19330855018588,91.16279069767442,90.79754601226993,90.625,92.53731343283582,93.38235294117648,91.66666666666666,91.34615384615384,91.91919191919192,89.47368421052632,93.15068493150685,88.46153846153845,87.93103448275862,94.82758620689656,82.22222222222221,91.30434782608695,92.7536231884058,87.6923076923077,86.20689655172413,88.63636363636364,90.38461538461539,91.11111111111111,80.0,90.2439024390244,87.5,88.37209302325581,90.9090909090909,84.21052631578947,87.5,94.44444444444444,97.36842105263158,78.26086956521739,78.94736842105263,88.57142857142857,93.75,78.37837837837837,78.57142857142857,87.17948717948718,82.5,75.86206896551724,82.35294117647058,87.09677419354838,60.0,86.20689655172413,76.19047619047619,79.16666666666666,76.0,75.0,76.47058823529412,75.0,73.68421052631578,82.35294117647058,72.72727272727273,73.68421052631578,73.07692307692307,71.42857142857143,80.0,75.86206896551724,71.42857142857143,85.0,76.47058823529412,81.25,80.0,77.77777777777779,61.53846153846154,92.3076923076923,66.66666666666666,55.55555555555556,75.0,85.71428571428571,50.0,83.33333333333334,87.5,100.0,70.0,100.0,87.5,83.33333333333334,88.88888888888889,100.0,100.0,75.0,100.0,100.0,83.33333333333334,71.42857142857143,90.9090909090909,100.0,66.66666666666666,100.0,100.0,100.0,100.0,100.0,50.0,100.0,50.0,100.0,100.0,66.66666666666666,100.0,100.0,100.0,100.0,100.0,100.0,100.0,100.0,100.0,100.0,100.0],"cluster_post_filtering_doc_counts":[2734,1233,889,928,745,661,220,140,100,77,58,39,41,36,31,28,34,33,27,37,36,32,42,48,49,41,25,21,19,15,18,10,9,8,9,8,8,5,9,7,3,8,6,5,8,8,5,5,4,11,4,6,5,3,6,4,2,1,10,8,4,2,8,6,5,7,7,6,4,14,4,5,5,6,4,4,4,5,3,6,5,7,4,3,7,4,3,4,3,3,4,5,1,3,4,3,1,2,2,1,0,3,0,1,1,1,0,0,2,0,0,1,2,1,0,2,0,0,0,0,0,1,0,1,0,0,1,0,0,0,0,0,0,0,0,0,0,0],"tail_threshold":145,"tail_removal_rate":97.5609756097561,"tail_post_filtering_doc_counts":5,"global_removal_rate":95.6782442561113}