{"cluster_sizes":[1,2,3,4,5,6],"cluster_removal_rates":[28.333333333333332,25.0,14.285714285714285,33.33333333333333,50.0,100.0],"cluster_post_filtering_doc_counts":[43,15,42,8,1,0],"tail_threshold":10,"tail_removal_rate":0.0,"tail_post_filtering_doc_counts":1,"global_removal_rate":24.137931034482758}