{"cluster_sizes":[1,2,3,4,5,6,7,8,9,10,11,12,13,14,15,16,17,18,19,20,21,22,23,24,25,26,29,30,32,34,36,37,38,39,40,42,43,44,46,64,229],"cluster_removal_rates":[97.48110831234257,95.28301886792453,100.0,100.0,100.0,100.0,100.0,100.0,100.0,92.85714285714286,66.66666666666666,100.0,100.0,100.0,100.0,100.0,100.0,100.0,100.0,100.0,100.0,100.0,100.0,100.0,50.0,100.0,100.0,100.0,100.0,50.0,100.0,100.0,100.0,100.0,100.0,100.0,100.0,100.0,100.0,100.0,100.0],"cluster_post_filtering_doc_counts":[10,5,0,0,0,0,0,0,0,1,1,0,0,0,0,0,0,0,0,0,0,0,0,0,1,0,0,0,0,1,0,0,0,0,0,0,0,0,0,0,0],"tail_threshold":671,"tail_removal_rate":100.0,"tail_post_filtering_doc_counts":0,"global_removal_rate":97.55469755469755}