{"cluster_sizes":[1,2,3,4,5,6,7,8,9,10,12,13,14,16,17,21,26,27,28,30,35,36],"cluster_removal_rates":[99.00621118012423,100.0,89.65517241379311,96.15384615384616,100.0,100.0,83.33333333333334,100.0,75.0,100.0,100.0,100.0,100.0,100.0,100.0,100.0,100.0,100.0,100.0,100.0,100.0,100.0],"cluster_post_filtering_doc_counts":[8,0,3,1,0,0,1,0,1,0,0,0,0,0,0,0,0,0,0,0,0,0],"tail_threshold":62,"tail_removal_rate":100.0,"tail_post_filtering_doc_counts":0,"global_removal_rate":98.5655737704918}