{"cluster_sizes":[1,2,3,4,5,6,7,8,9,10,12,14,16,18,20,21,22,36,37,41],"cluster_removal_rates":[83.72943327239489,53.75,86.05341246290801,86.38132295719845,63.013698630136986,75.60975609756098,45.45454545454545,100.0,100.0,100.0,100.0,100.0,100.0,100.0,100.0,100.0,100.0,100.0,100.0,100.0],"cluster_post_filtering_doc_counts":[89,37,47,35,27,10,18,0,0,0,0,0,0,0,0,0,0,0,0,0],"tail_threshold":44,"tail_removal_rate":100.0,"tail_post_filtering_doc_counts":0,"global_removal_rate":81.05187319884726}