{"cluster_sizes":[1,2,3,4,5,6,7,8,9,10,11,12,13,14,15,16,17,18,19,20,21,22,23,24,25,26,27,28,29,30,31,32,33,34,35,36,37,38,39,40,41,42,43,44,45,46,47,48,49,50,51,52,53,54,55,56,57,58,59,60,61,62,63,64,65,66,67,68,69,70,71,72,73],"cluster_removal_rates":[99.55361179295356,96.85857760130794,98.94366197183099,99.64384645825089,95.80078125,98.71559633027523,99.62962962962963,99.19871794871796,99.59016393442623,99.24812030075188,99.51219512195122,99.46380697050938,99.6742671009772,99.12280701754386,98.87005649717514,100.0,98.88888888888889,97.97979797979798,98.66666666666667,100.0,98.63013698630137,100.0,100.0,98.86363636363636,100.0,98.4375,98.38709677419355,100.0,100.0,100.0,100.0,100.0,100.0,100.0,97.05882352941177,100.0,100.0,100.0,100.0,100.0,100.0,93.33333333333333,100.0,100.0,100.0,100.0,100.0,100.0,100.0,100.0,100.0,100.0,100.0,100.0,100.0,100.0,100.0,100.0,100.0,100.0,100.0,100.0,100.0,100.0,100.0,100.0,100.0,100.0,100.0,100.0,100.0,100.0,100.0],"cluster_post_filtering_doc_counts":[1333,269,42,9,86,14,3,5,2,4,2,2,1,2,2,0,1,2,1,0,1,0,0,1,0,1,1,0,0,0,0,0,0,0,1,0,0,0,0,0,0,1,0,0,0,0,0,0,0,0,0,0,0,0,0,0,0,0,0,0,0,0,0,0,0,0,0,0,0,0,0,0,0],"tail_threshold":74,"tail_removal_rate":99.69604863221885,"tail_post_filtering_doc_counts":1,"global_removal_rate":99.44652646576021}