{"cluster_sizes":[1,2,3,4,5,6,7,8,9,10,11,12,13,14,15,16,17,18,19,20,21,22,23,24,25,26,27,28,29,30,31,32,33,34,35,36,37,38,39,40,41,42,43,44,45,46,47,48,49,50,51,52,53,54,55,56,57,58,59,60,61,62,63,64,65,66,67,68,69,70,71,72,73,74,75,76,77,78,79,80,81,82,83,84,85,86,87,88,89,90,91,92,93,94],"cluster_removal_rates":[57.4612905970181,44.57769563156989,40.95277707576107,39.13529570220593,38.457750170778596,37.89764456301949,37.31177516111557,37.12380600802916,37.52233283299325,37.8279479713906,37.02162849223324,38.45802548687182,37.58307966996232,38.544010461739646,39.178465667221914,40.84771038841992,39.97194256477967,41.90273394425644,41.72660243361831,43.198632583295066,42.69113878791491,42.8581008583691,43.294500135464645,45.18508986402436,45.23658691096925,45.66984229506432,46.51373925674858,46.858496953283684,47.95125666412795,49.35228802153432,48.24134705332086,48.78638226331827,50.0,50.64715132454336,51.353826030085024,50.711969547441136,51.04182744250656,51.87645300564596,53.32621842760583,54.332822085889575,54.21918393505661,54.76243093922651,53.52912142152023,55.27328714395689,55.074462217319365,54.4361763022324,54.4044665012407,56.81369321922317,56.167706167706164,57.53880266075389,56.90672963400236,58.7995100040833,58.99653979238755,58.735072976559046,60.909090909090914,61.35216952573158,61.639516552811344,60.61269146608315,60.186806771745474,62.625665286812534,60.775862068965516,63.20375335120644,63.4,65.34008683068018,66.07275426874536,64.84375,64.09448818897637,67.16541978387365,68.13590449954087,65.01352569882776,63.20845341018252,64.14728682170544,64.24923391215526,68.44349680170576,69.15477497255763,67.75599128540306,66.06498194945848,66.37824474660074,68.12749003984064,67.21938775510205,65.17341040462428,70.71524966261808,65.61561561561562,67.95827123695976,67.74716369529983,68.02610114192495,67.23842195540308,68.0140597539543,65.51126516464471,68.65384615384616,70.07042253521126,68.6626746506986,69.00584795321637,68.8588007736944],"cluster_post_filtering_doc_counts":[6400136,3047749,1602779,1156853,736041,499996,345997,272518,196879,157161,123374,98373,79355,63913,52579,43235,36371,30558,25765,22265,19234,17042,14651,12779,11238,10094,8837,7849,6834,6021,5533,4874,4357,4080,3719,3496,3172,2898,2624,2382,2143,2047,1883,1743,1629,1592,1470,1312,1265,1149,1095,1009,948,933,817,766,730,720,682,632,637,549,549,479,457,450,456,395,347,388,383,370,350,296,281,296,282,272,240,257,241,217,229,215,199,196,191,182,199,163,170,157,159,161],"tail_threshold":95,"tail_removal_rate":76.27765064836002,"tail_post_filtering_doc_counts":7153,"global_removal_rate":49.47847432380982}