{"cluster_sizes":[1,2,3,4,5,6,7,8,9,10,11,12,13,14,15,16,17,18,19,20,21,22,23,24,25,26,27,28,29,30,31,32,33,34,35,36,37,38,39,40,41,42,43,44,45,46,47,48,49,50,51,52,53,54,55,56,57,58,59,60,61,62,63,64,65,66,67,68,69,70,71,72,73,74,75,76,77,78,79,80,81,82,83,84,85,86,87,88,89,90,91,92,93,94,95,96,97,98,99,100,101,102,103,104,105,106,107,108,109,110,111,112,113,114,115,116,117,118,119,120,121,122,123,124],"cluster_removal_rates":[97.4382498906657,93.98883127243718,93.75636506071288,94.57885304659499,92.41544926956173,93.54005167958657,94.06817175741479,91.04633003643934,93.68029739776952,92.89940828402366,92.96636085626912,92.40506329113924,89.83364140480592,88.84297520661157,89.22716627634661,86.1878453038674,89.01098901098901,85.54216867469879,85.87786259541986,89.63963963963964,87.2340425531915,86.95652173913044,88.09523809523809,87.01298701298701,86.92307692307692,88.6178861788618,91.37931034482759,88.79310344827587,83.60655737704919,87.90322580645162,83.50515463917526,85.18518518518519,86.70520231213872,80.89171974522293,84.77157360406092,85.0,91.0,94.23076923076923,90.47619047619048,90.83969465648855,87.5,71.83098591549296,80.0,73.33333333333333,83.78378378378379,78.57142857142857,80.55555555555556,73.33333333333333,78.125,79.3103448275862,78.57142857142857,83.33333333333334,78.26086956521739,91.30434782608695,88.46153846153845,88.88888888888889,79.16666666666666,85.18518518518519,69.56521739130434,78.94736842105263,75.0,80.95238095238095,58.82352941176471,64.70588235294117,61.53846153846154,84.21052631578947,82.35294117647058,78.94736842105263,80.76923076923077,45.0,57.14285714285714,85.71428571428571,78.94736842105263,77.77777777777779,50.0,72.72727272727273,75.0,76.92307692307693,78.57142857142857,60.0,88.88888888888889,78.57142857142857,57.14285714285714,66.66666666666666,57.14285714285714,60.0,100.0,75.0,100.0,69.23076923076923,0.0,50.0,71.42857142857143,100.0,87.5,50.0,66.66666666666666,80.0,100.0,77.77777777777779,83.33333333333334,71.42857142857143,85.71428571428571,75.0,100.0,66.66666666666666,80.0,75.0,60.0,57.14285714285714,66.66666666666666,50.0,66.66666666666666,100.0,100.0,75.0,83.33333333333334,100.0,0.0,100.0,100.0,33.33333333333333,50.0,66.66666666666666],"cluster_post_filtering_doc_counts":[5389,1507,797,484,379,225,134,172,85,84,69,60,55,54,46,50,30,48,37,23,24,24,20,20,17,14,10,13,20,15,16,20,23,30,30,33,18,12,16,12,12,20,10,16,6,9,7,8,7,6,6,4,5,2,3,3,5,4,7,4,6,4,7,6,5,3,3,4,5,11,9,2,4,4,3,3,3,3,3,2,1,3,3,3,3,4,0,1,0,4,1,6,2,0,1,4,2,1,0,2,1,2,1,1,0,1,1,2,2,3,2,2,1,0,0,2,1,0,1,0,0,2,1,1],"tail_threshold":125,"tail_removal_rate":85.56338028169014,"tail_post_filtering_doc_counts":41,"global_removal_rate":96.28748722026582}