{"cluster_sizes":[1,2,3,4,5,6,7,8,9,10,11,12,13,14,15,16,24,30,34],"cluster_removal_rates":[97.87128712871286,79.74683544303798,90.9090909090909,91.66666666666666,87.5,66.66666666666666,25.0,20.0,57.14285714285714,50.0,100.0,100.0,100.0,100.0,100.0,100.0,100.0,100.0,100.0],"cluster_post_filtering_doc_counts":[86,16,2,1,1,1,3,4,3,1,0,0,0,0,0,0,0,0,0],"tail_threshold":35,"tail_removal_rate":100.0,"tail_post_filtering_doc_counts":0,"global_removal_rate":97.19448407037565}