{"cluster_sizes":[1,2,3,4,5,6,7,8,9,10,11,12,13,14,15,16,17,18,19,20,21,22,23,24,25,26,27,28,29,30,31,32,33,34,35,36,37,38,39,40,41,42,43,44,45,46,47,48,49,50,51,52,53,54,55,56,57,58,59,60,61,62,63,64,65,66,67,68,69,70,71,72,73,74,75,76,77,78,79,80,81,82,83,84,85,86,87,88,89,90,91,92,93,94,95,96,97,98,99,100,101,102,103,104,105,106,107,108,109,110,111,112,113,114,115,116,117,118,119,120,121,122,123,124,125,126,127,128,129,130,131,132,133,134,135,136,137,138,139,140,141,142,143,144,145,146,147,148,149,150,151,152,153,154,155,156,157,158,159,160,161,162,163,164,165,166,167,168,169,170,171,172,173,174,175,176,177,178,179,180,181,182,183,184,185,186,187,188,189,190,191,192,193,194],"cluster_removal_rates":[97.08539282344854,95.65654223664889,93.35250325973733,92.84205585543299,93.73310951185866,93.61230670731555,92.69452251757548,87.4376018679842,90.68098960871855,91.50731759427411,92.37707672882848,92.06811744547923,91.54087054435412,90.9900789633529,91.10681133508047,90.27164581800344,89.45212297561163,89.49111334674716,89.06847499107735,89.70063025210084,89.32824604000461,89.8623578695392,89.04990810123003,88.52606351108449,87.61147053680713,89.40149625935162,89.99572009415793,89.14272527979693,89.23097427695589,89.36557462298492,88.94124168514412,89.82828680036702,89.79129997485542,90.88706886607451,91.21160409556313,91.43832179062531,91.33390891431038,90.54738976178407,90.09316770186335,89.42947147357367,89.75037821482601,89.59284279715173,89.55042527339003,90.40298159795014,89.6302975653742,89.17748917748918,88.34269662921348,89.56310679611651,88.43648208469055,89.36535162950257,88.47682119205298,89.61937716262976,89.12698412698413,89.05053598774884,89.03330625507718,90.23596419853538,91.17100371747212,92.10526315789474,88.77551020408163,88.96620278330019,89.84547461368653,89.89784335981838,90.23255813953487,90.26047565118913,89.97613365155132,88.40749414519907,90.40767386091127,90.77340569877883,89.36742934051144,90.64748201438849,90.47619047619048,92.67241379310344,88.85448916408669,91.34466769706336,90.43624161073825,90.20332717190388,89.64285714285715,89.52205882352942,90.18789144050105,89.46322067594433,88.23529411764706,88.96247240618102,91.76755447941889,88.02660753880266,91.60997732426304,88.78504672897196,90.57071960297766,88.69346733668341,92.81609195402298,90.7103825136612,90.74074074074075,90.80118694362018,92.78350515463917,87.76758409785933,87.62886597938144,90.67524115755627,92.33716475095785,87.74703557312253,91.76029962546816,91.11969111969111,91.7910447761194,86.72566371681415,91.88034188034187,90.04524886877829,89.86175115207374,90.14084507042254,90.76923076923077,90.61032863849765,93.10344827586206,89.00523560209425,93.4010152284264,89.75609756097562,90.53254437869822,95.07389162561576,93.14285714285714,91.2568306010929,85.38011695906432,90.7514450867052,92.3529411764706,92.85714285714286,87.42857142857143,87.5,91.83673469387756,92.63803680981594,88.88888888888889,92.98245614035088,91.66666666666666,88.70967741935483,90.51094890510949,93.43065693430657,95.0,92.64705882352942,89.26174496644296,91.66666666666666,93.0,91.91919191919192,94.35483870967742,89.91596638655463,95.04950495049505,91.20879120879121,91.66666666666666,90.2654867256637,91.39784946236558,85.59322033898306,95.6140350877193,93.06930693069307,90.74074074074075,86.86868686868688,88.1578947368421,88.77551020408163,92.94117647058823,94.5054945054945,94.54545454545455,86.58536585365853,90.21739130434783,97.67441860465115,93.18181818181817,91.0,93.75,95.45454545454545,91.02564102564102,88.88888888888889,89.85507246376811,94.66666666666667,96.1038961038961,88.60759493670885,91.30434782608695,88.1578947368421,92.47311827956989,90.9090909090909,93.65079365079364,93.75,90.54054054054053,91.57894736842105,89.47368421052632,95.8904109589041,91.30434782608695,89.28571428571429,92.3076923076923,98.4375,94.44444444444444,98.38709677419355,84.7457627118644,96.7741935483871,93.44262295081968,90.69767441860465,86.76470588235294,90.1639344262295,92.72727272727272,92.72727272727272,90.9090909090909,93.65079365079364,91.52542372881356,93.87755102040816],"cluster_post_filtering_doc_counts":[133861,43836,36503,32940,37706,25541,20222,24587,9560,8745,8392,6805,4808,4450,3631,3173,2755,2507,2144,1961,1846,1694,1549,1532,1417,1105,935,941,808,818,798,776,812,790,824,853,803,746,638,604,542,570,516,412,345,275,249,215,213,186,174,150,137,143,135,120,95,81,110,111,92,89,84,86,84,99,80,68,79,65,68,51,72,56,57,53,58,57,47,53,52,50,34,54,37,48,38,45,25,34,30,31,21,40,36,29,20,31,22,23,22,30,19,22,22,21,18,20,14,21,13,21,16,10,12,16,25,16,13,11,22,18,12,12,16,8,12,14,13,9,7,10,16,10,7,8,7,12,5,8,11,11,8,17,5,7,10,13,9,11,6,5,6,11,9,2,6,9,5,4,7,8,7,4,3,9,6,9,7,7,4,4,7,8,8,3,6,6,6,1,4,1,9,2,4,4,9,6,4,4,4,4,5,3],"tail_threshold":195,"tail_removal_rate":92.52645502645503,"tail_post_filtering_doc_counts":678,"global_removal_rate":95.09985017660838}