{"cluster_sizes":[1,3,5,7,11,21,23,25],"cluster_removal_rates":[62.5,50.0,100.0,100.0,100.0,100.0,66.66666666666666,100.0],"cluster_post_filtering_doc_counts":[3,1,0,0,0,0,1,0],"tail_threshold":26,"tail_removal_rate":100.0,"tail_post_filtering_doc_counts":0,"global_removal_rate":77.27272727272727}