{"cluster_sizes":[1,2,3,4,5,6,7,8,9,10,11,14,16,17,18,19,20,21,22,23,24,25,26,27,28,29,30,31,32,33,34,35,36,37,38,39,50],"cluster_removal_rates":[78.06637806637806,80.76923076923077,100.0,78.94736842105263,93.33333333333333,83.33333333333334,90.9090909090909,72.72727272727273,66.66666666666666,0.0,50.0,50.0,33.33333333333333,57.14285714285714,50.0,60.0,48.717948717948715,58.333333333333336,63.95348837209303,54.83870967741935,67.46031746031747,69.52380952380952,76.92307692307693,66.66666666666666,80.0,75.86206896551724,75.0,71.42857142857143,33.33333333333333,0.0,40.0,33.33333333333333,0.0,0.0,0.0,0.0,100.0],"cluster_post_filtering_doc_counts":[152,5,0,4,1,2,1,3,1,1,1,1,2,3,8,12,20,20,31,56,41,32,27,23,8,7,2,2,2,6,3,2,6,1,1,2,0],"tail_threshold":56,"tail_removal_rate":50.0,"tail_post_filtering_doc_counts":1,"global_removal_rate":70.95435684647303}