{"cluster_sizes":[1,2,3,4,5,6,7,8,9,10],"cluster_removal_rates":[92.84836569181617,51.35135135135135,30.0,50.0,100.0,0.0,0.0,50.0,25.0,33.33333333333333],"cluster_post_filtering_doc_counts":[291,72,14,2,0,1,4,1,3,2],"tail_threshold":11,"tail_removal_rate":20.0,"tail_post_filtering_doc_counts":4,"global_removal_rate":90.75334428537903}