{"cluster_sizes":[1,2,3,4,5,6,7,8,9,10,11,15,16,17,20,21,22,23,24,25,26,27,37,38,46,73,157],"cluster_removal_rates":[98.7551867219917,100.0,72.41379310344827,75.0,50.0,88.88888888888889,100.0,100.0,100.0,100.0,100.0,100.0,0.0,100.0,100.0,100.0,50.0,100.0,100.0,100.0,100.0,100.0,100.0,100.0,100.0,100.0,100.0],"cluster_post_filtering_doc_counts":[3,0,8,3,4,1,0,0,0,0,0,0,1,0,0,0,1,0,0,0,0,0,0,0,0,0,0],"tail_threshold":5248,"tail_removal_rate":100.0,"tail_post_filtering_doc_counts":0,"global_removal_rate":94.26229508196722}