{"cluster_sizes":[1,2,3,4,5,6,7,8,9,11,12,18,21,24,32,34,35,36,37,38,39,44,51,67,153],"cluster_removal_rates":[90.9090909090909,69.41176470588235,64.58333333333334,75.67567567567568,93.33333333333333,100.0,100.0,100.0,100.0,100.0,100.0,100.0,100.0,100.0,100.0,100.0,100.0,100.0,100.0,100.0,100.0,100.0,0.0,100.0,100.0],"cluster_post_filtering_doc_counts":[31,26,17,9,1,0,0,0,0,0,0,0,0,0,0,0,0,0,0,0,0,0,1,0,0],"tail_threshold":3203,"tail_removal_rate":100.0,"tail_post_filtering_doc_counts":0,"global_removal_rate":85.6902356902357}