{"cluster_sizes":[1,2,3,4,5,6,7,8,9,10,11,12,14,15,16,19,22,30,42,45,50,54,59,62],"cluster_removal_rates":[29.310344827586203,54.54545454545454,11.811023622047244,8.588957055214724,9.090909090909092,54.54545454545454,50.0,40.0,30.0,25.0,100.0,50.0,100.0,100.0,100.0,100.0,100.0,100.0,100.0,0.0,100.0,100.0,100.0,100.0],"cluster_post_filtering_doc_counts":[123,5,112,149,30,5,4,3,7,6,0,1,0,0,0,0,0,0,0,1,0,0,0,0],"tail_threshold":76,"tail_removal_rate":100.0,"tail_post_filtering_doc_counts":0,"global_removal_rate":22.9706390328152}