{"cluster_sizes":[1,2,3,4,5,6,7,8,9,10,11,12,13,14,15,16,17,18,19,20,21,22,23,24,25,26,27,28,29,30,31,32,33,34,35,36,37,38,39,40,41,42,43,44,45,46,47,48,49,50,51,52,53,54,55,56,57,58,59,60,61,62,63,64,65,66,67,68,69,70,71,72,73,74,75,76,77,78,79,80,81,82,83,84,85,86,87,88,89,90,91,92,93,94,95,96,97,98,99,100,101,102,103,104,105,106,108,109,110,111,112,113,114,115,116,117,119,120,121,122,124,125,126,127,128,130,131,133,135,136,138,139,141,143,144,145,146,147,148,149,150,151,153,154,157,158,160,161,162,163,164],"cluster_removal_rates":[97.19456256323265,92.7043226293018,88.14907872696818,82.27372782597436,79.9445791479044,78.51820310836705,80.02654280026543,76.03668261562999,71.19848413074372,64.39873417721519,66.52307692307691,64.29942418426103,63.219284603421464,61.79577464788733,66.40926640926641,61.04033970276008,59.92601726263872,62.22222222222222,62.93222683264177,65.54934823091247,60.47904191616767,66.5871121718377,59.95203836930456,66.11111111111111,67.8125,64.7457627118644,65.05576208178438,59.48905109489051,59.210526315789465,66.21004566210046,67.85714285714286,65.85365853658537,71.7557251908397,71.68141592920354,66.08695652173913,75.28089887640449,83.9506172839506,80.0,80.35714285714286,76.5625,68.62745098039215,75.0,78.33333333333333,70.58823529411765,78.72340425531915,87.17948717948718,85.71428571428571,72.72727272727273,87.5,73.52941176470588,70.83333333333334,66.66666666666666,68.96551724137932,71.42857142857143,81.81818181818183,81.81818181818183,88.88888888888889,70.83333333333334,90.0,75.0,81.81818181818183,80.0,92.85714285714286,91.66666666666666,70.0,100.0,83.33333333333334,88.23529411764706,90.0,88.88888888888889,100.0,66.66666666666666,81.81818181818183,83.33333333333334,83.33333333333334,100.0,100.0,100.0,80.0,100.0,85.71428571428571,88.88888888888889,100.0,100.0,75.0,77.77777777777779,75.0,80.0,60.0,100.0,66.66666666666666,60.0,100.0,75.0,100.0,75.0,66.66666666666666,100.0,100.0,88.88888888888889,75.0,100.0,83.33333333333334,60.0,71.42857142857143,100.0,100.0,66.66666666666666,100.0,100.0,100.0,100.0,100.0,100.0,75.0,100.0,100.0,100.0,100.0,100.0,100.0,100.0,100.0,100.0,66.66666666666666,100.0,100.0,100.0,0.0,100.0,100.0,100.0,100.0,100.0,100.0,100.0,100.0,66.66666666666666,100.0,66.66666666666666,100.0,100.0,100.0,100.0,50.0,100.0,50.0,100.0,100.0,100.0,100.0],"cluster_post_filtering_doc_counts":[3688,1838,1415,1369,1158,1009,602,601,608,675,544,558,473,434,348,367,325,289,268,185,198,140,167,122,103,104,94,111,93,74,54,56,37,32,39,22,13,14,11,15,16,13,13,10,10,5,6,9,5,9,7,9,9,6,4,2,2,7,2,4,2,3,1,1,3,0,2,2,1,1,0,3,2,2,3,0,0,0,1,0,1,1,0,0,2,2,1,1,2,0,1,2,0,1,0,1,1,0,0,1,2,0,1,2,2,0,0,1,0,0,0,0,0,0,1,0,0,0,0,0,0,0,0,0,1,0,0,0,1,0,0,0,0,0,0,0,0,1,0,1,0,0,0,0,1,0,1,0,0,0,0],"tail_threshold":166,"tail_removal_rate":96.71361502347418,"tail_post_filtering_doc_counts":7,"global_removal_rate":91.3058420861836}