{"cluster_sizes":[1,2,3,4,5,6,7,8,9,10,11,12,13,14,15,16,17,18,19,20,21,22,23,24,25,26,27],"cluster_removal_rates":[98.73717679524866,85.83815028901735,89.87341772151899,99.02912621359224,100.0,98.36065573770492,100.0,100.0,100.0,100.0,100.0,100.0,100.0,100.0,100.0,100.0,100.0,100.0,100.0,100.0,100.0,100.0,100.0,100.0,100.0,100.0,100.0],"cluster_post_filtering_doc_counts":[421,49,16,1,0,1,0,0,0,0,0,0,0,0,0,0,0,0,0,0,0,0,0,0,0,0,0],"tail_threshold":28,"tail_removal_rate":100.0,"tail_post_filtering_doc_counts":0,"global_removal_rate":98.57767414747886}