{"cluster_sizes":[1,2,3,4,5,6,7,8,9,11],"cluster_removal_rates":[81.81818181818183,50.0,57.14285714285714,100.0,66.66666666666666,66.66666666666666,100.0,66.66666666666666,100.0,100.0],"cluster_post_filtering_doc_counts":[4,1,3,0,1,1,0,1,0,0],"tail_threshold":13,"tail_removal_rate":100.0,"tail_post_filtering_doc_counts":0,"global_removal_rate":77.08333333333334}