{"cluster_sizes":[1,2,5,6,8,11,13,15,16,17,18,19,20,21,22,23,24,25,26,27,28,29,30,31,32,33,34,35,36,37,38,39],"cluster_removal_rates":[71.96652719665272,66.66666666666666,100.0,50.0,100.0,0.0,100.0,100.0,0.0,37.5,54.54545454545454,75.75757575757575,62.71186440677966,55.0561797752809,51.69491525423729,51.298701298701296,64.28571428571429,56.42857142857143,67.4074074074074,69.1358024691358,79.6875,76.47058823529412,63.63636363636363,50.0,20.0,0.0,0.0,25.0,0.0,0.0,0.0,0.0],"cluster_post_filtering_doc_counts":[134,19,0,1,0,1,0,0,1,5,5,8,22,40,57,75,55,61,44,25,13,8,4,2,4,1,6,3,1,4,2,1],"tail_threshold":40,"tail_removal_rate":0.0,"tail_post_filtering_doc_counts":2,"global_removal_rate":63.72372372372372}