{"cluster_sizes":[1,2,3,4,5,6,7,8,9,10,11,12,13,14,15,17,20],"cluster_removal_rates":[50.847457627118644,31.48148148148148,41.935483870967744,73.19587628865979,52.83018867924528,45.23809523809524,48.148148148148145,50.0,40.0,16.666666666666664,20.0,0.0,0.0,20.0,100.0,100.0,100.0],"cluster_post_filtering_doc_counts":[87,37,18,26,25,23,14,11,9,5,4,1,2,4,0,0,0],"tail_threshold":43,"tail_removal_rate":100.0,"tail_post_filtering_doc_counts":0,"global_removal_rate":50.83179297597042}