{"cluster_sizes":[1,2,3,4,5,6,7,8,9,10,11,14,15,18,20,21,22,24,25,26,28,30,57],"cluster_removal_rates":[84.12162162162163,77.27272727272727,90.9090909090909,45.45454545454545,100.0,100.0,100.0,100.0,100.0,100.0,100.0,0.0,66.66666666666666,100.0,100.0,100.0,0.0,100.0,100.0,100.0,50.0,100.0,100.0],"cluster_post_filtering_doc_counts":[141,5,1,6,0,0,0,0,0,0,0,1,1,0,0,0,1,0,0,0,1,0,0],"tail_threshold":61,"tail_removal_rate":0.0,"tail_post_filtering_doc_counts":1,"global_removal_rate":83.72811534500515}