{"cluster_sizes":[1,2,3,4,5,6,7,8,9,10,11,12,13,14,15,16,17,18,19,20,22,24,25,27,28,29,30,35,36,39,44,45,46,58,71,72,73,78],"cluster_removal_rates":[85.00445632798575,81.33640552995391,90.05847953216374,82.10526315789474,92.7536231884058,92.5,100.0,94.11764705882352,100.0,100.0,84.61538461538461,83.33333333333334,100.0,100.0,100.0,100.0,100.0,100.0,100.0,100.0,100.0,100.0,100.0,100.0,100.0,100.0,100.0,100.0,100.0,100.0,100.0,100.0,100.0,50.0,100.0,100.0,100.0,100.0],"cluster_post_filtering_doc_counts":[673,81,17,17,5,3,0,1,0,0,2,1,0,0,0,0,0,0,0,0,0,0,0,0,0,0,0,0,0,0,0,0,0,1,0,0,0,0],"tail_threshold":112,"tail_removal_rate":83.33333333333334,"tail_post_filtering_doc_counts":1,"global_removal_rate":85.23564064801178}