{"cluster_sizes":[1,2,3,4,5,6,7,8,9,10,11,12,13,14,15,16,17,18,19,20,21,22,23,24,25,26,27,28,29,30,31,32,33,34,35,36,37,38,39,40,41,42,43,44,45,46,47,48,49,50,51,52,53,54,55,56,57,58,59,60,61,62,63,64,65,66,67,68,69,70,71,72,73,74,75,76,77,78,79,80,81,82,84,85,86,87,88,89,90,91,92,93,94,95,96,97,98,99,100,101,102,103,104,105,106,107,108,109,111,116,117,120,121,122,125,126,134,140,143,145,146,153,154,161,164],"cluster_removal_rates":[88.7368054750029,80.22598870056498,63.97350993377483,67.27772685609533,69.23076923076923,74.63414634146342,60.46025104602511,62.5,57.54716981132076,58.620689655172406,78.84615384615384,76.92307692307693,67.88990825688074,80.0,66.66666666666666,65.0,61.81818181818181,68.57142857142857,64.70588235294117,53.75,54.54545454545454,56.25,51.02040816326531,55.92105263157895,54.088050314465406,52.83018867924528,48.57142857142857,49.09090909090909,62.06896551724138,70.73170731707317,88.88888888888889,88.88888888888889,78.26086956521739,81.25,63.1578947368421,71.42857142857143,82.35294117647058,66.66666666666666,58.333333333333336,88.88888888888889,63.63636363636363,57.14285714285714,80.0,85.71428571428571,75.0,71.42857142857143,100.0,75.0,85.71428571428571,50.0,60.0,83.33333333333334,60.0,71.42857142857143,50.0,100.0,100.0,100.0,100.0,66.66666666666666,87.5,66.66666666666666,100.0,100.0,100.0,100.0,100.0,75.0,100.0,100.0,100.0,100.0,100.0,66.66666666666666,100.0,83.33333333333334,100.0,100.0,60.0,100.0,100.0,100.0,50.0,100.0,100.0,100.0,100.0,100.0,100.0,66.66666666666666,0.0,66.66666666666666,0.0,100.0,100.0,100.0,66.66666666666666,80.0,60.0,100.0,50.0,100.0,66.66666666666666,0.0,100.0,100.0,0.0,100.0,100.0,100.0,100.0,100.0,100.0,100.0,100.0,100.0,100.0,100.0,100.0,100.0,100.0,100.0,100.0,100.0,100.0],"cluster_post_filtering_doc_counts":[1942,560,544,357,264,208,189,138,135,96,33,27,35,17,21,21,21,22,24,37,50,56,72,67,73,50,54,28,22,12,2,2,5,3,7,6,3,5,5,1,4,3,2,1,2,2,0,1,1,5,2,1,4,2,2,0,0,0,0,2,1,1,0,0,0,0,0,1,0,0,0,0,0,1,0,1,0,0,2,0,0,0,1,0,0,0,0,0,0,1,1,1,1,0,0,0,1,1,2,0,1,0,1,1,0,0,1,0,0,0,0,0,0,0,0,0,0,0,0,0,0,0,0,0,0],"tail_threshold":168,"tail_removal_rate":96.55172413793103,"tail_post_filtering_doc_counts":1,"global_removal_rate":81.29371250044379}