{"cluster_sizes":[1,2,3,4,5,6,7,8,9,10,11,12,13,14,15,16,17,20,21,22,23,25,27,30,32,33,36,39,40,42,43,50],"cluster_removal_rates":[98.1981981981982,96.875,93.75,88.23529411764706,100.0,94.44444444444444,100.0,91.66666666666666,100.0,100.0,100.0,100.0,100.0,100.0,100.0,100.0,100.0,100.0,100.0,100.0,100.0,0.0,100.0,100.0,100.0,100.0,100.0,100.0,100.0,100.0,100.0,100.0],"cluster_post_filtering_doc_counts":[6,2,2,2,0,1,0,1,0,0,0,0,0,0,0,0,0,0,0,0,0,1,0,0,0,0,0,0,0,0,0,0],"tail_threshold":61,"tail_removal_rate":100.0,"tail_post_filtering_doc_counts":0,"global_removal_rate":97.26277372262774}