{"cluster_sizes":[1,2,3,4,5,6,7,10,16,17,18,19,20,21,22,23,24,25,26,27,28,29,30,31,32,33,34,36,37,39,40],"cluster_removal_rates":[74.13333333333333,51.61290322580645,0.0,100.0,0.0,100.0,100.0,0.0,66.66666666666666,42.857142857142854,66.66666666666666,52.38095238095239,65.21739130434783,61.81818181818181,52.800000000000004,57.04225352112676,63.26530612244898,72.22222222222221,68.26923076923077,75.36231884057972,82.22222222222221,79.3103448275862,76.92307692307693,100.0,50.0,28.57142857142857,0.0,0.0,0.0,0.0,0.0],"cluster_post_filtering_doc_counts":[97,15,4,0,2,0,0,1,1,4,3,10,16,21,59,61,54,40,33,17,8,6,3,0,1,5,3,4,6,3,1],"tail_threshold":42,"tail_removal_rate":33.33333333333333,"tail_post_filtering_doc_counts":2,"global_removal_rate":65.95744680851064}