{"cluster_sizes":[1,2,3,4,5,6,7,8,9,10,11,12,13,14,15,16,17,18,19,20,21,22,23,24,25,26,27,28,29,30,31,32,33,34,35,36,37,38,39,40,41,42,43,44,45,46,47,48,49,50,51,52,53,54,55,56,58,59,60,61,62,63,64,66,67,69,70,71,72,73,75,76,77,78,79,81,82,84,85,86,87,88,89,91,93,95,96,99,102,105,106,107,112,115,116,120,129,134,135,137,138,139,140,145,152,156,158,160,172,174,175,183,185,189,196,208,217,224,256,272,273,281,285,298,334,344,363,378,423],"cluster_removal_rates":[95.4034816911071,93.05317324185248,91.49560117302052,79.3103448275862,66.99029126213593,70.98646034816247,86.36363636363636,85.25345622119815,92.20779220779221,83.5820895522388,87.70491803278688,88.29787234042553,91.42857142857143,88.52459016393442,90.0,86.95652173913044,88.63636363636364,87.2340425531915,91.66666666666666,90.0,100.0,94.44444444444444,90.9090909090909,88.23529411764706,88.88888888888889,87.5,100.0,100.0,84.61538461538461,100.0,92.3076923076923,100.0,88.88888888888889,83.33333333333334,100.0,90.9090909090909,92.3076923076923,92.85714285714286,100.0,85.71428571428571,71.42857142857143,100.0,80.0,100.0,75.0,100.0,100.0,100.0,100.0,100.0,100.0,100.0,100.0,100.0,75.0,100.0,100.0,100.0,100.0,100.0,75.0,100.0,100.0,100.0,100.0,100.0,100.0,100.0,100.0,100.0,100.0,100.0,100.0,100.0,100.0,100.0,100.0,100.0,100.0,100.0,100.0,100.0,100.0,100.0,100.0,100.0,100.0,100.0,100.0,100.0,100.0,100.0,100.0,100.0,100.0,100.0,100.0,100.0,100.0,100.0,100.0,100.0,100.0,100.0,100.0,100.0,100.0,100.0,100.0,100.0,100.0,100.0,100.0,100.0,100.0,100.0,100.0,100.0,100.0,100.0,100.0,100.0,100.0,100.0,100.0,100.0,100.0,100.0,100.0],"cluster_post_filtering_doc_counts":[536,162,116,216,272,150,36,32,12,22,15,11,6,7,6,9,5,6,3,3,0,1,2,2,1,2,0,0,2,0,1,0,2,2,0,1,1,1,0,1,2,0,2,0,2,0,0,0,0,0,0,0,0,0,1,0,0,0,0,0,1,0,0,0,0,0,0,0,0,0,0,0,0,0,0,0,0,0,0,0,0,0,0,0,0,0,0,0,0,0,0,0,0,0,0,0,0,0,0,0,0,0,0,0,0,0,0,0,0,0,0,0,0,0,0,0,0,0,0,0,0,0,0,0,0,0,0,0,0],"tail_threshold":430,"tail_removal_rate":100.0,"tail_post_filtering_doc_counts":0,"global_removal_rate":91.58473842392135}