{"cluster_sizes":[1,2,3,4,5,6,7,8,9,10,11,12,13,14,15,16,17,18,19,20,21,22,23,24,25,26,27,28,29,30,31,32,33,34,35,36,37,38,39,40,41,42,43,44,45,46,47,48,49,50,51,52,53,54,55,56,57,58,59,60,61,62,63,64,65,66,67,68,69,70,71,72,73,74,75,76,77,78,79,80,81,82,83,84,85,86,87,88,89,90,91,92,93,94,95,96,97,98,99,100,101,102,103,104,105,106,107,108,109,110,111,112,113,114,115,116,117,118,119,120,121,122,123,124,125,126,127,128,129,130,131,132,133,134,135,136,137,138,139,140,141,142,143,144,145,146,147,148,149,150,151,152,153,154,155,156,157,158,159,160,161,162,163,164,165,166,167,168,169,170,171,172,173,174,175,176,177,178,179,180,181,182,183,184,185,186,187,188,189,190,191,192,193,194,195,196,197,198,199,200,201,202,203,204,205,206,207,208,209,210,211,212,213,214,215,216,217,218,219,220,221,222,223,224,225,226,227,228,229,230,231,232,233,234,235,236,237,238,239,240,241,242,243,244,245,246,247,248,249,250,251,252,253,254,255,256,257,258,259,260,261,262,263,264,265,266,267,268,269,270,271,272],"cluster_removal_rates":[99.9694794715345,99.8691115050987,99.69188901748569,99.32141631241254,99.10571440292078,99.33908901458767,99.19744492670543,99.0772070132267,99.36106239037835,99.22708301128459,99.03865821231335,99.1807116104869,99.11842491918895,99.23282188125417,99.21011058451816,99.44979367262724,99.64717741935483,99.39327082184225,99.18952618453865,99.45017182130584,99.21011058451816,99.42100909842844,99.45701357466064,99.38080495356037,99.08151549942595,99.4949494949495,99.17469050894086,99.31129476584022,99.12152269399708,98.93129770992365,99.69465648854961,99.50819672131146,99.4661921708185,99.40476190476191,99.03846153846155,99.2094861660079,98.63325740318906,99.49622166246851,99.47780678851174,98.09782608695652,97.69452449567724,98.80952380952381,99.079754601227,97.67441860465115,98.11320754716981,99.10714285714286,98.67256637168141,100.0,99.4475138121547,97.66355140186917,98.54368932038835,98.78048780487805,97.86096256684492,96.53179190751445,96.68874172185431,99.35064935064936,96.66666666666667,98.4375,98.61111111111111,95.62043795620438,97.65625,97.08029197080292,95.6896551724138,91.17647058823529,98.13084112149532,91.8918918918919,94.68085106382979,92.7710843373494,96.07843137254902,95.09803921568627,94.31818181818183,91.35802469135803,90.2439024390244,92.13483146067416,96.20253164556962,91.91919191919192,93.67088607594937,91.78082191780823,93.84615384615384,91.93548387096774,85.33333333333334,87.01298701298701,93.22033898305084,90.1639344262295,96.05263157894737,92.64705882352942,92.0,93.75,90.32258064516128,82.8125,89.28571428571429,92.06349206349206,89.83050847457628,88.37209302325581,88.23529411764706,90.47619047619048,85.96491228070175,91.52542372881356,87.8048780487805,84.90566037735849,89.58333333333334,89.1891891891892,89.1891891891892,88.0,89.13043478260869,94.11764705882352,91.42857142857143,91.83673469387756,94.73684210526315,92.10526315789474,97.5,100.0,96.875,100.0,94.44444444444444,100.0,100.0,100.0,92.3076923076923,100.0,100.0,87.5,96.7741935483871,95.83333333333334,100.0,100.0,95.23809523809523,95.23809523809523,100.0,100.0,100.0,100.0,100.0,100.0,100.0,100.0,100.0,100.0,100.0,100.0,100.0,100.0,100.0,100.0,100.0,93.75,100.0,100.0,100.0,100.0,100.0,100.0,100.0,100.0,100.0,96.0,93.75,100.0,100.0,100.0,100.0,100.0,100.0,100.0,100.0,100.0,100.0,100.0,100.0,100.0,100.0,100.0,100.0,100.0,100.0,100.0,100.0,100.0,100.0,100.0,100.0,100.0,100.0,100.0,100.0,100.0,100.0,100.0,100.0,100.0,100.0,100.0,100.0,100.0,100.0,100.0,100.0,100.0,100.0,100.0,100.0,100.0,100.0,100.0,100.0,100.0,90.9090909090909,100.0,100.0,100.0,100.0,87.5,100.0,100.0,100.0,100.0,100.0,100.0,100.0,100.0,100.0,100.0,100.0,100.0,100.0,100.0,100.0,100.0,100.0,100.0,100.0,100.0,100.0,100.0,100.0,100.0,100.0,100.0,100.0,100.0,100.0,100.0,100.0,100.0,100.0,100.0,100.0,100.0,100.0,100.0,100.0,100.0,100.0,100.0,100.0,100.0,100.0,100.0,100.0,100.0,100.0,100.0,100.0,100.0,100.0,100.0,100.0,100.0,100.0,100.0,100.0,100.0],"cluster_post_filtering_doc_counts":[358,220,197,257,218,111,98,90,51,50,47,35,30,23,20,12,7,11,13,8,10,7,6,6,8,4,6,5,6,7,2,3,3,3,5,4,6,2,2,7,8,4,3,7,5,2,3,0,1,5,3,2,4,6,5,1,5,2,2,6,3,4,5,9,2,9,5,6,4,5,5,7,8,7,3,8,5,6,4,5,11,10,4,6,3,5,6,4,6,11,6,5,6,5,6,6,8,5,5,8,5,4,4,6,5,2,3,4,2,3,1,0,1,0,2,0,0,0,2,0,0,2,1,1,0,0,1,1,0,0,0,0,0,0,0,0,0,0,0,0,0,0,0,0,0,1,0,0,0,0,0,0,0,0,0,1,1,0,0,0,0,0,0,0,0,0,0,0,0,0,0,0,0,0,0,0,0,0,0,0,0,0,0,0,0,0,0,0,0,0,0,0,0,0,0,0,0,0,0,0,0,0,0,0,0,0,1,0,0,0,0,1,0,0,0,0,0,0,0,0,0,0,0,0,0,0,0,0,0,0,0,0,0,0,0,0,0,0,0,0,0,0,0,0,0,0,0,0,0,0,0,0,0,0,0,0,0,0,0,0,0,0,0,0,0,0,0,0,0,0,0,0],"tail_threshold":273,"tail_removal_rate":100.0,"tail_post_filtering_doc_counts":0,"global_removal_rate":99.8523194680195}