{"cluster_sizes":[1,2,3,4,5,6,7,8,9,10,11,12,22,40],"cluster_removal_rates":[66.51480637813212,15.942028985507244,51.92307692307693,46.0,47.540983606557376,47.82608695652174,53.84615384615385,20.0,42.857142857142854,10.0,0.0,50.0,0.0,100.0],"cluster_post_filtering_doc_counts":[147,58,75,54,32,12,6,4,4,9,2,1,1,0],"tail_threshold":60,"tail_removal_rate":100.0,"tail_post_filtering_doc_counts":0,"global_removal_rate":54.49438202247191}