{"cluster_sizes":[1,2,3,4,5,6,7,8,9,10,11,12,13,14,15,16,17,18,19,20,21,22,23,24,25,26,27,28,29,30,31,32,33,34,35,36,37,38],"cluster_removal_rates":[80.86124401913875,79.2326267775691,78.57142857142857,85.0,62.5,83.33333333333334,75.0,80.0,66.66666666666666,81.25,87.5,57.14285714285714,75.0,88.88888888888889,100.0,80.0,54.54545454545454,55.55555555555556,46.15384615384615,38.095238095238095,47.82608695652174,48.333333333333336,46.913580246913575,52.52525252525253,53.48837209302325,43.61702127659575,54.54545454545454,52.17391304347826,55.172413793103445,50.0,14.285714285714285,40.0,16.666666666666664,0.0,0.0,50.0,0.0,0.0],"cluster_post_filtering_doc_counts":[280,774,15,9,3,2,1,2,1,3,1,6,1,1,0,1,5,4,14,13,24,31,43,47,40,53,30,22,13,9,6,3,5,6,7,1,2,1],"tail_threshold":39,"tail_removal_rate":28.57142857142857,"tail_post_filtering_doc_counts":5,"global_removal_rate":75.87384165176394}