{"cluster_sizes":[1,2,3,4,5,6,7,8,9,10,11,12,13,14,15,16,18,22,26,31,32,33,35,36,37,38,39,41,42,44,48,49,50,69,72,83,99,101],"cluster_removal_rates":[99.87546699875467,100.0,100.0,98.27586206896551,100.0,100.0,100.0,100.0,100.0,90.9090909090909,100.0,100.0,100.0,100.0,100.0,100.0,100.0,100.0,100.0,100.0,100.0,100.0,100.0,100.0,100.0,100.0,100.0,100.0,100.0,100.0,100.0,100.0,100.0,100.0,100.0,100.0,100.0,100.0],"cluster_post_filtering_doc_counts":[1,0,0,1,0,0,0,0,0,1,0,0,0,0,0,0,0,0,0,0,0,0,0,0,0,0,0,0,0,0,0,0,0,0,0,0,0,0],"tail_threshold":104,"tail_removal_rate":100.0,"tail_post_filtering_doc_counts":0,"global_removal_rate":99.78783592644979}