{"cluster_sizes":[1,2,3,4,5,6,7,8,9,10,11,12,13,14,15,16,17,18,19,20,21,22,23,24,25,26,27,28,29,30,31,32,33,34,35,36,37,38,39,40,41,42,43,44,45,46,48,50,51,52,69,200],"cluster_removal_rates":[94.85247959824231,98.66666666666667,100.0,100.0,100.0,100.0,100.0,100.0,100.0,100.0,100.0,100.0,100.0,100.0,100.0,100.0,71.42857142857143,50.0,35.714285714285715,50.0,38.775510204081634,28.846153846153843,34.32835820895522,47.368421052631575,52.94117647058824,47.05882352941176,65.51724137931035,72.22222222222221,66.66666666666666,80.0,50.0,50.0,33.33333333333333,33.33333333333333,0.0,40.0,0.0,75.0,0.0,100.0,0.0,50.0,50.0,100.0,0.0,66.66666666666666,100.0,100.0,100.0,100.0,100.0,100.0],"cluster_post_filtering_doc_counts":[82,4,0,0,0,0,0,0,0,0,0,0,0,0,0,0,2,3,9,16,30,37,44,40,24,18,10,5,3,1,1,2,2,4,5,3,4,1,2,0,1,1,1,0,1,1,0,0,0,0,0,0],"tail_threshold":257,"tail_removal_rate":100.0,"tail_post_filtering_doc_counts":0,"global_removal_rate":87.04644412191583}