{"cluster_sizes":[1,2,3,4,5,15,17,18,19,20,21,22,23,24,25,26,27,28,29,30,31,33,34,35,36,37,38,40,42],"cluster_removal_rates":[82.36842105263158,79.37219730941703,40.0,25.0,0.0,100.0,66.66666666666666,45.45454545454545,38.095238095238095,37.83783783783784,44.44444444444444,49.275362318840585,63.74999999999999,72.63157894736842,60.91954022988506,63.49206349206349,60.0,77.14285714285715,68.18181818181817,77.77777777777779,60.0,0.0,0.0,0.0,0.0,0.0,0.0,0.0,0.0],"cluster_post_filtering_doc_counts":[67,46,12,3,1,0,1,6,13,23,30,35,29,26,34,23,16,8,7,2,2,3,2,3,2,1,5,2,1],"tail_threshold":45,"tail_removal_rate":50.0,"tail_post_filtering_doc_counts":1,"global_removal_rate":68.46213895394223}