{"cluster_sizes":[1,2,3,4,5,6,7,8,9,10,11,12,13,14,15,16,17,18,19,20,22,23,24,25,26,27,28,30,31,32,33,34,35,36,37,39,40,41,42,43,44,46,47,51,52,55,60,61,67,69,76,79,86,104,112,119,131,194,306,339],"cluster_removal_rates":[92.41935483870968,86.51685393258427,89.56521739130436,98.48484848484848,96.49122807017544,95.0,100.0,94.73684210526315,100.0,91.30434782608695,100.0,87.5,100.0,100.0,100.0,100.0,100.0,100.0,100.0,100.0,100.0,50.0,100.0,100.0,100.0,100.0,100.0,100.0,100.0,100.0,100.0,100.0,100.0,100.0,100.0,100.0,100.0,100.0,100.0,100.0,100.0,100.0,100.0,100.0,100.0,100.0,100.0,100.0,100.0,100.0,100.0,100.0,100.0,100.0,100.0,100.0,100.0,100.0,100.0,100.0],"cluster_post_filtering_doc_counts":[47,24,12,1,2,3,0,1,0,2,0,1,0,0,0,0,0,0,0,0,0,1,0,0,0,0,0,0,0,0,0,0,0,0,0,0,0,0,0,0,0,0,0,0,0,0,0,0,0,0,0,0,0,0,0,0,0,0,0,0],"tail_threshold":387,"tail_removal_rate":100.0,"tail_post_filtering_doc_counts":0,"global_removal_rate":92.73008507347255}