{"cluster_sizes":[1,2,3,4,5,6,7,9,11,17,18,19,20,21,22,23,24,25,26,27,28,29,30,31,32,33,34,35,36,37,38,39,41,44],"cluster_removal_rates":[92.63622974963181,60.0,25.0,66.66666666666666,50.0,0.0,50.0,0.0,0.0,28.57142857142857,0.0,15.384615384615385,21.052631578947366,12.121212121212121,25.0,38.0,33.92857142857143,42.857142857142854,36.84210526315789,57.692307692307686,40.0,55.55555555555556,50.0,0.0,0.0,0.0,0.0,0.0,0.0,0.0,0.0,0.0,0.0,0.0],"cluster_post_filtering_doc_counts":[50,6,6,1,1,1,1,1,1,5,3,11,15,29,21,31,37,28,24,11,12,4,1,3,1,1,1,4,1,2,3,4,2,1],"tail_threshold":45,"tail_removal_rate":0.0,"tail_post_filtering_doc_counts":2,"global_removal_rate":70.18348623853211}