{"cluster_sizes":[1,2,3,4,5,6,7,8,9,10,11,12,13,14,15,19,20,21,22,23,26,27,28,34,36,37,39,40,41,44,45,49,50,53,56,70,71,85,105,108,245],"cluster_removal_rates":[89.07849829351537,74.32432432432432,35.16483516483517,41.53846153846154,37.3134328358209,46.34146341463415,34.375,35.294117647058826,63.63636363636363,85.71428571428571,100.0,100.0,100.0,100.0,100.0,100.0,100.0,100.0,100.0,0.0,100.0,100.0,100.0,100.0,100.0,100.0,100.0,100.0,100.0,100.0,100.0,100.0,0.0,100.0,100.0,100.0,100.0,100.0,100.0,100.0,100.0],"cluster_post_filtering_doc_counts":[96,38,118,38,42,22,21,22,4,1,0,0,0,0,0,0,0,0,0,2,0,0,0,0,0,0,0,0,0,0,0,0,1,0,0,0,0,0,0,0,0],"tail_threshold":462,"tail_removal_rate":100.0,"tail_post_filtering_doc_counts":0,"global_removal_rate":73.23198942498348}