{"cluster_sizes":[1,2,3,4,5,6,7,8,9,13,14,22,38],"cluster_removal_rates":[93.18181818181817,98.0,88.88888888888889,80.0,66.66666666666666,18.181818181818183,20.0,100.0,100.0,100.0,0.0,100.0,100.0],"cluster_post_filtering_doc_counts":[9,1,1,1,1,9,4,0,0,0,1,0,0],"tail_threshold":86,"tail_removal_rate":100.0,"tail_post_filtering_doc_counts":0,"global_removal_rate":87.83783783783784}