{"cluster_sizes":[1,2,3,4,5,6,7,8,9,10,12,13,14,15,17,19,20,22,28,34,39],"cluster_removal_rates":[89.28571428571429,76.66666666666667,100.0,100.0,87.5,100.0,100.0,75.0,100.0,100.0,100.0,100.0,100.0,100.0,100.0,100.0,100.0,100.0,100.0,0.0,100.0],"cluster_post_filtering_doc_counts":[12,7,0,0,1,0,0,1,0,0,0,0,0,0,0,0,0,0,0,1,0],"tail_threshold":41,"tail_removal_rate":100.0,"tail_post_filtering_doc_counts":0,"global_removal_rate":89.10891089108911}