{"cluster_sizes":[1,2,3,4,5,6,7,8,9,10,11,12,13,14,15,16,17,18,19,20,21,22,23,24,25,26,27,28,29,30,32,33,34,35,38,39,40,41,42,43,47,49],"cluster_removal_rates":[96.16477272727273,98.24561403508771,99.375,100.0,98.75,78.04878048780488,84.50704225352112,70.65217391304348,59.32203389830508,53.90070921985816,48.66666666666667,36.97916666666667,76.16822429906543,90.60773480662984,93.75,87.5,83.33333333333334,50.0,25.0,50.0,33.33333333333333,50.0,14.285714285714285,50.0,80.0,50.0,100.0,80.0,100.0,33.33333333333333,0.0,100.0,100.0,100.0,100.0,100.0,100.0,100.0,100.0,100.0,100.0,100.0],"cluster_post_filtering_doc_counts":[81,8,1,0,1,9,11,27,48,65,77,121,51,17,3,1,1,2,9,4,8,7,6,2,1,2,0,1,0,2,1,0,0,0,0,0,0,0,0,0,0,0],"tail_threshold":57,"tail_removal_rate":100.0,"tail_post_filtering_doc_counts":0,"global_removal_rate":86.73373888628919}