{"cluster_sizes":[1,2,3,4,5,6,7,8,9,11,12,14,16,17,23,30,31,32,33,34,35,36,37,38,39,47],"cluster_removal_rates":[18.404907975460123,40.0,14.84375,26.666666666666668,38.46153846153847,38.46153846153847,11.11111111111111,33.33333333333333,100.0,19.047619047619047,50.0,50.0,0.0,0.0,100.0,100.0,100.0,100.0,100.0,100.0,100.0,100.0,100.0,100.0,100.0,100.0],"cluster_post_filtering_doc_counts":[133,39,109,44,56,32,8,4,0,17,1,2,1,1,0,0,0,0,0,0,0,0,0,0,0,0],"tail_threshold":61,"tail_removal_rate":100.0,"tail_post_filtering_doc_counts":0,"global_removal_rate":29.383886255924168}