{"cluster_sizes":[1,2,3,4,5,6,7,8,9,10,11,12,13,14,15,16,17,18,19,20,21,22,23,24,27,28,30,32,33,34,35,36,37,38,39,40,41,42,43,60,61,63,68,77,81],"cluster_removal_rates":[93.8396176314392,92.69911504424779,95.72649572649573,95.45454545454545,99.3006993006993,100.0,100.0,100.0,90.47619047619048,100.0,100.0,100.0,100.0,100.0,100.0,100.0,100.0,100.0,100.0,100.0,100.0,100.0,100.0,100.0,100.0,100.0,100.0,100.0,100.0,100.0,100.0,75.0,100.0,100.0,100.0,100.0,50.0,100.0,100.0,100.0,100.0,100.0,100.0,100.0,100.0],"cluster_post_filtering_doc_counts":[116,33,10,7,1,0,0,0,2,0,0,0,0,0,0,0,0,0,0,0,0,0,0,0,0,0,0,0,0,0,0,1,0,0,0,0,1,0,0,0,0,0,0,0,0],"tail_threshold":110,"tail_removal_rate":100.0,"tail_post_filtering_doc_counts":0,"global_removal_rate":94.5748730964467}