{"cluster_sizes":[1,2,3,4,5,6,7,8,9,10,11,12,16,17,18,19,20,21,22,23,24,25,26,27,28,29,30,31,32,33,34,35,36,37,38,39,40,41,42,43,44,45,46,47,48,49],"cluster_removal_rates":[58.06451612903226,65.0485436893204,31.62393162393162,45.28301886792453,26.666666666666668,20.833333333333336,16.3265306122449,45.83333333333333,12.5,60.0,25.0,100.0,100.0,100.0,33.33333333333333,40.0,62.5,42.857142857142854,28.57142857142857,46.42857142857143,43.75,22.727272727272727,38.70967741935484,20.833333333333336,11.538461538461538,0.0,3.7037037037037033,4.761904761904762,15.0,20.0,25.0,25.0,42.857142857142854,75.0,50.0,33.33333333333333,0.0,0.0,25.0,0.0,0.0,0.0,0.0,0.0,33.33333333333333,0.0],"cluster_post_filtering_doc_counts":[78,36,80,29,33,57,41,13,7,2,3,0,0,0,2,3,3,4,5,15,18,17,19,19,23,26,26,20,17,12,9,3,4,1,2,2,4,2,3,1,2,1,2,1,2,1],"tail_threshold":51,"tail_removal_rate":50.0,"tail_post_filtering_doc_counts":1,"global_removal_rate":36.86770428015564}