{"cluster_sizes":[1,2,3,4,5,7,9,17,19,20,21,23,24,25,27,28,30,34,41,62],"cluster_removal_rates":[66.99507389162561,40.74074074074074,100.0,66.66666666666666,66.66666666666666,100.0,100.0,100.0,50.0,100.0,100.0,100.0,100.0,100.0,66.66666666666666,100.0,100.0,100.0,0.0,0.0],"cluster_post_filtering_doc_counts":[67,16,0,1,1,0,0,0,1,0,0,0,0,0,1,0,0,0,1,1],"tail_threshold":115,"tail_removal_rate":0.0,"tail_post_filtering_doc_counts":1,"global_removal_rate":67.03296703296702}