{"cluster_sizes":[1,2,3,4,5,6,7,8,9,10,11,12,13,14,15,16,17,18,19,20,21,22,23,24,25,26,27,28,29,30,31,32,33,34,35,36,37,38,39,40,41,42,43,44,45,46,47,48,49,50,51,52,53,54,55,56,57,58,59,60,61,62,63,64,65,66,67,68,69,70,71,72,73,74,75,76,77,78,79,80,81,82,83,84,85,86,87,88,89,90,91,92,93,94,95,96],"cluster_removal_rates":[47.94176856176678,29.376228405917036,28.831217326362957,31.317715128481478,24.127617148554336,21.553693830921553,24.09508373851972,37.852348993288594,33.700198106977766,34.25736796031514,37.40288568257492,49.66216216216216,33.64595545134818,29.846153846153843,29.406392694063925,30.849825378346914,31.73734610123119,26.56826568265683,22.267206477732792,16.39344262295082,22.058823529411764,17.84841075794621,21.91780821917808,24.834437086092713,22.709163346613543,23.214285714285715,22.68041237113402,25.128205128205128,23.699421965317917,24.867724867724867,22.31404958677686,21.782178217821784,23.728813559322035,27.450980392156865,20.588235294117645,35.51401869158878,34.93975903614458,23.809523809523807,28.40909090909091,24.509803921568626,19.230769230769234,13.513513513513514,13.333333333333334,11.409395973154362,23.655913978494624,22.988505747126435,20.224719101123593,32.20338983050847,29.411764705882355,35.714285714285715,47.05882352941176,39.285714285714285,40.0,46.666666666666664,44.44444444444444,37.83783783783784,46.42857142857143,40.0,38.70967741935484,44.0,50.0,50.0,50.0,54.166666666666664,65.38461538461539,48.38709677419355,46.15384615384615,57.14285714285714,40.0,48.0,45.83333333333333,41.17647058823529,60.0,52.63157894736842,30.0,52.38095238095239,62.5,46.666666666666664,64.70588235294117,46.15384615384615,55.55555555555556,60.0,61.904761904761905,62.5,63.63636363636363,72.72727272727273,50.0,42.857142857142854,42.857142857142854,42.857142857142854,66.66666666666666,81.81818181818183,80.0,40.0,57.14285714285714,55.55555555555556],"cluster_post_filtering_doc_counts":[52495,34136,19059,12108,8371,7210,5620,4167,3012,2253,1692,1490,1132,912,773,594,499,398,384,459,371,336,285,227,194,172,150,146,132,142,94,79,90,74,81,69,54,64,63,77,126,160,143,132,71,67,71,40,36,27,18,17,21,24,15,23,15,12,19,14,15,12,8,11,9,16,14,12,12,13,13,10,10,9,14,10,6,8,6,7,8,6,8,6,4,3,7,4,4,4,3,2,1,6,3,4],"tail_threshold":97,"tail_removal_rate":71.37254901960785,"tail_post_filtering_doc_counts":73,"global_removal_rate":36.79997802775566}