{"cluster_sizes":[1,2,3,4,5,6,7,8,10,13,16,19,22,36],"cluster_removal_rates":[65.86102719033232,35.714285714285715,17.77777777777778,18.103448275862068,63.888888888888886,80.0,100.0,100.0,100.0,50.0,0.0,100.0,100.0,100.0],"cluster_post_filtering_doc_counts":[113,63,148,95,13,1,0,0,0,1,1,0,0,0],"tail_threshold":41,"tail_removal_rate":100.0,"tail_post_filtering_doc_counts":0,"global_removal_rate":44.44444444444444}