{"cluster_sizes":[1,2,3,4,5,6,7,8,9,10,11,12,13,14,15,16,17,18,19,20,22,23,25,26,28,29,30,31,32,34,35,38,39,40,42,45,62,88,91,103],"cluster_removal_rates":[99.71181556195965,100.0,100.0,100.0,100.0,92.85714285714286,100.0,100.0,100.0,100.0,100.0,100.0,100.0,100.0,100.0,100.0,100.0,100.0,100.0,100.0,100.0,100.0,100.0,100.0,100.0,100.0,100.0,100.0,100.0,100.0,100.0,100.0,100.0,100.0,100.0,100.0,100.0,100.0,100.0,100.0],"cluster_post_filtering_doc_counts":[1,0,0,0,0,2,0,0,0,0,0,0,0,0,0,0,0,0,0,0,0,0,0,0,0,0,0,0,0,0,0,0,0,0,0,0,0,0,0,0],"tail_threshold":642,"tail_removal_rate":100.0,"tail_post_filtering_doc_counts":0,"global_removal_rate":99.52978056426332}