{"cluster_sizes":[1,2,3,4,5,6,7,8,9,10,11,12,13,14,15,16,17,18,19,20,21,22,23,24,25,26,27,28,29,30,31,32,33,34,35,36,37,38,40,41,42,43,44,45,47,48,49,50,56,58,60,61,66,68,72,82,111,116,144,163,183],"cluster_removal_rates":[99.8936170212766,91.72889144170017,89.03048045462373,88.27361563517914,72.32704402515722,78.30188679245283,62.68656716417911,57.971014492753625,60.22727272727273,54.929577464788736,70.27027027027027,73.80952380952381,67.56756756756756,65.38461538461539,74.19354838709677,95.23809523809523,76.19047619047619,86.66666666666667,93.75,85.71428571428571,85.71428571428571,80.0,90.0,91.66666666666666,100.0,100.0,87.5,100.0,100.0,83.33333333333334,100.0,100.0,100.0,100.0,100.0,100.0,100.0,100.0,100.0,100.0,100.0,100.0,100.0,100.0,100.0,100.0,100.0,100.0,100.0,100.0,100.0,100.0,100.0,100.0,100.0,100.0,100.0,100.0,100.0,100.0,100.0],"cluster_post_filtering_doc_counts":[2,144,637,72,44,23,25,29,35,32,22,11,12,9,8,1,5,4,1,2,2,1,1,1,0,0,1,0,0,1,0,0,0,0,0,0,0,0,0,0,0,0,0,0,0,0,0,0,0,0,0,0,0,0,0,0,0,0,0,0,0],"tail_threshold":234,"tail_removal_rate":100.0,"tail_post_filtering_doc_counts":0,"global_removal_rate":89.85572587917042}