{"cluster_sizes":[1,2,3,4,5,6,7,8,9,10,11,12,13,14,15,16,17,18,19,20,21,22,23,24,25,26,27,28,29,30,31,32,33,34,35,36,37,38,39,40,41,42,43,44,45,46,47,48,49,50,51,52,53,54,55,56,57,58,59,60,61,62,63,64,65,66,67,68,69,70,71,72,73,74,75,76,77,78,79,80,81,82,83,84,85,86,87,88,89,90,91,92,93,94,95,96,97,98,99,100,101,102,103,104,105,106,107,108,109,110,111,112,113,114,115,116,117,118,119,120,121,122,123,124,125,126,127,128,129,130,131,132,133,134,135,136],"cluster_removal_rates":[62.76425513430889,48.258966731040765,43.16087882878388,42.175459338564735,40.908739300970595,42.49269710486481,36.44045998748291,35.87657470857778,36.22874856709237,36.16115833037536,35.23283978079503,35.05845066615836,34.11855516376331,34.59091563835406,34.802742938484634,34.79840556892439,34.405301881772,34.69506051865244,33.799276025299335,34.87894548063128,34.874993556368885,34.70527285286668,34.904991863944154,35.528232620476665,35.40725678761313,35.57038248522469,35.889263842019744,35.96525495783257,35.182552175900064,36.48233278024101,36.6726780883679,37.385113268608414,37.900016719612104,37.092757833575426,37.72806710940231,38.023328092434824,37.188995215311,37.319037278320664,37.218488688247064,38.094969228163286,38.42432619212163,38.92947270553858,38.07289787080476,39.28257569705201,39.23411662315057,39.7969932011874,40.37163915706426,42.666072224699064,40.92700991518337,43.031016882606984,41.740073180647784,42.80616614330574,41.917724422694604,43.816024703396714,43.219329589926836,43.846290065521515,44.46340538490709,45.582688108000795,43.52353186172428,45.34188034188034,44.34503326451021,44.0,43.94812680115274,43.8482655353132,43.585100879461976,44.35233160621762,43.44396082698586,43.07692307692308,44.108139876579486,42.52365930599369,45.10190664036818,46.43921828420007,46.1054837582955,44.894950239587175,47.29887291099884,47.29299363057325,46.86051411715128,47.51308900523561,47.25274725274725,47.54328497894244,45.987198424421464,47.43326488706365,45.30528476141611,46.56716417910447,43.24045407636739,44.061505832449626,43.71224601867106,43.04372515616127,44.16461916461916,45.88385449904276,48.57142857142857,46.893787575150306,48.301886792452834,49.37791601866252,48.917401764234164,48.275862068965516,48.817567567567565,50.09242144177449,51.38772077375946,54.03508771929825,52.45245245245245,51.85929648241206,52.130044843049326,52.800000000000004,52.679589509692136,47.83549783549784,48.91676168757127,52.0,54.004854368932044,50.99601593625498,51.832460732984295,54.37499999999999,51.67785234899329,53.98860398860399,47.97687861271676,51.780415430267055,54.43234836702955,54.41176470588235,54.882154882154886,55.55555555555556,54.530201342281885,54.8440065681445,54.49330783938815,55.830388692579504,55.839416058394164,55.296229802513466,55.00000000000001,55.08982035928144,57.05882352941176,51.70212765957447,56.10859728506787,50.56179775280899,56.35964912280702,55.75221238938053,52.22222222222223,55.8252427184466],"cluster_post_filtering_doc_counts":[8126517,3599217,2073357,1508341,1092390,784506,610354,511199,394980,327326,271945,228265,187772,163473,142900,123825,106003,94636,83211,72623,63168,56715,49605,44256,38755,34667,30777,27866,25529,23351,21069,19348,18571,18189,17816,16950,15753,13855,12238,10964,9801,9196,8580,7600,6982,6287,5744,5144,4945,4353,4299,4007,3798,3457,3337,3171,2929,2741,2712,2558,2426,2408,2334,2250,2181,2148,2079,1961,1902,1822,1670,1617,1543,1495,1356,1324,1261,1203,1152,1121,1097,1024,1066,1074,1100,1055,1025,1003,909,848,756,795,685,651,637,615,606,540,578,524,475,479,427,413,415,482,448,396,379,369,368,365,360,323,360,325,293,279,268,252,271,275,238,250,242,249,225,225,219,227,194,220,199,200,215,182],"tail_threshold":137,"tail_removal_rate":63.29255724335708,"tail_post_filtering_doc_counts":16384,"global_removal_rate":52.377666063774505}