{"cluster_sizes":[1,2,3,4,5,6,7,8],"cluster_removal_rates":[37.5,66.66666666666666,100.0,100.0,0.0,100.0,100.0,0.0],"cluster_post_filtering_doc_counts":[5,1,0,0,1,0,0,1],"tail_threshold":21,"tail_removal_rate":100.0,"tail_post_filtering_doc_counts":0,"global_removal_rate":57.89473684210527}