{"cluster_sizes":[1,2,3,4,5,6,7,8,9,10,11,12,13,14,15,16,17,18,19,20,21,22,23,24,25,26,27,28,29,30,31,32,33,34,35,36,37,38,39,40,41,44,54,57,90,110],"cluster_removal_rates":[86.60287081339713,93.21766561514195,88.67924528301887,100.0,95.83333333333334,100.0,100.0,100.0,100.0,100.0,100.0,80.0,100.0,100.0,100.0,100.0,62.5,40.0,25.0,23.333333333333332,32.142857142857146,21.428571428571427,28.333333333333332,41.66666666666667,43.58974358974359,36.11111111111111,60.71428571428571,0.0,28.57142857142857,50.0,66.66666666666666,0.0,50.0,16.666666666666664,33.33333333333333,33.33333333333333,66.66666666666666,0.0,0.0,0.0,0.0,0.0,100.0,100.0,0.0,100.0],"cluster_post_filtering_doc_counts":[84,43,6,0,1,0,0,0,0,0,0,1,0,0,0,0,3,6,6,23,19,33,43,28,22,23,11,9,5,4,1,4,1,5,2,2,1,3,1,2,1,1,0,0,1,0],"tail_threshold":185,"tail_removal_rate":100.0,"tail_post_filtering_doc_counts":0,"global_removal_rate":78.48583877995642}