{"cluster_sizes":[1,2,3,4,5,6,7,8,9,10,11,12,13,14,15,16,17,18,19,20,21,22,23,24,25,26,27,28,29,30,31,32,33,34,35,36,37,38,39,40,41,42,43,44,45,46,47,48,49,50,51,52,53,54,55,56,57,58,59,60,61,62,63,64,65,66,67,68,69,70,71,72,73,74,75,76,77,78,79,80,81,82,83,84,85,86,87,88,89,90,91,92,93,94,95,96,97,98,99,100,101,102,103,104,105,106,107,108,109,110,111,112,113,114,116,117,118,119,120,121,122,123,124,126,127,128,129,130,132,133,134,135,137,138,139,140,141,142,143,144,147,149,152,153,155,156,158,159,163,164,166,169,171,172,174,175,176,177,179,181,182,183,187,189,190,191,194,201,202,213,217,218,219,220,228,233,239,240,252,255,269,272,274,283,285,294,296,302,305,314,346,349,355,356],"cluster_removal_rates":[96.20152293253055,96.84149521877717,95.93582887700535,97.20960415314731,97.42457689477557,97.92207792207792,96.83877766069547,95.09345794392523,96.043656207367,96.73539518900344,95.69288389513109,97.46588693957115,96.46643109540636,98.8976377952756,98.47619047619047,98.76543209876543,97.51773049645391,98.90710382513662,97.2027972027972,99.23076923076923,99.19354838709677,100.0,99.11504424778761,98.29059829059828,93.42105263157895,93.58974358974359,100.0,98.7012987012987,98.87640449438202,100.0,97.72727272727273,100.0,100.0,100.0,99.19354838709677,100.0,100.0,95.95959595959596,92.72727272727272,92.90780141843972,92.19858156028369,90.0,91.14583333333334,89.58333333333334,89.75409836065575,89.8876404494382,83.44827586206897,85.2,81.11587982832617,88.02588996763754,85.33333333333334,87.59398496240601,88.27361563517914,88.10408921933085,92.95774647887323,91.63346613545816,96.17021276595744,95.83333333333334,97.5609756097561,96.1038961038961,95.45454545454545,99.07407407407408,98.31932773109243,98.4,98.93617021276596,100.0,98.71794871794873,98.80952380952381,100.0,99.0,95.0,100.0,100.0,95.34883720930233,98.07692307692307,97.67441860465115,96.96969696969697,97.5,94.73684210526315,96.96969696969697,96.29629629629629,95.65217391304348,85.71428571428571,100.0,100.0,100.0,88.23529411764706,100.0,87.5,94.11764705882352,78.57142857142857,90.0,100.0,100.0,100.0,100.0,100.0,71.42857142857143,85.71428571428571,100.0,100.0,91.66666666666666,80.0,80.0,90.9090909090909,100.0,100.0,100.0,100.0,100.0,100.0,100.0,100.0,100.0,100.0,100.0,100.0,66.66666666666666,100.0,100.0,100.0,100.0,100.0,80.0,100.0,100.0,100.0,100.0,100.0,50.0,100.0,100.0,100.0,100.0,100.0,100.0,66.66666666666666,100.0,100.0,100.0,100.0,100.0,100.0,100.0,100.0,100.0,100.0,100.0,100.0,100.0,100.0,100.0,100.0,0.0,100.0,100.0,50.0,100.0,100.0,100.0,100.0,100.0,100.0,100.0,100.0,100.0,100.0,100.0,100.0,100.0,100.0,100.0,100.0,100.0,100.0,100.0,100.0,100.0,100.0,100.0,100.0,100.0,100.0,100.0,100.0,100.0,100.0,100.0,100.0,100.0,100.0,100.0,100.0,100.0],"cluster_post_filtering_doc_counts":[429,109,76,43,35,24,30,42,29,19,23,13,20,7,8,5,7,2,4,1,1,0,1,2,5,5,0,1,1,0,2,0,0,0,1,0,0,4,8,10,11,20,17,25,25,27,48,37,44,37,44,33,36,32,20,21,9,8,4,6,6,1,2,2,1,0,1,1,0,1,4,0,0,2,1,1,1,1,2,1,1,1,4,0,0,0,2,0,2,1,3,1,0,0,0,0,0,2,2,0,0,1,1,2,1,0,0,0,0,0,0,0,0,0,0,0,0,1,0,0,0,0,0,1,0,0,0,0,0,1,0,0,0,0,0,0,1,0,0,0,0,0,0,0,0,0,0,0,0,0,0,0,0,1,0,0,1,0,0,0,0,0,0,0,0,0,0,0,0,0,0,0,0,0,0,0,0,0,0,0,0,0,0,0,0,0,0,0,0,0,0,0,0,0],"tail_threshold":364,"tail_removal_rate":94.5945945945946,"tail_post_filtering_doc_counts":2,"global_removal_rate":95.82184864776355}