{"cluster_sizes":[1,2,3,4,5,6,7,8,12,15,16,17,18,19,20,21,22,23,24,25,26,27,28,29,30,31,32,33,34,35,36,37,38,39,40,41],"cluster_removal_rates":[87.14681440443213,53.77358490566038,51.37614678899083,60.526315789473685,37.5,50.0,66.66666666666666,0.0,100.0,66.66666666666666,75.0,47.05882352941176,42.10526315789473,40.909090909090914,46.08695652173913,43.373493975903614,53.30396475770925,48.70967741935484,50.87108013937283,54.65116279069767,56.52173913043478,57.85714285714286,60.49382716049383,59.45945945945946,72.72727272727273,50.0,28.57142857142857,42.857142857142854,0.0,33.33333333333333,20.0,0.0,0.0,50.0,25.0,0.0],"cluster_post_filtering_doc_counts":[232,49,53,15,10,4,1,1,0,1,2,9,22,39,62,94,106,159,141,117,80,59,32,15,3,4,5,4,9,2,8,6,7,3,3,3],"tail_threshold":42,"tail_removal_rate":40.0,"tail_post_filtering_doc_counts":3,"global_removal_rate":66.83698296836982}