{"cluster_sizes":[1,2,3,4,5,6,7,8,9,10,11,12,13,14,15,16,17,18,19,20,21,22,23,24,25,26,27,28,29,30,31,32,33,34,35,36,37,38,39,40,41,42,43,44,45,46,47,48,49,50,51,52,53,54,55,56,57,58,59,60,61,62,63,64,65,66,67,68,69,70,71,72,73,74,75,76,77,78,79,80,81,82,83,84,85,86,87,88,89,90,91,92,93,94,95,96,97,98,99,100,101,102,103,104,105,106,107,108,109,110,111,112,113,114,115,116,117,118,119,120,121,122,123,124,125,126,127,128,129,130,131,132,133,134,135,136,137,138,139,140,141,142,143,144,145,146,147,148,149,150,151,152,153,154,155,156,157,158,159,160,161,162,163,164,165],"cluster_removal_rates":[89.95539298154986,81.10354380699528,74.98329036570229,70.1721731037692,68.38373867001705,69.96900025833118,70.86662569145666,68.38951310861422,68.00270209412295,67.75599128540306,68.54761141391471,70.17543859649122,70.1657458563536,70.19568489713998,69.25714285714287,70.25611175785798,66.85823754789271,66.76384839650146,67.74193548387096,70.24128686327077,72.93086660175267,70.79152731326644,65.46329723225031,71.0,65.66791510611736,69.27297668038409,68.58054226475278,66.55290102389078,68.10035842293907,67.10526315789474,70.60998151571165,70.3962703962704,73.52297592997812,72.20843672456576,72.77108433734941,72.04030226700252,71.66666666666667,71.97149643705463,76.90417690417691,77.45098039215686,74.00990099009901,74.80314960629921,74.3529411764706,74.80314960629921,74.72527472527473,78.52494577006507,74.10714285714286,75.22522522522522,75.56053811659193,68.80952380952381,67.84140969162996,67.35159817351598,68.09954751131222,66.27634660421545,58.43520782396088,71.1734693877551,66.02870813397129,65.69767441860465,67.01846965699208,67.5531914893617,65.15580736543909,67.5257731958763,64.60674157303372,62.96296296296296,68.10344827586206,62.46418338108882,64.02640264026402,63.77708978328174,58.484848484848484,64.83516483516483,61.702127659574465,64.47876447876449,65.56776556776556,58.13008130081301,63.306451612903224,60.43478260869565,63.27433628318584,60.98654708520179,51.8348623853211,53.333333333333336,61.42131979695431,59.56284153005464,52.80898876404494,54.736842105263165,54.285714285714285,55.55555555555556,53.246753246753244,55.00000000000001,58.3941605839416,63.888888888888886,52.27272727272727,52.77777777777778,57.14285714285714,57.692307692307686,56.310679611650485,58.0952380952381,65.59139784946237,55.714285714285715,57.57575757575758,58.57142857142858,55.38461538461539,51.724137931034484,59.67741935483871,47.16981132075472,64.0625,56.75675675675676,55.81395348837209,60.0,66.66666666666666,65.11627906976744,73.68421052631578,66.66666666666666,58.536585365853654,57.14285714285714,70.96774193548387,61.29032258064516,46.15384615384615,54.83870967741935,69.23076923076923,68.42105263157895,63.63636363636363,71.42857142857143,57.14285714285714,70.58823529411765,68.42105263157895,80.95238095238095,68.18181818181817,93.33333333333333,100.0,69.23076923076923,54.166666666666664,85.71428571428571,90.0,50.0,76.92307692307693,82.35294117647058,71.42857142857143,33.33333333333333,66.66666666666666,100.0,87.5,70.0,50.0,81.81818181818183,62.5,63.63636363636363,54.54545454545454,71.42857142857143,71.42857142857143,90.9090909090909,71.42857142857143,85.71428571428571,88.88888888888889,71.42857142857143,75.0,75.0,83.33333333333334,33.33333333333333,75.0,100.0,60.0,50.0,75.0,100.0,50.0],"cluster_post_filtering_doc_counts":[14389,8185,5240,4487,3523,2325,1896,1688,1421,1184,981,799,648,594,538,511,519,456,400,333,278,262,287,232,275,224,197,196,178,175,159,127,121,112,113,111,119,118,94,92,105,96,109,96,115,99,116,110,109,131,146,143,141,144,170,113,142,118,125,122,123,126,126,120,111,131,109,117,137,96,108,92,94,103,91,91,83,87,105,98,76,74,84,86,80,80,72,72,57,52,63,51,54,55,45,44,32,31,28,29,29,28,25,28,23,16,19,12,16,15,10,11,17,9,9,12,14,14,8,6,8,4,9,5,6,4,7,1,0,4,11,1,1,5,3,3,2,6,2,0,1,3,7,2,3,4,5,2,2,1,2,1,1,2,2,1,1,2,1,0,2,2,1,0,1],"tail_threshold":166,"tail_removal_rate":76.52733118971061,"tail_post_filtering_doc_counts":73,"global_removal_rate":80.6973145491473}