{"cluster_sizes":[1,2,3,4,5,6,7,8,9,10,11,12,13,14,15,16,17,18,19,20,21,22,23,24,25,26,27,28,29,30,32,33,34,35,36,37,38,39,40,41,43,44,47,48,49,53,54,55,57,58,59,61,62,63,64,67,68,70,71,77,81,87,98,100,103,114,133,136,149,153,155,156,157,160,161,163,171,172,238,258,277,327,438,585],"cluster_removal_rates":[91.2929908576404,73.6235595390525,70.02457002457002,71.90721649484536,68.34170854271356,64.38356164383562,65.74074074074075,83.33333333333334,87.14285714285714,59.42028985507246,41.81818181818181,55.55555555555556,61.29032258064516,65.21739130434783,57.49999999999999,60.0,66.66666666666666,50.0,86.20689655172413,75.0,81.81818181818183,80.0,90.0,90.9090909090909,81.81818181818183,75.0,100.0,75.0,75.0,100.0,100.0,100.0,100.0,100.0,100.0,100.0,100.0,100.0,100.0,100.0,100.0,100.0,100.0,100.0,100.0,100.0,100.0,100.0,100.0,100.0,100.0,0.0,100.0,100.0,100.0,0.0,0.0,100.0,100.0,0.0,100.0,100.0,100.0,100.0,100.0,100.0,100.0,100.0,100.0,100.0,100.0,100.0,100.0,100.0,100.0,100.0,100.0,100.0,100.0,100.0,100.0,100.0,100.0,100.0],"cluster_post_filtering_doc_counts":[200,206,122,109,63,52,37,16,9,28,32,32,24,16,17,16,8,10,4,4,2,1,1,1,2,2,0,1,1,0,0,0,0,0,0,0,0,0,0,0,0,0,0,0,0,0,0,0,0,0,0,1,0,0,0,2,1,0,0,1,0,0,0,0,0,0,0,0,0,0,0,0,0,0,0,0,0,0,0,0,0,0,0,0],"tail_threshold":738,"tail_removal_rate":100.0,"tail_post_filtering_doc_counts":0,"global_removal_rate":80.12458633443644}