{"cluster_sizes":[1,2,3,4,5,6,7,8,9,10,11,12,13,14,15,16,17,18,19,21,22,23,25,26,27,28,29,30,31,32,34,37,38,40,50,58,66,72,73,74,75,76,77],"cluster_removal_rates":[57.074175824175825,48.939641109298535,87.54045307443366,18.72427983539095,27.48917748917749,35.267857142857146,33.33333333333333,38.04347826086957,39.682539682539684,56.25,51.515151515151516,70.0,71.42857142857143,100.0,92.3076923076923,100.0,0.0,100.0,100.0,33.33333333333333,100.0,100.0,0.0,50.0,0.0,100.0,100.0,100.0,100.0,0.0,100.0,100.0,100.0,100.0,100.0,100.0,100.0,100.0,100.0,0.0,100.0,100.0,100.0],"cluster_post_filtering_doc_counts":[625,626,77,1185,335,145,120,57,38,14,16,6,4,0,1,0,1,0,0,2,0,0,3,2,1,0,0,0,0,1,0,0,0,0,0,0,0,0,0,2,0,0,0],"tail_threshold":80,"tail_removal_rate":83.33333333333334,"tail_post_filtering_doc_counts":1,"global_removal_rate":45.277637980204666}