{"cluster_sizes":[1,2,3,4,5,6,7,8,9,10,11,12,13,14,15,16,17,18,19,20,21,22,23,24,25,26,27,28,29,30,31,32,33,34,35,36,37,38,39,40,41,42,43,44,45,46,47,48],"cluster_removal_rates":[84.70588235294117,46.42857142857143,83.0697129466901,87.77648428405122,87.28501228501229,17.307692307692307,14.285714285714285,32.075471698113205,41.81818181818181,48.837209302325576,50.0,55.55555555555556,93.75,77.77777777777779,70.58823529411765,82.35294117647058,93.75,81.81818181818183,89.47368421052632,92.3076923076923,75.0,81.81818181818183,84.61538461538461,87.5,64.28571428571429,100.0,50.0,88.88888888888889,85.71428571428571,75.0,100.0,100.0,100.0,87.5,80.0,100.0,100.0,100.0,75.0,100.0,100.0,100.0,100.0,50.0,66.66666666666666,100.0,100.0,50.0],"cluster_post_filtering_doc_counts":[13,15,289,420,207,43,24,36,32,22,14,8,1,4,5,3,1,2,2,1,2,2,2,1,5,0,1,1,1,2,0,0,0,1,1,0,0,0,1,0,0,0,0,1,1,0,0,2],"tail_threshold":49,"tail_removal_rate":100.0,"tail_post_filtering_doc_counts":0,"global_removal_rate":84.32585024868933}