{"cluster_sizes":[1,2,3,4,5,6,7,8,9,10,11,12,13,14,16,17,18,19,20,21,22,23,24,25,26,27,28,29,30,31,32,33,34,35,36,37,39,40,49],"cluster_removal_rates":[87.1584699453552,62.5,42.857142857142854,45.45454545454545,60.0,50.0,83.33333333333334,100.0,85.71428571428571,100.0,100.0,100.0,100.0,100.0,50.0,62.5,60.0,25.0,34.78260869565217,33.33333333333333,41.509433962264154,34.48275862068966,51.92307692307693,52.72727272727272,37.2093023255814,41.66666666666667,50.0,50.0,50.0,66.66666666666666,50.0,60.0,0.0,0.0,0.0,0.0,0.0,50.0,0.0],"cluster_post_filtering_doc_counts":[94,51,20,6,6,4,1,0,1,0,0,0,0,0,1,3,2,9,15,14,31,38,25,26,27,14,7,4,2,1,2,2,5,2,3,2,1,1,1],"tail_threshold":62,"tail_removal_rate":50.0,"tail_post_filtering_doc_counts":1,"global_removal_rate":69.1970802919708}