{"cluster_sizes":[1,2,3,4,5,6,7,8,9,10,11,12,13,17,20,21,22,23,24,25,27,28,29,30,36,37,38,40,49],"cluster_removal_rates":[90.33149171270718,81.11111111111111,81.57894736842105,70.0,75.0,98.0,93.33333333333333,100.0,100.0,80.0,100.0,85.71428571428571,100.0,100.0,50.0,100.0,100.0,100.0,0.0,100.0,100.0,100.0,100.0,100.0,100.0,100.0,100.0,100.0,100.0],"cluster_post_filtering_doc_counts":[35,17,7,6,6,1,1,0,0,2,0,1,0,0,1,0,0,0,1,0,0,0,0,0,0,0,0,0,0],"tail_threshold":69,"tail_removal_rate":100.0,"tail_post_filtering_doc_counts":0,"global_removal_rate":88.23529411764706}