{"cluster_sizes":[1,2,3,4,5,6,7,8,9,10,11,12,13,14,15,16,17,18,19,20,21,22,23,24,25,26,27,28,29,30,31,32,33,34,35,36,37,38,39,40,41,42,43,44,45,46,47,48,49,50,51,52,53,54,55,56,57,58,59,60,61,62,63,64,65,66,67,68,69,70,71,72,73,74,75,76,77,78,79,80,81,82,83,84,85,86,87,88,89,90,91,92,93,94,95,96,97,98,99,100,101,102,103,104,105,106,107,108,109,110,111,112,114,116,117,118,119,123,124,127,128,129,131,132,133,135,136,137,138,140,141,142,145,148,152,153,157,158,159,160,162,163,164,165,167,168,169,170,172,173,174,179,180,186,188,190,195,196,197,200,202,204,205,211,212,213,214,216,220,221],"cluster_removal_rates":[94.4437622789784,94.73501303214597,94.13691451031771,92.86603069265865,95.36178107606679,97.74669774669775,96.91577698695136,88.28337874659401,85.0574712643678,86.30952380952381,82.64058679706602,74.08450704225352,71.84466019417476,78.80184331797236,78.8659793814433,72.52747252747253,72.51461988304094,72.67080745341616,81.3953488372093,76.64233576642336,76.86567164179104,82.42424242424242,79.56989247311827,76.60550458715596,84.0,90.0,83.52941176470588,91.46341463414635,94.11764705882352,98.0,91.66666666666666,97.61904761904762,100.0,87.93103448275862,96.42857142857143,82.5,85.18518518518519,88.88888888888889,97.14285714285714,80.0,90.47619047619048,100.0,100.0,95.0,100.0,100.0,100.0,100.0,100.0,93.33333333333333,100.0,100.0,88.88888888888889,100.0,100.0,100.0,100.0,90.9090909090909,100.0,100.0,100.0,100.0,100.0,100.0,100.0,100.0,100.0,100.0,100.0,100.0,100.0,100.0,100.0,100.0,100.0,100.0,100.0,100.0,100.0,100.0,100.0,100.0,100.0,100.0,100.0,100.0,100.0,100.0,100.0,100.0,100.0,100.0,100.0,100.0,100.0,100.0,100.0,100.0,100.0,100.0,100.0,100.0,100.0,100.0,100.0,100.0,100.0,100.0,100.0,100.0,100.0,100.0,100.0,100.0,100.0,100.0,100.0,100.0,100.0,100.0,100.0,100.0,100.0,100.0,100.0,100.0,100.0,100.0,100.0,100.0,100.0,100.0,100.0,100.0,100.0,100.0,100.0,100.0,100.0,100.0,100.0,100.0,100.0,100.0,100.0,100.0,100.0,100.0,100.0,100.0,100.0,100.0,100.0,100.0,100.0,100.0,100.0,100.0,100.0,100.0,100.0,100.0,100.0,100.0,100.0,100.0,100.0,100.0,100.0,100.0],"cluster_post_filtering_doc_counts":[905,303,179,172,75,29,26,86,104,69,71,92,87,46,41,50,47,44,24,32,31,29,38,51,24,16,14,7,3,1,3,1,0,7,1,7,4,3,1,4,2,0,0,1,0,0,0,0,0,1,0,0,1,0,0,0,0,1,0,0,0,0,0,0,0,0,0,0,0,0,0,0,0,0,0,0,0,0,0,0,0,0,0,0,0,0,0,0,0,0,0,0,0,0,0,0,0,0,0,0,0,0,0,0,0,0,0,0,0,0,0,0,0,0,0,0,0,0,0,0,0,0,0,0,0,0,0,0,0,0,0,0,0,0,0,0,0,0,0,0,0,0,0,0,0,0,0,0,0,0,0,0,0,0,0,0,0,0,0,0,0,0,0,0,0,0,0,0,0,0],"tail_threshold":225,"tail_removal_rate":100.0,"tail_post_filtering_doc_counts":0,"global_removal_rate":92.75873032695671}