{"cluster_sizes":[1,2,3,4,5,6,7,8,9,10,11,13,17,18,24,25],"cluster_removal_rates":[99.12280701754386,100.0,100.0,85.71428571428571,100.0,100.0,80.0,100.0,100.0,100.0,100.0,100.0,100.0,100.0,100.0,100.0],"cluster_post_filtering_doc_counts":[1,0,0,2,0,0,1,0,0,0,0,0,0,0,0,0],"tail_threshold":430,"tail_removal_rate":100.0,"tail_post_filtering_doc_counts":0,"global_removal_rate":97.87234042553192}