{"cluster_sizes":[1,2,3,4,5,6,7,8,9,10,11,12,13,14,15,16,17,18,19,20,21,22,23,24,25,26,27,28,29,30,31,32,33,34,35,36,37,38,39,40,41,42,43,44,45,46,47,48,49],"cluster_removal_rates":[98.06245774171738,79.60992907801419,88.60322333077514,76.8581081081081,71.51248164464023,73.28605200945626,84.83870967741936,87.60330578512396,70.18072289156626,87.93969849246231,81.64556962025317,80.28169014084507,90.65420560747664,87.91208791208791,81.03448275862068,85.45454545454545,94.23076923076923,90.9090909090909,80.55555555555556,80.55555555555556,81.48148148148148,77.27272727272727,78.57142857142857,70.58823529411765,90.9090909090909,81.81818181818183,80.0,100.0,100.0,100.0,80.0,87.5,100.0,86.66666666666667,66.66666666666666,47.05882352941176,70.0,72.72727272727273,50.0,92.3076923076923,66.66666666666666,53.84615384615385,80.95238095238095,82.35294117647058,80.0,84.61538461538461,92.3076923076923,85.71428571428571,100.0],"cluster_post_filtering_doc_counts":[917,230,297,137,194,113,47,30,99,24,29,28,10,11,11,8,3,4,7,7,5,5,3,5,1,2,2,0,0,0,2,1,0,2,3,9,3,3,4,1,6,6,4,3,2,2,1,2,0],"tail_threshold":50,"tail_removal_rate":80.7017543859649,"tail_post_filtering_doc_counts":11,"global_removal_rate":95.83227353657207}