{"cluster_sizes":[1,2,3,4,5,6,7,8,9,10,11,12,13,14],"cluster_removal_rates":[24.46808510638298,34.04255319148936,26.041666666666668,22.413793103448278,22.916666666666664,21.21212121212121,18.181818181818183,50.0,0.0,0.0,0.0,20.0,0.0,33.33333333333333],"cluster_post_filtering_doc_counts":[71,31,71,45,37,26,18,4,3,5,3,4,6,2],"tail_threshold":51,"tail_removal_rate":100.0,"tail_post_filtering_doc_counts":0,"global_removal_rate":24.537037037037038}