{"cluster_sizes":[1,2,3,4,5,6,7,8,9,10,11,12,13,14,15,16,17,18,19,20,21,22,23,24,25,26,27,28,29,30,31,32,33,34,35,36,37,38,39,40,41,42,43,44,45,46,47,48,49,50,51,52,53,54,55,56,57,58,59,60,61,62,63,64,65,66,67,68,69,70,71,72,73,74,75,76,77,78,79,80,81,82,83,84,85,86,87,88,89,90,91,92,93,94,95,96,97,98,99,100,101,102,103,104,105,106,107,108,109,110,111,112,113,114,115,116,117,118,119,120,121,122,123,124,125,126,127,128,129,130,131,132,133,134,135,136,137,138,139,140,141,142,143,144,145,146,147,148,149,150,151,152,153,154,155,156,157,158,159,160,161,162,163,164,165,166,167,168,169,170,171,172,173,174,175,176,177,178,179,180,181,182,183,184,185,186],"cluster_removal_rates":[70.29446116676567,56.90881053633623,52.66484155672864,51.283457009813084,49.16452041419581,49.40964346266125,47.395258069390266,46.22931701296202,48.17162298387097,48.38334116301395,46.7926794845706,47.08787452710733,45.238543860444146,44.64317847427307,44.58302755874776,45.64256031526159,45.43535943534192,46.2022975031109,44.58948892558992,45.5465243998117,45.609126596829114,45.839663811217065,45.57222819844294,46.55259234392125,45.72194312371042,45.88511547156614,46.09858806044092,46.941672144863446,46.65351066299625,47.59492767839626,47.95312469380156,48.27614716825134,48.08111500099082,48.547603142060765,49.3731242133798,50.77873665934739,49.658274431917754,50.470339796506046,51.68817394378647,51.71619442524764,52.44087837837837,52.125701262272095,52.340384799463955,53.08667316672654,52.815426997245176,53.131203753835045,54.24146199209384,54.58409228901032,53.24535609266299,54.0221120853984,54.018826937002174,54.54775351934587,54.85559566787004,55.165422541701226,54.9703047415052,55.90454823577402,54.86297689414293,55.81001805054152,54.80884828083674,55.75661889725529,54.46912942392147,55.59267673393025,55.50986842105263,56.373174535658585,55.6807797745964,54.99844285269386,57.183098591549296,55.260469867211434,56.58762702799073,56.691895883330254,55.83584337349398,56.533646322378715,56.326870961017306,56.88534898344163,55.75555555555556,55.38426138978371,57.45098039215686,56.253139126067296,57.27748691099477,57.26041943190868,56.003335186214564,55.410879629629626,56.34010002942041,58.18456883509834,57.363344051446944,57.11046323291221,57.13784636969484,57.007708479327256,57.431402439024396,58.36473247927656,59.421454399357174,58.557457212713935,61.00254885301615,59.49757602468048,60.29676258992806,61.39944392956441,58.70786516853933,59.67820575329108,60.473684210526315,62.107396149949345,59.736697750959955,59.693007390562826,63.13043478260869,60.17804154302671,62.58258258258258,60.24242424242424,63.66459627329193,62.24170319348779,61.44496961512491,63.84022424667134,62.82871357498223,61.11888111888112,64.61424332344214,62.28878648233487,61.69078446306169,64.33566433566433,63.94344069128044,65.47231270358306,65.4281098546042,65.64945226917058,63.241436925647456,64.41402908468777,66.3594470046083,66.4568345323741,64.54293628808865,65.47842401500938,64.57925636007828,63.88308977035491,63.655685441020196,64.06844106463878,62.485746864310144,64.56692913385827,64.58333333333334,61.49425287356321,66.43757159221076,65.6590084643289,62.65984654731458,65.25821596244131,65.46134663341647,63.77204884667571,67.18346253229974,66.52542372881356,69.61178045515395,67.3972602739726,67.4547983310153,64.70588235294117,67.34992679355784,64.86486486486487,67.2566371681416,65.05460218408736,64.40129449838187,65.90214067278288,67.63754045307444,63.971880492091394,68.16608996539793,65.34653465346535,66.94630872483222,69.03914590747331,64.84098939929329,68.3111954459203,66.9172932330827,66.91449814126395,63.19569120287253,67.18446601941747,67.3076923076923,69.65648854961832,72.14912280701753,67.2316384180791,69.76744186046511,69.93318485523386,69.92840095465394,66.5871121718377,66.89342403628117,68.76355748373102,67.89838337182448,70.28985507246377,72.32558139534883,71.09004739336493,72.68170426065163,69.21529175050301,71.35549872122762,66.97674418604652,69.97319034852548,68.57142857142857,70.43010752688173,72.41379310344827],"cluster_post_filtering_doc_counts":[10237001,4381354,2457649,1767443,1288107,944997,741558,639962,452441,379065,324222,272453,229600,209189,177459,146764,124618,111974,97968,86758,75234,67018,59704,54131,48403,43326,39168,35513,32169,29383,26559,25024,23580,22336,20917,19278,17236,15480,13665,12576,11262,10923,9958,9142,8564,7791,7061,6732,6519,6030,5715,5392,5002,4865,4625,4324,4200,3917,3759,3643,3525,3323,3246,3077,2910,2890,2584,2628,2435,2346,2346,2222,2095,2057,1991,1939,1736,1742,1632,1610,1583,1541,1484,1382,1326,1324,1222,1227,1117,1105,1010,1017,918,919,883,833,882,827,751,748,734,709,636,671,623,656,585,603,571,516,523,556,477,491,503,459,459,424,428,439,440,416,365,373,384,368,362,346,342,378,329,315,323,335,293,284,292,296,277,267,254,237,227,238,234,264,223,221,222,224,220,223,200,205,184,210,197,174,199,167,176,178,205,169,170,159,127,174,143,135,126,140,146,144,139,123,119,122,109,153,112,142,112,121,110,104],"tail_threshold":187,"tail_removal_rate":73.58308175071757,"tail_post_filtering_doc_counts":17763,"global_removal_rate":61.324761798163806}