{"cluster_sizes":[1,2,3,4,5,6,7,8,9,10,11,12,13,14,15,16,17,18,19,20,21,22,23,24,25,26,27,28,29,30,31,32,33,34,35,36,37,39,44,45,49,50,57,58,60,62,66,68,75,77,78,87,88,89,92,98],"cluster_removal_rates":[94.78911087743896,73.49498327759197,78.52233676975945,88.58695652173914,90.22556390977444,95.19999999999999,95.45454545454545,97.22222222222221,100.0,100.0,100.0,92.3076923076923,100.0,97.22222222222221,100.0,100.0,94.73684210526315,100.0,100.0,100.0,100.0,100.0,100.0,100.0,100.0,100.0,100.0,100.0,100.0,100.0,100.0,100.0,100.0,100.0,100.0,100.0,100.0,0.0,100.0,100.0,100.0,100.0,100.0,100.0,100.0,100.0,100.0,100.0,100.0,100.0,100.0,100.0,100.0,100.0,100.0,100.0],"cluster_post_filtering_doc_counts":[446,317,125,21,13,6,3,1,0,0,0,2,0,1,0,0,1,0,0,0,0,0,0,0,0,0,0,0,0,0,0,0,0,0,0,0,0,1,0,0,0,0,0,0,0,0,0,0,0,0,0,0,0,0,0,0],"tail_threshold":104,"tail_removal_rate":100.0,"tail_post_filtering_doc_counts":0,"global_removal_rate":91.71383091616555}