{"cluster_sizes":[1,2,3,4,5,6,7,8],"cluster_removal_rates":[13.291139240506327,28.846153846153843,21.428571428571427,50.0,33.33333333333333,100.0,100.0,100.0],"cluster_post_filtering_doc_counts":[137,148,22,3,2,0,0,0],"tail_threshold":20,"tail_removal_rate":100.0,"tail_post_filtering_doc_counts":0,"global_removal_rate":23.902439024390244}