{"cluster_sizes":[1,2,3,4,5,6,7,8,9,10,11,12,13,14,15,18,21,27,28,29,30,31,33,37,38,39,40,43,45,59,87],"cluster_removal_rates":[68.09815950920245,81.13207547169812,99.47916666666666,98.66666666666667,100.0,100.0,100.0,100.0,100.0,100.0,100.0,100.0,100.0,100.0,100.0,100.0,100.0,100.0,100.0,100.0,100.0,100.0,100.0,100.0,100.0,100.0,100.0,100.0,100.0,100.0,100.0],"cluster_post_filtering_doc_counts":[104,10,1,1,0,0,0,0,0,0,0,0,0,0,0,0,0,0,0,0,0,0,0,0,0,0,0,0,0,0,0],"tail_threshold":96,"tail_removal_rate":100.0,"tail_post_filtering_doc_counts":0,"global_removal_rate":84.51268357810414}