{"cluster_sizes":[1,2,3,4,5,6,7,8,9,10,11,12,13,14,15,16,17,18,19,21,22],"cluster_removal_rates":[78.33333333333333,72.13707960834398,80.55555555555556,66.10169491525424,80.0,48.10126582278481,40.15748031496063,51.02040816326531,51.61290322580645,82.35294117647058,77.27272727272727,60.0,85.71428571428571,100.0,100.0,75.0,66.66666666666666,71.42857142857143,100.0,0.0,100.0],"cluster_post_filtering_doc_counts":[65,1309,7,20,3,41,76,24,15,6,5,8,1,0,0,2,1,2,0,1,0],"tail_threshold":24,"tail_removal_rate":100.0,"tail_post_filtering_doc_counts":0,"global_removal_rate":71.26811594202898}