{"cluster_sizes":[1,2,3,4,5,6,7,8,9,10,11,12,13,14,15,16,17,18,19,20,21,22,23,24,25,26,27,28,29,30,31,32,33,34,35,36,37,38,39,40,41,42,45,46,47,48,49,50,53],"cluster_removal_rates":[96.33333333333334,93.5251798561151,94.87179487179486,96.15384615384616,100.0,100.0,100.0,100.0,100.0,100.0,100.0,100.0,100.0,100.0,100.0,75.0,83.33333333333334,48.0,57.14285714285714,55.00000000000001,58.139534883720934,59.82905982905983,63.125,65.3179190751445,68.84057971014492,79.67479674796748,65.0,61.016949152542374,72.97297297297297,90.0,75.0,25.0,60.0,60.0,16.666666666666664,0.0,50.0,25.0,40.0,100.0,100.0,50.0,0.0,100.0,100.0,100.0,100.0,0.0,100.0],"cluster_post_filtering_doc_counts":[22,9,4,1,0,0,0,0,0,0,0,0,0,0,0,1,1,13,15,27,36,47,59,60,43,25,35,23,10,2,1,3,2,2,5,3,1,3,3,0,0,1,1,0,0,0,0,1,0],"tail_threshold":132,"tail_removal_rate":100.0,"tail_post_filtering_doc_counts":0,"global_removal_rate":78.29787234042553}