{"cluster_sizes":[1,2,3,4,5,6,7,8,9,10,11,12,13,14,15,16,17,18,19,20,21,22,23,24,25,26,27,28,30,37,38],"cluster_removal_rates":[100.0,97.52252252252252,87.34177215189874,69.23076923076923,88.23529411764706,81.48148148148148,100.0,100.0,100.0,100.0,100.0,100.0,100.0,100.0,66.66666666666666,100.0,100.0,100.0,100.0,50.0,100.0,100.0,100.0,100.0,100.0,100.0,0.0,100.0,100.0,100.0,100.0],"cluster_post_filtering_doc_counts":[0,33,20,4,2,5,0,0,0,0,0,0,0,0,1,0,0,0,0,1,0,0,0,0,0,0,1,0,0,0,0],"tail_threshold":68,"tail_removal_rate":100.0,"tail_post_filtering_doc_counts":0,"global_removal_rate":96.21468926553672}