{"cluster_sizes":[1,2,3,4,5,6,7,8,9,10,11,12,13,14,15,16,17,18,19,20,21,24,26,28,29,32,33,37,39,40,45,48,64,66],"cluster_removal_rates":[100.0,100.0,97.5609756097561,85.71428571428571,90.0,95.0,100.0,100.0,100.0,100.0,100.0,100.0,100.0,100.0,100.0,100.0,100.0,100.0,100.0,100.0,100.0,100.0,100.0,100.0,100.0,100.0,100.0,100.0,100.0,100.0,100.0,100.0,100.0,100.0],"cluster_post_filtering_doc_counts":[0,0,1,4,2,1,0,0,0,0,0,0,0,0,0,0,0,0,0,0,0,0,0,0,0,0,0,0,0,0,0,0,0,0],"tail_threshold":986,"tail_removal_rate":100.0,"tail_post_filtering_doc_counts":0,"global_removal_rate":98.42829076620825}