{"cluster_sizes":[1,2,3,4,5,6,7,8,9,10,12,13,14,17,18,19,20,21,22,23,24,25,26,27,28,33,46,89,110],"cluster_removal_rates":[95.91836734693877,96.42857142857143,100.0,100.0,87.5,100.0,100.0,100.0,100.0,100.0,100.0,100.0,100.0,50.0,100.0,100.0,100.0,100.0,100.0,100.0,100.0,100.0,50.0,50.0,50.0,100.0,0.0,100.0,100.0],"cluster_post_filtering_doc_counts":[22,2,0,0,1,0,0,0,0,0,0,0,0,1,0,0,0,0,0,0,0,0,1,1,1,0,1,0,0],"tail_threshold":321,"tail_removal_rate":100.0,"tail_post_filtering_doc_counts":0,"global_removal_rate":95.66473988439307}