{"cluster_sizes":[1,2,3,4,7,18,20,21,22,56,59,62,66,69,73],"cluster_removal_rates":[35.92233009708738,42.857142857142854,66.66666666666666,100.0,100.0,100.0,100.0,100.0,100.0,100.0,100.0,100.0,100.0,100.0,100.0],"cluster_post_filtering_doc_counts":[66,20,2,0,0,0,0,0,0,0,0,0,0,0,0],"tail_threshold":74,"tail_removal_rate":100.0,"tail_post_filtering_doc_counts":0,"global_removal_rate":45.3416149068323}