{"cluster_sizes":[1,2,3,4,5,6,7,8,9,10,11,12,13,14,15,16,17,18,19,20,21,22,23,24,25,26,27,28,29,30,31,32,33,34,35,36,37,38,39,40,41,42,43,44,45,46,47,48,49,50,51,52,53,54,55,56,57,58,59,60,61,62,63,64,65,66,67,68,69,70,71,72,73,74,75,76,77,78,79,80,81,82,83,84,85,86,87,88,89,90,91,92,93,94,95,96,97,98,99,100,102,103,104,105,106,107,108,109,110,111,112,114,115,116,117,118,119,120,121,122,123,124,125,128,129,130,131,132,133,135,136,137,143,145,146,147,149,151,153,156,158,159,162,164,166,168,169,170,172,176,186,187,196],"cluster_removal_rates":[81.31454613872977,69.61109793692198,67.08690987124464,67.40960871718673,68.01675977653632,75.42147293700089,78.4931506849315,82.2992700729927,77.17948717948718,75.0,65.37467700258398,78.3882783882784,67.20647773279353,69.140625,77.33990147783251,75.83892617449665,76.50602409638554,72.53521126760563,78.39506172839506,76.878612716763,75.71428571428571,70.52631578947368,65.44502617801047,68.125,71.01449275362319,72.95081967213115,76.63551401869158,81.81818181818183,78.75,83.33333333333334,70.83333333333334,78.65168539325843,75.67567567567568,68.65671641791045,74.13793103448276,59.25925925925925,73.21428571428571,67.9245283018868,76.0,73.80952380952381,85.71428571428571,80.64516129032258,82.75862068965517,79.16666666666666,81.81818181818183,72.72727272727273,66.66666666666666,69.56521739130434,78.57142857142857,89.28571428571429,81.25,77.77777777777779,94.44444444444444,88.88888888888889,75.0,85.71428571428571,84.61538461538461,66.66666666666666,87.5,88.23529411764706,66.66666666666666,76.92307692307693,55.55555555555556,75.0,80.0,75.0,57.14285714285714,80.0,40.0,38.46153846153847,66.66666666666666,91.66666666666666,72.22222222222221,85.71428571428571,62.5,86.66666666666667,66.66666666666666,80.0,66.66666666666666,90.0,54.54545454545454,80.0,50.0,81.81818181818183,83.33333333333334,60.0,83.33333333333334,70.0,75.0,100.0,50.0,60.0,60.0,100.0,80.0,62.5,66.66666666666666,66.66666666666666,33.33333333333333,50.0,100.0,100.0,33.33333333333333,66.66666666666666,100.0,100.0,100.0,100.0,0.0,100.0,75.0,0.0,100.0,100.0,100.0,100.0,0.0,66.66666666666666,100.0,100.0,100.0,0.0,100.0,50.0,66.66666666666666,100.0,100.0,100.0,50.0,50.0,100.0,0.0,100.0,100.0,50.0,100.0,100.0,100.0,100.0,100.0,100.0,100.0,0.0,100.0,100.0,100.0,100.0,50.0,100.0,0.0,100.0,50.0,100.0],"cluster_post_filtering_doc_counts":[4469,2563,1227,658,458,277,157,97,89,106,134,59,81,79,46,36,39,39,35,40,51,56,66,51,40,33,25,18,17,12,21,19,18,21,15,22,15,17,12,11,6,6,5,5,6,3,6,7,3,3,3,4,1,2,4,4,2,5,2,2,4,3,4,2,2,5,6,3,6,8,3,1,5,2,3,2,5,2,5,1,5,2,5,2,1,4,1,3,2,0,3,2,2,0,1,3,1,1,2,1,0,0,2,1,0,0,0,0,1,0,1,2,0,0,0,0,1,1,0,0,0,1,0,1,1,0,0,0,1,1,0,1,0,0,1,0,0,0,0,0,0,0,1,0,0,0,0,1,0,1,0,1,0],"tail_threshold":197,"tail_removal_rate":100.0,"tail_post_filtering_doc_counts":0,"global_removal_rate":76.08486622073578}