{"cluster_sizes":[1,2,3,4,5,6,7,8,10,12,13,14,15,16,40,46],"cluster_removal_rates":[8.300395256916996,18.181818181818183,5.88235294117647,3.9473684210526314,4.0,8.333333333333332,0.0,0.0,10.0,100.0,10.0,0.0,50.0,100.0,0.0,100.0],"cluster_post_filtering_doc_counts":[232,27,176,73,24,11,5,1,9,0,9,5,1,0,1,0],"tail_threshold":57,"tail_removal_rate":100.0,"tail_post_filtering_doc_counts":0,"global_removal_rate":8.012820512820513}