{"cluster_sizes":[1,2,3,4,5,6,7,8,9,10,11,12,13,14,18,19,25,29,37,47,66],"cluster_removal_rates":[73.65728900255755,88.52459016393442,37.03703703703704,23.728813559322035,40.54054054054054,33.33333333333333,50.0,70.0,100.0,100.0,100.0,100.0,100.0,100.0,100.0,100.0,100.0,100.0,100.0,0.0,100.0],"cluster_post_filtering_doc_counts":[103,7,51,135,22,14,3,3,0,0,0,0,0,0,0,0,0,0,0,1,0],"tail_threshold":136,"tail_removal_rate":100.0,"tail_post_filtering_doc_counts":0,"global_removal_rate":58.251231527093594}