{"cluster_sizes":[1,2,3,4,5,6,7,8,13,31,32,33,35,36,37,38,39,40],"cluster_removal_rates":[51.31578947368421,50.0,28.387096774193548,24.489795918367346,18.181818181818183,22.22222222222222,0.0,0.0,100.0,100.0,100.0,100.0,100.0,100.0,100.0,100.0,100.0,100.0],"cluster_post_filtering_doc_counts":[148,5,111,74,9,7,1,1,0,0,0,0,0,0,0,0,0,0],"tail_threshold":91,"tail_removal_rate":100.0,"tail_post_filtering_doc_counts":0,"global_removal_rate":41.63934426229508}