{"cluster_sizes":[1,2,3,4,5,6,7,8,9,10,11,12,13,14,15,16,17,18,19,20,21,22,23,24,25,26,27,28,29,30,31,32,33,34,35,36,37,38,39,40,41,42,43,44,45,46,47,48,49,50,51,52,53,54,55,56,57,58,59,60,61,62,63,64,65,66,67,68,69,70],"cluster_removal_rates":[99.36410595911114,95.7881417208966,96.9534787978592,96.5223097112861,98.35315645013723,98.3679525222552,99.08256880733946,100.0,100.0,99.60317460317461,94.5945945945946,97.41935483870968,99.02912621359224,98.94736842105263,98.93617021276596,98.64864864864865,98.4126984126984,96.72131147540983,100.0,98.36065573770492,97.61904761904762,97.5609756097561,97.36842105263158,100.0,96.29629629629629,97.43589743589743,88.88888888888889,100.0,100.0,91.30434782608695,95.23809523809523,100.0,97.5609756097561,100.0,95.83333333333334,100.0,100.0,95.34883720930233,100.0,100.0,100.0,100.0,100.0,100.0,100.0,100.0,100.0,100.0,100.0,75.0,100.0,87.5,100.0,88.88888888888889,50.0,100.0,100.0,100.0,100.0,100.0,100.0,100.0,100.0,100.0,100.0,100.0,100.0,100.0,100.0,100.0],"cluster_post_filtering_doc_counts":[730,233,74,53,18,11,4,0,0,1,10,4,1,1,1,1,1,2,0,1,1,1,1,0,1,1,3,0,0,2,1,0,1,0,1,0,0,2,0,0,0,0,0,0,0,0,0,0,0,1,0,1,0,1,1,0,0,0,0,0,0,0,0,0,0,0,0,0,0,0],"tail_threshold":71,"tail_removal_rate":99.24812030075188,"tail_post_filtering_doc_counts":1,"global_removal_rate":99.0992800420233}