{"cluster_sizes":[1,2,3,4,5,6,7,8,9,10,11,12,13,14,15,16,17,18,19,20,21,22,23,24,25,26,27,28,30,31,34,36,37,39,51,55,73,75,98,101,110,111],"cluster_removal_rates":[82.30088495575221,54.77707006369427,86.48648648648648,38.88888888888889,95.9349593495935,100.0,90.9090909090909,92.85714285714286,100.0,100.0,85.71428571428571,100.0,100.0,100.0,100.0,100.0,100.0,66.66666666666666,66.66666666666666,50.0,100.0,100.0,100.0,75.0,66.66666666666666,100.0,100.0,75.0,100.0,100.0,100.0,100.0,100.0,100.0,100.0,100.0,100.0,100.0,100.0,100.0,100.0,100.0],"cluster_post_filtering_doc_counts":[40,71,5,22,5,0,1,1,0,0,1,0,0,0,0,0,0,1,1,1,0,0,0,1,2,0,0,1,0,0,0,0,0,0,0,0,0,0,0,0,0,0],"tail_threshold":129,"tail_removal_rate":100.0,"tail_post_filtering_doc_counts":0,"global_removal_rate":81.36419001218027}