{"cluster_sizes":[1,2,3,4,5,6,7,8,9,10,11,12,13,14,15,16,17,18,19,20,21,22,23,24,25,26,27,28,29,30,31,32,33,34,35,36,37,38,39,40,41,42,43,44,45,46,47,48,50,51,52,53,54,57,58,59,61,62,63,65,66,68,75,76,78,80,81,85,87,89,90],"cluster_removal_rates":[96.04790419161677,71.06824925816024,70.91412742382272,88.34745762711864,93.33333333333333,97.45222929936305,91.869918699187,91.36690647482014,96.49122807017544,100.0,100.0,100.0,95.83333333333334,88.23529411764706,87.5,91.66666666666666,61.53846153846154,75.0,20.0,22.727272727272727,22.857142857142858,31.818181818181817,18.0,13.953488372093023,26.666666666666668,17.647058823529413,27.77777777777778,72.72727272727273,75.0,83.33333333333334,60.0,90.9090909090909,50.0,50.0,71.42857142857143,72.72727272727273,71.42857142857143,50.0,83.33333333333334,50.0,100.0,100.0,100.0,100.0,100.0,100.0,100.0,100.0,100.0,66.66666666666666,100.0,100.0,100.0,100.0,100.0,50.0,100.0,100.0,100.0,50.0,100.0,100.0,100.0,100.0,100.0,100.0,50.0,100.0,100.0,100.0,100.0],"cluster_post_filtering_doc_counts":[297,390,210,55,23,8,10,12,2,0,0,0,1,2,2,1,5,4,12,17,27,30,41,37,22,14,13,3,1,1,4,1,3,4,2,3,2,1,1,2,0,0,0,0,0,0,0,0,0,1,0,0,0,0,0,1,0,0,0,1,0,0,0,0,0,0,1,0,0,0,0],"tail_threshold":99,"tail_removal_rate":91.66666666666666,"tail_post_filtering_doc_counts":1,"global_removal_rate":89.15312232677502}