{"cluster_sizes":[1,2,3,4,5,6,7,8,9,10,11,12,13,14,15,16,17,18,19,20,21,22,23,24,25,26,27,28,29,30,31,32,33,34,35,36,38,39,40,41,42,48,51],"cluster_removal_rates":[80.84179970972424,94.0,86.27450980392157,72.88135593220339,64.0,43.72093023255814,38.46153846153847,29.73856209150327,34.024896265560166,32.450331125827816,27.710843373493976,41.935483870967744,18.75,12.5,36.36363636363637,61.53846153846154,60.0,65.0,59.09090909090909,57.89473684210527,63.52941176470588,68.70229007633588,72.02797202797203,76.04166666666666,73.49397590361446,74.02597402597402,80.0,84.44444444444444,85.29411764705883,83.33333333333334,63.63636363636363,25.0,50.0,0.0,0.0,20.0,0.0,50.0,100.0,0.0,100.0,100.0,100.0],"cluster_post_filtering_doc_counts":[264,9,7,16,36,121,200,215,159,102,60,18,13,7,7,5,6,7,18,24,31,41,40,46,44,40,22,14,5,3,4,6,2,4,6,4,4,2,0,1,0,0,0],"tail_threshold":57,"tail_removal_rate":100.0,"tail_post_filtering_doc_counts":0,"global_removal_rate":63.777228834493606}