{"cluster_sizes":[1,2,3,4,5,6,7,8,9,10,11,12,14,17,18,21,22,25,26,30,31,32,36,43,70],"cluster_removal_rates":[79.11227154046998,38.35616438356164,45.23809523809524,44.44444444444444,50.0,50.0,75.0,100.0,100.0,100.0,100.0,100.0,100.0,100.0,100.0,100.0,100.0,100.0,100.0,100.0,100.0,0.0,100.0,100.0,100.0],"cluster_post_filtering_doc_counts":[80,45,23,10,11,1,2,0,0,0,0,0,0,0,0,0,0,0,0,0,0,1,0,0,0],"tail_threshold":97,"tail_removal_rate":100.0,"tail_post_filtering_doc_counts":0,"global_removal_rate":70.12089810017271}