{"cluster_sizes":[1,2,3,4,5,6,7,8,9,10],"cluster_removal_rates":[77.97270955165692,62.5,55.88235294117647,68.18181818181817,80.0,90.0,100.0,100.0,100.0,100.0],"cluster_post_filtering_doc_counts":[113,9,15,7,6,2,0,0,0,0],"tail_threshold":47,"tail_removal_rate":0.0,"tail_post_filtering_doc_counts":1,"global_removal_rate":76.92307692307693}