{"cluster_sizes":[1,2,3,4,5,6,7,8,9,10,11,12,16,18,19,21,22,23,24,25,26,27,28,29],"cluster_removal_rates":[95.5649015484611,78.18181818181819,50.0,35.0,75.0,66.66666666666666,100.0,100.0,100.0,100.0,100.0,100.0,100.0,100.0,66.66666666666666,71.42857142857143,100.0,83.33333333333334,75.0,83.33333333333334,75.0,100.0,100.0,100.0],"cluster_post_filtering_doc_counts":[232,12,10,13,3,2,0,0,0,0,0,0,0,0,1,2,0,1,1,1,1,0,0,0],"tail_threshold":30,"tail_removal_rate":50.0,"tail_post_filtering_doc_counts":3,"global_removal_rate":94.78260869565217}