{"cluster_sizes":[1,2,3,4,5,6,7,8,9,10,11,12,13,14,16,23,26],"cluster_removal_rates":[95.54062309102017,59.67741935483871,74.28571428571429,95.83333333333334,100.0,84.21052631578947,96.66666666666667,92.3076923076923,100.0,100.0,100.0,50.0,100.0,100.0,100.0,100.0,100.0],"cluster_post_filtering_doc_counts":[219,50,9,1,0,3,1,1,0,0,0,1,0,0,0,0,0],"tail_threshold":31,"tail_removal_rate":100.0,"tail_post_filtering_doc_counts":0,"global_removal_rate":94.53918375167657}