{"cluster_sizes":[1,2,3,4,5,6,7,8,9,10,11,12,13,14,15,16,17,18,19,20,21,22,23,24,25,26,27,28,29,30,31,32,33,34,35,36,37,38,39,40,41,42,43,44,45,48,50,51,52,55,60,64,75,80,81],"cluster_removal_rates":[95.47383309759547,94.18103448275862,98.30508474576271,93.42105263157895,85.96491228070175,91.66666666666666,93.54838709677419,100.0,100.0,100.0,100.0,88.88888888888889,100.0,100.0,100.0,92.85714285714286,100.0,88.0,73.01587301587301,83.13253012048193,77.10843373493977,82.83582089552239,74.63768115942028,61.40350877192983,72.91666666666666,62.65060240963856,76.78571428571429,82.75862068965517,88.88888888888889,83.33333333333334,80.0,0.0,40.0,40.0,75.0,55.55555555555556,75.0,62.5,66.66666666666666,100.0,100.0,100.0,100.0,50.0,100.0,0.0,100.0,100.0,100.0,100.0,100.0,0.0,0.0,100.0,100.0],"cluster_post_filtering_doc_counts":[96,27,5,5,8,3,2,0,0,0,0,1,0,0,0,1,0,3,17,14,19,23,35,44,26,31,13,5,2,1,1,1,3,3,1,4,1,3,2,0,0,0,0,2,0,1,0,0,0,0,0,1,1,0,0],"tail_threshold":87,"tail_removal_rate":100.0,"tail_post_filtering_doc_counts":0,"global_removal_rate":90.311004784689}