{"cluster_sizes":[1,2,3,4,5,6,7,8,9,10,11,12,13,14,15,16,17,18,20,22],"cluster_removal_rates":[72.14854111405835,80.0,87.5,71.42857142857143,74.68354430379746,72.99270072992701,74.21052631578947,74.52830188679245,65.21739130434783,74.02597402597402,56.41025641025641,30.0,42.857142857142854,0.0,0.0,0.0,0.0,0.0,0.0,0.0],"cluster_post_filtering_doc_counts":[105,2,1,8,20,37,49,54,56,20,17,7,4,3,4,2,3,1,5,2],"tail_threshold":23,"tail_removal_rate":100.0,"tail_post_filtering_doc_counts":0,"global_removal_rate":70.5232129697863}