{"cluster_sizes":[1,2,3,4,5,6,7,8,9,10,11,12,13,14,15,16,17,18,19,20,21,22,23,24,25,26,27,28,29,30,31,32,33,34,35,36,37,38,39,40,41,42,43,44,45,46,47,48,49,50,51,52,53,54,55,56,57,58,59,60,61,62,63,64,65,66,67,68,69,70,71,72,73,74,75,76,77,78,79,80,81,82,83,84,85,86,87,88,89,90,91,92,93,94,95,96,97,98,99,100,101,102,103,104,105,106,107,108,109,110,111,112,113,114,115,116,117,118,119,120,121,122,123,124,125,126,127,128,129,130,131,132,133,134,135,136,137,138,139,140,141,142,143,144,145,146,147,148,149,150,151,152,153,154,155,156,157,158,159,160,161,162,163,164,165,166,167,168,169,170,171,172,173,174,175,176,177,178,179,180,181,182,183,184,185,186,187,188,189,190,191,192,193,194,195,196,197,198,199,200,201,202,203,204,205,206,207,208,209,210,211,212,213,214,215,216,217,218,219,220,221,222,223],"cluster_removal_rates":[71.8011977660741,60.894373331942134,56.48438388891438,55.095488989175564,52.90734858289432,53.091619707847315,51.2451597935802,50.74483037824553,49.1900243697117,49.543597286351364,49.5962864451861,50.958150880771,50.50513075798166,50.74793347276167,50.71066633297472,50.87592171142467,50.2359237778219,50.03585931969747,49.43860804537874,49.87222572288735,49.81628761452956,49.819218671918634,50.17356959687327,50.81622743124531,50.96858245227238,50.73594315473563,50.86063498951327,51.129828790002485,50.30279266326841,50.68932897042632,51.79712248040066,52.31543687666774,53.200750933509376,53.86051473529804,54.18346301678073,54.64635906624857,53.806600979917086,53.95221922261895,54.46018081397143,54.74951735872517,54.94279013574017,55.81931581931582,55.15784240616456,56.03614669240218,55.79429542878731,56.23343527013252,56.06489547038328,56.42509309653394,56.68781883787483,56.32658325809364,57.585263298404854,57.868701858525895,57.276752767527675,57.30055586001722,58.41705464346973,58.00950279993212,57.76917536910335,57.594261897838514,56.96467770904011,56.917850525015446,56.89981096408317,57.01692524682651,56.50956034587749,58.25593395252838,57.39880557398806,57.032782291958526,58.76198779424586,58.010536101642394,57.692307692307686,58.74978824326613,58.4030556566024,57.61808491086198,58.69270934055309,56.741344195519346,57.79411764705882,57.249889819303654,57.78357854769814,57.215250965250966,56.94050991501416,58.1106112728235,56.92883895131086,57.30587252991929,57.438016528925615,59.430496019595836,59.58990536277603,60.317460317460316,60.37735849056604,59.685097034053456,59.80952380952381,59.88614800759014,58.886679920477135,61.70302013422819,58.938428874734605,60.98214285714286,59.11172161172161,61.17485084901331,60.211946050096344,61.20331950207469,62.11055276381909,62.27979274611399,63.06878306878308,61.82983682983683,61.909989023051594,61.46844660194175,60.86956521739131,61.92236598890942,59.91930060524546,62.54777070063694,64.05563689604685,62.93754289636239,63.86676321506155,61.53846153846154,62.98258894776685,63.41463414634146,64.07377706495589,61.67097329888027,63.506711409395976,63.70235934664247,63.92857142857142,62.27436823104693,63.32007952286283,61.27497621313035,63.65503080082136,64.51301832208293,62.577319587628864,65.88735387885228,62.54180602006689,61.690450054884735,65.07936507936508,67.38391845979615,63.646408839779,68.56465005931199,67.20098643649816,65.7451923076923,64.54431960049938,65.40962288686606,67.86600496277916,63.55611601513241,60.16830294530154,65.58861578266495,64.55696202531645,66.4265129682997,64.70588235294117,64.01273885350318,66.13372093023256,66.86303387334314,64.94345718901454,64.67817896389325,66.88206785137318,67.85714285714286,64.37389770723104,66.96588868940754,65.32663316582915,67.86355475763017,62.52252252252253,66.66666666666666,67.15867158671587,65.58704453441295,66.92307692307692,68.5370741482966,61.934156378600825,67.82273603082851,65.58044806517312,68.60215053763442,64.56876456876456,66.815144766147,66.10978520286396,71.18279569892472,66.82926829268293,68.57749469214437,68.84057971014492,71.95402298850576,72.05128205128204,64.6112600536193,72.31920199501248,70.16317016317016,64.17910447761194,70.86614173228347,66.1064425770308,62.11340206185567,70.12048192771084,70.02881844380403,73.74301675977654,64.9425287356322,70.48192771084338,72.62569832402235,70.33639143730886,69.88636363636364,72.1875,70.0,63.578274760383394,72.17391304347827,75.85034013605441,70.52238805970148,67.20257234726688,70.4225352112676,73.52941176470588,73.23943661971832,72.6027397260274,67.03296703296702,69.6078431372549,72.36363636363636,72.39999999999999,73.35766423357664,71.27272727272728,71.82539682539682,71.53846153846153,70.15503875968993,68.4873949579832,74.89878542510121,65.48042704626334,75.18796992481202,66.80672268907563,68.14814814814815,73.98373983739837,72.14285714285714,69.47791164658635,70.86956521739131,70.70707070707071,68.80733944954129,72.6027397260274,68.35443037974683,68.46846846846847],"cluster_post_filtering_doc_counts":[5268226,2571053,1640755,1306966,1061782,801971,611550,518289,436383,364657,297518,245273,199349,173089,151648,134907,117806,107287,95198,85917,75530,68284,60428,55708,48926,44649,40767,37307,34221,31797,27238,25197,22685,20760,19549,18224,17159,15863,14759,13829,12680,11688,10824,10022,9361,8587,8070,7606,6962,6772,6355,5962,5789,5454,5091,4949,4691,4375,4313,4185,3876,3657,3571,3236,3210,3067,2838,2710,2618,2435,2287,2306,2136,2124,2009,1940,1779,1773,1672,1583,1610,1534,1442,1325,1281,1175,1155,1101,1055,1057,1034,913,967,874,893,846,826,748,754,728,698,655,694,635,666,618,596,588,491,540,499,505,489,450,448,445,435,400,404,418,369,407,354,368,363,321,336,349,308,288,329,265,266,285,284,266,259,289,284,266,252,233,240,226,233,225,217,225,205,189,202,184,207,179,208,187,178,170,172,157,185,167,169,146,152,149,142,134,136,148,129,122,109,132,111,128,144,111,121,147,124,104,94,122,98,98,97,106,89,90,114,96,71,79,102,84,72,76,80,90,93,76,69,73,79,71,74,77,75,62,97,66,79,86,64,78,76,67,58,68,60,75,70],"tail_threshold":224,"tail_removal_rate":76.46161667513981,"tail_post_filtering_doc_counts":10649,"global_removal_rate":61.98680768238349}