{"cluster_sizes":[1,2,3,4,5,6,7,8,9,10,11,12,13,14,15,16,17,18,19,20,21,22,23,24,25,26,27,28,29,30,31,32,33,34,36],"cluster_removal_rates":[92.92035398230088,86.53333333333333,85.1106979888457,25.757575757575758,49.25373134328358,63.63636363636363,35.714285714285715,42.857142857142854,78.78787878787878,81.25,88.23529411764706,71.875,86.95652173913044,68.42105263157895,70.83333333333334,62.5,69.23076923076923,80.0,87.5,71.42857142857143,57.14285714285714,75.0,100.0,85.71428571428571,50.0,100.0,100.0,50.0,60.0,50.0,0.0,100.0,100.0,100.0,100.0],"cluster_post_filtering_doc_counts":[8,202,881,49,34,32,9,12,7,3,2,9,3,6,7,3,4,2,1,4,6,1,0,1,1,0,0,1,2,1,1,0,0,0,0],"tail_threshold":39,"tail_removal_rate":88.88888888888889,"tail_post_filtering_doc_counts":1,"global_removal_rate":83.98563289571463}