{"cluster_sizes":[1,2,3,4,5,6,7,8,9,10,11,12,17,18,19,20,21,22,23,24,25,26,27,28,29,30,31,32,33,34,35,36,37,38,39,40,41,42,62],"cluster_removal_rates":[60.45627376425855,34.285714285714285,42.10526315789473,75.0,31.818181818181817,45.45454545454545,0.0,100.0,66.66666666666666,83.33333333333334,100.0,50.0,40.0,60.0,45.45454545454545,10.0,22.22222222222222,22.727272727272727,39.21568627450981,27.11864406779661,51.162790697674424,42.10526315789473,46.15384615384615,42.857142857142854,33.33333333333333,50.0,50.0,25.0,50.0,0.0,0.0,20.0,0.0,0.0,0.0,0.0,0.0,100.0,0.0],"cluster_post_filtering_doc_counts":[104,46,11,1,15,6,7,0,1,1,0,1,3,2,6,18,28,34,31,43,21,22,7,8,4,3,2,3,1,2,3,4,1,1,2,2,1,0,1],"tail_threshold":87,"tail_removal_rate":0.0,"tail_post_filtering_doc_counts":1,"global_removal_rate":43.48925410872314}