{"cluster_sizes":[1,2,3,4,5,6,7,8,9,10,11,12,13,14,15,16,17,18,19,20,21,22,23,24,25,26,27,28,29,30,31,32,33,34,35,36,37,38,39,41,42,43,44,45,46,49,50,51,52,54,57,67,75,77,84,87,95,96,97,98,105,112,117,118],"cluster_removal_rates":[99.0034030140982,96.46946564885496,97.74127310061603,100.0,99.33774834437085,98.86363636363636,100.0,100.0,100.0,98.27586206896551,100.0,100.0,96.875,100.0,100.0,100.0,100.0,80.76923076923077,58.333333333333336,65.625,54.54545454545454,39.130434782608695,48.529411764705884,45.33333333333333,48.148148148148145,51.06382978723404,76.92307692307693,70.58823529411765,63.63636363636363,100.0,75.0,83.33333333333334,20.0,33.33333333333333,66.66666666666666,50.0,25.0,0.0,66.66666666666666,0.0,100.0,100.0,50.0,100.0,100.0,100.0,100.0,100.0,100.0,100.0,100.0,100.0,100.0,100.0,100.0,100.0,100.0,100.0,100.0,100.0,100.0,100.0,100.0,100.0],"cluster_post_filtering_doc_counts":[41,37,11,0,1,1,0,0,0,1,0,0,1,0,0,0,0,5,10,11,20,28,35,41,28,23,6,5,4,0,1,1,4,4,2,1,3,4,1,1,0,0,1,0,0,0,0,0,0,0,0,0,0,0,0,0,0,0,0,0,0,0,0,0],"tail_threshold":132,"tail_removal_rate":100.0,"tail_post_filtering_doc_counts":0,"global_removal_rate":95.31800874347765}