{"cluster_sizes":[1,2,3,4,5,6,7,8,9,10,11,12,13,14,15,16,17,18,19,20,21,22,23,24,25,26,27,28,29,30,31,32,33,34,35,36,37,38,39,40,41,42,43,44,45,46,47,48,49,50,51,52,53,54,55,56,57,58,59,60,61,62,63,64,65,66,67,68,69,70,71,72,73,74,75,76,77,78,79,80,81,82,83,84,85,86,87,88,89,90,91,92,93,94,95,96,97,98,99,100,101,102,103,104,105,106,107,108,109,110,111,112,113,114,115,116,117,118,119,120,121,122,123,124,125,126,127,128,129,130,131,132,133,134,135,136,137,138,139,140,141,142,143,144,145,146,147,148,149,150,151,152,153,154,155,156,157,158,159,160,161,162,163,164,165,166,167,168,169,170,171],"cluster_removal_rates":[99.88683469254708,99.88149441776336,99.80636710518822,99.8383539039216,99.85184509835207,99.83644712838901,99.86196392022467,99.80876113069982,99.8293806517659,99.80773122849625,99.76001919846412,99.85841710321394,99.8658232700786,99.82261640798225,99.8238550578762,99.74719101123596,99.73873285434357,99.63503649635037,99.58385351643778,99.81078524124882,99.79808177688037,99.94385176866929,99.64050329538647,99.65034965034964,99.8533724340176,99.66301600673968,99.46902654867257,99.71724787935909,99.79123173277662,99.66703662597114,99.88331388564761,99.47257383966245,99.44196428571429,99.78791092258749,99.61202715809894,99.60278053624627,99.47033898305084,99.52941176470588,99.5973154362416,99.25149700598801,99.63099630996311,99.06716417910447,99.57173447537473,98.67549668874173,97.953216374269,99.00990099009901,100.0,98.9010989010989,99.53917050691244,98.68995633187772,98.63636363636363,99.0521327014218,98.28571428571429,97.90575916230367,98.79518072289156,99.39024390243902,100.0,100.0,100.0,99.20634920634922,98.62068965517241,97.24770642201835,100.0,98.98989898989899,99.05660377358491,99.16666666666667,98.26086956521739,99.02912621359224,99.05660377358491,98.14814814814815,97.5609756097561,100.0,98.71794871794873,97.19626168224299,100.0,100.0,98.68421052631578,100.0,100.0,100.0,100.0,100.0,100.0,98.46153846153847,100.0,100.0,100.0,100.0,100.0,100.0,100.0,98.36065573770492,100.0,100.0,100.0,100.0,100.0,100.0,100.0,100.0,100.0,100.0,100.0,100.0,100.0,100.0,100.0,100.0,96.7741935483871,100.0,100.0,100.0,100.0,100.0,100.0,100.0,100.0,100.0,100.0,100.0,100.0,100.0,100.0,100.0,100.0,100.0,100.0,100.0,100.0,100.0,100.0,100.0,100.0,100.0,100.0,100.0,100.0,100.0,100.0,100.0,100.0,100.0,100.0,100.0,100.0,100.0,100.0,100.0,100.0,100.0,100.0,100.0,100.0,100.0,100.0,100.0,100.0,100.0,100.0,100.0,100.0,100.0,100.0,100.0,100.0,100.0,100.0,100.0,100.0,100.0,100.0],"cluster_post_filtering_doc_counts":[920,228,170,96,65,52,29,32,20,19,20,10,7,8,7,9,8,10,10,4,4,1,6,6,2,4,6,3,2,3,1,5,5,2,4,4,5,4,3,5,2,5,2,6,7,3,0,3,1,3,3,2,3,4,2,1,0,0,0,1,2,3,0,1,1,1,2,1,1,2,2,0,1,3,0,0,1,0,0,0,0,0,0,1,0,0,0,0,0,0,0,1,0,0,0,0,0,0,0,0,0,0,0,0,0,0,0,0,1,0,0,0,0,0,0,0,0,0,0,0,0,0,0,0,0,0,0,0,0,0,0,0,0,0,0,0,0,0,0,0,0,0,0,0,0,0,0,0,0,0,0,0,0,0,0,0,0,0,0,0,0,0,0,0,0,0,0,0,0,0,0],"tail_threshold":172,"tail_removal_rate":99.92753623188406,"tail_post_filtering_doc_counts":1,"global_removal_rate":99.86277168933036}