{"cluster_sizes":[1,2,3,4,5,6,7,8,9,10,11,12,13,14,15,16,17,18,19,20,21,22,23,24,25,26,27,28,29,30,31,32,33,34,35,36,37,38,39,40,41,42,43,44,45,46,50],"cluster_removal_rates":[82.90766208251473,92.40348692403487,100.0,91.30434782608695,100.0,73.68421052631578,73.68421052631578,93.33333333333333,70.0,75.0,75.0,100.0,83.33333333333334,73.33333333333333,100.0,95.0,86.66666666666667,100.0,82.14285714285714,88.63636363636364,90.14084507042254,84.04255319148936,81.91489361702128,80.14705882352942,81.36645962732919,74.21875,74.44444444444444,61.038961038961034,55.88235294117647,55.88235294117647,30.0,33.33333333333333,23.076923076923077,14.285714285714285,12.5,0.0,0.0,20.0,0.0,0.0,0.0,0.0,33.33333333333333,0.0,50.0,0.0,0.0],"cluster_post_filtering_doc_counts":[174,488,0,4,0,5,5,1,3,3,3,0,2,4,0,1,2,0,5,5,7,15,17,27,30,33,23,30,30,15,21,12,10,6,7,4,3,4,4,4,2,1,2,2,1,1,1],"tail_threshold":51,"tail_removal_rate":66.66666666666666,"tail_post_filtering_doc_counts":3,"global_removal_rate":88.46284356973193}