{"cluster_sizes":[1,2,3,4,5,6,7,8,9,10,12,13,14,15,16,17,18,19,20,21,22,23,24,25,26,27,28,29,30,31,32,33,35,36,37,39,40,41,42,44,46],"cluster_removal_rates":[86.64122137404581,76.2589928057554,81.13207547169812,50.0,75.0,69.23076923076923,100.0,88.88888888888889,100.0,83.33333333333334,100.0,100.0,100.0,66.66666666666666,100.0,77.77777777777779,56.25,91.42857142857143,75.80645161290323,73.19587628865979,76.97841726618705,71.42857142857143,76.41921397379913,76.95652173913044,78.71287128712872,76.35135135135135,73.75,90.0,75.0,66.66666666666666,66.66666666666666,0.0,100.0,0.0,0.0,0.0,0.0,0.0,50.0,0.0,100.0],"cluster_post_filtering_doc_counts":[105,33,10,6,2,4,0,1,0,1,0,0,0,1,0,2,7,3,15,26,32,48,54,53,43,35,21,5,6,4,2,2,0,2,2,1,3,2,1,1,0],"tail_threshold":49,"tail_removal_rate":66.66666666666666,"tail_post_filtering_doc_counts":1,"global_removal_rate":79.28626842513576}