{"cluster_sizes":[1,2,3,4,5,6,7,8,9,10,11,12,13,14,15,16,17,18,19,20,22,23,24,25,26,27,32,35,36,38],"cluster_removal_rates":[94.18079096045197,53.94736842105263,91.17647058823529,100.0,100.0,100.0,100.0,100.0,33.33333333333333,16.666666666666664,4.761904761904762,4.25531914893617,5.172413793103448,10.714285714285714,8.333333333333332,16.666666666666664,11.11111111111111,0.0,50.0,50.0,100.0,100.0,100.0,100.0,100.0,100.0,100.0,100.0,100.0,100.0],"cluster_post_filtering_doc_counts":[103,70,3,0,0,0,0,0,4,10,20,45,55,50,33,20,8,5,1,2,0,0,0,0,0,0,0,0,0,0],"tail_threshold":61,"tail_removal_rate":100.0,"tail_post_filtering_doc_counts":0,"global_removal_rate":81.47668393782384}