{"cluster_sizes":[1,2,3,4,5,6,7,8,10,11,13,14,15,16,17,18,19,20,21,22,25],"cluster_removal_rates":[43.333333333333336,31.25,12.5,66.66666666666666,31.818181818181817,50.0,62.5,100.0,100.0,100.0,57.14285714285714,35.95505617977528,33.83458646616541,40.0,50.0,100.0,100.0,0.0,0.0,0.0,100.0],"cluster_post_filtering_doc_counts":[17,44,7,1,15,3,3,0,0,0,3,57,88,12,1,0,0,3,1,1,0],"tail_threshold":29,"tail_removal_rate":0.0,"tail_post_filtering_doc_counts":1,"global_removal_rate":37.163814180929094}