{"cluster_sizes":[1,2,3,4,5,6,7,8,11,12,13,15,16,17,18,19,20,21,22,23,24,25,26,27,28,29,30,31,32,33,34,36,37,38,40,50],"cluster_removal_rates":[100.0,79.66101694915254,100.0,100.0,100.0,100.0,100.0,100.0,100.0,100.0,83.33333333333334,100.0,100.0,25.0,0.0,0.0,0.0,3.8461538461538463,2.857142857142857,0.0,3.0303030303030303,0.0,0.0,20.0,0.0,0.0,0.0,0.0,0.0,0.0,0.0,0.0,0.0,50.0,0.0,100.0],"cluster_post_filtering_doc_counts":[0,12,0,0,0,0,0,0,0,0,1,0,0,3,8,13,25,25,34,35,32,25,12,4,6,2,4,3,1,2,2,1,2,1,1,0],"tail_threshold":56,"tail_removal_rate":0.0,"tail_post_filtering_doc_counts":1,"global_removal_rate":52.60223048327137}