{"cluster_sizes":[1,2,3,4,5,6,7,8,9,10,11,12,13,14,15,16,17,18,19,20,21,22,23,24,25,26,27,28,29,30,31,32,33,34,35,36,37,38,39,40,41,42,43,44,45,46,47,48,49,50,51,52,53,54,55,56,57,58,59,60,61,62,63,64,65,66,67,68,69,70,71,72,73,74,75,76,77,78,79,80,81,82,83,84,85,86,87,88,89,90,91,92,93,94,95,96,97,98,99,100,101,102,103,104,105,106,107,108,109,110,111,112,113,114,115,116,117,118,119,120,121,122,123,124,125,126,127,128,129,130,131,132,133,134,135,136,137,138,139,140,141,142,143,144,145,146,147,148,149,150,151,152,153,154,155,156,157,158,159,160,161,162,163,164,165,166,167,168,169,170,171,172,173,174,175,176,177,178,179,180,181,182,183,184,185,186,187,188,189,190,191,192,193,194,195,196,197,198,199,200,201,202,203,204,205,206,207,208,209,210,211,212,213,214,215,216,217,218,219,220,221,222,223,224,225,226,227,228,229,230,231,232,233,234,235,236,237,238,239,240,241,242,243,244,245,246,247,248,249],"cluster_removal_rates":[79.44591198682092,71.58217640964114,68.11477774701034,66.41900482389913,64.1628588529137,64.18709056063054,61.143044140301505,58.697786325364646,56.035740612957895,55.37273694655984,54.20501475812899,55.49372089576114,54.05644392410254,53.95357364688561,52.90223720013935,52.75239619036064,51.706718305697144,52.212658535843545,51.31706350004453,52.17278361815397,52.068062542389484,52.05071725599313,51.90082416888458,52.72557274377786,51.863084430322296,52.09537526610697,52.23909336937076,52.83683540767869,52.50777732565008,53.61732373009856,53.51964301149624,54.550811868499046,55.06617324217525,54.80735314068647,54.87275394206087,55.17230668882297,54.68965279691375,55.00639869970949,55.12880419324693,56.281563287406854,56.109374627186185,56.78312328224428,56.90974536728436,57.118658422969425,57.14716162468362,56.55262203764132,57.162909027107645,58.287552407112905,57.58748653285982,57.566519421804685,58.03469226028001,58.53625202159404,58.21638861629048,59.01985954844069,59.216504649196956,59.508795220710255,59.17950513538749,59.615907237974454,59.286222739921044,60.12129159154237,59.38298840914662,59.70056144728634,59.97718197375927,60.1556420233463,61.05498509440211,60.86555783652437,60.539105391053916,60.47258545537968,60.541921797406104,61.03620289425594,61.25573483169235,61.56235195030795,61.0003886082274,61.312074975712896,61.00969257299161,61.19731215638363,61.517880448968945,61.77105831533477,61.458114265685246,62.286279496961996,61.83150183150183,62.45454545454545,61.65786778031676,63.01761066158972,61.413770053475936,62.338450863041025,62.20465524813351,62.007103178216916,62.36856668511345,62.945059031328434,63.11565854147858,63.820018365472905,61.705475141598484,63.18338355574687,64.26342767996435,63.88826312232485,64.44880073800738,64.3098821607747,65.1643305944901,65.99926298980469,63.70254810192407,63.98441698011822,62.950280783454325,63.68340092294784,63.86929609903555,63.41016638681117,64.31585292344786,64.19753086419753,62.88124594419209,64.53402970458626,65.15278009684421,64.88873789706132,64.7264464254501,64.59782414838595,63.84698275862068,65.24024024024024,64.16541916167665,65.60715645222687,65.1291149221368,66.81026042686509,66.51821862348179,66.77845315447495,65.4045867589788,67.01205328822161,64.82389656709763,66.48414328085785,65.91478696741855,66.1312528682882,66.30071599045347,66.044061302682,66.32703777335985,66.65832290362954,64.6420263634014,65.81740976645435,65.92281438697822,65.6473829201102,66.2366797532249,67.74819744869662,66.76283900750144,66.11325229765788,66.25222024866785,66.38679791546033,66.1819306930693,67.4283973187081,66.92213366033108,66.55226209048362,67.06153339914445,66.59305993690852,65.16407026847862,66.23804813715793,67.86579038395018,68.0791941646405,68.4659090909091,68.90266131972294,67.41818181818182,68.71004136893569,66.5531592886871,67.06231454005935,67.26508785332315,67.59969325153375,66.83111954459203,67.61256148316306,68.25396825396825,69.65434083601286,68.53677028051554,70.19002375296913,70.80113867425783,70.43722422783794,70.61328790459966,69.38862761864044,69.06178489702516,69.13854351687388,69.10190786412285,67.6937441643324,66.48018648018648,69.83002832861189,67.59082217973231,69.48020982355746,69.02569074163839,70.57071960297768,68.61648016276703,68.17952597075138,68.77637130801688,68.30427892234549,68.16261879619853,70.88186356073211,68.37853433352568,69.57446808510637,69.60179472798654,70.19748653500898,69.1830985915493,69.40298507462687,68.63095238095238,66.8013856812933,68.97152818128994,71.20234604105572,70.53349875930522,68.96766169154229,70.18485390578414,67.94136392606755,68.25604180274331,70.10766307789741,68.38082001389853,69.19463087248322,68.64899806076276,66.41379310344827,70.95435684647303,67.46739876458476,68.45318860244234,66.73758865248227,68.77637130801688,68.6158401184308,68.94586894586895,71.80423666910153,69.72201352366642,70.56213017751479,70.63369397217929,69.63594113090628,70.42569081404034,71.04863221884499,70.02967359050444,69.23076923076923,70.36199095022624,69.30846930846931,71.24183006535948,72.4429416737109,68.44700082169268,71.12211221122112,69.9836867862969,69.71193415637859,69.55102040816327,71.35325131810193,72.89719626168224,70.17391304347827,71.31072410632447,72.1830985915493,71.19796091758708,72.03703703703704,71.67530224525042,70.40618955512572,70.32442748091603,69.87951807228916,68.70681145113524,70.70914696813976,69.48310139165011,71.45748987854252,70.05076142131979,69.27710843373494,70.52313883299799],"cluster_post_filtering_doc_counts":[25578927,9576644,5604242,4104012,3148295,2591791,1920017,1715264,1473700,1243046,1066513,909780,744032,660530,590743,498466,446157,392800,338879,301949,264313,234881,209457,191122,169673,151667,136419,121564,108543,97886,86037,79437,71638,66623,61531,57730,52618,48167,44173,40774,36790,34908,32322,30378,28444,26363,24415,23082,21258,20461,19064,18203,17031,16281,15439,14640,13990,13374,12583,12165,11599,10982,10524,10240,9406,9341,8769,8615,8184,7889,7516,7302,7025,6770,6557,6352,5897,5841,5498,5338,5210,4956,4866,4662,4618,4342,4303,4172,4080,3986,3677,3546,3651,3421,3207,3206,3083,3059,2883,2768,2792,2681,2705,2597,2510,2397,2368,2291,2288,2173,2087,2067,2018,1985,2013,1852,1915,1807,1769,1695,1654,1585,1599,1560,1578,1469,1496,1476,1412,1418,1355,1332,1368,1288,1298,1247,1204,1163,1152,1143,1140,1161,1093,1069,1079,1072,1001,1059,1051,1024,929,919,888,853,896,832,884,888,857,845,874,856,800,755,830,753,718,737,690,716,676,695,664,692,719,639,678,640,639,593,617,631,592,600,603,525,548,572,542,498,547,533,527,575,534,491,475,499,500,503,486,472,455,459,485,487,420,474,465,469,444,424,436,386,403,398,380,392,396,381,404,404,393,395,352,326,384,350,368,368,373,326,319,343,313,316,339,302,328,306,311,325,317,285,307,282,295,306,293],"tail_threshold":250,"tail_removal_rate":73.21360097364166,"tail_post_filtering_doc_counts":64267,"global_removal_rate":72.37641589052957}