{"cluster_sizes":[1,2,3,4,5,6,7,8,9,10,11,12,13,14,15,16,17,18,20,21,22,23,24,25,26,27,29,30,31,32,33,34,35,36,37,38,39,40,41,42,43,48,56,57,62,63,66],"cluster_removal_rates":[32.113396072963866,19.95026250345399,18.894697535474233,23.308270676691727,17.922948073701843,28.08641975308642,39.83050847457627,48.93617021276596,56.666666666666664,37.5,40.909090909090914,84.61538461538461,57.14285714285714,83.33333333333334,20.0,100.0,100.0,71.42857142857143,0.0,60.0,50.0,50.0,33.33333333333333,0.0,75.0,50.0,100.0,100.0,0.0,66.66666666666666,100.0,100.0,100.0,66.66666666666666,80.0,66.66666666666666,100.0,0.0,75.0,100.0,50.0,100.0,100.0,100.0,0.0,100.0,100.0],"cluster_post_filtering_doc_counts":[5843,2897,1086,612,490,233,71,48,13,15,13,2,6,1,4,0,0,2,2,2,3,1,2,1,1,1,0,0,1,1,0,0,0,1,1,1,0,2,1,0,1,0,0,0,1,0,0],"tail_threshold":69,"tail_removal_rate":68.75,"tail_post_filtering_doc_counts":5,"global_removal_rate":27.64087870105062}