{"cluster_sizes":[1,2,3,4,5,6,7,8,9,10,11,12,13,14,15,16,17,18,19,20,21,22,23,24,25,26,27,28,29,30,31,32,33,34,35,36,37,38,39,40,41,42,43,46,48,49,51,52,53,55,56,57,58,59,60,61,63,64,65,66,67,69,70,71,72,73,74,75,76,77,79,82,83,84,87,88,89,90,92,95,97,98,101,103,106,107,108,109,110,111,113,114,115,116,117,121,122],"cluster_removal_rates":[76.36022514071294,65.76086956521739,57.82312925170068,71.83098591549296,61.04651162790697,54.08163265306123,76.92307692307693,86.20689655172413,67.6056338028169,50.57471264367817,43.18181818181818,23.75,28.125,21.21212121212121,33.33333333333333,40.38461538461539,27.27272727272727,40.0,55.55555555555556,62.5,87.5,81.81818181818183,69.23076923076923,63.63636363636363,100.0,100.0,100.0,66.66666666666666,60.0,66.66666666666666,100.0,100.0,100.0,75.0,100.0,50.0,100.0,100.0,100.0,50.0,75.0,0.0,0.0,75.0,66.66666666666666,0.0,50.0,0.0,33.33333333333333,100.0,100.0,100.0,66.66666666666666,100.0,100.0,0.0,100.0,100.0,0.0,0.0,100.0,50.0,33.33333333333333,100.0,50.0,100.0,100.0,100.0,50.0,50.0,50.0,100.0,60.0,0.0,100.0,50.0,100.0,100.0,100.0,100.0,0.0,100.0,50.0,0.0,100.0,0.0,33.33333333333333,0.0,100.0,0.0,0.0,0.0,0.0,33.33333333333333,33.33333333333333,100.0,100.0],"cluster_post_filtering_doc_counts":[378,126,62,40,67,45,15,8,23,43,50,61,46,52,38,31,16,12,4,6,1,2,4,4,0,0,0,2,2,1,0,0,0,1,0,2,0,0,0,1,1,1,1,1,1,1,1,2,2,0,0,0,1,0,0,1,0,0,1,1,0,1,2,0,1,0,0,0,1,1,1,0,2,1,0,2,0,0,0,0,1,0,1,1,0,2,2,3,0,1,1,1,1,2,2,0,0],"tail_threshold":126,"tail_removal_rate":50.0,"tail_post_filtering_doc_counts":2,"global_removal_rate":65.9123460326554}