{"cluster_sizes":[1,2,3,4,5,6,7,8,9,10,11,12,13,14,15,16,17,18,19,20,21,22,23,26,27,28,30,31,33,35],"cluster_removal_rates":[98.21518350930116,93.07065217391305,76.97368421052632,70.6896551724138,71.5909090909091,90.47619047619048,86.95652173913044,100.0,100.0,100.0,100.0,100.0,100.0,100.0,100.0,100.0,100.0,100.0,100.0,100.0,100.0,100.0,100.0,0.0,100.0,100.0,100.0,100.0,100.0,100.0],"cluster_post_filtering_doc_counts":[142,51,35,17,25,6,3,0,0,0,0,0,0,0,0,0,0,0,0,0,0,0,0,1,0,0,0,0,0,0],"tail_threshold":49,"tail_removal_rate":100.0,"tail_post_filtering_doc_counts":0,"global_removal_rate":96.94523238053677}