{"cluster_sizes":[1,2,3,4,5,6,7,8,9,10,11,12,13,14,15,16,17,18,19,20,21,22,23,24,25,26,27,28,29,30,31,32,33,34,35,36,37,38,39,40,41,42,43,44,45,46,47,48,49,50,51,52,53,54,55,56,57,58,59,60,61,62,63,64,65,66,67,68,69,70,71,72,73,74,75,76,77,78,79,80,81,82,83,84,85,86,87,88,89,90,91,92,93,94,95,96,97,98,99,100,101,102,103,104,105,106,107,108,109,110,112,113,114,115,116,117],"cluster_removal_rates":[98.40280049273082,96.80772220314167,94.76511916241907,87.68147822261328,82.4263947760339,80.47627090018578,67.33711535155578,58.40807174887892,58.90017667844523,61.50817686250757,59.11485774499473,59.52970297029702,62.45890861275477,61.19109947643979,61.082910321489,65.34914361001317,76.00896860986546,80.84507042253522,86.91588785046729,88.12949640287769,85.71428571428571,83.14606741573034,78.4090909090909,81.61434977578476,89.91596638655463,89.44723618090453,86.16352201257862,84.16666666666667,92.74193548387096,90.21739130434783,96.07843137254902,85.8974358974359,89.24731182795699,85.13513513513513,84.61538461538461,91.35802469135803,92.06349206349206,83.60655737704919,86.4406779661017,85.41666666666666,92.10526315789474,86.27450980392157,94.73684210526315,94.73684210526315,94.73684210526315,96.66666666666667,91.66666666666666,89.65517241379311,100.0,100.0,90.9090909090909,92.5925925925926,100.0,91.66666666666666,95.65217391304348,91.30434782608695,100.0,92.0,90.9090909090909,89.47368421052632,87.5,94.11764705882352,96.0,93.75,91.30434782608695,76.92307692307693,100.0,70.58823529411765,93.75,88.23529411764706,73.33333333333333,95.0,88.88888888888889,100.0,71.42857142857143,100.0,100.0,84.21052631578947,100.0,84.61538461538461,88.23529411764706,90.0,88.88888888888889,60.0,100.0,84.61538461538461,71.42857142857143,100.0,100.0,100.0,66.66666666666666,100.0,87.5,60.0,85.71428571428571,100.0,100.0,100.0,88.88888888888889,83.33333333333334,100.0,75.0,83.33333333333334,100.0,100.0,100.0,100.0,80.0,100.0,100.0,50.0,100.0,100.0,100.0,100.0,100.0],"cluster_post_filtering_doc_counts":[2295,1766,1520,1680,1534,1156,1900,2597,1861,1271,1164,981,571,593,460,263,107,68,42,33,45,45,57,41,24,21,22,19,9,9,4,11,10,11,12,7,5,10,8,7,3,7,2,2,2,1,3,3,0,0,3,2,0,3,1,2,0,2,2,2,3,1,1,1,2,3,0,5,1,2,4,1,1,0,4,0,0,3,0,2,2,1,1,4,0,2,2,0,0,0,1,0,1,2,1,0,0,0,1,1,0,1,1,0,0,0,0,1,0,0,1,0,0,0,0,0],"tail_threshold":118,"tail_removal_rate":96.94915254237289,"tail_post_filtering_doc_counts":9,"global_removal_rate":92.34901764742138}