{"cluster_sizes":[1,2,3,4,5,6,7,8,9,10,11,12,13,14,15,16,17,18,19,20,21,22,23,24,25,26,27,28,29,30,31,32,33,34,35,36,37,38,39,40,41,42,43,44,45,46,47,48,49,50,51,52,53,54,55,56,57,58,59,60,61,62,63,64,65,66,67,68,69,70,71,72,73,74,75,76,77,78,79,80,81,82,83,84,85,86,87,88,89,90,91,92,93,94,95,96,97,98,100,101,102,103,104,105,106,108,109,110,111,113,115,116,117,118,123,125,126,127,128,129,130,131,132,133,134,135],"cluster_removal_rates":[99.10139056003167,98.19670186261715,93.00518134715026,93.54838709677419,89.25465838509317,92.17148182665424,93.90243902439023,96.1344537815126,98.62700228832952,97.65625,99.30795847750865,99.22779922779922,84.39999999999999,92.10526315789474,95.33333333333334,97.74436090225564,99.01960784313727,100.0,91.46341463414635,91.66666666666666,96.61016949152543,100.0,96.15384615384616,94.11764705882352,94.91525423728814,97.82608695652173,95.23809523809523,100.0,90.69767441860465,96.66666666666667,93.54838709677419,100.0,96.55172413793103,93.54838709677419,95.45454545454545,100.0,100.0,88.46153846153845,100.0,85.0,100.0,90.0,94.44444444444444,87.5,83.33333333333334,90.0,66.66666666666666,92.3076923076923,100.0,90.9090909090909,100.0,81.81818181818183,100.0,80.0,83.33333333333334,100.0,100.0,100.0,88.88888888888889,100.0,100.0,100.0,80.0,80.0,100.0,100.0,55.55555555555556,75.0,100.0,100.0,100.0,100.0,75.0,66.66666666666666,83.33333333333334,100.0,100.0,100.0,100.0,100.0,83.33333333333334,100.0,75.0,100.0,100.0,66.66666666666666,100.0,100.0,100.0,100.0,100.0,100.0,100.0,100.0,100.0,100.0,100.0,100.0,100.0,100.0,100.0,100.0,100.0,100.0,100.0,100.0,100.0,100.0,100.0,100.0,100.0,100.0,100.0,100.0,100.0,100.0,100.0,66.66666666666666,100.0,100.0,100.0,0.0,100.0,100.0,100.0,100.0],"cluster_post_filtering_doc_counts":[590,152,297,154,173,84,50,23,6,9,2,2,39,15,7,3,1,0,7,5,2,0,2,3,3,1,2,0,4,1,2,0,1,2,1,0,0,3,0,3,0,2,1,1,2,1,3,1,0,1,0,2,0,1,1,0,0,0,1,0,0,0,1,1,0,0,4,1,0,0,0,0,1,1,1,0,0,0,0,0,1,0,1,0,0,1,0,0,0,0,0,0,0,0,0,0,0,0,0,0,0,0,0,0,0,0,0,0,0,0,0,0,0,0,0,0,0,1,0,0,0,1,0,0,0,0],"tail_threshold":136,"tail_removal_rate":95.50561797752809,"tail_post_filtering_doc_counts":4,"global_removal_rate":98.09415011536895}