{"cluster_sizes":[1,2,3,4,5,6,7,8,9,10,11,12,13,14,20,22,24,35,36,37,39,43,57,58,59,106],"cluster_removal_rates":[99.55423476968797,92.20779220779221,100.0,92.85714285714286,100.0,100.0,100.0,100.0,100.0,100.0,100.0,100.0,50.0,100.0,100.0,100.0,0.0,100.0,100.0,100.0,100.0,100.0,100.0,100.0,100.0,100.0],"cluster_post_filtering_doc_counts":[3,6,0,2,0,0,0,0,0,0,0,0,1,0,0,0,1,0,0,0,0,0,0,0,0,0],"tail_threshold":175,"tail_removal_rate":100.0,"tail_post_filtering_doc_counts":0,"global_removal_rate":98.51767388825542}