{"cluster_sizes":[1,2,3,4,5,6,7,8,9,10,11,12,13,14,21,23,25,27,28,29,30,31,34,36,37,42,49,73,75,77],"cluster_removal_rates":[76.0,89.28571428571429,86.48648648648648,100.0,100.0,63.33333333333333,76.47058823529412,100.0,100.0,100.0,100.0,100.0,100.0,100.0,100.0,100.0,100.0,0.0,100.0,100.0,100.0,100.0,100.0,100.0,100.0,100.0,0.0,100.0,100.0,0.0],"cluster_post_filtering_doc_counts":[30,6,5,0,0,11,4,0,0,0,0,0,0,0,0,0,0,1,0,0,0,0,0,0,0,0,1,0,0,1],"tail_threshold":231,"tail_removal_rate":100.0,"tail_post_filtering_doc_counts":0,"global_removal_rate":82.7485380116959}