{"cluster_sizes":[1,2,3,4,5,6,7,8,9,10,11,12,13,14,15,16,17,18,19,20,21,22,23,24,25,27,28,29,30,31,32,34,35,36,37,38,39,40,41,42,43,44,46,48,52,53,54,55,56,59,62,64,65,67,68,70,71,72,73,74,75,76,77,78,79,82],"cluster_removal_rates":[99.81869128069887,95.55555555555556,86.35204081632652,85.90021691973969,82.92220113851992,73.3974358974359,68.24644549763033,70.1923076923077,62.08791208791209,63.63636363636363,72.3404255319149,68.96551724137932,81.81818181818183,57.14285714285714,75.0,90.0,75.0,55.55555555555556,83.33333333333334,25.0,90.0,55.55555555555556,0.0,80.0,33.33333333333333,50.0,50.0,75.0,100.0,100.0,0.0,100.0,50.0,100.0,80.0,0.0,50.0,50.0,0.0,33.33333333333333,50.0,100.0,100.0,100.0,0.0,100.0,50.0,100.0,100.0,33.33333333333333,100.0,100.0,100.0,0.0,0.0,100.0,100.0,100.0,0.0,100.0,100.0,100.0,100.0,100.0,100.0,50.0],"cluster_post_filtering_doc_counts":[33,20,214,195,90,83,134,93,69,36,13,9,4,3,1,1,2,4,2,6,1,4,1,1,2,1,1,1,0,0,1,0,1,0,1,1,1,1,1,2,1,0,0,0,1,0,1,0,0,2,0,0,0,1,1,0,0,0,2,0,0,0,0,0,0,1],"tail_threshold":83,"tail_removal_rate":84.0,"tail_post_filtering_doc_counts":4,"global_removal_rate":95.58953620624288}