{"cluster_sizes":[1,2,3,4,5,6,7,8,9,10,11,12,13,14,15,16,17,18,19,20,21,22,23,24,25,26,27,28,29,30,31,32,33,34,35,36,37,38,39,40,41,42,43,44,45,46,47,48,49,50,51,52,53,54,55,56,57,58,59,60,61,62,63,64,65,66,67,68,69,70,71,72,73,74,75,76,77,78,79,80,81,82,83,84,85,86,87,88,89,90,91,92,93,94,95,96,97,98,99,100,101,102,103,104,105,106,107,108,109,110,111,112,113,114,115,116,117,118,119,120,121,122,123,124,125,126,127,128,129,130,131,132,133,134,135,136,137,138,139,140,141,142,143,144,145,146,147,148,149],"cluster_removal_rates":[81.24508705582343,70.7683389544688,65.96948071667173,65.05339212665356,64.52658316545502,65.18366415697011,67.39333540952974,66.24489001362663,67.21227621483375,66.78747940691927,73.36630166019074,70.62972292191436,73.29650092081032,74.02253147779987,79.05585106382979,80.11283497884344,80.47016274864376,80.06042296072508,80.97949886104784,79.74087161366313,80.14705882352942,82.9073482428115,81.2962962962963,80.63829787234043,80.72916666666666,83.1858407079646,86.85015290519877,80.89887640449437,80.59701492537313,80.66914498141264,84.21052631578947,81.44329896907216,83.69565217391305,82.4742268041237,86.56716417910447,86.02150537634408,77.84431137724552,81.60919540229885,82.01438848920863,84.76821192052981,87.27272727272727,82.17054263565892,82.96296296296296,78.1021897810219,84.29752066115702,83.9622641509434,84.67741935483872,84.8,81.30081300813008,89.28571428571429,87.25490196078431,82.35294117647058,82.72727272727273,87.06896551724138,88.33333333333333,81.98198198198197,83.65384615384616,90.22556390977444,83.16831683168317,83.46456692913385,79.62962962962963,74.4186046511628,76.08695652173914,76.10619469026548,70.73170731707317,89.01098901098901,80.85106382978722,78.72340425531915,74.64788732394366,71.27659574468085,67.5,77.27272727272727,68.91891891891892,72.97297297297297,73.86363636363636,79.54545454545455,85.91549295774648,84.14634146341463,78.57142857142857,85.14851485148515,86.74698795180723,88.1578947368421,79.48717948717949,75.9493670886076,75.0,65.625,83.07692307692308,80.7017543859649,79.36507936507937,79.06976744186046,77.14285714285715,67.3076923076923,76.08695652173914,73.33333333333333,90.0,81.25,80.95238095238095,70.96774193548387,66.66666666666666,85.0,72.97297297297297,77.77777777777779,95.0,77.27272727272727,84.21052631578947,94.44444444444444,88.23529411764706,90.0,66.66666666666666,80.0,72.22222222222221,88.23529411764706,58.333333333333336,61.53846153846154,71.42857142857143,88.88888888888889,62.5,75.0,77.77777777777779,100.0,91.66666666666666,80.0,100.0,66.66666666666666,100.0,71.42857142857143,66.66666666666666,100.0,100.0,60.0,80.0,75.0,90.0,100.0,83.33333333333334,100.0,100.0,100.0,100.0,100.0,85.71428571428571,100.0,100.0,100.0,100.0,100.0,85.71428571428571,100.0,50.0],"cluster_post_filtering_doc_counts":[30301,16641,8965,6578,4050,3052,2094,1734,1282,1008,754,583,435,392,315,282,216,198,167,172,135,107,101,91,74,57,43,51,52,52,36,36,30,34,18,26,37,32,25,23,21,23,23,30,19,17,19,19,23,12,13,21,19,15,14,20,17,13,17,21,22,22,22,27,24,10,18,20,18,27,26,20,23,20,23,18,10,13,18,15,11,9,16,19,18,22,11,11,13,9,8,17,11,8,4,6,8,9,6,3,10,4,1,5,3,1,2,1,6,3,5,2,5,5,2,1,3,2,2,0,1,2,0,2,0,2,2,0,0,2,1,1,1,0,1,0,0,0,0,0,1,0,0,0,0,0,1,0,1],"tail_threshold":150,"tail_removal_rate":91.29129129129129,"tail_post_filtering_doc_counts":29,"global_removal_rate":75.26240755320346}