{"cluster_sizes":[1,2,3,4,5,6,7,8,11,14,15,16,17,18,19,20,21,22,23,24,25,26,27,28,29,30,31,32,33,34,35,38,40,44,45],"cluster_removal_rates":[85.2803738317757,81.26801152737752,38.46153846153847,16.666666666666664,22.727272727272727,14.285714285714285,0.0,0.0,50.0,100.0,100.0,80.0,86.66666666666667,80.0,70.2127659574468,89.6103896103896,78.01418439716312,78.91566265060241,82.35294117647058,83.66336633663366,85.34031413612566,85.80246913580247,87.37864077669903,88.52459016393442,84.78260869565217,73.33333333333333,66.66666666666666,33.33333333333333,50.0,0.0,0.0,0.0,0.0,0.0,50.0],"cluster_post_filtering_doc_counts":[126,65,8,10,17,12,4,2,1,0,0,1,2,5,14,8,31,35,30,33,28,23,13,7,7,4,4,4,1,3,1,1,3,2,1],"tail_threshold":48,"tail_removal_rate":75.0,"tail_post_filtering_doc_counts":1,"global_removal_rate":81.47606868834491}