{"cluster_sizes":[1,2,3,4,5,6,15,16,17,18,19,20,21,22,23,24,25,26,27,28,29,30,31,32,33,34,35,36,37,38],"cluster_removal_rates":[61.278195488721806,64.0,100.0,100.0,100.0,0.0,100.0,0.0,75.0,38.46153846153847,41.17647058823529,56.75675675675676,43.63636363636363,58.333333333333336,63.04347826086957,72.27722772277228,76.76767676767676,75.64102564102564,75.38461538461539,78.94736842105263,92.0,69.23076923076923,50.0,0.0,0.0,0.0,0.0,0.0,0.0,0.0],"cluster_post_filtering_doc_counts":[103,9,0,0,0,1,0,1,2,8,10,16,31,35,34,28,23,19,16,8,2,4,3,3,1,3,6,1,3,4],"tail_threshold":42,"tail_removal_rate":0.0,"tail_post_filtering_doc_counts":2,"global_removal_rate":64.32637571157495}