{"cluster_sizes":[1,2,3,4,5,6,7,8,9,10,11,12,13,14,15,16,17,18,19,20,21,22,23,25,26,27,28,29,30,31,33,34,35,37,38,40,41,42,44,45,53,56,61,65,75,110],"cluster_removal_rates":[99.87593052109182,99.59432048681542,99.74489795918367,100.0,99.01960784313727,100.0,98.9795918367347,100.0,97.91666666666666,98.0,100.0,100.0,100.0,100.0,100.0,90.0,100.0,100.0,80.0,37.5,87.5,66.66666666666666,87.5,83.33333333333334,57.14285714285714,63.63636363636363,75.0,100.0,100.0,100.0,50.0,100.0,100.0,100.0,100.0,100.0,100.0,100.0,100.0,100.0,100.0,100.0,0.0,100.0,100.0,100.0],"cluster_post_filtering_doc_counts":[2,2,1,0,1,0,1,0,1,1,0,0,0,0,0,1,0,0,2,5,1,1,1,1,3,4,2,0,0,0,1,0,0,0,0,0,0,0,0,0,0,0,1,0,0,0],"tail_threshold":121,"tail_removal_rate":100.0,"tail_post_filtering_doc_counts":0,"global_removal_rate":99.04903417533433}