{"cluster_sizes":[1,2,3,5,6,14,16,17,18,19,20,21,22,23,24,25,26,27,28,29,30,31,32,34,35,36,37,38,39,43],"cluster_removal_rates":[72.3404255319149,20.0,0.0,100.0,100.0,0.0,50.0,25.0,66.66666666666666,52.94117647058824,37.5,52.63157894736842,42.22222222222222,42.10526315789473,45.3125,55.769230769230774,52.63157894736842,51.85185185185185,66.66666666666666,42.857142857142854,66.66666666666666,50.0,0.0,0.0,0.0,0.0,0.0,0.0,0.0,0.0],"cluster_post_filtering_doc_counts":[26,4,1,0,0,1,1,3,2,8,10,18,26,33,35,23,18,13,5,4,1,2,2,10,2,2,2,2,2,1],"tail_threshold":46,"tail_removal_rate":0.0,"tail_post_filtering_doc_counts":1,"global_removal_rate":50.57471264367817}