{"cluster_sizes":[1,2,3,4,5,6,7,8,9,11,12,16,17,21,24,31],"cluster_removal_rates":[87.5,67.94871794871796,77.27272727272727,75.0,28.57142857142857,90.0,66.66666666666666,66.66666666666666,100.0,0.0,66.66666666666666,0.0,0.0,100.0,0.0,100.0],"cluster_post_filtering_doc_counts":[57,25,5,4,5,1,3,2,0,1,1,1,1,0,1,0],"tail_threshold":34,"tail_removal_rate":0.0,"tail_post_filtering_doc_counts":1,"global_removal_rate":82.46753246753246}