{"cluster_sizes":[1,2,3,4,5,6,7,8,9,10,11,12,13,14,15,16,17,18,19,20,21,22,23,24,25,26,27,28,29,30,31,32,33,35,36,37,38,39,40,41,42,43,44],"cluster_removal_rates":[69.0909090909091,75.12953367875647,71.42857142857143,50.0,0.0,66.66666666666666,87.5,95.45454545454545,97.2972972972973,98.48484848484848,98.23008849557522,96.7479674796748,97.34513274336283,100.0,96.15384615384616,92.85714285714286,66.66666666666666,41.66666666666667,33.33333333333333,16.666666666666664,44.827586206896555,48.78048780487805,27.500000000000004,43.58974358974359,42.857142857142854,37.5,45.45454545454545,38.88888888888889,42.857142857142854,25.0,0.0,0.0,0.0,0.0,25.0,0.0,0.0,0.0,0.0,0.0,0.0,0.0,0.0],"cluster_post_filtering_doc_counts":[85,48,12,3,7,3,1,1,1,1,2,4,6,0,1,1,2,7,10,20,16,21,29,22,24,20,12,11,4,3,1,2,2,1,3,2,2,1,1,1,1,2,2],"tail_threshold":55,"tail_removal_rate":50.0,"tail_post_filtering_doc_counts":1,"global_removal_rate":75.12468827930175}