{"cluster_sizes":[1,2,3,4,5,6,7,8,9,10,11,12,13,14,15,16,17,18,19,20,21,22,23,24,25,26,27,28,29,31,34,35,37,38,41,42,43,47,53,62,64,68,89,94,99,108,127,144,195,223,243,295,336,443,732],"cluster_removal_rates":[92.94755877034359,84.9624060150376,89.47368421052632,95.74468085106383,96.96969696969697,100.0,85.71428571428571,88.88888888888889,100.0,90.9090909090909,100.0,100.0,75.0,100.0,71.42857142857143,65.21739130434783,79.48717948717949,81.81818181818183,57.14285714285714,60.0,100.0,100.0,80.0,100.0,100.0,100.0,50.0,100.0,0.0,100.0,0.0,100.0,100.0,100.0,100.0,100.0,100.0,100.0,100.0,100.0,100.0,100.0,100.0,100.0,100.0,100.0,100.0,100.0,100.0,100.0,100.0,100.0,100.0,100.0,0.0],"cluster_post_filtering_doc_counts":[39,20,8,2,1,0,3,2,0,1,0,0,1,0,2,8,8,2,3,2,0,0,1,0,0,0,1,0,1,0,1,0,0,0,0,0,0,0,0,0,0,0,0,0,0,0,0,0,0,0,0,0,0,0,1],"tail_threshold":1184,"tail_removal_rate":50.0,"tail_post_filtering_doc_counts":1,"global_removal_rate":90.30520646319569}