{"cluster_sizes":[1,2,3,4,5,6,9,19,20,21,22,24,25,26,28,30],"cluster_removal_rates":[54.54545454545454,37.5,33.33333333333333,50.0,100.0,0.0,100.0,0.0,0.0,100.0,100.0,100.0,100.0,100.0,0.0,100.0],"cluster_post_filtering_doc_counts":[15,20,2,1,0,1,0,1,1,0,0,0,0,0,1,0],"tail_threshold":34,"tail_removal_rate":100.0,"tail_post_filtering_doc_counts":0,"global_removal_rate":52.80898876404494}