{"cluster_sizes":[1,2,3,4,5,6,7,8,9,10,11,12,13,14,15,16,17,18,19,20,21,22,23,24,25,26,27,28,29,30,31,32,33,34,35,36,37,38,39,40,41,42,43,44,45,46,47,48,49,50,51,52,53,54,55,56,57,58,59,60,61,62,63,64,65,66,67,68,69,70,71,72,73,74,75,76,77,78,79,80,81,82,83,84,85,86,87,88,89,90,91,92,93,94,95,96,97,98,99,100,101,102,103,104,105,106,107,108,109,110,111,112,113,114,115,116,117,118,119,120,121,122,123,124,125,126,127,128,129,130,131,132,133,134,135,136,137,138,139,140,141,142,143,144,145,146,147,148,149,150],"cluster_removal_rates":[60.743855058540774,53.39946585709264,51.364443132108164,50.173859844727076,48.48360695900922,48.94504365999377,46.528781599381524,47.5001481256674,44.441609061399966,43.84625387880678,44.87883698348899,46.46437019651854,45.51135924082622,45.12315339400251,45.12972612939793,46.58779493851151,46.024012130974775,47.82360696263244,46.69414403474435,48.23183269224114,47.63222902778248,47.835048586647034,47.67896506316414,49.28185573890397,48.43375446188159,48.888003865087555,49.26661538372557,49.54777354623644,49.19961605262378,50.68417122258383,50.08620635997535,51.38003003881639,51.25399071849389,51.60374140411415,51.754497019570614,52.864305584571234,51.976104212185746,52.478755864693724,52.47920960978036,53.30666328630655,52.42948633951385,53.55979070064236,52.70850406019518,53.711332155442534,53.49972385135313,53.988554142068615,53.630604729098486,54.85697024618638,53.69803442917075,54.88890271986059,54.61418047198997,54.76453783061469,54.90123578518372,55.920221102478976,55.20623764943623,56.48222032670207,55.75292613356939,56.099789819976245,55.8094442301924,57.280725427754085,56.5154535809637,56.89154119377638,57.18742169882235,57.84334122175123,57.169087644850656,58.00912936052599,57.55317727738277,58.415841584158414,58.02911112157897,59.120252454867284,58.699963028938264,60.28549836258292,59.00551487207305,59.84321845880787,59.88218023754599,60.04822205669033,59.6759363315012,60.36723400687516,59.852960483129834,60.7346060060192,60.68076208178439,60.65435635698293,60.74057495275043,61.13706391014809,60.84921517416152,61.14344402601849,60.99316103161306,61.27083971165354,61.183867416121,62.05022595961329,62.04397270659591,61.92202801537127,61.41258921108468,61.97512661068018,62.00317965023847,62.41163131919435,61.994980735923086,62.174114626056564,62.87192280881976,63.31266543384459,62.79626341388096,63.893126784806164,63.43066871017181,63.33387437104366,63.4703954192772,63.7953146374829,62.98210735586481,63.52966936719947,63.74300913927159,63.11196154384655,63.19490325625296,63.66259816444318,63.115030600934894,63.810647397139064,63.49899598393575,62.812294957855954,62.54658702200439,62.30551989730424,62.01574638927995,62.61115803070197,61.26003252373708,62.98220841570178,63.26902717327373,63.34321280379371,63.56841470765522,63.68201343093956,63.38892677785356,64.09056412851,64.20436265362589,64.5852384062704,64.36432381338194,64.213300892133,64.40653873489694,65.39897175857455,65.26850507982583,65.18316904516699,64.56841311722579,65.38969616908851,65.24245774759122,66.38517475955899,65.87835101644124,65.64086038830258,65.71476008633572,65.84928716904277,66.39651936529603,65.48982732090955,66.07860262008734,65.84821428571429,66.53476032017268,66.26031164069661],"cluster_post_filtering_doc_counts":[374902886,99394331,42074130,27246205,17452804,12577050,9692123,7832854,11626170,5311274,3802292,3182713,2535618,2211144,1760465,1422985,1205619,1051946,895500,792830,696384,617777,542352,490942,432812,391431,350866,322978,291613,267457,240576,224334,207347,195789,182918,171474,156276,144840,133714,125239,116171,109167,101567,94839,88404,81524,76931,74723,69421,65232,61176,58902,54887,52313,50096,47447,44986,43236,41251,39573,37298,36046,34173,32421,31491,30081,28596,27720,26730,25520,24576,23648,22672,21720,21043,20381,19735,18908,18348,17874,16923,16343,15787,15640,15140,14755,14202,13915,13397,13268,12516,12287,12003,11863,11233,11272,10752,10606,10120,10118,9638,9230,9067,9036,8804,8469,8379,8328,7974,7904,7799,7681,7654,7362,7271,7368,7336,7341,7285,7526,7385,6554,6245,6184,6044,6003,5905,5678,5563,5422,5278,5295,5008,4913,4786,4733,4700,4454,4401,4299,4213,4265,4130,4192,3939,4037,3884,3825,3721,3681],"tail_threshold":151,"tail_removal_rate":70.57340750758905,"tail_post_filtering_doc_counts":437770,"global_removal_rate":57.192348976297836}