{"cluster_sizes":[1,2,3,4,5,6,7,8,9,10,11,12,13,14,15,16,17,18,19,20,21,22,23,24,25,26,27,28,29,30,31,32,33,34,35,36,37,38,39,40,41,42,43,44,45,46,47,48,49,50],"cluster_removal_rates":[48.29212519651279,21.191718565897997,21.075424034644534,19.95508501764517,20.58900867735998,36.35191749919433,25.17321016166282,27.84992784992785,23.47266881028939,21.933962264150946,18.575418994413408,19.666048237476808,25.391849529780565,28.968253968253972,34.54545454545455,31.11111111111111,26.282051282051285,27.27272727272727,21.428571428571427,30.555555555555557,22.35294117647059,29.47368421052631,26.38888888888889,20.37037037037037,32.69230769230769,13.88888888888889,24.242424242424242,41.66666666666667,35.0,20.0,22.727272727272727,20.0,28.57142857142857,26.666666666666668,25.0,37.5,43.75,63.63636363636363,27.27272727272727,70.58823529411765,30.0,40.0,46.15384615384615,25.0,25.0,20.0,25.0,42.857142857142854,14.285714285714285,0.0],"cluster_post_filtering_doc_counts":[28944,14046,6561,4990,3020,1975,1296,1000,714,662,583,433,238,179,108,124,115,96,88,75,66,67,53,43,35,31,25,14,13,20,17,16,10,11,9,5,9,4,8,5,7,6,7,9,3,4,3,4,6,2],"tail_threshold":51,"tail_removal_rate":57.009345794392516,"tail_post_filtering_doc_counts":46,"global_removal_rate":36.51413851986918}