{"cluster_sizes":[1,2,3,4,5,6,7,8,9,10,11,12,13,14,15,16,17,18,19,20,21,22,23,24,25,26,27],"cluster_removal_rates":[99.89601247850258,83.33333333333334,84.70588235294117,90.56603773584906,91.83673469387756,92.85714285714286,83.72093023255815,61.904761904761905,45.45454545454545,78.94736842105263,83.33333333333334,100.0,87.5,87.5,92.85714285714286,93.75,72.22222222222221,68.42105263157895,68.57142857142857,68.62745098039215,56.60377358490566,48.86363636363637,67.03296703296702,66.66666666666666,69.62025316455697,77.77777777777779,64.28571428571429],"cluster_post_filtering_doc_counts":[78,40,13,5,4,2,7,8,12,4,2,0,1,1,1,1,5,6,11,16,23,45,30,34,24,16,15],"tail_threshold":28,"tail_removal_rate":62.244897959183675,"tail_post_filtering_doc_counts":37,"global_removal_rate":99.422691748812}