{"cluster_sizes":[1,2,3,4,5,6,7,8,9,10,11,12,13,14,15,16,17,18,19,20,21,22,23,24,25,26,27,28,31,32,34,35,36,37,38,39,40,41,42,45,48,49,50,54,56,57,59,60,62,65,68,69,70,71,72,73,74,75,77,88,90,96,101,105,107],"cluster_removal_rates":[83.11218335343787,72.67355982274741,65.26315789473685,78.74015748031496,88.13559322033898,90.9090909090909,100.0,96.7741935483871,100.0,100.0,100.0,91.66666666666666,100.0,100.0,100.0,100.0,100.0,100.0,100.0,100.0,100.0,100.0,100.0,100.0,100.0,100.0,100.0,100.0,100.0,100.0,100.0,100.0,75.0,100.0,100.0,100.0,100.0,100.0,100.0,100.0,100.0,100.0,100.0,100.0,100.0,100.0,100.0,100.0,100.0,100.0,50.0,0.0,50.0,0.0,40.0,0.0,66.66666666666666,25.0,0.0,100.0,100.0,100.0,100.0,100.0,100.0],"cluster_post_filtering_doc_counts":[280,185,99,27,7,3,0,1,0,0,0,1,0,0,0,0,0,0,0,0,0,0,0,0,0,0,0,0,0,0,0,0,1,0,0,0,0,0,0,0,0,0,0,0,0,0,0,0,0,0,1,2,1,2,3,2,1,3,1,0,0,0,0,0,0],"tail_threshold":110,"tail_removal_rate":100.0,"tail_post_filtering_doc_counts":0,"global_removal_rate":79.81770833333334}