{"cluster_sizes":[1,2,3,4,5,6,8,9,15,19,20,21,22,23,24,25,26,27,28,29,30],"cluster_removal_rates":[64.51612903225806,36.666666666666664,71.42857142857143,33.33333333333333,16.666666666666664,20.0,100.0,100.0,0.0,100.0,100.0,0.0,100.0,100.0,100.0,100.0,100.0,100.0,100.0,50.0,100.0],"cluster_post_filtering_doc_counts":[11,19,2,2,20,4,0,0,1,0,0,1,0,0,0,0,0,0,0,1,0],"tail_threshold":43,"tail_removal_rate":0.0,"tail_post_filtering_doc_counts":1,"global_removal_rate":53.03030303030303}