{"cluster_sizes":[1,2,3,4,5,6,9,15,17,18,19,20,21,22,23,24,25,26,27,28,29,30,31,32,35,36,39,40,41,42,44,56],"cluster_removal_rates":[72.90322580645162,55.91397849462365,4.545454545454546,0.0,0.0,50.0,0.0,100.0,25.0,14.285714285714285,58.333333333333336,28.000000000000004,41.935483870967744,28.57142857142857,51.02040816326531,41.86046511627907,44.44444444444444,48.837209302325576,59.375,38.88888888888889,62.5,33.33333333333333,33.33333333333333,0.0,0.0,0.0,0.0,0.0,0.0,0.0,0.0,100.0],"cluster_post_filtering_doc_counts":[42,41,21,9,5,3,1,0,3,6,5,18,18,20,24,25,20,22,13,11,3,4,2,3,2,3,1,1,2,1,2,0],"tail_threshold":67,"tail_removal_rate":0.0,"tail_post_filtering_doc_counts":1,"global_removal_rate":49.235474006116206}