{"cluster_sizes":[1,2,3,4,5,6,7,8,10,11,12,13,14,15,16,17,18,19,20,23,24,26,35,39,41,47,123,133],"cluster_removal_rates":[99.3485342019544,98.4375,96.96969696969697,94.11764705882352,100.0,100.0,100.0,100.0,100.0,100.0,100.0,100.0,100.0,100.0,100.0,100.0,100.0,100.0,100.0,100.0,100.0,100.0,100.0,100.0,100.0,100.0,100.0,100.0],"cluster_post_filtering_doc_counts":[2,1,1,1,0,0,0,0,0,0,0,0,0,0,0,0,0,0,0,0,0,0,0,0,0,0,0,0],"tail_threshold":179,"tail_removal_rate":100.0,"tail_post_filtering_doc_counts":0,"global_removal_rate":99.0138067061144}