{"cluster_sizes":[1,2,3,4,5,13,16,17,18,19,20,21,22,23,24,25,26,27,28,29,30,31,32,33,34,35,36,37,38,39,40,41,42,43,47],"cluster_removal_rates":[80.99808061420346,80.95238095238095,33.33333333333333,100.0,100.0,100.0,100.0,66.66666666666666,53.84615384615385,57.14285714285714,72.54901960784314,79.06976744186046,72.65625,68.62745098039215,72.0,78.80794701986756,78.51851851851852,84.78260869565217,89.83050847457628,86.95652173913044,91.66666666666666,100.0,33.33333333333333,0.0,0.0,0.0,0.0,0.0,0.0,0.0,0.0,0.0,0.0,0.0,0.0],"cluster_post_filtering_doc_counts":[99,12,4,0,0,0,0,2,6,12,14,18,35,48,42,32,29,14,6,3,1,0,2,4,2,1,3,2,2,2,3,1,1,1,1],"tail_threshold":50,"tail_removal_rate":50.0,"tail_post_filtering_doc_counts":1,"global_removal_rate":76.54249126891735}