{"cluster_sizes":[1,2,3,4,5,6,7,8,9,10,11,12,13,14,15,16,17,18,19,20,21,22,23,24,25,26,27,28,29,30,31,32,34,37],"cluster_removal_rates":[97.8186775732788,92.80071213975742,86.63829787234043,75.0,53.2258064516129,72.1311475409836,85.71428571428571,73.33333333333333,96.29629629629629,94.73684210526315,95.83333333333334,90.625,95.0,88.88888888888889,100.0,100.0,96.66666666666667,77.77777777777779,100.0,100.0,91.66666666666666,83.33333333333334,85.71428571428571,100.0,100.0,85.71428571428571,100.0,75.0,100.0,100.0,100.0,100.0,100.0,100.0],"cluster_post_filtering_doc_counts":[32,647,157,22,29,17,4,8,1,1,1,3,1,3,0,0,1,4,0,0,1,1,2,0,0,1,0,1,0,0,0,0,0,0],"tail_threshold":39,"tail_removal_rate":92.3076923076923,"tail_post_filtering_doc_counts":1,"global_removal_rate":92.33910486769031}