{"cluster_sizes":[1,2,3,4,5,6,7,8,9,10,11,12,13,14,15,16,17,18,19,20,21,22,23,24,25,26,27,28,29,30,31,32,33,34,36,38,39,47,59,63,69,72,122,131],"cluster_removal_rates":[99.3388429752066,79.29515418502203,100.0,97.36842105263158,100.0,100.0,100.0,100.0,100.0,85.71428571428571,100.0,100.0,66.66666666666666,66.66666666666666,100.0,100.0,100.0,100.0,100.0,100.0,100.0,100.0,100.0,100.0,100.0,100.0,100.0,100.0,100.0,75.0,100.0,100.0,100.0,100.0,100.0,100.0,100.0,0.0,100.0,100.0,100.0,100.0,100.0,100.0],"cluster_post_filtering_doc_counts":[4,47,0,1,0,0,0,0,0,1,0,0,1,1,0,0,0,0,0,0,0,0,0,0,0,0,0,0,0,1,0,0,0,0,0,0,0,1,0,0,0,0,0,0],"tail_threshold":488,"tail_removal_rate":100.0,"tail_post_filtering_doc_counts":0,"global_removal_rate":94.70260223048327}