{"cluster_sizes":[1,2,3,4,5,6,7,8,9,10,11,12,13,14,15,16,17,18,19,20,21,22,23,24,25,26,27,28,29,30,31,32,33,34,35,36,37,38,39,40,41,42,43,44,45,46,47,48,49,50,51,52,54,55,56,57,58,59,61,62,63,64,65,66,67,68,69,70,71,72,73,74,75,76,79,83,93,94,95,96,97,99,102,103,105,106,108,112,113,114,120,122,126,127,131,132,135,144,155,157,167,169,172,176,178,180,181,182,185,190,198,208,209,214,216,217,222,239,242,245,260,262,273,295,307,326,331,337,358,403,418,439,444],"cluster_removal_rates":[97.23485862099723,78.7281683833408,91.34241245136187,70.96399535423926,91.27134724857684,91.86440677966101,96.45669291338582,96.64804469273743,94.73684210526315,95.45454545454545,98.7012987012987,95.38461538461539,98.07692307692307,95.23809523809523,100.0,96.55172413793103,96.55172413793103,100.0,100.0,100.0,100.0,96.0,96.55172413793103,100.0,100.0,100.0,100.0,100.0,100.0,100.0,100.0,100.0,100.0,100.0,100.0,100.0,100.0,100.0,83.33333333333334,100.0,100.0,100.0,100.0,100.0,100.0,100.0,100.0,100.0,100.0,100.0,100.0,100.0,100.0,100.0,100.0,100.0,100.0,100.0,100.0,100.0,100.0,100.0,100.0,50.0,50.0,25.0,40.0,0.0,0.0,37.5,100.0,100.0,100.0,100.0,100.0,100.0,100.0,100.0,100.0,100.0,100.0,100.0,100.0,100.0,100.0,100.0,100.0,100.0,100.0,100.0,100.0,100.0,100.0,100.0,100.0,100.0,100.0,100.0,100.0,100.0,100.0,100.0,100.0,100.0,100.0,100.0,100.0,100.0,100.0,100.0,100.0,100.0,100.0,100.0,100.0,100.0,100.0,0.0,100.0,100.0,100.0,100.0,100.0,100.0,100.0,100.0,100.0,0.0,100.0,100.0,100.0,100.0,100.0],"cluster_post_filtering_doc_counts":[620,475,89,250,46,24,9,6,6,4,1,3,1,2,0,1,1,0,0,0,0,1,1,0,0,0,0,0,0,0,0,0,0,0,0,0,0,0,1,0,0,0,0,0,0,0,0,0,0,0,0,0,0,0,0,0,0,0,0,0,0,0,0,2,2,3,3,4,7,5,0,0,0,0,0,0,0,0,0,0,0,0,0,0,0,0,0,0,0,0,0,0,0,0,0,0,0,0,0,0,0,0,0,0,0,0,0,0,0,0,0,0,0,0,0,0,0,1,0,0,0,0,0,0,0,0,0,1,0,0,0,0,0],"tail_threshold":452,"tail_removal_rate":100.0,"tail_post_filtering_doc_counts":0,"global_removal_rate":94.55397431447415}