{"cluster_sizes":[1,2,3,4,5,6,7,8,9,10,11,12,13,14,15,16,17,18,19,20,21,22,23,24,25,26,27,28,29,30,31,32,33,34,35,36,37,38,39,40,41,42,43,44,45,46,47,48,49,50,51,52,53,54,55,56,57,58,59,60,61,62,63,64,65,66,67,68,69,70,71,72,73,74,75,76,77,78,79,80,81,82,83,84,85,86,87,88,89,90,91,92,93,94,95,96,97,98,99,100,101,102,103,104,105,106,107,108,109,110,111,112,113,114,115,116,117,118,119,120,121,122,123,124,125,126,127,128,129,130,132,133,134,135,136,137,138,139,140,141,144,145,146,147,148,149,150,153,154,155,158,160,161,162,163,165,167,168,170,171,172,175,176,180,183,190,195,196,200,203,204,208,214,215,219,222,236,242,247],"cluster_removal_rates":[91.78163771712158,80.16486347243689,74.97812773403325,72.33065442020667,64.69816272965879,64.65863453815261,62.77372262773723,53.70919881305638,42.710997442455245,41.03448275862069,52.488687782805435,57.333333333333336,60.56338028169014,70.75471698113208,59.04761904761905,62.19512195121951,70.76923076923077,71.66666666666667,75.60975609756098,78.72340425531915,80.95238095238095,78.68852459016394,83.92857142857143,79.3103448275862,58.620689655172406,74.28571428571429,72.72727272727273,69.56521739130434,77.77777777777779,70.83333333333334,87.5,73.91304347826086,86.95652173913044,61.904761904761905,82.75862068965517,88.23529411764706,76.0,73.68421052631578,77.41935483870968,83.72093023255815,90.625,87.5,66.66666666666666,80.64516129032258,80.0,93.75,95.65217391304348,84.61538461538461,90.0,88.23529411764706,84.21052631578947,70.58823529411765,79.16666666666666,76.0,61.111111111111114,80.76923076923077,62.5,77.77777777777779,81.81818181818183,72.72727272727273,70.37037037037037,82.6086956521739,75.0,86.36363636363636,61.904761904761905,78.57142857142857,84.21052631578947,62.5,77.77777777777779,55.00000000000001,70.58823529411765,87.5,73.33333333333333,72.22222222222221,81.81818181818183,63.1578947368421,83.33333333333334,92.3076923076923,53.84615384615385,66.66666666666666,50.0,88.23529411764706,60.0,66.66666666666666,70.58823529411765,37.5,87.5,61.53846153846154,68.75,80.0,76.92307692307693,78.57142857142857,55.55555555555556,71.42857142857143,73.33333333333333,45.45454545454545,50.0,60.0,50.0,72.72727272727273,36.36363636363637,61.111111111111114,42.857142857142854,50.0,100.0,88.88888888888889,33.33333333333333,75.0,60.0,60.0,100.0,0.0,50.0,50.0,100.0,50.0,100.0,100.0,66.66666666666666,57.14285714285714,100.0,80.0,80.0,66.66666666666666,66.66666666666666,50.0,50.0,33.33333333333333,100.0,80.0,33.33333333333333,75.0,50.0,100.0,0.0,100.0,100.0,100.0,60.0,50.0,100.0,100.0,100.0,100.0,50.0,0.0,100.0,100.0,100.0,66.66666666666666,0.0,100.0,100.0,0.0,100.0,0.0,100.0,100.0,100.0,0.0,100.0,0.0,100.0,100.0,100.0,50.0,100.0,100.0,0.0,100.0,100.0,100.0,100.0,100.0,100.0,100.0,100.0,100.0,100.0],"cluster_post_filtering_doc_counts":[828,385,286,241,269,176,153,156,224,171,105,64,56,31,43,31,19,17,20,20,16,13,9,6,12,9,6,14,6,7,3,6,3,8,5,2,6,5,7,7,3,4,5,6,6,1,1,2,2,2,3,5,5,6,7,5,6,4,4,6,8,4,4,3,8,3,3,9,6,9,5,2,4,5,4,7,3,1,6,5,9,2,4,3,5,5,1,5,5,2,3,3,8,4,4,6,6,4,5,3,7,7,4,3,0,1,2,1,4,2,0,6,2,2,0,5,0,0,1,3,0,1,1,1,2,1,1,2,0,1,2,1,1,0,1,0,0,0,2,1,0,0,0,0,1,1,0,0,0,1,1,0,0,1,0,1,0,0,0,1,0,2,0,0,0,1,0,0,1,0,0,0,0,0,0,0,0,0,0],"tail_threshold":250,"tail_removal_rate":85.0,"tail_post_filtering_doc_counts":3,"global_removal_rate":80.84376261606782}