{"cluster_sizes":[1,2,3,4,5,7,10,24],"cluster_removal_rates":[100.0,80.0,100.0,100.0,66.66666666666666,100.0,100.0,100.0],"cluster_post_filtering_doc_counts":[0,3,0,0,1,0,0,0],"tail_threshold":37,"tail_removal_rate":100.0,"tail_post_filtering_doc_counts":0,"global_removal_rate":94.44444444444444}