{"cluster_sizes":[1,2,3,4,5,6,7,8,9,10,11,12,13,14,15,16,17,18,20,23,24],"cluster_removal_rates":[74.35359888190078,85.0,89.13043478260869,89.28571428571429,90.04739336492891,89.69298245614034,90.93799682034977,90.10989010989012,88.98678414096916,90.625,85.84905660377359,80.0,61.53846153846154,50.0,33.33333333333333,33.33333333333333,0.0,0.0,0.0,0.0,0.0],"cluster_post_filtering_doc_counts":[367,18,5,9,21,47,57,63,50,24,15,8,5,3,2,2,2,2,4,1,3],"tail_threshold":25,"tail_removal_rate":40.0,"tail_post_filtering_doc_counts":3,"global_removal_rate":84.24202127659575}