{"cluster_sizes":[1,2,3,4,5,6,7,8,9,10,11,12,13,14,15,16,17,19,20,21,23,24,25,26,27,28,29,30,33,34,35,36,37,38,39,40,41,43,47,48,49,51,54,61,62,63,81,94,100],"cluster_removal_rates":[99.1588785046729,96.0,98.55072463768117,79.03225806451613,93.87755102040816,94.44444444444444,96.96969696969697,92.0,100.0,95.0,100.0,90.9090909090909,80.0,100.0,100.0,100.0,100.0,100.0,80.0,100.0,100.0,100.0,100.0,75.0,100.0,100.0,100.0,100.0,100.0,100.0,100.0,100.0,100.0,100.0,100.0,100.0,100.0,100.0,100.0,100.0,100.0,0.0,100.0,100.0,100.0,100.0,100.0,100.0,100.0],"cluster_post_filtering_doc_counts":[27,29,2,26,3,3,1,2,0,1,0,1,2,0,0,0,0,0,1,0,0,0,0,1,0,0,0,0,0,0,0,0,0,0,0,0,0,0,0,0,0,1,0,0,0,0,0,0,0],"tail_threshold":118,"tail_removal_rate":100.0,"tail_post_filtering_doc_counts":0,"global_removal_rate":97.8002639683238}