{"cluster_sizes":[1,2,3,4,5,6,7,8,9,10,11,12,13,14,15,16,17,18,19,20,21,22,23,24,25,26,27,28,29,30,31,32,33,34,35,36,37,39,41,42,43,44,45,46,47,49,50,52,54,56,66,77,89,106,109,117,129,134,173,180],"cluster_removal_rates":[72.78846153846153,53.7842190016103,53.82475660639777,46.4203233256351,55.97964376590331,40.08438818565401,33.81642512077295,39.2,33.734939759036145,47.5609756097561,48.484848484848484,56.310679611650485,48.717948717948715,54.166666666666664,65.21739130434783,50.0,74.07407407407408,66.66666666666666,63.63636363636363,73.68421052631578,50.0,100.0,75.0,80.0,40.0,50.0,66.66666666666666,60.0,100.0,33.33333333333333,0.0,25.0,60.0,50.0,50.0,50.0,100.0,50.0,100.0,100.0,100.0,50.0,100.0,0.0,100.0,100.0,100.0,66.66666666666666,66.66666666666666,100.0,100.0,0.0,100.0,0.0,100.0,0.0,0.0,100.0,0.0,0.0],"cluster_post_filtering_doc_counts":[566,574,332,232,173,142,137,76,55,43,68,45,40,11,8,11,7,3,4,5,5,0,1,2,3,2,2,2,0,2,1,3,2,3,1,1,0,1,0,0,0,1,0,1,0,0,0,1,1,0,0,1,0,1,0,1,1,0,1,1],"tail_threshold":192,"tail_removal_rate":57.14285714285714,"tail_post_filtering_doc_counts":3,"global_removal_rate":58.20217426577965}