{"cluster_sizes":[1,2,3,4,5,6,7,8,9,10,11,12,13,14,15,16,17,18,19,20,21,22,23,24,25,26,27,28,29,30,31,32,33,34,35,36,37,38,39,40,41,42,43,44,45,46,47,48,49,50,51,52,53,54,55,56,57,58,59,60,61,62,63,64,65,66,67,68,69,70,71,72,73,74,75,76,77,78,79,80,81,82,83,84,85,86,87,88,89,90,91,92,93,94,95,96,97,98,99,100,101,102,103,104,105,106,107,108,109,110,111,112,113,114,115,116,117,118,119,120,121,122,123,124,125,126,127,128,129,130,131,132,133,134,135,136,137,138,139,140,141,142,143,144,145,146,147,148,149,150,151,152,153,154,155,156,157,158,159,160,161,162,163,164,165,166,167,168,169,170,171,172,173,174,175,176,177,178,179,180,181,182,183,184,185,186,187,188,189,190,191,192,193,194,195,196,197,198,199,200,201,202,203,204,205,206,207,208,209,210,211,212,213,214,215,216,217,218,219,220,221,222,223,224,225],"cluster_removal_rates":[99.79891271848048,98.89195708864692,98.40092736684981,98.52013387598979,98.46376936440252,98.28247689096511,96.35562150837988,96.07340792638294,93.38111298482293,88.6122477286913,86.57287938067094,87.17615284585376,87.9704537460429,83.15385567520732,77.1654581410679,69.77231875374476,67.2038544608739,69.42418426103647,77.54785307811692,88.85277868053298,92.86892003297609,95.36992840095465,96.08695652173913,97.8211009174312,98.1651376146789,98.49354375896701,99.15469146238377,98.60748476936466,98.52941176470588,98.4267453294002,98.35589941972921,97.03915950334289,97.48237663645519,97.83505154639175,97.75280898876404,97.81818181818181,99.21875,98.60681114551083,98.828125,98.88059701492537,99.78213507625271,98.81516587677726,99.2874109263658,99.48717948717949,99.47368421052632,97.61904761904762,99.05660377358491,98.54227405247813,99.32203389830508,98.67109634551495,99.59677419354838,98.46153846153847,98.69565217391305,97.6303317535545,98.64253393665159,99.03846153846155,98.91304347826086,99.4475138121547,99.4186046511628,97.71428571428571,97.54601226993866,97.72727272727273,96.12903225806451,97.76119402985076,98.70967741935483,96.45390070921985,99.23076923076923,98.63945578231292,96.29629629629629,98.14814814814815,95.23809523809523,100.0,97.97979797979798,98.23008849557522,96.47058823529412,99.02912621359224,98.09523809523809,99.00990099009901,97.84946236559139,98.07692307692307,97.59036144578313,97.26027397260275,98.80952380952381,100.0,97.61904761904762,97.61904761904762,96.72131147540983,97.46835443037975,100.0,97.14285714285714,94.20289855072464,98.11320754716981,95.58823529411765,96.49122807017544,96.55172413793103,97.67441860465115,98.30508474576271,96.36363636363636,98.14814814814815,94.54545454545455,96.22641509433963,100.0,100.0,100.0,98.27586206896551,100.0,100.0,95.23809523809523,97.43589743589743,100.0,98.07692307692307,94.87179487179486,95.65217391304348,97.05882352941177,100.0,100.0,95.1219512195122,93.93939393939394,100.0,100.0,100.0,100.0,100.0,100.0,100.0,100.0,94.11764705882352,100.0,100.0,90.0,100.0,100.0,100.0,100.0,100.0,100.0,100.0,100.0,100.0,100.0,96.42857142857143,100.0,100.0,100.0,100.0,100.0,100.0,100.0,100.0,96.15384615384616,100.0,100.0,100.0,100.0,100.0,100.0,100.0,100.0,100.0,100.0,94.73684210526315,100.0,100.0,100.0,100.0,100.0,100.0,100.0,100.0,100.0,100.0,100.0,100.0,100.0,100.0,100.0,100.0,100.0,100.0,100.0,100.0,100.0,100.0,100.0,100.0,100.0,100.0,100.0,95.0,100.0,100.0,91.66666666666666,100.0,100.0,100.0,100.0,100.0,100.0,100.0,100.0,100.0,100.0,100.0,100.0,100.0,100.0,100.0,100.0,100.0,100.0,100.0,100.0,100.0,100.0,100.0,100.0,93.33333333333333,100.0,100.0,100.0,100.0,100.0,100.0,100.0,100.0],"cluster_post_filtering_doc_counts":[4506,3174,2014,1269,1070,864,835,751,1099,1642,1613,1282,1026,1361,1732,2018,1974,1593,868,343,173,97,72,38,26,21,10,16,16,16,17,31,25,21,20,18,6,9,6,6,1,5,3,2,2,8,3,5,2,4,1,4,3,5,3,2,2,1,1,4,4,4,6,3,2,5,1,2,4,2,6,0,2,2,3,1,2,1,2,2,2,2,1,0,2,2,2,2,0,2,4,1,3,2,2,1,1,2,1,3,2,0,0,0,1,0,0,2,1,0,1,2,2,1,0,0,2,2,0,0,0,0,0,0,0,0,2,0,0,2,0,0,0,0,0,0,0,0,0,0,1,0,0,0,0,0,0,0,0,1,0,0,0,0,0,0,0,0,0,0,1,0,0,0,0,0,0,0,0,0,0,0,0,0,0,0,0,0,0,0,0,0,0,0,0,0,0,0,1,0,0,1,0,0,0,0,0,0,0,0,0,0,0,0,0,0,0,0,0,0,0,0,0,0,0,0,1,0,0,0,0,0,0,0,0],"tail_threshold":226,"tail_removal_rate":99.37725335955425,"tail_post_filtering_doc_counts":19,"global_removal_rate":98.95226326978144}