{"cluster_sizes":[1,2,3,4,5,6,7,8,9,10,11,12,13,14,15,16,18,19,22,24,25,31,47,67,94],"cluster_removal_rates":[82.6086956521739,91.30434782608695,87.5,88.88888888888889,87.5,88.88888888888889,60.0,57.14285714285714,0.0,100.0,100.0,100.0,100.0,0.0,100.0,100.0,100.0,100.0,100.0,100.0,100.0,100.0,100.0,100.0,0.0],"cluster_post_filtering_doc_counts":[16,4,1,2,1,1,2,3,1,0,0,0,0,1,0,0,0,0,0,0,0,0,0,0,1],"tail_threshold":5500,"tail_removal_rate":100.0,"tail_post_filtering_doc_counts":0,"global_removal_rate":84.86238532110092}