{"cluster_sizes":[1,2,3,4,5,6,7,8,9,10,11,12,13,14,15,16,17,18,19,20,21,22,23,26,28,29,30,32,34,39,40,50,61,64,65],"cluster_removal_rates":[89.25619834710744,62.16216216216216,64.28571428571429,61.53846153846154,90.9090909090909,57.14285714285714,25.0,78.57142857142857,57.14285714285714,83.33333333333334,50.0,75.0,40.0,100.0,100.0,66.66666666666666,100.0,80.0,100.0,100.0,100.0,100.0,66.66666666666666,75.0,100.0,100.0,100.0,100.0,100.0,100.0,50.0,0.0,100.0,100.0,100.0],"cluster_post_filtering_doc_counts":[13,14,10,5,1,3,3,3,9,1,5,2,3,0,0,1,0,1,0,0,0,0,1,1,0,0,0,0,0,0,1,1,0,0,0],"tail_threshold":66,"tail_removal_rate":100.0,"tail_post_filtering_doc_counts":0,"global_removal_rate":76.71641791044776}