{"cluster_sizes":[1,2,3,4,5,6,7,8,9,10,11,15,19,27,28,29,70],"cluster_removal_rates":[64.28571428571429,78.37837837837837,75.0,88.88888888888889,100.0,85.71428571428571,66.66666666666666,100.0,33.33333333333333,25.0,0.0,100.0,100.0,100.0,0.0,0.0,100.0],"cluster_post_filtering_doc_counts":[25,8,4,1,0,1,1,0,2,3,1,0,0,0,1,1,0],"tail_threshold":5564,"tail_removal_rate":100.0,"tail_post_filtering_doc_counts":0,"global_removal_rate":70.9090909090909}