{"cluster_sizes":[1,2,3,4,5,6,7,8,9,10,11,12,13,14,15,16,17,18,20,21,22,23,24,25,26,27,29,30,31,32,34,35,36,38,39,40,41,45,46,50,55,56,70,119],"cluster_removal_rates":[99.79591836734694,96.58617818484596,85.1063829787234,48.93617021276596,79.41176470588235,42.857142857142854,55.00000000000001,52.63157894736842,80.0,66.66666666666666,66.66666666666666,66.66666666666666,80.0,75.0,100.0,66.66666666666666,100.0,83.33333333333334,100.0,75.0,100.0,100.0,100.0,100.0,100.0,100.0,100.0,100.0,100.0,100.0,100.0,0.0,100.0,100.0,100.0,100.0,100.0,66.66666666666666,100.0,100.0,0.0,0.0,0.0,100.0],"cluster_post_filtering_doc_counts":[1,82,7,24,7,20,9,9,2,4,2,1,1,1,0,2,0,1,0,1,0,0,0,0,0,0,0,0,0,0,0,2,0,0,0,0,0,1,0,0,1,1,1,0],"tail_threshold":164,"tail_removal_rate":100.0,"tail_post_filtering_doc_counts":0,"global_removal_rate":94.38552713661885}