{"cluster_sizes":[1,2,3,4,5,6,7,8,10,12,13,16,20,24,27,29,30,40,41,57,59,65],"cluster_removal_rates":[46.49122807017544,43.333333333333336,66.66666666666666,88.88888888888889,20.0,40.0,50.0,100.0,100.0,100.0,100.0,100.0,100.0,100.0,0.0,100.0,0.0,100.0,100.0,100.0,100.0,100.0],"cluster_post_filtering_doc_counts":[244,17,5,1,20,3,1,0,0,0,0,0,0,0,1,0,1,0,0,0,0,0],"tail_threshold":1736,"tail_removal_rate":100.0,"tail_post_filtering_doc_counts":0,"global_removal_rate":47.86476868327402}