{"cluster_sizes":[1,2,3,4,5,6,7,8,9,10,11,12,13,14,15,16,17,18,19,20,21,22,23,24,25,26,27,28,29,30,31,32,33,34,35,36,37,38,39,40,41,42,43,44,45,46,47,48,49,50,51,52,53,54,55,56,57,58,59,60,61,62,63,64,65,66,67,68,69,70,71,72,73,74,75,76,77,78,79,80,81,82,83,84,85,86,87,88,89,90,91,92,93,94,95,96,97,98,99,100,101,102,103,104,105,106,107,108,109,110,111,112,113,114,115,116,117,118,119,120,121,122,123,124,125,126,127,128,129,130,131,132,133,134,135,136,137,138,139,140,141,142,143,144,145,146,147,148,149,150,151,152,153,154,155,156,157,158,159,160,161,162,163,166,167,168,169,170,171,173,176,177,178,179,180,182,183,186,187,188,190,191,193,194,196,197,199,200,201,202,203,204,206,207,208,209,211,212,217,219,220,221,222,223,224,225,226,228,229,230,232,234,235,236,239,240,242,243,246,247,249,250,251,252,253,255,256,257,262,263,264,266,271,272,274,276,279,280,281,282,283,284,287,288,290,292,295,298,300,301,302,303,304,306,307,310,312,314],"cluster_removal_rates":[99.18059282981139,98.82109473096777,98.38653645732813,94.73280490923037,95.57863004521856,94.5395273023635,94.20544337137841,92.18997361477572,86.70798898071625,83.7979094076655,86.53113087674714,85.97222222222223,84.7571189279732,85.02024291497976,86.85567010309279,88.66279069767442,88.4180790960452,90.08498583569406,90.88145896656535,91.94139194139194,85.71428571428571,91.43968871595331,89.47368421052632,88.66995073891626,91.62790697674419,87.70053475935828,89.82035928143712,88.0,77.77777777777779,88.42975206611571,88.88888888888889,85.21739130434783,79.85611510791367,76.2589928057554,85.16129032258064,81.57894736842105,87.87878787878788,82.90598290598291,80.0,85.0,82.41758241758241,69.04761904761905,74.68354430379746,72.46376811594203,75.30864197530865,81.81818181818183,85.0,77.96610169491525,80.0,84.48275862068965,86.76470588235294,90.0,90.74074074074075,82.6923076923077,85.71428571428571,73.80952380952381,83.6734693877551,91.48936170212765,77.14285714285715,81.13207547169812,86.48648648648648,86.48648648648648,84.61538461538461,82.5,80.0,90.0,96.15384615384616,78.57142857142857,82.35294117647058,70.96774193548387,73.07692307692307,82.75862068965517,78.78787878787878,84.21052631578947,60.0,81.81818181818183,76.47058823529412,70.0,76.0,75.0,52.17391304347826,83.33333333333334,61.111111111111114,72.22222222222221,78.94736842105263,60.0,56.52173913043478,72.72727272727273,83.33333333333334,80.0,73.33333333333333,61.53846153846154,53.333333333333336,55.00000000000001,66.66666666666666,72.72727272727273,83.33333333333334,78.57142857142857,85.71428571428571,83.33333333333334,80.0,80.0,83.33333333333334,100.0,100.0,87.5,100.0,57.14285714285714,90.0,71.42857142857143,85.71428571428571,100.0,88.88888888888889,55.55555555555556,100.0,80.0,66.66666666666666,75.0,85.71428571428571,85.71428571428571,75.0,100.0,0.0,100.0,100.0,100.0,100.0,100.0,100.0,100.0,75.0,100.0,100.0,85.71428571428571,100.0,100.0,100.0,50.0,66.66666666666666,100.0,100.0,100.0,100.0,100.0,100.0,66.66666666666666,100.0,100.0,100.0,80.0,50.0,100.0,50.0,100.0,100.0,100.0,100.0,100.0,100.0,100.0,100.0,100.0,100.0,100.0,100.0,100.0,100.0,100.0,100.0,100.0,100.0,100.0,100.0,100.0,100.0,100.0,100.0,100.0,100.0,100.0,100.0,100.0,100.0,100.0,100.0,100.0,100.0,100.0,100.0,0.0,100.0,100.0,100.0,100.0,100.0,100.0,100.0,100.0,100.0,100.0,100.0,100.0,100.0,100.0,100.0,100.0,100.0,100.0,100.0,100.0,100.0,0.0,100.0,100.0,100.0,100.0,100.0,100.0,100.0,100.0,100.0,100.0,100.0,100.0,100.0,100.0,100.0,100.0,100.0,100.0,100.0,100.0,100.0,100.0,100.0,100.0,100.0,100.0,100.0,100.0,100.0,100.0,100.0,100.0,100.0,100.0,100.0,100.0,100.0,100.0,100.0,100.0,100.0,100.0,100.0,100.0,100.0,100.0],"cluster_post_filtering_doc_counts":[1090,507,418,618,264,201,132,148,193,186,106,101,91,74,51,39,41,35,30,22,39,22,24,23,18,23,17,21,38,14,14,17,28,33,23,28,16,20,15,15,16,26,20,19,20,10,12,13,13,9,9,5,5,9,7,11,8,4,8,10,5,5,6,7,9,3,1,6,6,9,7,5,7,3,6,4,8,9,6,5,11,4,7,5,4,6,10,6,3,3,4,5,7,9,4,3,1,3,1,2,1,1,1,0,0,1,0,3,1,4,1,0,1,4,0,1,1,2,1,1,1,0,2,0,0,0,0,0,0,0,1,0,0,1,0,0,0,1,2,0,0,0,0,0,0,1,0,0,0,1,1,0,1,0,0,0,0,0,0,0,0,0,0,0,0,0,0,0,0,0,0,0,0,0,0,0,0,0,0,0,0,0,0,0,0,0,0,0,0,1,0,0,0,0,0,0,0,0,0,0,0,0,0,0,0,0,0,0,0,0,0,1,0,0,0,0,0,0,0,0,0,0,0,0,0,0,0,0,0,0,0,0,0,0,0,0,0,0,0,0,0,0,0,0,0,0,0,0,0,0,0,0,0,0,0,0,0,0],"tail_threshold":319,"tail_removal_rate":99.1701244813278,"tail_post_filtering_doc_counts":2,"global_removal_rate":97.8056113888935}