{"cluster_sizes":[1,2,3,4,5,6,7,8,14,15,17,18,19,20,21,22,23,24,25,26,27,28,29,30,31,32,37,38,39,40,41,42,43,46,56,63],"cluster_removal_rates":[81.57894736842105,39.02439024390244,50.0,0.0,22.22222222222222,66.66666666666666,0.0,0.0,100.0,100.0,50.0,28.57142857142857,12.5,20.0,29.629629629629626,17.647058823529413,40.54054054054054,40.0,30.76923076923077,57.89473684210527,57.89473684210527,54.54545454545454,66.66666666666666,50.0,0.0,0.0,0.0,0.0,0.0,0.0,0.0,0.0,0.0,0.0,0.0,0.0],"cluster_post_filtering_doc_counts":[7,50,6,1,7,1,2,1,0,0,1,5,14,8,19,28,22,24,27,8,8,5,2,3,2,1,2,3,5,3,1,1,2,1,1,1],"tail_threshold":104,"tail_removal_rate":0.0,"tail_post_filtering_doc_counts":1,"global_removal_rate":39.0625}