{"cluster_sizes":[1,2,3,4,5,6,7,8,9,10,11,12,13,14,15,16,17,18,19,20,21,22,23,24,25,27,28,30,33,34,35,37,38,39,40,41,42,43,44,47,50,53,56,59,62,64,66,68,69,70,71,72,73,74,75,76,79,86,101,102,105,133],"cluster_removal_rates":[93.93203883495146,84.36724565756823,81.54761904761905,76.29629629629629,52.57731958762887,79.41176470588235,85.71428571428571,83.33333333333334,73.33333333333333,82.6086956521739,83.33333333333334,69.23076923076923,69.23076923076923,80.0,83.33333333333334,66.66666666666666,100.0,100.0,80.0,60.0,100.0,100.0,100.0,100.0,50.0,50.0,100.0,100.0,0.0,75.0,50.0,100.0,100.0,66.66666666666666,50.0,100.0,100.0,50.0,100.0,100.0,100.0,100.0,100.0,100.0,100.0,100.0,50.0,0.0,100.0,100.0,33.33333333333333,66.66666666666666,100.0,66.66666666666666,100.0,33.33333333333333,100.0,100.0,100.0,100.0,100.0,0.0],"cluster_post_filtering_doc_counts":[125,63,31,32,92,14,9,8,8,4,4,4,4,2,2,4,0,0,1,2,0,0,0,0,1,1,0,0,1,1,1,0,0,1,1,0,0,1,0,0,0,0,0,0,0,0,1,1,0,0,2,1,0,1,0,2,0,0,0,0,0,1],"tail_threshold":169,"tail_removal_rate":50.0,"tail_post_filtering_doc_counts":2,"global_removal_rate":87.34476641040804}