{"cluster_sizes":[1,2,3,4,5,6,7,8,9,10,11,12,13,14,15,16,17,18,19,20,21,22,23,24,25,26,27,28,29,30,31,32,33,34,35,36,37,38,39,40,41,44,46,47,50,51,52,55,60,63,64,67,69,70,71,72],"cluster_removal_rates":[91.16267588249815,49.229640498899485,45.83333333333333,58.90014471780029,57.29794933655006,56.4453125,53.80434782608695,53.1328320802005,58.55855855855856,51.61290322580645,59.13461538461539,60.66666666666667,56.52173913043478,62.5,65.11627906976744,52.94117647058824,66.66666666666666,66.66666666666666,48.148148148148145,42.857142857142854,58.333333333333336,45.45454545454545,73.33333333333333,65.21739130434783,100.0,100.0,77.77777777777779,85.71428571428571,66.66666666666666,100.0,33.33333333333333,50.0,100.0,100.0,50.0,71.42857142857143,75.0,66.66666666666666,66.66666666666666,100.0,50.0,100.0,0.0,100.0,0.0,0.0,100.0,50.0,100.0,100.0,0.0,100.0,100.0,100.0,100.0,75.0],"cluster_post_filtering_doc_counts":[358,692,1209,852,708,446,255,187,92,105,85,59,40,27,15,16,7,7,14,12,5,6,4,8,0,0,2,1,2,0,4,3,0,0,2,2,1,1,1,0,1,0,1,0,1,1,0,1,0,0,1,0,0,0,0,1],"tail_threshold":73,"tail_removal_rate":93.33333333333333,"tail_post_filtering_doc_counts":1,"global_removal_rate":64.33242506811989}