{"cluster_sizes":[1,2,3,4,5,6,7,8,9,10,12,13,19,24,25,30,210],"cluster_removal_rates":[93.85964912280701,45.23809523809524,16.666666666666664,31.818181818181817,47.61904761904761,44.44444444444444,10.0,50.0,100.0,100.0,100.0,100.0,100.0,100.0,100.0,0.0,100.0],"cluster_post_filtering_doc_counts":[7,23,45,15,11,5,9,2,0,0,0,0,0,0,0,1,0],"tail_threshold":8410,"tail_removal_rate":100.0,"tail_post_filtering_doc_counts":0,"global_removal_rate":59.16955017301038}