{"cluster_sizes":[1,2,3,4,5,6,7,8,9,10,11,12,13,14,15,16,17,18,19,20,21,23,25,28,31,32,38,39,41,43],"cluster_removal_rates":[95.38251366120218,65.1685393258427,77.27272727272727,71.42857142857143,65.95744680851064,88.52459016393442,85.29411764705883,69.6969696969697,47.368421052631575,47.05882352941176,38.46153846153847,42.857142857142854,71.42857142857143,90.0,61.53846153846154,50.0,66.66666666666666,100.0,100.0,100.0,80.0,100.0,100.0,100.0,100.0,66.66666666666666,50.0,100.0,100.0,100.0],"cluster_post_filtering_doc_counts":[169,62,40,28,16,7,5,10,10,9,8,4,2,1,5,3,1,0,0,0,1,0,0,0,0,1,1,0,0,0],"tail_threshold":45,"tail_removal_rate":66.66666666666666,"tail_post_filtering_doc_counts":2,"global_removal_rate":91.289592760181}