{"cluster_sizes":[1,2,3,4,5,6,7,8,9,10,11,12,14,15,22,24,25,28,29,30,36,37,42,47,58,75],"cluster_removal_rates":[92.33128834355828,71.7948717948718,80.0,100.0,100.0,94.73684210526315,100.0,100.0,100.0,100.0,100.0,100.0,100.0,100.0,100.0,100.0,100.0,100.0,0.0,100.0,100.0,100.0,100.0,100.0,0.0,100.0],"cluster_post_filtering_doc_counts":[25,22,7,0,0,1,0,0,0,0,0,0,0,0,0,0,0,0,1,0,0,0,0,0,1,0],"tail_threshold":93,"tail_removal_rate":100.0,"tail_post_filtering_doc_counts":0,"global_removal_rate":89.48339483394834}