{"cluster_sizes":[1,2,3,4,5,6,7,8,9,10,11,13,14,15,16,17,18,19,20,21,22,23,24,25,26,27,28,29,30,31,32,33,34,35,36,37],"cluster_removal_rates":[98.13407049067035,98.7736900780379,98.89196675900277,89.47368421052632,94.1747572815534,80.95238095238095,47.368421052631575,50.0,62.5,100.0,100.0,50.0,100.0,100.0,100.0,72.72727272727273,45.45454545454545,57.14285714285714,55.55555555555556,62.22222222222222,62.16216216216216,66.23376623376623,61.25000000000001,68.29268292682927,71.21212121212122,82.14285714285714,84.61538461538461,76.92307692307693,100.0,25.0,60.0,0.0,33.33333333333333,0.0,66.66666666666666,66.66666666666666],"cluster_post_filtering_doc_counts":[81,55,28,10,6,4,10,6,3,0,0,1,0,0,0,3,6,9,20,17,28,26,31,26,19,10,4,3,0,3,2,3,2,2,1,1],"tail_threshold":38,"tail_removal_rate":35.714285714285715,"tail_post_filtering_doc_counts":9,"global_removal_rate":96.50736790686314}