{"cluster_sizes":[1,2,3,4,5,6,7,8,9,10,11,12,13,15,16,17,18,20,21,37,38,41,45,53],"cluster_removal_rates":[82.55481410867492,94.3127962085308,88.46153846153845,100.0,85.71428571428571,66.66666666666666,100.0,100.0,100.0,100.0,100.0,100.0,80.0,100.0,100.0,100.0,100.0,100.0,100.0,100.0,100.0,100.0,100.0,100.0],"cluster_post_filtering_doc_counts":[915,12,3,0,2,1,0,0,0,0,0,0,1,0,0,0,0,0,0,0,0,0,0,0],"tail_threshold":104,"tail_removal_rate":100.0,"tail_post_filtering_doc_counts":0,"global_removal_rate":83.19236998380421}