{"cluster_sizes":[1,2,3,4,5,6,7,8],"cluster_removal_rates":[22.22222222222222,13.333333333333334,50.0,7.142857142857142,21.428571428571427,11.76470588235294,22.22222222222222,0.0],"cluster_post_filtering_doc_counts":[63,26,4,13,11,15,7,1],"tail_threshold":10,"tail_removal_rate":0.0,"tail_post_filtering_doc_counts":1,"global_removal_rate":19.428571428571427}