{"cluster_sizes":[1,2,3,4,5,6,8,10,14,15,16,17,18,19,20,21,22,23,24,25,26,27,28,29,30,31,32,33,34,35,36,37,39,43,45],"cluster_removal_rates":[89.42390369733448,90.47619047619048,66.66666666666666,0.0,50.0,100.0,100.0,100.0,100.0,88.88888888888889,63.63636363636363,77.27272727272727,82.05128205128204,69.0909090909091,65.9090909090909,76.66666666666667,66.94915254237289,77.62237762237763,74.0,75.51020408163265,86.40776699029125,86.51685393258427,78.43137254901961,81.81818181818183,57.14285714285714,100.0,33.33333333333333,0.0,0.0,0.0,0.0,0.0,0.0,50.0,0.0],"cluster_post_filtering_doc_counts":[123,6,2,1,1,0,0,0,0,1,4,5,7,17,30,28,39,32,39,36,14,12,11,4,3,0,2,3,1,4,3,3,2,1,1],"tail_threshold":46,"tail_removal_rate":100.0,"tail_post_filtering_doc_counts":0,"global_removal_rate":82.20858895705521}