{"cluster_sizes":[1,2,3,4,6,7,8,9,12,15,16,17,18,19,20,21,22,23,24,25,26,27,28,29,30,31,32,33,34,35,36,37,38,39,40],"cluster_removal_rates":[61.95652173913043,55.00000000000001,44.44444444444444,25.0,100.0,66.66666666666666,100.0,0.0,0.0,100.0,33.33333333333333,0.0,25.0,14.285714285714285,10.526315789473683,19.35483870967742,25.0,14.000000000000002,29.545454545454547,30.0,28.57142857142857,40.909090909090914,27.27272727272727,0.0,50.0,0.0,0.0,0.0,0.0,0.0,20.0,0.0,0.0,0.0,0.0],"cluster_post_filtering_doc_counts":[35,9,5,3,0,1,0,1,1,0,2,2,3,12,17,25,30,43,31,21,20,13,8,6,2,3,1,3,2,3,4,1,2,1,2],"tail_threshold":83,"tail_removal_rate":0.0,"tail_post_filtering_doc_counts":1,"global_removal_rate":32.97644539614561}