{"cluster_sizes":[1,2,3,4,5,6,7,8,9,10,11,12,13,14,15,16,17,18,19,20,21,22,23,24,25,26,27,28,29,30,31,32,33,34,35,36,37,38,39,40,41,42,43,44,45,46,47,48,49,50,51,52,53,54,55,56,57,58,59,60,61,62,63,64,65,66,67,68,69,70,71,72,73,74,75,76,77,78,79,80,81,82,83,84,85,86,87,88,89,90,91,92,93,94,95,96,97,98,99,100,101,102,103,104,105,106,107,108,109,110,111,112,113,114,115,116,117,118,119,120,121,122,123,124,125,126,127,128,129,130,131,132,133,134,135,136,137,138,139,140,141,142,143,144,145,146,147,148,149,150,151,152,153,154,155,156,157,158,159,160,161,162,163,164,165,166,167,168,169,170,171,172,173,174,175,176,177,178,179,180,181,182,183,184,185,186,187,188,189,190,191,192,193,194,195,196,197,198,199,200,201,202,203,204,205,206,207,208,209,210,211,212,213,214],"cluster_removal_rates":[76.16521989621089,67.47190467850169,60.71589823282968,57.28768613078877,51.390219550813356,50.98530198103733,46.090593122156605,45.115391289259065,48.71573434365946,49.46657302431357,50.96812630324694,52.78669102038801,53.6866902237927,54.017828512794196,52.936689549961855,53.32519332519332,54.05582615211689,53.80469928863979,53.941108396553936,52.70008307947936,54.53543307086615,54.067710965133905,55.36159600997507,54.88952536824877,56.341633697928785,56.483402489626556,56.59526493799324,56.76167374166161,56.52024708304736,61.450107681263454,61.881740423949424,58.08,60.129870129870135,60.735887096774185,62.11245401996847,64.13978494623656,64.51784762919553,62.06896551724138,64.55117209834191,63.75074895146795,63.50626118067979,65.48448385053831,65.74257425742574,66.92147324530924,67.57164404223228,69.73270440251572,70.34482758620689,70.43558850787767,71.36404697380307,69.97991967871486,71.17768595041323,71.58006362672322,73.26839826839827,74.24242424242425,76.19047619047619,75.02656748140276,77.05667276051187,77.88259958071279,78.42907385697538,75.0,74.68193384223919,73.58757062146893,70.38167938931298,71.91201353637902,68.46689895470384,67.59410801963993,69.10891089108911,71.85314685314685,65.95330739299611,67.40442655935614,69.24686192468619,72.47311827956989,71.62790697674419,72.07207207207207,72.3744292237443,67.93893129770993,67.84140969162996,70.18469656992085,67.4931129476584,66.66666666666666,65.814696485623,69.05444126074498,65.58823529411765,67.08860759493672,72.36842105263158,64.7887323943662,65.17241379310344,68.6046511627907,65.92592592592592,67.06827309236948,67.88617886178862,63.829787234042556,64.08163265306122,69.45812807881774,69.91150442477876,62.62135922330098,60.588235294117645,64.82412060301507,68.88888888888889,70.05988023952095,64.84848484848484,67.74193548387096,64.22764227642277,70.8955223880597,69.53125,66.08695652173913,60.629921259842526,59.57446808510638,65.51724137931035,74.50980392156863,75.49019607843137,63.366336633663366,67.67676767676768,70.1923076923077,66.05504587155964,66.97247706422019,60.91954022988506,67.96116504854369,65.1685393258427,60.46511627906976,66.66666666666666,64.93506493506493,50.0,61.111111111111114,64.0625,60.0,67.3076923076923,67.16417910447761,56.86274509803921,68.11594202898551,59.01639344262295,63.76811594202898,58.82352941176471,62.857142857142854,72.54901960784314,71.73913043478261,70.0,64.91228070175438,62.5,45.588235294117645,50.847457627118644,53.42465753424658,62.06896551724138,60.60606060606061,59.72222222222222,51.80722891566265,54.54545454545454,60.256410256410255,60.60606060606061,53.333333333333336,56.92307692307692,58.57142857142858,51.66666666666667,56.896551724137936,61.904761904761905,58.69565217391305,50.0,64.91228070175438,62.7906976744186,56.81818181818182,50.0,68.57142857142857,58.82352941176471,70.73170731707317,39.39393939393939,53.84615384615385,46.808510638297875,53.191489361702125,52.63157894736842,60.0,51.06382978723404,55.55555555555556,50.0,57.57575757575758,43.24324324324324,80.76923076923077,50.0,51.724137931034484,60.0,66.66666666666666,70.0,70.83333333333334,76.0,36.84210526315789,69.23076923076923,47.61904761904761,84.61538461538461,82.35294117647058,73.33333333333333,52.63157894736842,52.0,56.00000000000001,61.53846153846154,66.66666666666666,70.83333333333334,53.333333333333336,56.52173913043478,64.70588235294117,61.904761904761905,42.857142857142854,56.25,77.27272727272727,77.77777777777779,76.0,61.53846153846154,41.17647058823529,70.0,83.33333333333334,56.25,53.57142857142857,55.55555555555556,62.5,57.692307692307686,50.0],"cluster_post_filtering_doc_counts":[277183,124432,74826,57340,48200,37583,38156,34793,18409,15110,11522,9564,7864,7170,6787,5734,4905,4286,3582,3416,2887,2727,2327,2205,1876,1678,1540,1426,1267,1074,1025,1048,921,779,721,667,666,660,620,605,612,545,519,476,430,385,344,319,317,299,279,268,247,238,235,235,251,211,184,213,199,187,194,166,181,198,156,161,175,162,147,128,122,124,121,126,146,113,118,122,107,108,117,104,84,100,101,81,92,82,79,85,88,62,68,77,67,70,56,50,58,50,44,39,39,39,50,38,40,26,25,37,32,31,37,36,34,33,31,34,26,27,32,28,23,26,17,22,22,22,25,25,21,13,14,13,15,20,21,37,29,34,22,26,29,40,25,31,26,35,28,29,29,25,32,19,22,20,16,19,18,11,14,12,20,18,25,22,18,16,23,16,14,14,21,5,10,14,10,9,9,7,6,12,4,11,2,3,4,9,12,11,5,5,7,7,10,6,8,12,7,5,6,6,10,10,6,3,7,13,8,9,11,10],"tail_threshold":215,"tail_removal_rate":73.7829209896249,"tail_post_filtering_doc_counts":657,"global_removal_rate":66.64246019063903}