{"cluster_sizes":[1,2,3,4,5,6,7,8,9,10,11,12,13,14,15,16,17,18,19,20,21,22,23,25,26,27,28,29,30,31,32,33,34,35,36,37,38,39,40,42,43,44,46,49,53,55,59,63,67,71,75,77],"cluster_removal_rates":[98.01775147928994,96.95767195767195,97.2972972972973,97.05882352941177,98.34710743801654,98.07692307692307,98.4126984126984,94.73684210526315,100.0,100.0,100.0,92.0,86.66666666666667,100.0,90.0,100.0,83.33333333333334,100.0,100.0,100.0,100.0,100.0,100.0,100.0,100.0,100.0,100.0,100.0,100.0,100.0,100.0,100.0,100.0,100.0,100.0,100.0,100.0,100.0,100.0,100.0,100.0,100.0,100.0,100.0,100.0,100.0,100.0,100.0,100.0,100.0,100.0,100.0],"cluster_post_filtering_doc_counts":[67,23,9,6,2,2,1,3,0,0,0,2,2,0,1,0,1,0,0,0,0,0,0,0,0,0,0,0,0,0,0,0,0,0,0,0,0,0,0,0,0,0,0,0,0,0,0,0,0,0,0,0],"tail_threshold":84,"tail_removal_rate":100.0,"tail_post_filtering_doc_counts":0,"global_removal_rate":97.74877033673856}