{"cluster_sizes":[1,2,3,4,5,6,7,8,9,11,12,14,15,18,22,23,28,31,37,39],"cluster_removal_rates":[85.29411764705883,61.224489795918366,100.0,70.58823529411765,83.33333333333334,100.0,80.0,100.0,100.0,100.0,100.0,66.66666666666666,100.0,100.0,100.0,0.0,100.0,0.0,100.0,100.0],"cluster_post_filtering_doc_counts":[30,38,0,5,1,0,1,0,0,0,0,1,0,0,0,1,0,1,0,0],"tail_threshold":432,"tail_removal_rate":100.0,"tail_post_filtering_doc_counts":0,"global_removal_rate":78.68852459016394}