{"cluster_sizes":[1,2,3,4,5,6,7,8,10,11,12,14,15,16,18,19,22,25,27,30,32,34,35,36,39,45,54,78,108,111,114,142,164],"cluster_removal_rates":[53.83177570093458,36.27450980392157,51.28205128205128,62.7906976744186,63.33333333333333,80.95238095238095,55.55555555555556,100.0,100.0,100.0,100.0,100.0,100.0,100.0,100.0,100.0,100.0,100.0,100.0,100.0,100.0,66.66666666666666,100.0,100.0,100.0,100.0,100.0,100.0,100.0,100.0,100.0,100.0,100.0],"cluster_post_filtering_doc_counts":[247,130,38,16,11,4,4,0,0,0,0,0,0,0,0,0,0,0,0,0,0,1,0,0,0,0,0,0,0,0,0,0,0],"tail_threshold":200,"tail_removal_rate":100.0,"tail_post_filtering_doc_counts":0,"global_removal_rate":52.92275574112735}