{"cluster_sizes":[1,2,3,4,5,6,7,8,10,11,18,20,40],"cluster_removal_rates":[60.079051383399204,76.47058823529412,100.0,100.0,100.0,100.0,100.0,100.0,100.0,100.0,100.0,100.0,100.0],"cluster_post_filtering_doc_counts":[101,8,0,0,0,0,0,0,0,0,0,0,0],"tail_threshold":65,"tail_removal_rate":100.0,"tail_post_filtering_doc_counts":0,"global_removal_rate":66.35802469135803}