{"cluster_sizes":[1,2,3,4,5,6,7,8,9,10,11,12,16,18,19,20,22,23,24,25,27,28,29,34,36,39,41,49,70,71,82,100,125,129,156,158,163,169,170,178,183,184,191,192,197,198,206,211,212,215,216,219,220,221,222,223,224,225,228,229,235,236,237,238,239,242,245,246,248,249,251,252,253,258,259,261,262,263,264,265,266,270,271,272,273,274,276,277,278,280,281,283,284,285,286,287,288,289,290,291,292,294,296,298,299,300,301,302,307,308,309,310,311,313,314,315,316,317,318,320,321,322,323,324,325,326,327,329,330,331,332,333,335,336,337,338,339,340,341,342,343,344,346,348,350,351,352,353,354,355,356,357,359,360,361,363,364,365,366,368,369,370,371,372,373,374,375,376,377,378,379,380,381,382,383,384,385,387,388,389,390,391,392,393,394,395,397,398,399,400,402,403,404,405,406,408,410,411,414,415,416,417,418,420,422,423,424,425,427,429,430,432,433,436,437,438,440,441,443,447,448,450,451,453,454,455,458,459,461,462,464,465,466,467,469,470,471,472,473,474,475,476,477,478,479,480,481,482,483,484,485,486,490,491,495,500,502,505,506,509,510,513,514,521,522,531,532,536,539,540,543,548,550,552,553,554,555,559,560,561,562,566,567,570,572,575,576,579,586,589,591,592,597,604,605,612,615,624,635,643,662,678,679,680,687,689,695,696,707],"cluster_removal_rates":[50.0,76.66666666666667,64.0,61.111111111111114,50.0,72.72727272727273,66.66666666666666,37.5,18.181818181818183,0.0,75.0,66.66666666666666,100.0,100.0,25.0,100.0,100.0,100.0,0.0,40.0,100.0,100.0,100.0,50.0,50.0,100.0,0.0,100.0,0.0,0.0,0.0,0.0,100.0,0.0,0.0,0.0,0.0,100.0,0.0,0.0,0.0,50.0,100.0,0.0,100.0,0.0,100.0,0.0,0.0,0.0,0.0,0.0,0.0,100.0,100.0,100.0,0.0,100.0,0.0,0.0,0.0,100.0,0.0,0.0,0.0,50.0,0.0,100.0,100.0,0.0,0.0,0.0,0.0,66.66666666666666,100.0,100.0,50.0,50.0,0.0,0.0,50.0,0.0,50.0,0.0,0.0,33.33333333333333,0.0,0.0,66.66666666666666,0.0,33.33333333333333,25.0,0.0,33.33333333333333,0.0,0.0,100.0,100.0,0.0,0.0,0.0,0.0,0.0,0.0,0.0,66.66666666666666,0.0,0.0,0.0,40.0,0.0,100.0,50.0,0.0,33.33333333333333,0.0,100.0,33.33333333333333,25.0,0.0,100.0,0.0,0.0,66.66666666666666,50.0,33.33333333333333,0.0,50.0,0.0,0.0,0.0,0.0,0.0,100.0,0.0,50.0,25.0,0.0,33.33333333333333,0.0,50.0,0.0,50.0,0.0,25.0,0.0,0.0,50.0,100.0,0.0,0.0,0.0,0.0,0.0,0.0,50.0,0.0,75.0,0.0,0.0,0.0,40.0,50.0,50.0,0.0,50.0,0.0,50.0,0.0,0.0,0.0,0.0,0.0,0.0,66.66666666666666,0.0,0.0,0.0,50.0,0.0,0.0,0.0,0.0,50.0,50.0,100.0,0.0,0.0,0.0,33.33333333333333,0.0,0.0,0.0,0.0,0.0,50.0,0.0,0.0,100.0,33.33333333333333,50.0,0.0,50.0,33.33333333333333,0.0,50.0,50.0,50.0,50.0,100.0,100.0,0.0,0.0,0.0,0.0,0.0,100.0,0.0,0.0,0.0,0.0,0.0,100.0,100.0,0.0,0.0,0.0,100.0,0.0,100.0,100.0,0.0,0.0,0.0,0.0,0.0,0.0,0.0,0.0,0.0,0.0,0.0,33.33333333333333,0.0,0.0,50.0,0.0,50.0,0.0,0.0,0.0,0.0,50.0,0.0,50.0,0.0,100.0,0.0,0.0,100.0,0.0,0.0,0.0,0.0,100.0,0.0,0.0,33.33333333333333,100.0,0.0,0.0,50.0,0.0,0.0,0.0,0.0,0.0,100.0,33.33333333333333,0.0,0.0,0.0,0.0,100.0,0.0,0.0,0.0,0.0,66.66666666666666,0.0,0.0,100.0,0.0,0.0,0.0,100.0,0.0,0.0,0.0,0.0,0.0,0.0,0.0,0.0,0.0,100.0,0.0,100.0,0.0],"cluster_post_filtering_doc_counts":[9,7,9,7,9,3,2,5,9,1,1,1,0,0,3,0,0,0,1,3,0,0,0,1,1,0,1,0,1,1,1,1,0,1,1,1,1,0,1,1,1,1,0,1,0,2,0,1,1,1,1,1,2,0,0,0,1,0,1,1,1,0,2,1,1,1,1,0,0,1,2,1,1,1,0,0,1,1,2,1,1,1,1,1,2,2,2,1,1,3,2,3,1,2,3,1,0,0,1,1,1,2,1,2,2,1,1,1,1,3,2,0,1,1,2,1,0,2,3,1,0,1,1,1,1,2,1,1,1,3,3,1,1,0,3,1,3,1,2,1,1,2,1,2,3,4,2,1,0,4,1,1,2,2,3,2,4,1,1,3,2,3,1,1,2,2,2,1,1,1,1,1,1,2,1,3,1,2,1,3,4,1,2,1,1,0,1,1,2,2,3,3,1,2,2,2,1,1,0,2,1,1,1,2,1,1,1,1,1,0,0,1,1,1,2,1,0,1,1,1,1,1,0,0,1,1,1,0,1,0,0,1,1,1,1,2,1,1,1,1,2,1,2,1,1,1,1,1,1,2,2,2,1,1,1,1,0,1,1,0,1,1,2,1,0,1,1,2,0,1,1,1,2,2,1,1,1,0,2,1,1,1,1,0,2,1,1,1,1,1,1,0,1,1,1,0,1,1,2,1,1,1,1,1,1,0,1,0,1],"tail_threshold":793,"tail_removal_rate":0.0,"tail_post_filtering_doc_counts":1,"global_removal_rate":35.32182103610675}