{"cluster_sizes":[1,2,3,4,5,6,7,8,9,10,11,12,13,14,15,16,17,18,19,20,21,22,23,24,25,26,27,28,29,30,31,32,33,34,35,36,37,38,39,40,41,42,43,44,45,46,47,48,49,50,51,52,53,54,55,56,57,58,59,60,61,62,63,64,65,66,67,68,69,70,71,72,73,74,75,76,77,78,79,80,81,82,83,84,85,86,87,88,89,90,91,92,93,94,95,96,97,98,99,100,101,102,103,104,105,106,107,108,109,110,111,112,113,114,115,116,117,118,119,120,121,122,123,124,125,126,127,128,129,130,131,132,133,134,135,136,137,138,139,140,141,142,143,144,145,146,147,148,149,150,151,152,153,154,155,156,157,158,159,160,161,162,163,164,165,166,167,168,169,170,171,172],"cluster_removal_rates":[79.3591401763932,61.78473398730257,58.276570142069716,57.5084619423871,56.11751205090755,56.047528631212515,52.00033705238775,51.140965928297234,49.20641451349022,48.646564328264745,47.71317484343929,47.292565451930805,46.31527970284629,48.04182792303537,46.94787540280566,45.15433003078281,44.98481708198776,45.059648568387885,43.70072804032223,43.99134398779644,43.904209983442364,43.932419196865816,43.832292504757156,44.97528453648789,44.33019665891309,44.476478530284005,44.64481731221577,45.00181055232496,44.39843955675754,45.34342057590449,45.238611927637166,45.918989127994614,46.742535343462194,46.85142029350633,47.55774177295749,48.27806388029039,47.64204808493565,47.708144610063414,47.677465038059836,48.4885683596747,48.48272790890006,49.401082354006746,49.88788679057252,50.74658533351014,50.166305133767175,50.7931993426874,50.6941851386673,51.708162399207815,52.13347285199396,52.030629836026144,52.42019430950728,51.86662997615117,51.49810918258508,52.990099009900995,52.4349957374254,53.030049618107824,52.77777777777778,52.997468667037104,51.82646925712808,53.59183411439944,51.655162698971694,53.044246484576306,53.87733251758948,53.07014181678804,52.35829710442129,53.65853658536586,54.25464431354781,54.37328453796889,55.32794957652156,55.213101413894826,55.351027397260275,55.76985943118666,55.932600046805526,56.16470588235294,55.620131074564114,55.59101353076335,56.379264034380874,57.240250886283064,57.81227745335422,57.47449356794322,56.989414694894144,57.516134109869355,58.55513307984791,58.47540983606557,59.22346850733391,58.965145526410346,59.65364775239499,60.0749063670412,58.33165829145729,60.0166078472078,60.12903225806452,59.31662870159453,59.90867579908675,58.457888493475686,60.41565973900435,59.920139755428,58.35502342529932,60.13368983957219,60.187741579237986,60.44860874503123,61.04049660065031,59.100642398286936,60.99744245524297,60.33742331288343,60.75063613231551,61.849519390122644,60.391198044009776,61.20367222033322,60.32934131736527,61.17256637168141,60.968113714944295,62.4031007751938,59.159397303727204,62.573789846517116,64.22136422136421,62.39495798319328,62.944839857651246,62.325999101930854,63.73976342129208,64.17445482866043,61.92660550458715,63.095238095238095,63.12594840667678,61.858190709046454,63.36787564766839,63.462506290890786,63.79492600422832,63.20949432404541,64.15401301518439,64.99454743729552,63.25632563256326,66.164994425864,64.1159420289855,63.86138613861386,63.305978898007034,63.387978142076506,66.53919694072657,63.07977736549165,65.40716612377851,65.94202898550725,64.06685236768801,67.6933607118412,65.62272396212673,65.39293439077144,67.44536548605879,66.66666666666666,65.26396327467484,69.70588235294117,69.08396946564885,66.0493827160494,66.93613581244946,65.81967213114754,66.44682605111294,65.80310880829016,66.17647058823529,66.88372093023256,67.68953068592057,68.99724011039558,65.29516994633273,66.7,68.13725490196079,69.69407265774379,68.16846229187071,69.36852026390198,68.80907372400756,67.55602988260405,67.26886291179596,68.16816816816817,69.79062811565304,66.05995717344754,67.11711711711712,70.45720984759672],"cluster_post_filtering_doc_counts":[17347487,7929203,4299516,2850824,2116943,1611113,1184852,998771,839492,722492,616595,543547,450068,398196,351821,303245,262522,236438,209100,189456,165330,148837,131943,120333,105305,94174,84720,77460,69696,63359,55516,50589,45394,42192,39553,37261,33929,31749,29557,26856,24294,22346,20114,18571,17230,15571,14525,13655,12351,11965,10970,10495,10004,9496,8927,8425,8041,7613,7451,7229,6864,6378,6031,6122,5808,5491,5048,4987,4536,4403,4172,4059,3766,3726,3589,3479,3248,3136,2962,2876,2763,2699,2507,2533,2363,2284,2190,2132,2073,1926,1854,1786,1756,1751,1638,1606,1600,1491,1442,1393,1318,1337,1220,1293,1234,1151,1134,1141,1060,1053,1016,970,1030,951,834,895,833,839,797,805,830,806,729,780,707,726,685,713,661,642,668,607,619,584,626,603,525,597,531,517,516,472,472,480,432,433,454,412,405,440,409,417,407,396,391,356,358,337,388,333,325,317,325,325,330,304,308,318,303,317,292,252],"tail_threshold":173,"tail_removal_rate":72.80495030838429,"tail_post_filtering_doc_counts":40389,"global_removal_rate":69.38584690578746}