{"cluster_sizes":[1,2,3,4,5,6,7,8,9,10,11,12,13,16,17,19,21,22],"cluster_removal_rates":[37.17059639389736,42.508710801393725,34.177215189873415,37.234042553191486,34.146341463414636,52.94117647058824,55.172413793103445,40.0,40.74074074074074,28.57142857142857,0.0,0.0,66.66666666666666,50.0,0.0,100.0,100.0,0.0],"cluster_post_filtering_doc_counts":[453,165,104,59,27,8,13,9,16,10,1,3,1,1,1,0,0,1],"tail_threshold":84,"tail_removal_rate":100.0,"tail_post_filtering_doc_counts":0,"global_removal_rate":38.5049365303244}