{"cluster_sizes":[1,2,3,4,5,6,7,8,9,10,11,12,13,14,15,16,17,18,19,20,21,22,23,25,26,27,30,31,32,34,36,37,38,39,40,41,42,44,45,54,56,57,59,62,63,65,67,68,69,71,72,74,83,99,104],"cluster_removal_rates":[84.90836197021764,76.07476635514018,88.60759493670885,96.12403100775194,90.0,85.0,90.47619047619048,96.96969696969697,95.0,95.83333333333334,100.0,100.0,100.0,100.0,100.0,100.0,100.0,100.0,100.0,100.0,100.0,100.0,100.0,100.0,100.0,100.0,100.0,100.0,100.0,100.0,100.0,100.0,100.0,100.0,100.0,100.0,100.0,100.0,100.0,100.0,100.0,100.0,100.0,100.0,100.0,100.0,100.0,100.0,100.0,100.0,100.0,100.0,100.0,100.0,100.0],"cluster_post_filtering_doc_counts":[527,128,27,5,11,9,4,1,1,1,0,0,0,0,0,0,0,0,0,0,0,0,0,0,0,0,0,0,0,0,0,0,0,0,0,0,0,0,0,0,0,0,0,0,0,0,0,0,0,0,0,0,0,0,0],"tail_threshold":112,"tail_removal_rate":100.0,"tail_post_filtering_doc_counts":0,"global_removal_rate":85.35684987694832}