{"cluster_sizes":[1,2,3,4,5,6,7,8,9,10,11,12,13,14,15,16,17,18,19,20,21,22,23,24,25,26,27,28,29,30,31,32,33,34,35,36,37,38,39],"cluster_removal_rates":[86.09756097560975,94.9524312896406,50.0,69.23076923076923,83.33333333333334,61.53846153846154,100.0,100.0,100.0,92.85714285714286,100.0,100.0,100.0,90.9090909090909,100.0,100.0,81.81818181818183,73.07692307692307,77.14285714285715,71.66666666666667,75.29411764705883,72.72727272727273,70.94594594594594,75.0,75.47169811320755,74.63768115942028,61.224489795918366,73.13432835820896,66.66666666666666,61.53846153846154,40.0,37.5,16.666666666666664,0.0,0.0,0.0,16.666666666666664,0.0,0.0],"cluster_post_filtering_doc_counts":[285,191,11,8,1,5,0,0,0,1,0,0,0,1,0,0,2,7,8,17,21,30,43,33,39,35,38,18,12,10,6,5,5,4,3,1,5,2,3],"tail_threshold":40,"tail_removal_rate":12.5,"tail_post_filtering_doc_counts":7,"global_removal_rate":88.02738195026544}