{"cluster_sizes":[1,2,3,4,5,6,7,8,9,10,11,12,13,14,15,16,17,18,19,20,21,22,23,24,25,26,27,28,29,30,31,32,33,34,35,36,37,38,39,40,41,42,43,44,45,46,47,48,49,50,51,52,53,54,55,56,57,58,59,60,61,62,63,64,65,66,67,68,69,70,71,72,73,74,75,76,77,78,79,80,81,82,83,84,85,86,87,88,89,90,91,92,93,94,95,96,97,98,99,100,101,102,103,104,105,106,107,108,109,110,111,112,113,114,115,116,117,118,119,120,121,122,123,124,125,126,127,128,129,130,131,132,133,134,135,136,137,138,139,140,141,142,143,144,145,146,147,148,149,150,151,152,153,154,155,156,157,158,159,160,161,162,163,164,165,166,167,168,169,170,171,172,173,174,175,176,177,178,179,180,181,182,183,184,185,186,187,188,189,190,191,192,193,194,195,196,197,198,199,200,201,202,203,204,205,206,207,208,209,210,211,212,213,214,215,216,217,218,219,220,221,222,223,224,225,226,227,228,229,230,231,232,233,234,235,236],"cluster_removal_rates":[62.53591409906617,51.43751958691448,46.78197033908249,47.50020013680163,45.80943597790934,45.1131741744232,43.12104702143976,42.920577476545844,41.36896496604119,41.23509771903602,40.06653460210573,40.237424628034034,38.380489537717224,37.96255751039236,37.5558480130725,37.21123248710248,36.364161637938494,36.660432048650776,35.81902113599244,36.2793264067699,35.796159416972415,35.80709132185517,35.41458071221966,36.20529612520658,35.47256344203706,35.38005379517244,35.20243364545835,35.53046015446652,35.2090012909209,35.83674289013278,35.50615425174448,36.30145351379988,36.33178090688261,36.64268199226197,37.07584218757693,37.9204447346624,37.44166353935125,37.64287322439277,37.72484750096274,38.314191435245895,37.85129348125517,38.17499537538648,37.51362150381402,37.9793892541874,38.06017036736887,37.887481631796234,37.958883595759225,38.961792890963046,38.455684238306546,38.718598904746635,38.66328433828851,39.15630761367577,39.16645459350469,39.89120249236349,39.77862526026899,40.06134996838324,40.0356586331176,40.09588682738359,40.19631707058948,40.66222137144801,40.41771316797648,40.57497039179026,40.7114033776715,40.44772174989203,40.664724936712304,41.1999774863511,40.67047488876178,40.90187679127246,41.10409714124884,41.62482169507177,41.31049681572874,42.39534394502489,42.07495744225635,41.76283288305673,41.9048190842139,42.317966483711416,42.53386733197645,42.62646793134598,42.52102845552705,42.97362984566776,42.34710577334643,42.745588622596784,42.66668478704031,43.755656108597286,43.047270721760206,43.07288246881156,43.42504332755633,43.580343338062065,43.42159599596954,44.21550188905348,43.89839095721449,43.988712547405505,43.67887207754467,44.17636953617102,44.10104070350771,44.47373150422333,44.39570849035234,44.96013606888487,44.59173661833642,45.283478877609824,44.513220592357285,45.29525353422176,44.955074385034614,45.40188087774295,45.5887988962416,45.35378473498975,44.93826493394213,45.67586811260817,45.326083878458356,45.894160583941606,45.36529276490359,45.63976200492818,45.172817448093156,45.48519218651544,45.42358588479502,45.57780282437181,46.06451179807337,45.720156010586436,46.1771304440725,46.18904618904619,46.075186851597074,46.08128834355828,46.44049375048521,46.20237903873976,46.40443032820262,47.458675130879264,47.18214225089119,46.75046115567758,47.13165864956351,47.26790689314281,47.90800775838182,47.02165651755872,47.7328431372549,47.46281714785652,47.262720865115384,47.797069450020075,47.565329883570506,48.22276131209788,47.46556177356866,48.42327698309493,47.820476858345025,47.86499037263564,48.1793525304403,48.39586103242962,48.645451319058324,47.938866224197774,48.07785008435768,48.20246271889116,48.556211498973305,48.33386226594732,48.46908540198854,48.75470700931493,48.764044943820224,49.345576646337285,49.394175582796,49.23524119316215,48.857414032269844,49.11816578483245,50.26641651031895,50.44899838821092,48.764517889157375,49.30247057906632,49.24862844875567,50.301106770833336,49.979596833428545,49.111728550980885,49.88997968855789,50.62782950371572,49.151793603110086,50.69156902475552,50.23268546400219,50.58649672116007,50.93230458344815,50.093773443360845,49.60810552475626,51.394993311675904,50.2121913580247,50.12016823552974,49.636950383219045,50.530413625304135,49.98946703180957,49.83764533361265,50.54094187526517,50.85665637969565,50.648925727996506,51.03641456582633,50.87939698492462,50.28020623178659,50.551851000229945,50.051528684300926,49.63015146178232,51.554924914272206,51.24159021406728,50.87784371909001,49.93122420907841,51.33649762677992,49.90378447722899,52.33307553493168,51.12672322375398,51.46961908527745,50.97376251014336,50.12955134324287,50.60456169277274,52.3420177383592,51.43962183068328,51.24770900888199,51.173041376368545,51.57053112507138,51.97932053175776,51.268278125932554,50.395617772367615,52.017664077965584,52.04911742133538,51.17400093298088,50.79837194740138,51.573588398642386,50.91586967093532,51.08344113842173,51.23762376237624,50.60144346431436,51.103678929765884,50.848026868177996,51.58106073280911,52.9659588810246,52.5663407821229,50.226955307262564,50.52092853226101,52.337752965806004,51.99560600512633,52.28509249183896,51.91206355071125,51.62136832239925,52.255639097744364,50.78643168466932,50.810072223306655,52.104642014162074],"cluster_post_filtering_doc_counts":[172795500,78376360,47848885,32376793,23745010,19307379,14389874,12265764,10376554,9184061,7986012,6998846,5814470,5171100,4508494,3938438,3491260,3173776,2807767,2559107,2285945,2048051,1845467,1696157,1523476,1385009,1254604,1142339,1028388,945794,846434,771913,700076,645689,600691,566615,520100,476386,435010,404538,372249,350928,323407,297965,272093,248542,228691,215543,200552,189229,176267,166660,155378,148176,139118,133653,125449,119075,113017,111593,102957,98847,95208,92390,87192,83576,79870,76707,73240,70798,67642,65720,62270,60357,58058,55279,52516,50810,48176,46927,45796,43479,42187,41019,39241,38148,36561,35396,34252,33517,32112,31163,30040,29246,28414,27807,27002,25888,25413,24687,23755,22947,22422,21771,21296,20806,20380,19837,19307,18976,18531,18090,17798,17303,16827,16417,16069,15587,15114,15052,14502,14062,13798,13387,13162,12746,12446,12413,11870,11735,11280,11571,11089,10809,10924,10403,10133,9818,9763,9519,9301,9206,8980,8927,8682,8550,8617,8371,8017,8140,7826,7757,7524,7392,7142,7335,7005,6924,6627,6456,6573,6505,6383,6107,6129,6044,5921,5780,5755,5597,5454,5350,5342,5322,5272,5087,5162,4981,4994,5083,4748,4789,4663,4618,4525,4370,4301,4436,4301,4362,4290,4097,3986,3973,4004,3896,3905,3698,3687,3682,3625,3657,3595,3439,3390,3458,3434,3392,3251,3266,3260,3151,3124,3140,3143,3139,3028,3025,2955,3080,2924,2927,2894,2791,2717,2851,2707,2732,2622,2631,2603,2581,2540,2597,2520,2435],"tail_threshold":237,"tail_removal_rate":56.37946841235926,"tail_post_filtering_doc_counts":460570,"global_removal_rate":52.98541930512041}