{"cluster_sizes":[1,2,3,4,5,6,7,8,9,10,11,12,17,18,20,22,23,25,33,35,37,39,44,52,60,69,74,89,101,133],"cluster_removal_rates":[84.07766990291262,66.66666666666666,72.91666666666666,96.0,93.75,90.0,93.75,87.5,100.0,100.0,100.0,0.0,100.0,100.0,100.0,100.0,100.0,0.0,100.0,100.0,100.0,100.0,100.0,100.0,100.0,100.0,100.0,100.0,100.0,100.0],"cluster_post_filtering_doc_counts":[164,30,13,1,2,3,1,1,0,0,0,1,0,0,0,0,0,1,0,0,0,0,0,0,0,0,0,0,0,0],"tail_threshold":178,"tail_removal_rate":0.0,"tail_post_filtering_doc_counts":2,"global_removal_rate":83.4090909090909}