{"cluster_sizes":[1,2,3,4,5,6,7,8,9,10,11,12,13,14,15,16,17,18,20],"cluster_removal_rates":[87.12871287128714,90.59208986660427,60.0,58.51063829787234,22.22222222222222,93.33333333333333,100.0,100.0,66.66666666666666,90.9090909090909,80.0,91.66666666666666,83.33333333333334,63.63636363636363,83.33333333333334,80.0,66.66666666666666,100.0,75.0],"cluster_post_filtering_doc_counts":[26,402,8,39,7,1,0,0,1,1,2,1,1,4,1,1,2,0,1],"tail_threshold":21,"tail_removal_rate":100.0,"tail_post_filtering_doc_counts":0,"global_removal_rate":89.41101424622582}