{"cluster_sizes":[1,2,3,4,5,6,7,9,14,16,17,18,19,20,21,22,23,24,25,26,27,28,29,30,31,32,33,34,35,36,37,38,39,43],"cluster_removal_rates":[79.05138339920948,50.0,33.33333333333333,100.0,100.0,100.0,100.0,100.0,100.0,50.0,66.66666666666666,50.0,27.77777777777778,40.909090909090914,39.50617283950617,41.05263157894737,54.78260869565217,60.30534351145038,54.67625899280576,56.99999999999999,60.24096385542169,57.77777777777777,50.0,58.333333333333336,50.0,0.0,0.0,0.0,0.0,0.0,0.0,0.0,0.0,0.0],"cluster_post_filtering_doc_counts":[53,20,6,0,0,0,0,0,0,3,1,6,26,13,49,56,52,52,63,43,33,19,15,5,2,4,1,2,2,3,4,1,3,1],"tail_threshold":49,"tail_removal_rate":66.66666666666666,"tail_post_filtering_doc_counts":1,"global_removal_rate":57.01754385964912}