{"cluster_sizes":[1,2,3,4,5,6,7,8,9,10,11,12,13,14,15,16,17,18,19,20,23,25,27,28,30,32,33,34,36,37,38,39,40,41,50,51],"cluster_removal_rates":[99.27511218501898,91.3265306122449,95.80838323353294,98.80952380952381,92.85714285714286,100.0,100.0,97.77777777777777,100.0,100.0,100.0,100.0,100.0,100.0,100.0,100.0,100.0,100.0,100.0,100.0,100.0,100.0,66.66666666666666,100.0,100.0,100.0,100.0,100.0,100.0,100.0,100.0,100.0,100.0,100.0,100.0,100.0],"cluster_post_filtering_doc_counts":[42,34,7,1,2,0,0,1,0,0,0,0,0,0,0,0,0,0,0,0,0,0,1,0,0,0,0,0,0,0,0,0,0,0,0,0],"tail_threshold":61,"tail_removal_rate":85.71428571428571,"tail_post_filtering_doc_counts":1,"global_removal_rate":98.66546708651973}