{"cluster_sizes":[1,2,3,4,5,6,7,8,9,10,11,12,13,14,15,16,18,22,24,33],"cluster_removal_rates":[99.9250936329588,99.23076923076923,96.29629629629629,100.0,100.0,100.0,100.0,100.0,100.0,100.0,100.0,100.0,100.0,100.0,100.0,100.0,100.0,100.0,100.0,100.0],"cluster_post_filtering_doc_counts":[1,2,2,0,0,0,0,0,0,0,0,0,0,0,0,0,0,0,0,0],"tail_threshold":41,"tail_removal_rate":100.0,"tail_post_filtering_doc_counts":0,"global_removal_rate":99.72329828444937}