{"cluster_sizes":[1,2,3,4,5,6,7,8,9,10,11,12,13,14,15,16,17,18,19,20,21,22,23,24,25,26,27,28,29,30,31,32,33,34,35,36,37,38,39,40,41,42,43,44,45,46,47,48,49,50,51,52,54,55,56,57,58,59,60,61,63,66,67,68,73,75,76,79,80,81,82,86,87,88,89,91,93,94,96,102,103,110,111,112,113,116,117,121,122,123,128,130,132,147,154],"cluster_removal_rates":[97.81485116126922,97.80370624571036,98.35129993658846,98.71794871794873,96.900826446281,95.91280653950953,96.41434262948208,90.58823529411765,96.18320610687023,96.19047619047619,94.36619718309859,90.47619047619048,94.66666666666667,95.23809523809523,94.23076923076923,91.8918918918919,84.21052631578947,83.33333333333334,72.91666666666666,68.85245901639344,61.29032258064516,58.108108108108105,59.42028985507246,49.152542372881356,66.0,61.904761904761905,73.52941176470588,63.63636363636363,75.0,55.55555555555556,73.33333333333333,72.72727272727273,80.0,66.66666666666666,65.0,55.55555555555556,71.42857142857143,50.0,50.0,80.0,77.77777777777779,100.0,100.0,100.0,100.0,100.0,100.0,100.0,100.0,0.0,80.0,80.0,75.0,80.0,100.0,100.0,75.0,100.0,100.0,100.0,100.0,100.0,100.0,100.0,100.0,100.0,100.0,100.0,100.0,100.0,100.0,100.0,100.0,100.0,100.0,100.0,100.0,100.0,100.0,100.0,100.0,100.0,100.0,100.0,100.0,100.0,100.0,100.0,100.0,100.0,100.0,100.0,100.0,100.0,100.0],"cluster_post_filtering_doc_counts":[334,64,26,12,15,15,9,16,5,4,4,8,4,2,3,3,6,8,13,19,24,31,28,30,17,16,9,12,7,12,4,6,4,8,7,8,2,8,7,2,2,0,0,0,0,0,0,0,0,1,1,1,1,1,0,0,1,0,0,0,0,0,0,0,0,0,0,0,0,0,0,0,0,0,0,0,0,0,0,0,0,0,0,0,0,0,0,0,0,0,0,0,0,0,0],"tail_threshold":156,"tail_removal_rate":95.83333333333334,"tail_post_filtering_doc_counts":1,"global_removal_rate":96.51601952047528}