{"cluster_sizes":[1,2,3,4,5,6,7,8,9,10,11,12,13,14,15,16,17,18,19,20,21,22,23,24,25,26,27,28,29,30,31,32,33,34,35,36,37,38,39,40,41,42,43,44,45,46,47,48,49,50,51,52,53,54,55,56,57,58,59,60,61,62,63,64,65,66,67,68,69,70,71,72,73,74,75,76,77,78,79,80,81,82,83,84,85,86,87,88,89,90,91,92,93,94,95,96,97,98,99,100,101,102,103,104,105,106,107,108,109,110,111,112,113,114,115,116,117,118,119,121,122,123,124,125,126,127,128,129,130,131,132,133,134,135,136,137,138,139,140],"cluster_removal_rates":[96.16755681747114,95.42658464830168,94.10467791411043,94.47621704561305,95.5353966559943,97.52891692954785,97.18762555243069,96.93905438644438,94.51137884872824,93.33333333333333,90.61264822134387,91.96428571428571,88.61538461538461,86.83333333333333,88.96247240618102,85.77494692144374,82.89156626506025,82.73972602739727,76.01246105919003,76.75840978593273,75.40983606557377,74.27184466019418,67.7115987460815,76.65615141955836,77.87234042553192,79.296875,75.84269662921348,74.30167597765363,75.14450867052022,75.16339869281046,85.33333333333334,83.7037037037037,79.6875,81.57894736842105,88.33333333333333,85.21739130434783,85.56701030927834,80.89887640449437,81.3953488372093,84.15841584158416,80.89887640449437,81.42857142857143,71.62162162162163,82.35294117647058,80.55555555555556,85.13513513513513,88.63636363636364,91.07142857142857,89.74358974358975,94.44444444444444,94.87179487179486,84.375,93.10344827586206,84.84848484848484,86.48648648648648,82.5,90.625,86.11111111111111,92.3076923076923,94.28571428571428,84.61538461538461,96.42857142857143,97.05882352941177,87.5,94.87179487179486,75.0,95.83333333333334,90.9090909090909,90.0,90.9090909090909,91.17647058823529,87.09677419354838,95.0,96.0,95.65217391304348,87.5,86.36363636363636,100.0,84.61538461538461,86.36363636363636,85.71428571428571,100.0,90.0,78.94736842105263,93.33333333333333,81.25,91.66666666666666,91.66666666666666,86.66666666666667,88.23529411764706,77.77777777777779,86.66666666666667,100.0,80.0,81.81818181818183,100.0,81.81818181818183,83.33333333333334,100.0,66.66666666666666,100.0,100.0,88.88888888888889,100.0,100.0,83.33333333333334,83.33333333333334,100.0,100.0,80.0,100.0,100.0,100.0,50.0,50.0,100.0,100.0,100.0,75.0,100.0,100.0,100.0,100.0,100.0,100.0,75.0,100.0,50.0,66.66666666666666,100.0,100.0,100.0,100.0,100.0,100.0,100.0,100.0,50.0,100.0],"cluster_post_filtering_doc_counts":[3064,1026,615,396,251,141,140,112,123,99,95,63,74,79,50,67,71,63,77,76,75,106,103,74,52,53,43,46,43,38,22,22,26,21,14,17,14,17,16,16,17,13,21,15,14,11,5,5,4,2,2,5,2,5,5,7,3,5,2,2,4,1,1,4,2,7,1,2,2,2,3,4,1,1,1,3,3,0,2,3,4,0,1,4,1,3,1,1,2,2,2,2,0,2,2,0,2,1,0,1,0,0,1,0,0,1,1,0,0,1,0,0,0,1,2,0,0,0,1,0,0,0,0,0,0,1,0,2,1,0,0,0,0,0,0,0,0,1,0],"tail_threshold":141,"tail_removal_rate":94.9685534591195,"tail_post_filtering_doc_counts":8,"global_removal_rate":94.9960260279018}