{"cluster_sizes":[1,2,3,4,5,6,7,8,9,10,11,12,13,14,16,17,20,21,22,29,31,33,35,36,37,38,40],"cluster_removal_rates":[99.55357142857143,100.0,100.0,94.73684210526315,100.0,100.0,100.0,100.0,100.0,100.0,100.0,100.0,100.0,100.0,100.0,100.0,100.0,100.0,100.0,100.0,100.0,100.0,100.0,100.0,100.0,100.0,100.0],"cluster_post_filtering_doc_counts":[2,0,0,1,0,0,0,0,0,0,0,0,0,0,0,0,0,0,0,0,0,0,0,0,0,0,0],"tail_threshold":121,"tail_removal_rate":100.0,"tail_post_filtering_doc_counts":0,"global_removal_rate":99.50248756218906}