{"cluster_sizes":[1,2,3,4,5,6,7,8,9,10,11,12,13,14,15,16,17,18,19,20,21,22,23,24,25,26,27,28,29,30,31,32,33,34,35,36,37,38,39,40,41,42,43,44,45,46,47,48,49,50,51,52,53,54,55,56,57,58,59,60,61,62,63,64,65,66,67,68,69,70,71,72,73,74,75,76,77,78,79,80,81,82,83,84,85,86,87,88],"cluster_removal_rates":[52.84700613994347,42.22246899870442,43.867917018261714,43.73725988632821,43.221374689198875,45.86495276444169,49.17841894164834,52.039408866995075,54.73126419379258,52.00128081972463,55.36851683348498,60.26977314530962,58.483189992181394,57.157569515962926,57.4726609963548,55.56978233034571,59.12305516265912,62.78195488721805,61.9815668202765,59.82142857142857,61.5979381443299,60.0,58.0246913580247,58.9041095890411,60.447761194029844,57.58754863813229,61.452513966480446,60.65573770491803,62.589928057553955,71.66666666666667,67.58620689655173,63.91752577319587,60.22727272727273,72.52747252747253,71.08433734939759,75.5813953488372,72.46376811594203,74.60317460317461,74.02597402597402,62.7906976744186,68.25396825396825,69.64285714285714,68.96551724137932,75.32467532467533,77.46478873239437,73.68421052631578,72.0,69.11764705882352,55.10204081632652,77.35849056603774,79.48717948717949,67.21311475409836,73.68421052631578,72.5,69.38775510204081,63.63636363636363,65.21739130434783,58.490566037735846,60.97560975609756,63.63636363636363,73.33333333333333,72.41379310344827,73.33333333333333,78.72340425531915,67.56756756756756,79.16666666666666,65.21739130434783,77.41935483870968,63.63636363636363,73.33333333333333,78.78787878787878,62.16216216216216,70.0,73.07692307692307,68.29268292682927,69.44444444444444,69.6969696969697,67.56756756756756,60.526315789473685,69.44444444444444,85.36585365853658,71.875,76.92307692307693,71.11111111111111,80.64516129032258,64.28571428571429,71.42857142857143,52.63157894736842],"cluster_post_filtering_doc_counts":[175635,78043,35256,23461,13473,6991,3928,2434,1794,1499,981,648,531,416,350,347,289,198,165,180,149,148,136,120,106,109,69,72,52,34,47,35,35,25,24,21,19,16,20,32,20,17,18,19,16,15,14,21,22,12,8,20,15,11,15,16,16,22,16,16,12,16,16,10,12,10,16,7,16,8,7,14,12,7,13,11,10,12,15,11,6,9,9,13,6,10,8,9],"tail_threshold":89,"tail_removal_rate":71.08603667136812,"tail_post_filtering_doc_counts":205,"global_removal_rate":49.06529565985788}