{"cluster_sizes":[1,2,3,4,5,6,7,8,9,10,11,12,13,15,16,17,18,19,20,22,23,24,26,27,33,34,35,36,37,38,39,40,41,44,45,50,56,57,62,164],"cluster_removal_rates":[97.11191335740072,97.14285714285714,97.05882352941177,97.14285714285714,88.0,73.33333333333333,80.0,88.88888888888889,46.15384615384615,60.0,29.411764705882355,100.0,100.0,100.0,100.0,100.0,100.0,100.0,100.0,100.0,0.0,100.0,100.0,100.0,100.0,100.0,100.0,100.0,100.0,100.0,100.0,100.0,100.0,100.0,100.0,100.0,100.0,100.0,100.0,100.0],"cluster_post_filtering_doc_counts":[8,2,2,1,3,4,3,1,7,2,12,0,0,0,0,0,0,0,0,0,1,0,0,0,0,0,0,0,0,0,0,0,0,0,0,0,0,0,0,0],"tail_threshold":579,"tail_removal_rate":100.0,"tail_post_filtering_doc_counts":0,"global_removal_rate":92.42174629324546}