{"cluster_sizes":[1,2,3,4,5,6,7,8,9,10,11,12,13,14,15,16,17,18,19,20,21,22,23,24,25,26,27,28,29,30,31,33,34,35,36,37,38,40,41,46,47,50,55,56,60,68,74,88,142],"cluster_removal_rates":[80.0,52.76679841897233,47.5,84.61538461538461,95.0,100.0,100.0,100.0,100.0,100.0,100.0,100.0,100.0,100.0,100.0,100.0,100.0,100.0,100.0,85.71428571428571,100.0,75.0,40.0,87.5,70.0,75.0,66.66666666666666,80.0,100.0,100.0,100.0,100.0,83.33333333333334,100.0,100.0,25.0,50.0,100.0,100.0,100.0,100.0,100.0,0.0,100.0,100.0,100.0,100.0,100.0,100.0],"cluster_post_filtering_doc_counts":[404,239,105,10,1,0,0,0,0,0,0,0,0,0,0,0,0,0,0,1,0,1,3,1,3,3,2,2,0,0,0,0,1,0,0,3,1,0,0,0,0,0,1,0,0,0,0,0,0],"tail_threshold":188,"tail_removal_rate":100.0,"tail_post_filtering_doc_counts":0,"global_removal_rate":74.08759124087592}