{"cluster_sizes":[1,2,3,4,5,6,7,8,9,10,11,12,13,14,15,16,18,20,23,26,35,36],"cluster_removal_rates":[100.0,80.32786885245902,64.44444444444444,24.242424242424242,66.66666666666666,98.71794871794873,40.42553191489361,100.0,100.0,98.85057471264368,96.66666666666667,100.0,46.15384615384615,50.0,75.0,0.0,100.0,100.0,100.0,100.0,0.0,100.0],"cluster_post_filtering_doc_counts":[0,12,16,25,5,1,28,0,0,1,1,0,7,1,1,1,0,0,0,0,1,0],"tail_threshold":37,"tail_removal_rate":100.0,"tail_post_filtering_doc_counts":0,"global_removal_rate":88.26291079812206}