{"cluster_sizes":[1,2,3,4,5,6,7,8,9,10,11,12,13,14,15,16,17,18,19,20,21,22,23,25,26,27,28,29,31,32,33,34,35,36,37,38,40,41,42,47,50,55,57,70,78,81,85,86,90,95,100,105,111,136],"cluster_removal_rates":[99.90627928772258,100.0,100.0,98.57142857142858,97.77777777777777,82.05128205128204,100.0,100.0,100.0,100.0,58.333333333333336,85.71428571428571,100.0,100.0,100.0,100.0,100.0,100.0,100.0,100.0,100.0,100.0,100.0,100.0,100.0,100.0,100.0,100.0,100.0,100.0,100.0,100.0,100.0,100.0,100.0,100.0,100.0,100.0,100.0,100.0,100.0,100.0,100.0,100.0,100.0,100.0,100.0,100.0,100.0,100.0,100.0,100.0,100.0,100.0],"cluster_post_filtering_doc_counts":[1,0,0,1,1,7,0,0,0,0,5,1,0,0,0,0,0,0,0,0,0,0,0,0,0,0,0,0,0,0,0,0,0,0,0,0,0,0,0,0,0,0,0,0,0,0,0,0,0,0,0,0,0,0],"tail_threshold":324,"tail_removal_rate":100.0,"tail_post_filtering_doc_counts":0,"global_removal_rate":99.0521327014218}