{"cluster_sizes":[1,2,3,4,5,6,7,8,49],"cluster_removal_rates":[56.91056910569105,40.0,30.909090909090907,39.285714285714285,38.88888888888889,20.0,50.0,33.33333333333333,100.0],"cluster_post_filtering_doc_counts":[53,15,38,17,11,8,2,2,0],"tail_threshold":68,"tail_removal_rate":100.0,"tail_post_filtering_doc_counts":0,"global_removal_rate":45.72490706319702}