{"cluster_sizes":[1,2,3,4,5,6,7,8,9,10,11,12,13,14,15,16,17,18,19,20,21,22,23,24],"cluster_removal_rates":[61.64383561643836,62.5,57.14285714285714,33.33333333333333,45.45454545454545,83.33333333333334,100.0,100.0,100.0,95.58823529411765,73.80952380952381,80.99173553719008,48.75,37.391304347826086,64.8068669527897,78.92156862745098,77.38095238095238,38.46153846153847,68.75,71.42857142857143,100.0,66.66666666666666,100.0,100.0],"cluster_post_filtering_doc_counts":[28,3,66,4,6,2,0,0,0,3,22,23,41,72,82,43,19,8,5,2,0,1,0,0],"tail_threshold":25,"tail_removal_rate":100.0,"tail_post_filtering_doc_counts":0,"global_removal_rate":68.68171886380189}