{"cluster_sizes":[1,2,3,4,5,6,7,8,9,10,11,12,13,14,15,16,17,18,19,21,23,24,25,27,31,34,35,36,37,38,39,45,48,57,62,65,67],"cluster_removal_rates":[99.85798816568048,99.63768115942028,96.62921348314607,95.65217391304348,83.33333333333334,78.57142857142857,91.66666666666666,100.0,87.5,62.5,85.71428571428571,100.0,75.0,100.0,71.42857142857143,100.0,0.0,100.0,66.66666666666666,0.0,100.0,100.0,100.0,100.0,100.0,100.0,100.0,100.0,100.0,100.0,66.66666666666666,100.0,0.0,100.0,100.0,0.0,100.0],"cluster_post_filtering_doc_counts":[6,1,3,2,7,6,1,0,1,3,1,0,1,0,2,0,1,0,1,1,0,0,0,0,0,0,0,0,0,0,1,0,2,0,0,1,0],"tail_threshold":79,"tail_removal_rate":100.0,"tail_post_filtering_doc_counts":0,"global_removal_rate":99.14760914760915}