{"cluster_sizes":[1,2,3,4,5,6,8,9,10,11,12,13,14,15,16,17,21,22,23,24,25],"cluster_removal_rates":[12.732919254658384,11.200000000000001,12.76595744680851,25.0,9.090909090909092,0.0,50.0,100.0,100.0,100.0,100.0,100.0,50.0,100.0,100.0,100.0,100.0,100.0,100.0,100.0,100.0],"cluster_post_filtering_doc_counts":[281,222,41,9,10,3,1,0,0,0,0,0,1,0,0,0,0,0,0,0,0],"tail_threshold":28,"tail_removal_rate":0.0,"tail_post_filtering_doc_counts":1,"global_removal_rate":16.44640234948605}