{"cluster_sizes":[1,2,3,4,5,6,7,8,9,10,11,12,13,14,15,16,17,18,19,20,21,22,23,24,25,26,27,28,29,30,31,32,33,34,35,36,37,38,39,40,41,42,43,44,45,46,48,49,50,51,52,54,55,56,57,58,60,61,62,63,64,68,69,74,77,79,81,87,97],"cluster_removal_rates":[92.16324486730095,93.08600337268128,94.03794037940379,95.04843918191604,92.3529411764706,90.43151969981238,83.710407239819,90.1685393258427,87.41496598639455,79.58333333333333,77.31481481481481,64.0926640926641,64.60176991150442,80.18867924528303,89.41176470588236,89.36170212765957,98.0392156862745,88.37209302325581,80.0,53.84615384615385,90.32258064516128,71.42857142857143,82.35294117647058,78.57142857142857,66.66666666666666,62.5,60.0,80.0,87.5,100.0,71.42857142857143,50.0,100.0,66.66666666666666,100.0,50.0,66.66666666666666,100.0,100.0,100.0,100.0,100.0,100.0,100.0,100.0,100.0,100.0,100.0,100.0,0.0,50.0,50.0,0.0,0.0,0.0,100.0,0.0,0.0,100.0,100.0,100.0,100.0,100.0,100.0,100.0,100.0,100.0,50.0,100.0],"cluster_post_filtering_doc_counts":[313,123,66,46,52,51,72,35,37,49,49,93,80,21,9,5,1,5,6,12,3,4,3,3,4,6,4,2,1,0,2,1,0,1,0,2,1,0,0,0,0,0,0,0,0,0,0,0,0,1,1,1,1,2,2,0,1,1,0,0,0,0,0,0,0,0,0,1,0],"tail_threshold":98,"tail_removal_rate":91.66666666666666,"tail_post_filtering_doc_counts":1,"global_removal_rate":89.93656780387451}