{"cluster_sizes":[1,2,3,4,5,6,7,8,12,13,14,15,16,17,18,19,20,21,22,23,24,25,26,27,28],"cluster_removal_rates":[33.72549019607843,32.972972972972975,38.0,51.041666666666664,64.28571428571429,66.66666666666666,75.0,0.0,100.0,50.0,62.5,66.66666666666666,59.57446808510638,54.54545454545454,48.51485148514851,54.961832061068705,67.85714285714286,71.63120567375887,67.3469387755102,77.77777777777779,41.66666666666667,33.33333333333333,16.666666666666664,0.0,0.0],"cluster_post_filtering_doc_counts":[338,124,31,47,20,9,2,2,0,1,6,13,19,30,52,59,54,40,32,12,14,8,5,4,1],"tail_threshold":34,"tail_removal_rate":50.0,"tail_post_filtering_doc_counts":1,"global_removal_rate":50.08103727714749}