{"cluster_sizes":[1,2,3,4,5,6,7,8,9,10,11,12,13,14,15,16,17,18,19,21,22,23,26,27,28,29,30,32,33,34,35,36,37,38,39,41,44,45,46,52,53,61,65,70,81,82,108,126,185],"cluster_removal_rates":[97.90613718411552,98.52941176470588,98.4375,100.0,98.0,100.0,95.34883720930233,100.0,100.0,100.0,100.0,92.3076923076923,100.0,100.0,100.0,100.0,100.0,100.0,100.0,100.0,100.0,100.0,100.0,0.0,100.0,100.0,100.0,100.0,66.66666666666666,100.0,100.0,100.0,100.0,100.0,100.0,100.0,100.0,100.0,100.0,100.0,100.0,100.0,100.0,100.0,100.0,100.0,100.0,100.0,100.0],"cluster_post_filtering_doc_counts":[29,5,3,0,2,0,2,0,0,0,0,2,0,0,0,0,0,0,0,0,0,0,0,1,0,0,0,0,1,0,0,0,0,0,0,0,0,0,0,0,0,0,0,0,0,0,0,0,0],"tail_threshold":268,"tail_removal_rate":100.0,"tail_post_filtering_doc_counts":0,"global_removal_rate":98.19349658771579}