{"cluster_sizes":[1,2,3,4,5,6,7,8,9,10,11,12,13,14,15,16,17,18,19,20,21,22,23,24,25,26,27,28,29,30,31,32,33,34,35,36,37,38,39,40,41,42,43,44,45,46,47,48,49,50,51,52,53,54,55,56,57,58,59,60,61,62,63,64,65,66,67,68,69,70,71,72,73,74,75,76,77,78,79,80,81,82,83,84,85,86,87,88,89,90,91,92,93,94,95,96,97,98,99,100,101,102,103,104,105,106,107,108,109,110,111,112,113,114,115,116,117,118,119,120,121,122,123,124,125,126,127,128,129,130,131,132,133,134,136,137,138,139,140,141,142,143,144,145,146,147,148,149,150,151,152,153,154,155,157,158,160,161,163,165,166,168,169,170,171,172,173,174,175,176,177,178,180,181,183,184,186,187,188,189,192,194,195,196,197,198,199,200,201,204,205,206,207,209,211,212,216,217,219,221,222,226,227,230,231,232,234,236,237,240,243,245,248,249,250,252,253],"cluster_removal_rates":[97.88965334744641,95.49662957849428,95.25079583584272,94.54926624737946,93.23462882994036,93.12342569269522,92.65246142542249,90.59561128526646,85.38268506900877,91.50485436893204,93.36850037678975,93.08125502815768,88.88888888888889,88.25301204819277,89.51890034364261,90.38461538461539,92.0,88.25,85.94249201277955,90.34267912772586,87.31343283582089,85.47008547008546,89.86784140969164,86.11111111111111,87.82051282051282,93.14285714285714,84.72222222222221,86.7132867132867,88.54961832061069,87.70491803278688,86.25954198473282,88.07339449541286,90.09009009009009,83.07692307692308,91.04477611940298,92.3076923076923,94.15204678362574,92.0,89.68253968253968,90.42553191489363,93.67088607594937,91.66666666666666,92.5925925925926,91.52542372881356,90.47619047619048,86.88524590163934,83.63636363636363,85.0,81.57894736842105,85.71428571428571,90.56603773584906,81.13207547169812,86.53846153846155,82.53968253968253,89.23076923076924,91.80327868852459,80.7017543859649,78.33333333333333,87.5,83.63636363636363,95.91836734693877,81.35593220338984,80.95238095238095,79.16666666666666,71.42857142857143,76.92307692307693,83.72093023255815,73.80952380952381,70.58823529411765,82.6923076923077,74.4186046511628,74.4186046511628,79.24528301886792,83.87096774193549,88.09523809523809,75.60975609756098,87.5,70.0,76.31578947368422,77.14285714285715,76.92307692307693,70.0,73.33333333333333,78.94736842105263,72.09302325581395,78.78787878787878,75.0,69.56521739130434,65.625,80.76923076923077,72.72727272727273,68.18181818181817,73.68421052631578,76.47058823529412,75.0,68.18181818181817,68.0,70.0,50.0,56.25,72.72727272727273,66.66666666666666,71.42857142857143,80.0,60.0,92.3076923076923,81.81818181818183,100.0,100.0,90.9090909090909,61.53846153846154,100.0,83.33333333333334,80.0,100.0,100.0,70.0,75.0,75.0,85.71428571428571,100.0,87.5,100.0,100.0,66.66666666666666,85.71428571428571,100.0,100.0,57.14285714285714,100.0,100.0,100.0,87.5,100.0,100.0,100.0,100.0,100.0,100.0,100.0,100.0,100.0,100.0,50.0,100.0,100.0,100.0,66.66666666666666,50.0,100.0,100.0,100.0,66.66666666666666,100.0,100.0,100.0,100.0,66.66666666666666,66.66666666666666,100.0,100.0,100.0,100.0,100.0,100.0,100.0,100.0,100.0,100.0,100.0,100.0,100.0,66.66666666666666,100.0,100.0,100.0,100.0,100.0,100.0,100.0,100.0,100.0,100.0,100.0,50.0,100.0,100.0,100.0,100.0,100.0,100.0,100.0,100.0,100.0,100.0,100.0,100.0,100.0,100.0,100.0,100.0,100.0,100.0,100.0,100.0,100.0,100.0,100.0,66.66666666666666,100.0,100.0,100.0,100.0,100.0,100.0,100.0,100.0],"cluster_post_filtering_doc_counts":[1914,1109,552,390,329,273,200,180,233,105,88,86,98,78,61,45,34,47,44,31,34,34,23,30,19,12,22,19,15,15,18,13,11,22,12,12,10,10,13,9,5,7,6,5,6,8,9,12,7,9,5,10,7,11,7,5,11,13,7,9,2,11,12,10,10,12,7,11,15,9,11,11,11,5,5,10,4,15,9,8,6,12,8,8,12,7,10,7,11,5,9,7,5,4,3,7,8,3,7,7,3,4,4,2,4,1,2,0,0,1,5,0,1,1,0,0,3,1,1,1,0,1,0,0,2,1,0,0,3,0,0,0,1,0,0,0,0,0,0,0,0,0,0,2,0,0,0,1,1,0,0,0,1,0,0,0,0,1,1,0,0,0,0,0,0,0,0,0,0,0,0,0,1,0,0,0,0,0,0,0,0,0,0,0,1,0,0,0,0,0,0,0,0,0,0,0,0,0,0,0,0,0,0,0,0,0,0,0,1,0,0,0,0,0,0,0,0],"tail_threshold":256,"tail_removal_rate":98.18181818181819,"tail_post_filtering_doc_counts":3,"global_removal_rate":95.83858764186634}