{"cluster_sizes":[1,2,3,4,5,6,7,8,9,10,11,12,13,14,15,16,17,18,19,20,21,22,23,24,25,26,27,28,29,30,31,32,33,34,35,36,37,38,39,42,43,44,45,47,52,53,54,57,60,61,65],"cluster_removal_rates":[88.31385642737897,75.4863813229572,18.073485600794438,26.95984703632887,58.06451612903226,76.40449438202246,75.75757575757575,65.68627450980392,73.91304347826086,66.66666666666666,38.23529411764706,32.22222222222222,3.0534351145038165,3.9458850056369785,3.27455919395466,8.536585365853659,16.9811320754717,33.33333333333333,53.333333333333336,50.0,100.0,75.0,100.0,50.0,100.0,50.0,100.0,100.0,0.0,0.0,0.0,100.0,100.0,100.0,50.0,100.0,66.66666666666666,100.0,100.0,100.0,100.0,100.0,50.0,0.0,100.0,100.0,100.0,100.0,100.0,100.0,100.0],"cluster_post_filtering_doc_counts":[350,63,825,382,104,21,16,35,6,4,42,61,254,852,768,75,44,6,7,4,0,1,0,1,0,1,0,0,1,2,1,0,0,0,1,0,1,0,0,0,0,0,1,1,0,0,0,0,0,0,0],"tail_threshold":77,"tail_removal_rate":87.5,"tail_post_filtering_doc_counts":1,"global_removal_rate":48.67476171823998}