{"cluster_sizes":[1,2,3,4,5,9,16,17,18,19,20,21,22,23,24,25,26,27,28,29,30,31,32,33,34,35,36,37,38],"cluster_removal_rates":[67.44186046511628,55.55555555555556,0.0,100.0,100.0,50.0,50.0,60.0,62.5,56.75675675675676,69.0909090909091,62.92134831460674,58.47457627118644,78.15126050420169,63.33333333333333,72.78911564625851,81.81818181818183,82.1917808219178,78.72340425531915,75.75757575757575,81.81818181818183,20.0,0.0,16.666666666666664,0.0,0.0,0.0,0.0,0.0],"cluster_post_filtering_doc_counts":[140,24,1,0,0,1,1,2,6,16,17,33,49,26,55,40,18,13,10,8,2,4,2,5,2,3,8,1,1],"tail_threshold":39,"tail_removal_rate":33.33333333333333,"tail_post_filtering_doc_counts":2,"global_removal_rate":67.78435239973702}