{"cluster_sizes":[1,2,3,4,5,6,7,8,9,10,11,12,13,14,16,18,19,21,24,25,28,32,38,41,51],"cluster_removal_rates":[100.0,100.0,97.36842105263158,100.0,100.0,100.0,100.0,100.0,80.0,100.0,100.0,100.0,100.0,100.0,100.0,100.0,100.0,100.0,100.0,100.0,100.0,100.0,100.0,100.0,100.0],"cluster_post_filtering_doc_counts":[0,0,1,0,0,0,0,0,1,0,0,0,0,0,0,0,0,0,0,0,0,0,0,0,0],"tail_threshold":62,"tail_removal_rate":100.0,"tail_post_filtering_doc_counts":0,"global_removal_rate":99.49367088607595}