{"cluster_sizes":[1,2,3,4,5,6,7,8,9,10,11,12,13,14,15,17,18,19,23,24,25,26,30,32,34,35,37,39,40,41,45,48,49,61,122,128,309],"cluster_removal_rates":[96.6796875,94.69026548672566,100.0,100.0,100.0,98.76543209876543,100.0,100.0,90.9090909090909,100.0,100.0,100.0,100.0,100.0,100.0,100.0,100.0,100.0,100.0,100.0,100.0,100.0,100.0,50.0,100.0,100.0,100.0,100.0,100.0,50.0,100.0,100.0,100.0,100.0,100.0,100.0,100.0],"cluster_post_filtering_doc_counts":[17,6,0,0,0,1,0,0,1,0,0,0,0,0,0,0,0,0,0,0,0,0,0,1,0,0,0,0,0,1,0,0,0,0,0,0,0],"tail_threshold":366,"tail_removal_rate":100.0,"tail_post_filtering_doc_counts":0,"global_removal_rate":97.31343283582089}