{"cluster_sizes":[1,2,3,4,5,6,7,8,9,10,11,12,13,14,16,19,20,21,22,24,28,29,30,31,33,37,40,70,78,81,111],"cluster_removal_rates":[84.84848484848484,97.67441860465115,100.0,89.47368421052632,87.5,100.0,100.0,100.0,100.0,100.0,100.0,100.0,100.0,100.0,100.0,100.0,100.0,100.0,100.0,100.0,100.0,100.0,100.0,100.0,100.0,100.0,100.0,100.0,100.0,100.0,100.0],"cluster_post_filtering_doc_counts":[20,1,0,2,2,0,0,0,0,0,0,0,0,0,0,0,0,0,0,0,0,0,0,0,0,0,0,0,0,0,0],"tail_threshold":361,"tail_removal_rate":100.0,"tail_post_filtering_doc_counts":0,"global_removal_rate":91.58249158249158}