{"cluster_sizes":[1,2,3,4,5,6,7,14],"cluster_removal_rates":[80.0,13.043478260869565,50.0,60.0,66.66666666666666,66.66666666666666,100.0,100.0],"cluster_post_filtering_doc_counts":[2,20,2,2,1,1,0,0],"tail_threshold":27,"tail_removal_rate":100.0,"tail_post_filtering_doc_counts":0,"global_removal_rate":46.15384615384615}