{"cluster_sizes":[1,2,3,4,5,6,7,8,9,10,11,12,14,15,16,17,20,21,25,26,27,29,30,36,37,40,43,46,48],"cluster_removal_rates":[34.92537313432836,43.16546762589928,47.368421052631575,52.94117647058824,40.0,46.666666666666664,36.36363636363637,22.22222222222222,40.0,66.66666666666666,50.0,100.0,100.0,100.0,100.0,100.0,100.0,100.0,100.0,100.0,100.0,100.0,100.0,100.0,100.0,100.0,100.0,100.0,100.0],"cluster_post_filtering_doc_counts":[218,79,40,24,9,8,7,7,3,1,3,0,0,0,0,0,0,0,0,0,0,0,0,0,0,0,0,0,0],"tail_threshold":50,"tail_removal_rate":100.0,"tail_post_filtering_doc_counts":0,"global_removal_rate":41.92139737991266}