{"cluster_sizes":[1,2,3,4,5,6,7,8,10,11,12,14,15,16,17,18,19,20,21,22,23,24,25,26,27,28,29,30,31,32,33,34,35,36,37,38,39,40],"cluster_removal_rates":[84.57583547557842,80.0,94.73684210526315,90.0,100.0,100.0,100.0,100.0,83.33333333333334,100.0,100.0,100.0,100.0,50.0,77.77777777777779,70.58823529411765,66.66666666666666,70.58823529411765,67.04545454545455,64.86486486486487,75.36231884057972,73.97260273972603,81.95488721804512,82.92682926829268,89.53488372093024,87.5,92.5925925925926,75.0,66.66666666666666,50.0,0.0,0.0,0.0,0.0,25.0,100.0,100.0,0.0],"cluster_post_filtering_doc_counts":[180,13,1,1,0,0,0,0,1,0,0,0,0,2,2,5,12,15,29,39,34,38,24,21,9,5,2,4,2,2,3,2,3,4,3,0,0,3],"tail_threshold":46,"tail_removal_rate":33.33333333333333,"tail_post_filtering_doc_counts":2,"global_removal_rate":80.44953350296862}