{"cluster_sizes":[1,2,3,4,5,6,7,8,9,10,11,12,13,14,15,16,17,18,19,20,21,22,23,24,25,26,27,28,29,30,31,32,33,34,35,36,37,38,39,40,41,42,43,44,45,46,47,48],"cluster_removal_rates":[91.43012113541855,95.74764495157224,76.62337662337663,81.52173913043478,50.331125827814574,48.01980198019802,45.91836734693878,55.81395348837209,55.319148936170215,70.0,82.6086956521739,76.66666666666667,82.85714285714286,100.0,89.28571428571429,92.6829268292683,94.11764705882352,87.2340425531915,89.0625,88.46153846153845,78.70370370370371,80.51948051948052,83.09178743961353,79.16666666666666,75.40983606557377,75.43103448275862,72.19251336898395,62.06896551724138,65.38461538461539,53.93258426966292,52.77777777777778,34.61538461538461,58.06451612903226,56.52173913043478,52.63157894736842,53.84615384615385,76.19047619047619,76.92307692307693,80.0,41.66666666666667,76.92307692307693,83.33333333333334,85.71428571428571,100.0,75.0,75.0,75.0,66.66666666666666],"cluster_post_filtering_doc_counts":[474,1282,18,85,75,105,53,38,21,12,8,7,6,0,3,3,3,6,7,12,23,30,35,45,60,57,52,55,27,41,17,17,13,10,9,6,5,3,2,7,3,1,1,0,1,3,1,1],"tail_threshold":49,"tail_removal_rate":80.0,"tail_post_filtering_doc_counts":9,"global_removal_rate":92.9963862167252}