{"cluster_sizes":[1,2,3,4,5,6,7,8,9,10,11,12,13,14,15,16,17,18,19,20,21,22,23,24,25,26,27,28,29,30,31,32,33,34,35,36,37,38,39,40,41,42,43,44,45,46,47,48,49,50,51,52,53,54,55,56,57,58,59,60,61,62,63,64,65,66,67,68,69,70,71,72,73,74,75,76,77,78,79,80,81,82,83,84,85,86,87,88,89,90,91,92,93,94,95,96,97,98,99,100,101,102,103,104,105,106,107,110,111,113,114,115,116,118,119,122,123,128,129,130,131,132,133,136,138,141,144,147,148,149,150,151,152,153,158,164,166,167,168,172,177,179,181,188,189,190,192,193,197,202,203,206,207,209,210,219,221,235,242,250,253,256,268,273,274,283,286,295,306,308,312,313,325],"cluster_removal_rates":[79.99202415541504,67.1837265465354,62.455579246624026,60.878395531860875,63.472113118617436,65.14052583862194,68.35973904939422,72.7580372250423,76.4026402640264,82.40837696335078,73.70689655172413,77.44641192917055,75.93984962406014,78.09187279151944,78.02690582959642,77.63975155279503,67.1875,77.51937984496125,78.72340425531915,71.71717171717171,80.89887640449437,66.3265306122449,68.6046511627907,66.66666666666666,75.47169811320755,78.57142857142857,70.0,84.0909090909091,73.07692307692307,83.87096774193549,66.66666666666666,86.11111111111111,76.92307692307693,66.66666666666666,81.81818181818183,77.77777777777779,90.0,76.66666666666667,52.77777777777778,38.46153846153847,29.577464788732392,20.833333333333336,22.65625,21.052631578947366,32.30769230769231,45.23809523809524,47.368421052631575,73.33333333333333,81.81818181818183,100.0,64.28571428571429,77.77777777777779,87.5,71.42857142857143,81.81818181818183,70.0,70.0,100.0,42.857142857142854,100.0,70.0,42.857142857142854,85.71428571428571,91.66666666666666,66.66666666666666,80.0,100.0,75.0,75.0,100.0,80.0,71.42857142857143,100.0,77.77777777777779,66.66666666666666,90.0,100.0,80.0,85.71428571428571,85.71428571428571,80.0,85.71428571428571,60.0,80.0,83.33333333333334,100.0,100.0,100.0,60.0,66.66666666666666,83.33333333333334,100.0,100.0,66.66666666666666,100.0,80.0,100.0,100.0,100.0,100.0,100.0,100.0,100.0,100.0,100.0,50.0,0.0,100.0,100.0,100.0,100.0,100.0,100.0,100.0,100.0,100.0,100.0,100.0,100.0,100.0,100.0,50.0,100.0,100.0,100.0,100.0,100.0,100.0,100.0,100.0,100.0,100.0,100.0,100.0,100.0,100.0,100.0,100.0,100.0,100.0,100.0,100.0,100.0,100.0,100.0,100.0,100.0,100.0,100.0,100.0,0.0,100.0,100.0,100.0,100.0,100.0,100.0,100.0,100.0,100.0,100.0,100.0,100.0,100.0,0.0,100.0,100.0,100.0,100.0,100.0,100.0,100.0,100.0],"cluster_post_filtering_doc_counts":[7024,3533,2113,1541,930,769,679,483,286,168,366,242,96,62,49,36,42,29,20,28,17,33,27,31,13,15,18,7,7,5,12,5,6,9,4,4,2,7,17,32,50,76,99,90,44,23,10,4,2,0,5,2,1,4,2,3,3,0,4,0,3,4,1,1,3,2,0,2,2,0,1,2,0,2,2,1,0,1,1,1,1,1,2,1,1,0,0,0,2,2,1,0,0,1,0,1,0,0,0,0,0,0,0,0,0,1,1,0,0,0,0,0,0,0,0,0,0,0,0,0,0,1,0,0,0,0,0,0,0,0,0,0,0,0,0,0,0,0,0,0,0,0,0,0,0,0,0,0,0,0,1,0,0,0,0,0,0,0,0,0,0,0,0,0,1,0,0,0,0,0,0,0,0],"tail_threshold":335,"tail_removal_rate":95.8904109589041,"tail_post_filtering_doc_counts":3,"global_removal_rate":73.37825870371395}