{"cluster_sizes":[1,2,3,4,5,6,7,8,9,10,11,12,14,15,16,17,18,22,23,24,27,31,32,39,43,45],"cluster_removal_rates":[95.75,95.88235294117648,90.56603773584906,72.41379310344827,93.54838709677419,100.0,100.0,100.0,100.0,100.0,100.0,100.0,100.0,100.0,100.0,100.0,100.0,100.0,100.0,100.0,100.0,100.0,100.0,100.0,100.0,100.0],"cluster_post_filtering_doc_counts":[17,7,5,8,2,0,0,0,0,0,0,0,0,0,0,0,0,0,0,0,0,0,0,0,0,0],"tail_threshold":517,"tail_removal_rate":100.0,"tail_post_filtering_doc_counts":0,"global_removal_rate":94.86842105263158}