{"cluster_sizes":[1,2,3,4,5,6,7,8,9,10,11,12,13,14,15,16,17,18,19,20,21,22,23,24,25,26,27,28,29,30,31,32,33,34,35,36,37,38,39,40,41,42,43,44,45,46,47,48,49,50,51,52,53,54,55,56,57,58,59,60,61,62,63,64,65,66,67,68,69,71,72,73,74,75,76,77,78,79,80,81,82,83,84,85,86,87,88,89,91,92,93,94,95,96,97,98,99,100,101,102,103,104,105,107,108,111,112,113,114,115,117,118,119,121,122,123,124,125,127,129,130,131,132,133,135,136,140,144,146,147,150,152,153],"cluster_removal_rates":[98.15443271325624,93.28010645375915,92.5521669341894,88.95481515289822,77.6885043263288,65.84333098094565,53.12747426761678,46.40582347588717,46.72435105067985,60.83788706739527,73.60703812316716,89.76744186046511,95.23809523809523,96.49122807017544,98.82352941176471,100.0,98.76543209876543,96.875,100.0,96.07843137254902,97.91666666666666,97.95918367346938,100.0,94.11764705882352,100.0,100.0,100.0,100.0,100.0,97.05882352941177,100.0,100.0,94.73684210526315,100.0,94.44444444444444,100.0,100.0,93.33333333333333,100.0,90.9090909090909,100.0,100.0,100.0,100.0,90.9090909090909,100.0,100.0,100.0,100.0,100.0,80.0,100.0,100.0,100.0,100.0,100.0,100.0,83.33333333333334,100.0,100.0,100.0,100.0,100.0,83.33333333333334,100.0,100.0,100.0,100.0,100.0,100.0,100.0,100.0,100.0,100.0,100.0,100.0,100.0,100.0,100.0,85.71428571428571,100.0,100.0,100.0,100.0,50.0,66.66666666666666,100.0,100.0,100.0,100.0,100.0,100.0,100.0,100.0,100.0,100.0,100.0,100.0,100.0,100.0,100.0,100.0,100.0,100.0,100.0,100.0,100.0,100.0,100.0,100.0,100.0,100.0,100.0,100.0,100.0,100.0,100.0,100.0,100.0,100.0,100.0,100.0,50.0,100.0,100.0,100.0,100.0,100.0,100.0,100.0,100.0,100.0,100.0],"cluster_post_filtering_doc_counts":[881,404,232,242,361,484,592,589,431,215,90,22,7,4,1,0,1,2,0,2,1,1,0,3,0,0,0,0,0,1,0,0,1,0,1,0,0,1,0,1,0,0,0,0,1,0,0,0,0,0,1,0,0,0,0,0,0,1,0,0,0,0,0,1,0,0,0,0,0,0,0,0,0,0,0,0,0,0,0,1,0,0,0,0,1,1,0,0,0,0,0,0,0,0,0,0,0,0,0,0,0,0,0,0,0,0,0,0,0,0,0,0,0,0,0,0,0,0,0,0,0,0,1,0,0,0,0,0,0,0,0,0,0],"tail_threshold":154,"tail_removal_rate":98.55072463768117,"tail_post_filtering_doc_counts":1,"global_removal_rate":93.26815642458101}