{"cluster_sizes":[1,2,3,4,5,6,7,8,9,10,11,12,13,14,15,17,18,19,20,22,25,26,27,28,30,31,32,36,37,38,39,40,41,42,52,54,58,60,155],"cluster_removal_rates":[100.0,100.0,97.14285714285714,100.0,93.75,100.0,100.0,100.0,100.0,100.0,100.0,100.0,100.0,100.0,100.0,100.0,100.0,100.0,100.0,100.0,100.0,100.0,100.0,100.0,100.0,100.0,100.0,100.0,100.0,100.0,100.0,100.0,100.0,100.0,100.0,100.0,100.0,100.0,100.0],"cluster_post_filtering_doc_counts":[0,0,1,0,1,0,0,0,0,0,0,0,0,0,0,0,0,0,0,0,0,0,0,0,0,0,0,0,0,0,0,0,0,0,0,0,0,0,0],"tail_threshold":160,"tail_removal_rate":100.0,"tail_post_filtering_doc_counts":0,"global_removal_rate":99.70717423133236}