{"cluster_sizes":[1,2,3,4,5,6,7,8,9,10,11,12,13,14,15,16,17,18,19,20,21,22,23,24,25,26,27,28,29,30,31,32,33,34,35,36,37,38,39,40,41,42,43,44,45,46,47,48,49,50,51,52,53,54,55,56,57,58,59,60,61,62,63,64,65,66,67,68,69,70,71,72,73,74,75,76,77,78,79,80,81,82,83,84,85,86,87,88,89,90,91,92,93,94,95,96,97,98,99,100,101,102,103,104,105,106,107,108,109,110,111,112,113,114,115,116,117,118,119,120,121,122,123,124,125,126,127,128,129,130,131,132,133,134,135,136,137,138,139,140,141,142,143,144,145,146,147,148,149,150,151,152,153,154,155,156,157,158,159,160,161,162,163,164,165,166,167,168,169,170,171,172,173,174,175,176,177,178,179,180,181,182,183,184,185],"cluster_removal_rates":[83.4428935447107,68.4872518769572,64.38347780455341,61.099081166133985,57.2898400727781,56.08839379192367,55.581053720625725,55.33867766868602,54.58735759174122,54.26489474720745,51.68215553404324,50.06527627596134,49.846296645177304,51.137727759914256,50.697595388381586,50.777861887951104,50.55164329007208,51.21630145627074,50.561318003832376,51.58333426944204,51.07546855583597,50.90906492095709,50.22235065581403,51.183647929919694,50.60602517635138,51.260740644546885,50.69230952551178,51.34325219494244,49.57922438474218,51.24532037993874,50.61421670117322,50.779162956366875,50.79778573754478,50.75210851230327,51.66971959983091,51.45659351330355,51.97403712048063,51.38210447675421,51.84109724453231,53.48682459409103,52.457969780804426,53.55743141392825,54.10572759212354,55.04651571002282,55.430261576855536,56.39980109398309,56.97760798047331,57.59528836537393,56.52379824769122,57.774765894529324,56.14785992217899,55.34140969162996,56.10820244328097,56.83442525312687,56.909148665819565,57.05622029175545,57.607393462262536,57.52502274795268,56.47610121836926,58.30272569108834,56.09406952965236,57.537688442211056,57.03194321206744,55.56320256939665,56.79793717768401,55.833738454059315,56.27277459656429,57.12332512988788,57.75837792171219,56.149253731343286,57.490636704119844,59.2891760904685,58.34732952636883,56.875687568756874,60.55718475073314,56.819923371647505,58.78763222131814,59.04967602591793,59.46188340807175,58.9575120455541,56.550424128180964,55.86374695863747,56.82056663168941,61.282051282051285,55.19693654266958,57.846506300114555,61.25748502994012,60.787992495309574,58.55799373040752,60.92171717171717,59.72027972027972,58.78284923928078,60.66420664206642,62.7906976744186,60.24748646558391,61.0806577916993,61.56648451730419,62.39316239316239,62.807657247037376,63.83928571428571,62.96691568836713,61.44349477682811,64.41908713692946,62.10979547900969,64.92027334851936,63.77952755905512,63.576881134133046,64.17410714285714,63.417431192660544,63.92111368909513,63.82460414129111,67.5094816687737,65.68364611260054,62.61437908496732,64.28571428571429,66.14509246088194,67.30486008836525,67.23404255319149,66.71554252199414,66.66666666666666,66.9242658423493,71.63695299837926,66.2020905923345,66.36528028933093,71.42857142857143,65.30249110320284,68.8622754491018,67.71653543307087,66.17100371747212,68.68686868686868,68.83910386965377,69.42307692307692,70.97457627118644,69.8237885462555,73.09523809523809,69.1609977324263,68.22429906542055,69.7841726618705,72.68408551068883,70.28301886792453,69.97455470737913,72.05479452054794,70.66666666666667,69.45169712793734,68.34170854271356,71.42857142857143,68.88888888888889,71.09375,73.23529411764706,77.13498622589532,72.13622291021672,71.98795180722891,72.83582089552239,74.50980392156863,74.60317460317461,70.97902097902097,70.0,74.53416149068323,71.14754098360656,69.06474820143885,75.82417582417582,71.8213058419244,68.30188679245282,74.52471482889734,70.6896551724138,77.53623188405797,75.73529411764706,69.43396226415094,71.98443579766537,74.20634920634922,72.97297297297297,72.58687258687259,71.04247104247105,79.32489451476793,71.20622568093385,71.31474103585657,76.8,69.16299559471366,75.10373443983403,74.66666666666667,70.22222222222221,73.50427350427351,74.56896551724138,80.76923076923077,76.66666666666667],"cluster_post_filtering_doc_counts":[3847122,1643502,902013,680868,518310,410195,289373,239449,191135,164881,149737,138078,109148,91177,78343,69575,59475,53364,47473,43101,38190,34345,31006,28086,25348,22519,20690,18510,17435,15758,14312,13266,12088,11328,10290,9998,8953,8460,7795,6990,6702,6162,5617,5122,4822,4384,4054,3816,3672,3427,3381,3244,3018,2899,2713,2620,2477,2334,2322,2157,2147,2028,1937,1937,1843,1817,1680,1568,1500,1469,1362,1260,1240,1176,1076,1127,1013,948,904,937,922,907,823,755,819,736,647,627,661,619,576,596,533,496,514,497,422,440,408,405,347,406,343,352,308,322,334,321,319,311,297,257,256,286,250,238,222,231,227,216,214,175,194,186,154,195,156,164,182,155,153,159,137,137,113,136,136,126,115,126,118,102,110,117,126,104,112,111,91,83,90,93,91,78,80,83,87,82,88,86,66,82,84,67,85,62,66,81,72,65,70,71,75,49,74,72,58,70,60,57,67,62,59,40,49],"tail_threshold":186,"tail_removal_rate":79.76478291528156,"tail_post_filtering_doc_counts":8035,"global_removal_rate":74.21399143952684}