{"cluster_sizes":[1,2,3,4,5,7,8,9,10,12,13,14,15,17,18,19,20,23],"cluster_removal_rates":[77.90697674418605,50.602409638554214,95.83333333333334,77.27272727272727,100.0,100.0,100.0,100.0,100.0,100.0,100.0,100.0,100.0,100.0,100.0,100.0,100.0,100.0],"cluster_post_filtering_doc_counts":[114,41,1,5,0,0,0,0,0,0,0,0,0,0,0,0,0,0],"tail_threshold":25,"tail_removal_rate":100.0,"tail_post_filtering_doc_counts":0,"global_removal_rate":76.46198830409357}