{"cluster_sizes":[1,2,3,4,5,6,7,8,9,10,11,12,13,14,15,16,17,18,19,20,21,22,23,24,25,26,27,28,29,30,31,32,33,34,35,36,37,38,39,40,41,42,43,44,45,46,47,48,49,50,51,52,53,54,55,56,57,58,59,60,61,62,63,64,65,66,67,68,69,70,71,72,73,74,75,76,77,78,79,80,81,82,83,84,85,86,87,88,89,90,91,92,93,94,95,96,97,98,99,100,101,102,103,104,105,106,107,108,109,110,111,112,113,114,115,116,117,118,119,120,121,122,123,124,125,126,127,128,129,130,131,132,133,134,135,136,137,138,139,140,141,142,143,144,145,146,147,148,149,150,151,152,153,154,155,156,157,158,159,160,161,162,163,164,165,166,167,168,169,170,171,172,173,174,175,176,177,178,179,180,181,182],"cluster_removal_rates":[76.81843131043593,65.16445792437173,60.37485855856893,57.97544351738944,56.18115029691839,54.15192099889139,52.98237473756261,52.256816803272024,51.62794242750577,51.16447185904772,50.061898978116645,50.91928541376743,50.29465257887985,50.842401842722595,49.795681726292344,49.65838319598998,48.84726743206216,48.41607037972296,46.74655324724309,47.211263438208896,46.85933371392562,47.0771009212877,46.716395620288786,48.02340108903756,47.5949257894308,47.32036206301595,47.38614430618866,47.84098960228252,47.18481385502075,47.899601084076856,47.631756187910426,48.418532777147554,48.52996516688056,48.80726609191278,49.50598653992312,50.2890640325875,49.919625340168345,50.093863015211326,50.01205000753125,50.43233620497822,49.560330922524585,50.055915082406,48.84856666401969,48.994655128531434,48.73448555851989,47.83687314887477,48.02162162162163,48.80915118231226,48.52221270346347,49.45592685596549,48.798438997672186,49.16558768522515,48.709481515220524,49.855270563640744,48.88729057370114,49.5603517186251,49.32857545309419,49.448995513945775,49.91472427515634,50.63891931361811,50.299904703178434,50.4881945677259,50.69674850696748,51.22887864823349,50.58862876254181,51.559251559251564,50.87884950610111,51.14085792515972,50.744613434727505,50.955669771924185,50.605514042772484,51.250217051571454,51.15190110507586,50.98886328725038,51.02239532619279,51.6709248850281,50.801963993453356,51.33216859576327,50.38363171355499,51.64667137144201,51.14022930578304,51.289656951250976,52.11137503299024,52.955732746769314,52.7047913446677,52.21974758723088,53.46684873312092,51.70643310178193,53.060217176702864,52.504911591355594,53.47198349948435,53.3690393918452,54.62979807167546,54.15148609779482,54.76568705321684,54.57400863761288,54.39029405716636,54.11300373909431,56.20638612814548,56.86102586584831,55.467690917306825,54.24415832141154,55.61676646706587,55.391776570985265,55.007664793050594,55.64897530215449,55.60799555802332,55.201992252351964,55.453764672201544,55.23486134691568,55.88235294117647,56.96746470227133,57.337662337662344,56.56034199276554,56.91949434464405,56.55331792670848,55.28596187175043,56.57481688175794,57.306490801804934,56.952928494430466,56.93323550990462,57.20806390262457,57.23221266614542,57.01790920449813,57.286854262914744,58.85593220338983,59.33054393305439,58.11587793011942,57.29213993639255,56.80106335844041,56.96798493408662,61.545940690325715,56.30829651448208,59.20792079207921,58.386308068459655,57.86259541984733,59.74165769644779,58.941798941798936,60.282485875706215,59.77504017139796,59.29561200923787,59.09090909090909,60.73654390934844,58.12574139976275,59.73397823458283,59.54151177199505,60.179833012202955,58.40652446675031,60.36204744069913,58.41059602649007,61.679604798870855,63.151041666666664,62.151123213070115,59.64523281596452,63.97774687065368,61.887608069164266,61.89427312775331,62.951807228915655,61.26331811263318,63.2183908045977,63.570274636510504,63.593380614657214,64.19077404222048,64.69608659450458,63.44827586206897,64.57094307561597,62.95652173913043,61.726242371403664,63.91489361702127,60.273972602739725,62.33303650934996,62.64732547597461,62.32179226069247,60.50895381715363,63.51219512195122,64.47368421052632,63.21951219512195,63.84928716904277,66.04146100691017,69.36522539098436,63.900862068965516,66.77631578947368],"cluster_post_filtering_doc_counts":[16572232,7530628,4471931,3439080,2746367,2060790,1428781,1261743,983699,857274,726091,606618,491651,439844,394866,313146,270134,240638,214605,192681,170344,151079,135578,121895,109350,99230,89684,81717,74593,68437,62203,57747,53342,49938,45842,43079,39566,36155,33187,31185,29082,27243,25766,24048,22098,20606,19232,17990,16825,15700,14957,14134,13513,12473,12081,11358,10792,10367,9691,9464,8866,8367,8173,7620,7387,6990,6763,6424,6218,6107,5751,5615,5216,5105,5030,4729,4509,4457,4268,4111,3878,3777,3629,3422,3366,3218,3067,3198,2853,2901,2707,2699,2494,2391,2278,2314,2218,2209,2071,1968,1971,1919,1853,1725,1761,1688,1599,1619,1556,1582,1485,1402,1314,1321,1295,1316,1290,1245,1230,1198,1174,1125,1094,1032,1017,971,972,947,940,975,914,791,890,824,851,828,748,776,703,751,705,738,693,706,666,653,620,663,635,628,543,566,556,546,518,529,519,492,509,480,451,462,458,424,477,417,426,439,424,435,423,412,370,419,374,351,377,355,344,333,335,303],"tail_threshold":183,"tail_removal_rate":73.3333790662258,"tail_post_filtering_doc_counts":38873,"global_removal_rate":67.26888010722644}