{"cluster_sizes":[1,2,3,4,5,6,7,8,9,10,11,12,14,15,16,18,19,20,21,22,25,31,35,39],"cluster_removal_rates":[93.04812834224599,53.141361256544506,94.91525423728814,92.85714285714286,100.0,100.0,100.0,87.5,100.0,100.0,100.0,100.0,100.0,100.0,100.0,100.0,100.0,100.0,100.0,100.0,100.0,100.0,100.0,100.0],"cluster_post_filtering_doc_counts":[26,179,3,2,0,0,0,1,0,0,0,0,0,0,0,0,0,0,0,0,0,0,0,0],"tail_threshold":87,"tail_removal_rate":100.0,"tail_post_filtering_doc_counts":0,"global_removal_rate":76.58157602663707}