{"cluster_sizes":[1,2,3,4,5,6,7,8,9,10,11,12,13,14,15,16,17,18,19,20,21,22,23,24,25,26,27,28,29,30,31,32,33,34,35,36,37,38,39,40,44,45,49,68,120],"cluster_removal_rates":[86.98630136986301,86.95652173913044,100.0,96.29629629629629,91.66666666666666,100.0,100.0,100.0,100.0,100.0,100.0,100.0,100.0,75.0,100.0,100.0,60.0,70.0,71.42857142857143,60.71428571428571,67.81609195402298,71.15384615384616,76.2589928057554,71.23287671232876,83.80281690140845,88.65979381443299,83.78378378378379,92.0,81.81818181818183,86.66666666666667,62.5,40.0,66.66666666666666,20.0,0.0,33.33333333333333,100.0,0.0,100.0,0.0,0.0,100.0,100.0,100.0,100.0],"cluster_post_filtering_doc_counts":[152,18,0,1,1,0,0,0,0,0,0,0,0,1,0,0,4,6,8,22,28,30,33,42,23,11,12,4,4,2,3,3,1,4,4,2,0,2,0,2,1,0,0,0,0],"tail_threshold":159,"tail_removal_rate":100.0,"tail_post_filtering_doc_counts":0,"global_removal_rate":82.97872340425532}