{"cluster_sizes":[1,2,3,4,5,6,7,8,9,10,11,12,13,14,15,16,17,18,19,20,21,22,23,24,25,26,27,28,29,30,31,32,33,34,35,36,37,38,39,40,41,42,43,44,45,46,47,48,49,50,51,52,53,54,55,56,57,58,59,60,61,62,63,64,65,66,67,68,69,70,71,72,73,74],"cluster_removal_rates":[99.9878274176239,99.89501689796505,99.88323992527354,99.79131198857708,99.80991878348021,99.87142022209234,99.82069212838444,99.9423076923077,100.0,99.76009596161536,99.8435054773083,99.82142857142857,100.0,99.83484723369116,99.91460290350128,100.0,99.88179669030734,99.72640218878249,99.65034965034964,99.79591836734694,99.35205183585313,99.09909909909909,100.0,99.44444444444444,99.00332225913621,99.64285714285714,99.57983193277312,98.4313725490196,99.52153110047847,100.0,99.46808510638297,99.5575221238938,99.51456310679612,100.0,99.59183673469387,99.19028340080972,98.9247311827957,99.03381642512076,100.0,99.42857142857143,100.0,100.0,100.0,100.0,100.0,100.0,97.22222222222221,100.0,100.0,100.0,100.0,98.14814814814815,97.14285714285714,100.0,100.0,100.0,100.0,100.0,100.0,100.0,100.0,100.0,100.0,100.0,100.0,97.43589743589743,100.0,100.0,100.0,100.0,100.0,100.0,100.0,100.0],"cluster_post_filtering_doc_counts":[196,73,35,38,22,11,10,3,0,6,3,3,0,2,1,0,1,2,2,1,3,4,0,2,3,1,1,4,1,0,1,1,1,0,1,2,2,2,0,1,0,0,0,0,0,0,2,0,0,0,0,1,1,0,0,0,0,0,0,0,0,0,0,0,0,1,0,0,0,0,0,0,0,0],"tail_threshold":75,"tail_removal_rate":99.49636261891438,"tail_post_filtering_doc_counts":9,"global_removal_rate":99.97461005699566}