{"cluster_sizes":[1,2,3,4,5,6,7,8,9,10,11,12,13,14,15,16,18,19,20,21,22,24,26,27,30,32,33,35,36,42,61,66,94,176,191],"cluster_removal_rates":[100.0,97.5,95.45454545454545,97.5609756097561,100.0,100.0,100.0,91.66666666666666,100.0,100.0,100.0,100.0,100.0,100.0,100.0,100.0,100.0,100.0,100.0,100.0,100.0,100.0,100.0,100.0,100.0,100.0,100.0,100.0,100.0,100.0,100.0,100.0,100.0,100.0,100.0],"cluster_post_filtering_doc_counts":[0,1,1,1,0,0,0,1,0,0,0,0,0,0,0,0,0,0,0,0,0,0,0,0,0,0,0,0,0,0,0,0,0,0,0],"tail_threshold":1122,"tail_removal_rate":100.0,"tail_post_filtering_doc_counts":0,"global_removal_rate":99.59514170040485}