{"cluster_sizes":[1,2,3,4,5,6,7,8,9,10,11,12,13,14,15,16,17,18,19,20,21,22,23,24,25,26,27,28,29,30,31,32,33,34,35,36,37,38,39,40,41,42,43,44,45,46,47,48,49,50,51,52,53,54,55,56,57,58,59,60,61,62,63,64,65,66,67,68,69,70,71,72,73,74,75,76,77,78,79,80,81,82,83,84,85,86,87,88,89,90,91,92,93,94,95,96,97,98,99,100,101,102,103,104,105,106,107,108,109,110,111,112,113,114,115,116,117,118,119,120,121,122,123,124,125],"cluster_removal_rates":[95.86617020035993,80.991884654657,78.92664906667164,78.33385995521425,74.88360010391064,72.44795553382568,72.54383387207366,68.81202629705624,66.70654503763521,66.84992750120831,66.21519939804365,66.92314125616794,68.79078303425776,66.99661999034284,68.33218943033631,67.828418230563,69.29885456438737,67.34177215189874,68.35602094240838,68.7373396353815,67.3249551166966,66.9732441471572,65.87139947628746,65.27039699906221,66.14086573734409,66.57072368421053,67.20103986135182,66.40944167044938,67.55,63.470557582073994,61.87977099236641,62.735849056603776,62.333168561542266,61.070911722141815,62.691736763978234,63.51145038167939,65.59139784946237,67.15045960328979,70.11439466158245,69.50503355704699,70.93162734906038,70.50279329608938,69.09160892994612,67.71317829457364,66.00985221674877,66.80446465481604,62.71929824561403,63.74062637847375,65.15837104072398,65.6984785615491,64.65638148667601,61.75519630484988,61.572052401746724,63.25486182190379,64.63723997970573,59.587955625990496,59.791552386176626,59.346049046321525,58.46153846153847,57.874762808349146,59.375,57.76699029126213,57.41797432239658,56.455142231947484,55.17762660619804,59.05383360522023,56.11390284757118,55.0210970464135,57.22738799661876,55.32900834105653,55.44642857142858,54.413191076624635,52.88461538461539,52.39616613418531,55.38990825688074,53.48557692307693,52.60180995475113,53.9080459770115,54.456654456654455,52.04513399153738,55.053191489361694,58.074074074074076,54.39137134052389,55.948553054662376,56.74418604651162,52.743362831858406,52.908067542213885,53.592233009708735,50.0,49.448123620309055,54.694835680751176,56.69099756690997,58.2901554404145,47.593582887700535,51.419558359621455,60.66666666666667,56.14617940199336,54.06360424028268,57.446808510638306,59.62962962962963,52.6530612244898,56.326530612244895,60.36866359447005,56.05381165919282,63.0,60.962566844919785,55.02958579881657,60.893854748603346,50.31055900621118,63.758389261744966,62.41610738255034,63.74269005847953,61.37931034482759,63.1578947368421,63.41463414634146,60.689655172413794,58.2089552238806,50.0,48.97959183673469,58.536585365853654,62.5,57.391304347826086,68.31683168316832,66.3265306122449,51.75438596491229],"cluster_post_filtering_doc_counts":[125486,46353,22590,15771,12569,10707,8409,7448,6679,5487,4939,3955,3061,2734,2307,2160,1769,1677,1511,1389,1274,1185,1173,1111,923,813,757,740,649,701,799,790,762,807,754,717,704,679,627,727,727,792,803,833,828,803,850,822,770,744,756,828,792,718,697,765,733,746,702,666,637,609,597,597,593,502,524,533,506,482,499,470,490,447,389,387,419,401,373,340,338,283,296,274,279,267,251,239,246,229,193,178,161,196,154,118,132,130,120,109,116,107,86,98,74,73,76,70,80,54,56,62,56,56,45,57,56,61,50,51,48,49,32,33,55],"tail_threshold":126,"tail_removal_rate":65.42443064182196,"tail_post_filtering_doc_counts":1336,"global_removal_rate":91.27109302480854}