{"cluster_sizes":[1,2,3,4,5,6,7,8,9,10,11,12,13,14,15,16,17,19,20,21,22,24,29,30,33,35,36,37,38,39,40,120,149],"cluster_removal_rates":[84.070796460177,98.23943661971832,64.58333333333334,79.54545454545455,97.5,97.82608695652173,100.0,83.33333333333334,100.0,100.0,100.0,100.0,100.0,100.0,100.0,100.0,100.0,100.0,100.0,100.0,100.0,100.0,100.0,0.0,100.0,100.0,100.0,100.0,100.0,100.0,100.0,100.0,100.0],"cluster_post_filtering_doc_counts":[72,5,17,9,1,1,0,2,0,0,0,0,0,0,0,0,0,0,0,0,0,0,0,1,0,0,0,0,0,0,0,0,0],"tail_threshold":183,"tail_removal_rate":100.0,"tail_post_filtering_doc_counts":0,"global_removal_rate":89.05775075987842}