{"cluster_sizes":[1,2,3,4,5,6,7,8,9,10,11,12,13,14,15,16,17,18,19,20,21,22,23,24,25,26,27,28,29,30,32,34,35,36,38,39,40,41,42,43,44,47,48,51,55,57,68,75,82,101,106,138],"cluster_removal_rates":[98.72302158273382,98.87005649717514,84.1025641025641,100.0,80.82191780821918,97.5,91.17647058823529,97.14285714285714,100.0,100.0,100.0,100.0,100.0,94.73684210526315,100.0,100.0,100.0,90.0,94.11764705882352,94.73684210526315,90.9090909090909,87.5,100.0,92.0,100.0,91.30434782608695,90.0,100.0,66.66666666666666,100.0,100.0,100.0,100.0,100.0,100.0,100.0,100.0,100.0,100.0,100.0,100.0,100.0,100.0,100.0,100.0,100.0,100.0,100.0,100.0,100.0,100.0,100.0],"cluster_post_filtering_doc_counts":[71,4,31,0,14,1,3,1,0,0,0,0,0,1,0,0,0,1,1,1,1,2,0,2,0,2,1,0,1,0,0,0,0,0,0,0,0,0,0,0,0,0,0,0,0,0,0,0,0,0,0,0],"tail_threshold":140,"tail_removal_rate":100.0,"tail_post_filtering_doc_counts":0,"global_removal_rate":97.95555555555555}