{"cluster_sizes":[1,2,3,4,5,6,7,8,10,11,17,18,22],"cluster_removal_rates":[97.91666666666666,100.0,100.0,100.0,100.0,100.0,100.0,100.0,100.0,100.0,100.0,100.0,100.0],"cluster_post_filtering_doc_counts":[1,0,0,0,0,0,0,0,0,0,0,0,0],"tail_threshold":111,"tail_removal_rate":100.0,"tail_post_filtering_doc_counts":0,"global_removal_rate":99.20634920634922}