{"cluster_sizes":[1,2,3,4,5,6,7,8,9,14,18,19,20,36],"cluster_removal_rates":[96.81647940074907,88.26405867970661,98.37837837837839,88.19444444444444,100.0,80.0,100.0,33.33333333333333,100.0,100.0,100.0,100.0,0.0,100.0],"cluster_post_filtering_doc_counts":[17,48,3,17,0,5,0,2,0,0,0,0,1,0],"tail_threshold":40,"tail_removal_rate":100.0,"tail_post_filtering_doc_counts":0,"global_removal_rate":93.04932735426009}