{"cluster_sizes":[1,2,3,5,7,8,10,16,19,22,23,24,25,30],"cluster_removal_rates":[85.71428571428571,100.0,100.0,75.0,100.0,0.0,100.0,100.0,100.0,100.0,100.0,100.0,100.0,100.0],"cluster_post_filtering_doc_counts":[4,0,0,1,0,1,0,0,0,0,0,0,0,0],"tail_threshold":38,"tail_removal_rate":100.0,"tail_post_filtering_doc_counts":0,"global_removal_rate":90.47619047619048}