{"cluster_sizes":[1,2,3,4,5,6,7,8,9,10,11,12,13,14,15,16,17,18,19,20,21,22,23,24,25,26,27,28,29,30,31,32,33,34,35,36,37,38,39,40,41,42,43,44,45,46,47,48,49,50,51,52,53,54,55,56,57,58,59,60,61,62,63,64,65,66,67,68,69,70,71,72,73,74,75,76,77,78,79,80,81,82,83,84,85,86,87,88,89,90,91,92,93,94,95,96,97,98,99,100,101,102,103,104,105,106,107,108,109,110,111,112,113,114,115,116,117,118,119,120,121,122,123,124,125,126,127,128,129,130,131,132,133,134,135,136,137,138,139,140,141,142,143,144,145,146,147,148,149,150,151,152,153,154,155,156,157,158,159,160,161,162,163,164,165,166,167,168,169,170,171,172,173,174,175],"cluster_removal_rates":[83.11256318621399,77.4689020561118,76.11928970079066,75.09245237337942,73.82811831288754,73.6783285662872,73.2105245997848,72.8847963540492,71.81830895868298,70.45535650560274,69.54819626493446,70.20647497549875,69.93725637337668,70.31977721227253,70.50413223140495,70.44486215538846,69.99480558029089,70.14103595781627,70.00190585096246,70.05779728138714,70.69348614197169,72.08137521642345,72.68590831918506,73.85232506314068,73.6634494334872,72.98189362504715,72.86693191865605,71.52360240501471,71.2166595350164,72.29192166462668,73.30898697999365,72.95860847157353,74.62290734294712,74.92957746478874,74.22072451558552,75.31534688156972,76.4770642201835,78.8515406162465,79.14361811104283,80.26896828582898,80.778739184178,80.10528624698398,78.78940731399747,77.69272826681247,78.4208964084298,79.08698334361505,78.96573604060913,81.22966818477553,81.0299003322259,80.33849477853799,79.53058868795691,79.58677685950413,79.11283376399656,76.9330453563715,77.93843283582089,75.14204545454545,74.93540051679587,75.50908090258667,75.02738225629791,76.57971014492753,74.89387507580352,73.60308285163777,74.38075017692853,73.20610687022901,74.34915773353752,73.79095163806552,73.40339531123686,73.31052181351583,74.74654377880185,72.17847769028872,75.49371633752244,76.28765792031098,70.26476578411406,76.1596548004315,73.28843995510663,72.57876312718786,74.34367541766109,72.41379310344827,73.51724137931035,74.03314917127072,73.60703812316716,71.36294027565084,71.54882154882155,72.6027397260274,73.71323529411765,71.8562874251497,71.67630057803468,71.14624505928853,73.29059829059828,71.94860813704497,71.21212121212122,70.92391304347827,76.29629629629629,77.39130434782608,78.125,76.45259938837921,76.75840978593273,75.85034013605441,73.48242811501598,74.91039426523297,72.28464419475655,76.92307692307693,76.15062761506276,77.41935483870968,76.68161434977578,76.63551401869158,82.2429906542056,74.37185929648241,75.82417582417582,77.51196172248804,74.4186046511628,77.38095238095238,75.30120481927712,71.15384615384616,80.64516129032258,81.33333333333333,72.48322147651007,79.85611510791367,79.86111111111111,84.49612403100775,76.97841726618705,75.75757575757575,72.44094488188976,77.35849056603774,78.04878048780488,80.19801980198021,81.5126050420168,82.6923076923077,81.48148148148148,81.91489361702128,77.0,81.63265306122449,75.24752475247524,81.98198198198197,81.9047619047619,72.54901960784314,76.59574468085107,68.81720430107528,75.75757575757575,82.6923076923077,78.48101265822784,85.0574712643678,78.66666666666666,78.57142857142857,82.41758241758241,80.76923076923077,79.3103448275862,76.25,88.70967741935483,87.5,71.42857142857143,83.07692307692308,80.35714285714286,78.94736842105263,90.1639344262295,84.61538461538461,83.01886792452831,85.29411764705883,83.07692307692308,80.0,76.27118644067797,75.71428571428571,82.35294117647058,89.79591836734694,89.36170212765957,69.23076923076923,69.23076923076923,87.3015873015873,88.13559322033898,80.3921568627451,85.71428571428571,76.5625,83.01886792452831,90.9090909090909,77.77777777777779],"cluster_post_filtering_doc_counts":[599274,275191,147877,104935,76441,55584,41083,34865,28211,24837,21002,17936,14422,12363,10707,9434,8087,7050,6296,5595,5012,4515,4022,3520,3138,2865,2455,2226,2018,1811,1681,1679,1531,1513,1530,1409,1282,1057,1018,983,933,907,841,816,727,678,663,577,571,546,532,494,485,534,473,525,485,445,456,404,414,411,362,351,335,336,329,312,274,318,273,244,292,221,238,235,215,216,192,188,180,187,169,160,143,141,147,146,125,131,133,107,96,78,77,77,76,71,83,70,74,54,57,49,52,50,38,51,44,47,44,38,41,45,30,28,41,28,29,20,32,32,35,24,27,20,22,18,20,17,23,18,25,20,19,28,22,29,24,18,17,13,16,21,16,15,18,19,7,7,16,11,11,12,6,8,9,10,11,11,14,17,9,5,5,16,20,8,7,10,8,15,9,4,10],"tail_threshold":176,"tail_removal_rate":86.68101708596798,"tail_post_filtering_doc_counts":990,"global_removal_rate":78.88130105806506}