{"cluster_sizes":[1,2,3,4,5,6,7,8,9,10,11,12,13,14,15,16,17,18,19,20,21,22,23,24,26,27,28,29,30,31,32,33,34,36,37,38,39,40,41,42,43,44,46,49,51,55,61,62],"cluster_removal_rates":[99.32239366478896,96.93333333333334,97.23756906077348,95.29411764705881,95.65217391304348,96.15384615384616,90.47619047619048,100.0,100.0,86.66666666666667,100.0,91.66666666666666,88.88888888888889,100.0,100.0,80.0,75.0,60.0,66.66666666666666,50.0,100.0,100.0,100.0,100.0,100.0,100.0,100.0,100.0,100.0,100.0,100.0,100.0,100.0,100.0,100.0,100.0,100.0,100.0,100.0,100.0,100.0,100.0,100.0,100.0,100.0,100.0,100.0,50.0],"cluster_post_filtering_doc_counts":[83,23,5,4,2,1,2,0,0,2,0,1,1,0,0,1,1,2,2,2,0,0,0,0,0,0,0,0,0,0,0,0,0,0,0,0,0,0,0,0,0,0,0,0,0,0,0,1],"tail_threshold":63,"tail_removal_rate":93.75,"tail_post_filtering_doc_counts":1,"global_removal_rate":99.01128901350255}