{"cluster_sizes":[1,2,3,4,5,6,7,8,9,10,11,12,13,14,15,16,17,18,19,20,21,22,23,24,25,26,27,28,29,30,31,32,33,34,35,36,37,38,39,40,41,42,43,44,45,46,47,48,49,50,51,52,53,54,55,56,57,58,59,60,61,62,63,64,65,66,67,68,69,70,71,72,73,74],"cluster_removal_rates":[99.46463097398026,88.30175680330692,83.10079541009257,86.01398601398601,88.88537048765042,92.91479820627802,96.3855421686747,98.89604415823368,98.29351535836177,98.15546772068511,98.1418918918919,99.61089494163424,97.96511627906976,99.01639344262296,98.4313725490196,99.09502262443439,94.88636363636364,98.42931937172776,96.875,97.67441860465115,97.43589743589743,97.6923076923077,99.15254237288136,97.6923076923077,99.1304347826087,96.96969696969697,98.9010989010989,96.0,100.0,98.33333333333333,97.87234042553192,100.0,100.0,100.0,98.11320754716981,100.0,100.0,97.43589743589743,100.0,96.42857142857143,100.0,100.0,100.0,100.0,95.23809523809523,100.0,100.0,96.29629629629629,94.44444444444444,100.0,100.0,100.0,91.66666666666666,100.0,93.75,88.88888888888889,90.0,100.0,91.66666666666666,91.66666666666666,94.73684210526315,100.0,100.0,100.0,100.0,87.5,100.0,80.0,80.0,87.5,100.0,100.0,100.0,87.5],"cluster_post_filtering_doc_counts":[2517,1698,1296,740,351,158,54,12,15,14,11,2,7,3,4,2,9,3,5,3,3,3,1,3,1,3,1,3,0,1,1,0,0,0,1,0,0,1,0,1,0,0,0,0,1,0,0,1,1,0,0,0,1,0,1,2,2,0,1,1,1,0,0,0,0,2,0,1,2,1,0,0,0,1],"tail_threshold":75,"tail_removal_rate":94.77756286266924,"tail_post_filtering_doc_counts":27,"global_removal_rate":98.6396933311224}