{"cluster_sizes":[1,2,3,4,5,6,7,8,9,10,11,12,13,14,15,16,17,18,19,20,21,22,23,24,25,26,27,28,29,30,31,32,33,34,35,36,37,38,39,40,41,42,43,44,45,46,47,48,49,50,51,52,53,54,55,56,57,58,59,60,61,62,63,64,65,66,67,68,69,70,71,72,73,74,75,76,77,78,79,80,81,82,83,84,85,86,87,88,89,90,91,92,93,94,95,96,97,98,99,100,101,102,103,104,105,106,107,108,109,110,111,112,113,114,115,116,117,118,119,120,121,122,123,124,125,126,127,128,129,130,131,132,133,134,135,136,137,139,140,142,143,144,145,146,147,148,149,150,151,153,155,156,158,159,160,162,164,165,168,170,171,172,173,175,176,177,179,180,181,185,186,187,188,189,190,192,195,197,199,200,201,204,206,207,211,213,214],"cluster_removal_rates":[99.43913407773465,97.33858267716535,95.84083838218437,95.60465668804942,90.34661483641075,92.04494382022472,94.25981873111783,93.57884796978281,88.23529411764706,92.2239502332815,89.15441176470588,88.27977315689981,91.42156862745098,94.36619718309859,85.79088471849866,90.87719298245615,87.19723183391004,91.87817258883248,91.39784946236558,85.16483516483517,83.2512315270936,92.34972677595628,92.5925925925926,95.06172839506173,91.2751677852349,90.83333333333333,91.30434782608695,94.84536082474226,92.96875,91.34615384615384,96.29629629629629,93.87755102040816,96.58119658119658,95.2755905511811,95.13888888888889,96.35036496350365,98.62068965517241,98.38709677419355,95.14563106796116,94.56521739130434,98.82352941176471,92.04545454545455,90.56603773584906,88.63636363636364,94.91525423728814,94.0,88.23529411764706,78.94736842105263,91.8918918918919,89.65517241379311,88.0,79.24528301886792,92.5,86.48648648648648,92.10526315789474,82.85714285714286,78.57142857142857,83.78378378378379,80.0,69.56521739130434,89.65517241379311,71.42857142857143,75.0,69.44444444444444,80.0,83.33333333333334,81.57894736842105,68.75,68.29268292682927,74.28571428571429,81.57894736842105,52.63157894736842,60.71428571428571,76.47058823529412,79.3103448275862,90.0,78.57142857142857,60.0,73.33333333333333,67.85714285714286,59.45945945945946,78.04878048780488,76.92307692307693,57.99999999999999,66.66666666666666,71.42857142857143,71.15384615384616,63.41463414634146,61.904761904761905,65.9090909090909,72.72727272727273,58.82352941176471,67.74193548387096,68.42105263157895,54.54545454545454,59.09090909090909,75.0,40.0,53.84615384615385,72.22222222222221,64.70588235294117,80.0,83.33333333333334,60.0,71.42857142857143,63.63636363636363,71.42857142857143,80.0,0.0,50.0,83.33333333333334,70.0,87.5,100.0,50.0,80.0,0.0,100.0,100.0,100.0,66.66666666666666,75.0,100.0,66.66666666666666,100.0,83.33333333333334,80.0,100.0,75.0,100.0,100.0,100.0,100.0,100.0,0.0,75.0,66.66666666666666,83.33333333333334,0.0,100.0,50.0,66.66666666666666,100.0,100.0,66.66666666666666,100.0,100.0,0.0,100.0,33.33333333333333,0.0,100.0,100.0,50.0,100.0,100.0,33.33333333333333,100.0,100.0,100.0,100.0,100.0,100.0,100.0,100.0,100.0,100.0,100.0,100.0,100.0,100.0,100.0,100.0,100.0,66.66666666666666,100.0,100.0,100.0,100.0,100.0,100.0,100.0,100.0,100.0,100.0,100.0,100.0],"cluster_post_filtering_doc_counts":[328,338,254,185,298,177,76,68,88,50,59,62,35,20,53,26,37,16,16,27,34,14,12,8,13,11,10,5,9,9,4,6,4,6,7,5,2,2,5,5,1,7,5,5,3,3,4,8,3,6,6,11,3,5,3,6,6,6,7,7,3,10,7,11,6,8,7,10,13,9,7,18,11,8,6,3,6,14,8,9,15,9,9,21,11,12,15,15,16,15,9,14,10,6,10,9,7,9,6,5,6,2,1,4,2,4,2,1,4,5,1,3,1,0,3,1,1,0,0,0,1,1,0,1,0,1,1,0,1,0,0,0,0,0,2,2,1,1,2,0,1,1,0,0,1,0,0,1,0,2,1,0,0,1,0,0,2,0,0,0,0,0,0,0,0,0,0,0,0,0,0,0,0,0,1,0,0,0,0,0,0,0,0,0,0,0,0],"tail_threshold":218,"tail_removal_rate":96.03960396039604,"tail_post_filtering_doc_counts":4,"global_removal_rate":97.0198308280152}