{"cluster_sizes":[1,2,3,4,5,6,7,8,9,10,11,12,13,14,15,16,17,19,20,23,26,28,34,35,36,37,38],"cluster_removal_rates":[91.20351023819472,96.7032967032967,100.0,86.20689655172413,95.65217391304348,100.0,100.0,100.0,66.66666666666666,100.0,100.0,85.71428571428571,100.0,100.0,100.0,100.0,0.0,100.0,100.0,100.0,100.0,100.0,100.0,100.0,100.0,100.0,100.0],"cluster_post_filtering_doc_counts":[421,3,0,4,1,0,0,0,1,0,0,1,0,0,0,0,1,0,0,0,0,0,0,0,0,0,0],"tail_threshold":39,"tail_removal_rate":100.0,"tail_post_filtering_doc_counts":0,"global_removal_rate":91.48264984227129}