{"cluster_sizes":[1,2,3,4,5,6,8,9,11,13,15,16,17,18,19,20,21,22,23,24,25,26,27,28,29,30,31,32,33,34,35,36,37,38,39,41,45,52,53,56,57],"cluster_removal_rates":[83.61153262518968,94.19354838709677,93.33333333333333,92.3076923076923,100.0,100.0,100.0,100.0,0.0,100.0,100.0,100.0,66.66666666666666,61.111111111111114,43.47826086956522,59.375,56.470588235294116,63.52941176470588,58.91472868217055,65.21739130434783,65.625,68.18181818181817,71.01449275362319,72.72727272727273,62.5,50.0,40.0,0.0,0.0,33.33333333333333,0.0,0.0,0.0,0.0,0.0,0.0,0.0,100.0,100.0,100.0,100.0],"cluster_post_filtering_doc_counts":[108,9,1,1,0,0,0,0,1,0,0,0,1,7,13,26,37,31,53,40,44,28,20,9,6,7,6,2,1,2,3,5,3,1,1,2,1,0,0,0,0],"tail_threshold":111,"tail_removal_rate":100.0,"tail_post_filtering_doc_counts":0,"global_removal_rate":73.45783814374647}