{"cluster_sizes":[1,2,3,4,5,6,7,8,9,10,11,12,13,14,15,16,17,18,19,20,21,23,25,28,34,38,39,40,42,55,56,118,144,188],"cluster_removal_rates":[98.95234876647517,90.57591623036649,97.6470588235294,98.11320754716981,100.0,100.0,100.0,85.71428571428571,100.0,100.0,100.0,100.0,100.0,100.0,100.0,100.0,100.0,100.0,100.0,100.0,100.0,100.0,100.0,100.0,100.0,100.0,100.0,100.0,100.0,100.0,100.0,100.0,100.0,100.0],"cluster_post_filtering_doc_counts":[31,18,2,1,0,0,0,2,0,0,0,0,0,0,0,0,0,0,0,0,0,0,0,0,0,0,0,0,0,0,0,0,0,0],"tail_threshold":217,"tail_removal_rate":100.0,"tail_post_filtering_doc_counts":0,"global_removal_rate":98.42977609770283}