{"cluster_sizes":[1,2,3,4,5,6,7,8,9,10,11,12,13,14,15,16,17,18,19,20,21,22,23,24,25,26,27,28,29,30,31,32,33,34,35,36,37,38,39,40,41,42,43,44,45,46,47,48,49,50,51,52,53,54,55,56,57,58,59,60,61,62,63,64,65,66,67,68,69,70,71,72,73,74,75,76,77,78,79,80,81,82,83,84,85,86,87,88,89,90,91,92,93,94,95,96,97,98,99,100,101,102,103,104,105,106,107,108,109,110,111,112,113,114,115,116,117,118,119,120,121,122,123,124,125,126,127,128,129,130,131,132,133,134,135,136,137,138,139,140,141,142,143,144,145,146,147,148,149,150,151,152,153,154,155,156,157,158,159,160,161,162,163,164,165,166,167,168,169,170,171,172,173,174,175,176,177,178,179,180,181,182,183,184,185,186,187,188,189,190,191,192,193,194,195,196,197,198,199,200,201,202,203,204,205,206,207,208,209,210,211,212,213,214,215,216,217,218,219,220,221,222,223,224,225,226,227,228,229,230,231,232,233,234,235,236,237,238,239,240,241,242,243,244,245,246,247,248,249,250,251,252],"cluster_removal_rates":[77.88039853211521,68.19062771188892,63.55204032062181,57.320297092023,53.36258207031969,51.40625632309498,48.45772734537318,47.31611596404608,46.4848636477358,47.41261472368678,46.00023493480559,45.80850769017598,44.0863680309378,45.0416888415824,46.084392850562004,44.28650544581872,43.38487972508591,41.9081815850218,40.59682934410942,41.53125,40.063313401336615,42.32627276105537,42.40561896400351,42.19961240310077,46.12359550561798,45.56962025316456,42.10909090909091,43.69682907965971,43.80165289256198,41.83232497839239,43.621766280107046,41.72892209178228,46.266829865361075,49.32249322493225,47.651006711409394,44.02985074626866,50.829562594268474,49.59871589085072,47.80405405405405,47.266313932980594,45.79256360078278,52.79503105590062,46.01366742596811,45.06726457399103,44.44444444444444,50.0,47.10526315789474,48.30508474576271,49.67741935483871,52.159468438538205,50.357142857142854,52.34375,47.963800904977376,57.61316872427984,51.52838427947598,57.49999999999999,47.02970297029702,45.36082474226804,53.301886792452834,57.360406091370564,47.5,52.52525252525253,50.86705202312138,41.49659863945578,44.52054794520548,44.24242424242424,47.74193548387097,53.84615384615385,45.65217391304348,45.63758389261745,56.64335664335665,42.76315789473684,51.07913669064749,44.53125,50.45045045045045,42.62295081967213,46.15384615384615,42.857142857142854,53.04347826086957,47.42268041237113,51.42857142857142,55.55555555555556,37.5,49.46236559139785,47.25274725274725,40.0,45.348837209302324,45.45454545454545,48.717948717948715,52.94117647058824,50.54945054945055,44.0,38.961038961038966,48.64864864864865,52.38095238095239,42.857142857142854,42.30769230769231,54.347826086956516,41.30434782608695,53.57142857142857,55.319148936170215,42.857142857142854,43.18181818181818,59.32203389830508,55.55555555555556,41.935483870967744,55.55555555555556,48.38709677419355,57.14285714285714,50.0,61.53846153846154,41.935483870967744,54.54545454545454,55.55555555555556,53.333333333333336,56.75675675675676,51.724137931034484,47.61904761904761,77.77777777777779,66.66666666666666,41.37931034482759,61.53846153846154,38.46153846153847,42.857142857142854,63.1578947368421,55.00000000000001,84.61538461538461,57.692307692307686,68.75,45.45454545454545,60.0,61.904761904761905,60.0,69.23076923076923,64.70588235294117,58.82352941176471,53.84615384615385,53.333333333333336,50.0,40.0,58.333333333333336,53.333333333333336,60.0,55.55555555555556,58.333333333333336,33.33333333333333,72.22222222222221,76.92307692307693,42.857142857142854,70.0,72.72727272727273,58.333333333333336,33.33333333333333,54.54545454545454,62.5,80.0,40.0,83.33333333333334,87.5,100.0,57.14285714285714,76.92307692307693,69.23076923076923,80.0,66.66666666666666,37.5,37.5,22.22222222222222,63.63636363636363,50.0,84.61538461538461,55.55555555555556,50.0,26.666666666666668,100.0,62.5,80.0,66.66666666666666,80.0,54.54545454545454,37.5,66.66666666666666,100.0,25.0,75.0,60.0,75.0,71.42857142857143,75.0,80.0,70.0,77.77777777777779,50.0,75.0,71.42857142857143,60.0,60.0,100.0,60.0,100.0,75.0,100.0,100.0,75.0,75.0,85.71428571428571,66.66666666666666,28.57142857142857,100.0,66.66666666666666,57.14285714285714,85.71428571428571,100.0,75.0,50.0,50.0,100.0,100.0,60.0,25.0,80.0,66.66666666666666,100.0,33.33333333333333,100.0,33.33333333333333,100.0,50.0,60.0,50.0,33.33333333333333,50.0,50.0,100.0,75.0,75.0,100.0,80.0,50.0,100.0,100.0,25.0,75.0,100.0,50.0,50.0,100.0,100.0,50.0,33.33333333333333,50.0,75.0],"cluster_post_filtering_doc_counts":[95176,43986,24009,20342,15201,12008,9675,8323,6417,5386,4597,3911,3470,3098,2926,3018,2636,2265,1911,1871,1704,1552,1312,1193,959,860,796,728,680,673,632,546,439,374,390,375,326,314,309,299,277,228,237,245,225,196,201,183,156,144,139,122,115,103,111,85,107,106,99,84,105,94,85,86,81,92,81,78,75,81,62,87,68,71,55,70,70,76,54,51,51,48,65,47,48,48,47,42,40,40,45,42,47,38,30,40,45,21,27,26,21,24,25,24,16,18,20,16,12,14,15,18,15,12,14,16,14,11,4,7,17,10,8,8,7,9,2,11,5,6,4,8,8,4,6,7,6,7,6,6,5,7,2,4,5,8,5,3,4,3,3,5,8,5,3,2,3,1,1,0,3,3,4,2,3,5,5,7,4,2,2,4,6,11,0,3,2,4,1,5,5,2,0,3,3,2,1,2,1,1,3,2,2,1,2,2,2,0,2,0,1,0,0,1,1,1,2,5,0,3,3,1,0,2,4,1,0,0,2,3,1,2,0,2,0,2,0,2,2,2,2,1,1,0,1,1,0,1,2,0,0,3,1,0,2,1,0,0,2,2,1,1],"tail_threshold":253,"tail_removal_rate":74.5230078563412,"tail_post_filtering_doc_counts":227,"global_removal_rate":67.23858755644474}