{"cluster_sizes":[1,2,3,4,5,6,7,8,10,12,17,23],"cluster_removal_rates":[92.3076923076923,55.26315789473685,57.89473684210527,34.61538461538461,90.0,100.0,80.0,100.0,100.0,100.0,100.0,100.0],"cluster_post_filtering_doc_counts":[7,17,8,17,1,0,1,0,0,0,0,0],"tail_threshold":30,"tail_removal_rate":100.0,"tail_post_filtering_doc_counts":0,"global_removal_rate":74.5}