{"cluster_sizes":[1,2,3,4,5,6,7,8,9,10,11,12,13,14,15,16,17,18,19,20,21,22,23,24,25,26,27,28,29,30,32,33,34,35,37,38,39,40,41,42,43,44,45,46,47,48,49,50,51,52,56,58,61,62,63,64,66,67,68,70,73,76,77,78,80,85,91,95,106,108,151,161,177,246,265,289,329,341,346,366,439],"cluster_removal_rates":[96.9413598285603,92.4092409240924,93.87755102040816,93.2475884244373,87.1951219512195,85.03937007874016,83.51648351648352,69.89247311827957,70.78651685393258,63.38028169014085,55.55555555555556,58.490566037735846,56.14035087719298,52.38095238095239,62.5,58.82352941176471,58.97435897435898,43.47826086956522,64.28571428571429,73.68421052631578,69.23076923076923,81.81818181818183,70.0,87.5,40.0,88.88888888888889,100.0,62.5,100.0,66.66666666666666,87.5,75.0,100.0,100.0,66.66666666666666,33.33333333333333,100.0,100.0,100.0,66.66666666666666,50.0,100.0,0.0,100.0,100.0,100.0,50.0,100.0,100.0,100.0,100.0,0.0,100.0,100.0,100.0,100.0,100.0,0.0,100.0,100.0,100.0,100.0,100.0,100.0,100.0,100.0,100.0,100.0,100.0,0.0,100.0,100.0,100.0,100.0,100.0,100.0,100.0,100.0,100.0,100.0,0.0],"cluster_post_filtering_doc_counts":[157,69,33,21,21,19,15,28,26,26,32,22,25,20,15,14,16,13,5,5,4,2,3,2,3,1,0,3,0,1,1,1,0,0,1,2,0,0,0,1,1,0,1,0,0,0,1,0,0,0,0,1,0,0,0,0,0,1,0,0,0,0,0,0,0,0,0,0,0,1,0,0,0,0,0,0,0,0,0,0,1],"tail_threshold":458,"tail_removal_rate":100.0,"tail_post_filtering_doc_counts":0,"global_removal_rate":92.41413392636521}