{"cluster_sizes":[1,2,3,4,5,6,7,8,9,10,11,12,13,14,15,16,17,18,19,20,21,22,23,24,25,26,27,28,29,30,31,32,33,34,35,36,37,38,39,40,41,42,43,44,45,46,47,48,49,50,51,52,53,54,55,56,57,58,59,60,61,62,63,64,65,66,67,68,69,70,71,72,73,74,75,76,77,78,79,80,81,82,83,84,85,86,87,88,89],"cluster_removal_rates":[98.93485198592532,89.50470962510137,84.57546489837105,81.12476475146686,84.36476155806334,92.64667535853977,92.16733422340899,95.12048192771084,92.89176090468497,93.88322520852641,94.00244798041616,92.26100151745068,90.49773755656109,88.61386138613861,83.86308068459658,83.64116094986808,83.71212121212122,79.42238267148014,81.52173913043478,80.8080808080808,76.38376383763837,75.40322580645162,71.42857142857143,72.6829268292683,83.5820895522388,83.87096774193549,89.0909090909091,90.69767441860465,94.8051948051948,89.2156862745098,92.85714285714286,92.7927927927928,90.82568807339449,91.07142857142857,97.34513274336283,93.33333333333333,90.80459770114942,88.31168831168831,89.0625,86.20689655172413,88.88888888888889,88.37209302325581,80.48780487804879,89.65517241379311,91.83673469387756,76.47058823529412,76.0,81.48148148148148,92.5925925925926,91.42857142857143,90.9090909090909,87.5,100.0,88.0,96.0,88.88888888888889,94.11764705882352,100.0,87.5,92.85714285714286,93.33333333333333,100.0,90.9090909090909,84.21052631578947,83.33333333333334,92.3076923076923,100.0,91.66666666666666,91.66666666666666,100.0,100.0,85.71428571428571,77.77777777777779,100.0,73.33333333333333,71.42857142857143,100.0,81.81818181818183,90.0,85.71428571428571,92.3076923076923,85.71428571428571,100.0,81.81818181818183,63.63636363636363,50.0,66.66666666666666,71.42857142857143,83.33333333333334],"cluster_post_filtering_doc_counts":[5467,3365,2140,1705,859,282,176,81,88,66,49,51,42,46,66,62,43,57,51,57,64,61,64,56,33,30,18,12,4,11,8,8,10,10,3,6,8,9,7,8,4,5,8,3,4,8,6,5,2,3,2,3,0,3,1,3,1,0,2,1,1,0,2,3,2,1,0,1,1,0,0,2,2,0,4,2,0,2,1,1,1,1,0,2,4,6,3,4,2],"tail_threshold":90,"tail_removal_rate":93.98998330550918,"tail_post_filtering_doc_counts":36,"global_removal_rate":97.41151084967143}