{"cluster_sizes":[1,2,3,4,5,6,7,8,9,10,11,12,13,14,15,16,17,18,19,20,21,22,23,24,25,26,27,28,29,30,31,32,33,34,35,36,37,38,39,40,41,42,43,44,45,46,47,48,49,50,51,52,53,54,55,56,57,58,59,60,61,62,63,64,65,66,67,68,69,70,71,72,73,74,75,76,77,78,79,80,81,82,83,84,85,86,87,88,89,90,91,92,93,94,95,96,97,98,99,100,101,102,103,104,105,106,107,108,109,110,111,112,113,114,115,116,117,118,119,120,121,122,123,124],"cluster_removal_rates":[67.44506446248757,48.413285665208186,43.87417903782689,51.657908496240324,49.694257778910156,51.0931480688815,52.01253425528717,50.24979012124798,51.612555512439094,52.82491616705619,50.1805516428919,50.67050728116499,50.148986889153754,49.74577756998422,50.6015859994531,51.89363416599516,52.23044798785118,53.98910605575136,53.948377204191154,54.368004368004364,56.21638721923442,56.881051175656985,58.500567966679284,59.89551938919028,59.79816944379254,60.60927152317881,59.11772969935375,57.77066356228172,56.29057187017001,56.42301710730949,57.013281503077415,55.665496329396746,55.53404323975476,56.700711853915195,56.64845173041895,58.08978608014462,60.877569806689166,62.26027397260274,61.07854630715123,64.12997007268063,59.926301243666515,60.41465766634523,60.537634408602145,61.58227848101265,61.506565307532824,61.07491856677525,63.948919449901766,62.94513955726661,64.47638603696099,64.89746682750301,67.18009478672985,71.86311787072243,68.25174825174825,69.93288590604027,65.51226551226551,69.01197604790418,67.25521669341894,69.20583468395462,64.1955835962145,70.82658022690438,67.37967914438502,68.6241610738255,70.89678510998309,67.26618705035972,63.821892393320965,72.21095334685599,68.00847457627118,69.31567328918322,69.77687626774848,68.23027718550107,68.51441241685144,67.1875,70.0,65.83541147132169,68.69806094182826,61.82795698924731,68.84816753926701,68.83852691218131,68.20809248554913,66.86390532544378,70.1863354037267,69.0721649484536,70.72368421052632,69.76744186046511,72.66435986159169,69.40298507462687,74.03508771929825,63.6734693877551,67.578125,67.90123456790124,69.73684210526315,65.23809523809524,69.26829268292683,72.46376811594203,69.19642857142857,69.66824644549763,68.55670103092784,70.8994708994709,67.72486772486772,67.9245283018868,70.1219512195122,67.06586826347305,71.52777777777779,64.1025641025641,62.0,71.94244604316546,67.52136752136752,60.37735849056604,71.55963302752293,65.71428571428571,64.61538461538461,63.77952755905512,69.40298507462687,77.14285714285715,63.888888888888886,68.53932584269663,72.27722772277228,65.93406593406593,71.57894736842105,63.04347826086957,76.66666666666667,68.08510638297872,60.67415730337079,65.47619047619048],"cluster_post_filtering_doc_counts":[1014891,546586,257654,128516,94773,59414,41501,36149,22445,18570,19453,15413,10038,8599,7226,5970,5033,4308,3604,3343,2768,2494,2192,1996,1713,1487,1455,1451,1414,1401,1327,1389,1378,1399,1428,1391,1275,1102,996,839,870,821,734,607,557,478,367,385,346,291,277,222,227,224,239,207,204,190,227,180,183,187,172,182,195,137,151,139,149,149,142,147,132,137,113,142,119,110,110,112,96,90,89,91,79,82,74,89,83,78,69,73,63,57,69,64,61,55,61,51,49,55,41,56,57,39,38,42,31,36,46,46,41,24,39,28,28,31,27,34,21,30,35,29],"tail_threshold":125,"tail_removal_rate":70.26794915836483,"tail_post_filtering_doc_counts":1731,"global_removal_rate":59.10517979584709}