{"cluster_sizes":[1,2,3,4,5,6,7,8,9,10,11,12,13,14,15,16,17,18,19,20,21,22,23,24,25,26,27,28,29,30,31,32,33,34,35,36,37,38,39,40,41,42,43,44,45,46,47,48,49,50,51,52,53,54,55,56,57,58,59,60,61,62,63,64,65,66,67,68,69,70,71,72,73,74,75,76,77,78,79,80,81,82,83,84,85,86,87,88,89,90,91,92,93,94,95,96,97,98,99,100,101,102,103,104,105,106,107,108,109,110,111,112,113,114,115,116,117,118,119,120,121,122,123,124,125,126,127,128,129,130,131,132,133,134,135,136,137,138,139,140,141,142,143,144,145,146,147,148,149,150,151,152,153,154,155,156,157,158,159,160,161,162,163,164,165,166,167,168,169,170,171,172,173],"cluster_removal_rates":[76.53845449237402,67.32365929606902,61.19745633537712,60.182418044097,57.70769779141719,56.7092646402282,54.7549334857114,54.46188145214411,52.183183717745464,50.90584806963236,49.261065809308256,50.1073519331227,49.37208035564124,51.21253714406884,50.58784572634109,49.83158778422761,48.60497622375624,49.00872985443287,47.1843673076237,48.04220810424765,47.73825505879522,47.768058282964816,47.26974987198933,48.25110601472587,47.44343796836467,48.037831269909034,47.94418123126254,48.75305394456456,48.29085510269009,48.88678899613341,48.678399650196766,49.617142656737705,49.73689239982162,50.42579735300499,51.41635948996716,52.37131333123416,52.52837643096553,53.07873920761025,53.62383363941603,54.3773168230933,53.75053671103478,53.861241618391645,53.22915636435566,53.545161119635964,53.493399435060816,53.87691624083537,53.91440857279367,55.193847450484625,54.61937582281422,55.71254071661238,55.34299347721403,56.48964812923592,55.556098275777856,56.21429287360931,56.61911170928667,56.85459616120742,56.05069501226492,56.13981577502592,56.22203488749108,57.47871909201459,56.35621034206112,56.33480713523403,56.699643846458244,58.291915175612985,56.54450261780105,56.772438803263825,57.119349530539154,56.82832490330259,56.993043297684565,57.284440039643215,56.164224238194926,57.4313888558869,56.63095677872183,57.39096873793902,57.38034589087009,57.94236391479883,57.763253449527966,57.60691402175533,57.30442978322338,58.665162018378204,59.45756780402449,57.98406650502251,58.74291978805043,59.78281577443323,60.01589825119237,58.68048213152887,58.06586077532305,58.48106806741081,59.40709617180205,60.54584630117309,60.01474563774883,61.80891719745223,58.80272108843537,59.94024986420423,60.36904434040209,61.46688560481663,60.095722405025434,62.5,59.5529699938763,61.797395998729755,61.098169717138106,62.213997308209954,61.72231985940246,61.04589114194236,60.9375,62.1452266863251,58.54037267080745,62.74145616641902,63.115738886664,60.76828769922354,62.98593879239041,61.77777777777778,63.76353790613718,63.39869281045751,62.70691333982473,61.534701857282506,63.807635101636095,64.20426375805653,62.93416277864178,62.77056277056276,63.25068870523416,63.095905776780704,61.935866983372925,65.50522648083623,63.121387283237,63.24891908585547,63.242574257425744,65.4120700843608,64.29539295392954,63.331048663468124,63.062458025520485,63.936682725395734,64.70588235294117,64.20373027259684,62.97872340425532,64.0117994100295,66.4856477889837,63.53846153846155,65.24879614767255,66.29392971246007,66.91419141914191,65.89211618257261,66.31944444444444,66.81071737251513,68.39032527105921,69.11231884057972,65.625,66.81695220919748,67.26415094339623,67.76379477250725,66.69767441860465,67.68642447418738,66.54170571696345,65.57550158394932,63.357972544878564,68.10526315789474,69.42949407965554,66.66666666666666,68.02197802197803,68.42105263157895,64.14435389988358,69.40024479804161,68.46424384525204,65.33490011750881,67.0673076923077,66.4259927797834,69.02439024390243,68.66197183098592,66.45962732919256,67.2279792746114,66.83738796414853,67.3469387755102,67.81767955801105],"cluster_post_filtering_doc_counts":[13984852,5483934,3481462,2416758,1805872,1420566,1072894,871774,744077,668329,585335,506586,403382,340516,289490,245015,215837,195499,177657,156779,138976,122884,109159,98607,88017,79115,72406,65654,58512,53009,46949,43098,39449,36558,33873,31765,29318,27227,25000,23138,21543,20230,18916,17559,16135,14532,13504,12759,11720,10877,10201,9373,9099,8737,8058,7890,7525,7190,6751,6294,5984,5728,5471,5035,4897,4768,4430,4353,4142,3879,3769,3583,3522,3312,3179,3021,2908,2845,2718,2564,2317,2426,2258,2111,2012,1954,2012,1897,1739,1648,1627,1499,1514,1475,1439,1408,1334,1227,1321,1203,1169,1123,1089,1095,1075,1027,1068,1003,921,960,895,860,803,784,766,787,730,722,715,688,667,658,641,594,638,595,594,533,527,535,550,524,492,499,522,488,432,474,433,422,401,411,388,384,379,341,374,368,347,333,358,338,357,326,347,303,284,310,291,294,308,250,269,295,274,279,254,267,270,253,259,240,233],"tail_threshold":174,"tail_removal_rate":75.35820818318189,"tail_post_filtering_doc_counts":28583,"global_removal_rate":68.29396895254844}