{"cluster_sizes":[1,2,3,4,5,6,7,8,9,10,11,12,13,14,15,16,17,18,19,20,21,22,23,24,25,26,27,28,29,30,31,32,33,34,35,36,37,38,39,40,41,42,43,44,45,46,47,48,49,50,51,52,53,54,55,56,57,58,59,60,61,62,63,64,65,66,67,68,69,70,71,72,73,74,75,76,77,78,79,80,81,82,83,84,85,86,87,88,89,90,91,92,93,94,95,96,97,98,99,100,101,102,103,104,105,106,107,108,109,110,111,112,113,114,115,116,117,118,119,120,121,122,123,124,125,126,127,128,129,130,131,134,135,137,138,139,142,143,144,145,146,147,148,149,150,151,152,155,156,157,160,161,162,163,164,166,167,168,169,170,171,172,173,174,175,176,178,179,181,185,187,188,190,191,193,194,195,197,198,199,200,202,203,204,208,209,210,211,213,214,215,216,217,220,221,224,228,229,231,232,235,236,237,238,240,242,243,247,248,249,250,252,256,259,262,263],"cluster_removal_rates":[98.91950796054819,96.7988656382933,95.82463465553236,94.59701492537313,92.61562378546444,87.9106085083468,87.78685336444964,88.78504672897196,89.11521323997454,86.68831168831169,82.39202657807309,80.0,82.45382585751979,84.43649373881932,84.22174840085287,81.06904231625836,77.54137115839244,78.80952380952381,80.54862842892769,78.8659793814433,83.78378378378379,86.1788617886179,80.51470588235294,82.32758620689656,88.10810810810811,87.6470588235294,93.08176100628931,91.66666666666666,92.15686274509804,90.69767441860465,88.04347826086956,90.36144578313254,88.88888888888889,90.12345679012346,93.05555555555556,93.13725490196079,95.40229885057471,93.42105263157895,91.76470588235294,95.0,94.44444444444444,89.23076923076924,92.7536231884058,97.5609756097561,89.13043478260869,88.88888888888889,88.23529411764706,96.66666666666667,93.10344827586206,86.66666666666667,90.625,100.0,90.0,86.36363636363636,90.0,100.0,100.0,96.42857142857143,90.47619047619048,100.0,91.66666666666666,100.0,92.3076923076923,100.0,100.0,92.85714285714286,100.0,100.0,100.0,75.0,100.0,100.0,75.0,72.72727272727273,100.0,92.85714285714286,87.5,100.0,83.33333333333334,100.0,100.0,100.0,88.88888888888889,100.0,80.0,90.0,100.0,100.0,83.33333333333334,80.0,87.5,100.0,100.0,100.0,100.0,100.0,100.0,85.71428571428571,100.0,100.0,100.0,100.0,100.0,100.0,100.0,100.0,100.0,100.0,100.0,100.0,100.0,100.0,100.0,100.0,100.0,100.0,100.0,83.33333333333334,100.0,100.0,100.0,100.0,100.0,100.0,66.66666666666666,100.0,100.0,100.0,100.0,100.0,100.0,100.0,66.66666666666666,100.0,100.0,100.0,100.0,100.0,100.0,100.0,100.0,100.0,100.0,100.0,100.0,100.0,100.0,100.0,100.0,100.0,100.0,100.0,100.0,100.0,100.0,100.0,100.0,75.0,100.0,100.0,100.0,100.0,100.0,100.0,100.0,100.0,100.0,100.0,100.0,100.0,100.0,100.0,100.0,100.0,100.0,100.0,100.0,100.0,100.0,100.0,100.0,100.0,100.0,0.0,100.0,100.0,100.0,0.0,100.0,100.0,100.0,100.0,100.0,100.0,100.0,0.0,100.0,100.0,100.0,100.0,100.0,100.0,100.0,100.0,100.0,100.0,100.0,100.0,100.0,0.0,100.0,100.0,100.0,100.0,100.0,100.0],"cluster_post_filtering_doc_counts":[1170,745,440,362,380,449,314,228,171,164,159,191,133,87,74,85,95,89,78,82,54,34,53,41,22,21,11,9,8,8,11,8,10,8,5,7,4,5,7,3,3,7,5,1,5,5,4,1,2,4,3,0,2,3,1,0,0,1,2,0,1,0,1,0,0,1,0,0,0,2,0,0,2,3,0,1,1,0,1,0,0,0,1,0,1,1,0,0,1,2,1,0,0,0,0,0,0,1,0,0,0,0,0,0,0,0,0,0,0,0,0,0,0,0,0,0,0,1,0,0,0,0,0,0,1,0,0,0,0,0,0,0,1,0,0,0,0,0,0,0,0,0,0,0,0,0,0,0,0,0,0,0,0,0,0,0,0,1,0,0,0,0,0,0,0,0,0,0,0,0,0,0,0,0,0,0,0,0,0,0,0,0,0,2,0,0,0,1,0,0,0,0,0,0,0,1,0,0,0,0,0,0,0,0,0,0,0,0,0,1,0,0,0,0,0,0],"tail_threshold":265,"tail_removal_rate":100.0,"tail_post_filtering_doc_counts":0,"global_removal_rate":96.62451117158734}