{"cluster_sizes":[1,2,3,4,5,6,7,8,9,10,11,12,13,14,15,16,17,18,19,20,21,22,23,24,25,26,27,28,29,30,31,32,33,34,35,36,37,38,39,40,41,42,43,44,45,46,47,48,49,50,51,52,53,54,55,56,57,60,62,64,66,67,68,71,73,74,75,76,77,78,82,85,86,87,88,89,90,95,96,100,102,103,108,109,111,112,116,128,129],"cluster_removal_rates":[98.43051554584285,93.93794749403341,93.49845201238391,91.88741721854305,88.77005347593582,86.10169491525423,84.47488584474885,82.35294117647058,69.17808219178082,57.55395683453237,39.02439024390244,38.20224719101123,51.587301587301596,56.896551724137936,59.756097560975604,61.40350877192983,50.0,66.66666666666666,43.24324324324324,63.63636363636363,80.0,77.77777777777779,95.0,88.23529411764706,97.01492537313433,95.65217391304348,90.9090909090909,93.33333333333333,92.3076923076923,100.0,81.25,100.0,88.88888888888889,90.0,100.0,100.0,94.11764705882352,84.61538461538461,85.71428571428571,100.0,80.0,83.33333333333334,100.0,100.0,75.0,100.0,100.0,100.0,100.0,100.0,100.0,100.0,100.0,80.0,100.0,100.0,100.0,100.0,100.0,100.0,100.0,50.0,100.0,0.0,100.0,100.0,100.0,100.0,100.0,50.0,100.0,100.0,100.0,100.0,100.0,100.0,100.0,100.0,100.0,100.0,100.0,100.0,100.0,100.0,100.0,100.0,100.0,100.0,100.0],"cluster_post_filtering_doc_counts":[158,127,63,49,42,41,34,30,45,59,125,110,61,50,33,22,24,14,21,12,4,4,1,2,2,1,1,1,1,0,3,0,1,1,0,0,1,2,1,0,1,1,0,0,1,0,0,0,0,0,0,0,0,1,0,0,0,0,0,0,0,2,0,1,0,0,0,0,0,1,0,0,0,0,0,0,0,0,0,0,0,0,0,0,0,0,0,0,0],"tail_threshold":135,"tail_removal_rate":94.11764705882352,"tail_post_filtering_doc_counts":1,"global_removal_rate":92.97915020363504}