{"cluster_sizes":[1,2,3,4,5,6,7,8,9,10,11,12,17,21],"cluster_removal_rates":[93.61702127659575,86.66666666666667,90.0,71.42857142857143,75.0,100.0,100.0,100.0,100.0,50.0,100.0,100.0,100.0,100.0],"cluster_post_filtering_doc_counts":[3,4,1,2,2,0,0,0,0,1,0,0,0,0],"tail_threshold":45,"tail_removal_rate":100.0,"tail_post_filtering_doc_counts":0,"global_removal_rate":88.88888888888889}