{"cluster_sizes":[1,2,3,4,5,6,7,8,9,10,11,12,13,14,15,16,17,18,19,20,21,22,23,24,25,26,27,28,29,30,31,32,33,34,35,36,37,39,40,41,43,44,45,46,47,48,50,53,54,55,56,58,61,64,67,68,69,71,72,74,76,79,80,81,83],"cluster_removal_rates":[96.90103475723004,82.18541121766928,80.18867924528303,83.33333333333334,89.84375,91.15384615384615,98.45559845559846,98.24561403508771,98.19277108433735,100.0,98.4126984126984,98.27586206896551,89.74358974358975,98.11320754716981,97.5,93.33333333333333,91.30434782608695,95.45454545454545,100.0,93.33333333333333,100.0,100.0,100.0,100.0,100.0,100.0,100.0,100.0,87.5,100.0,100.0,66.66666666666666,100.0,100.0,100.0,100.0,100.0,100.0,100.0,75.0,100.0,66.66666666666666,100.0,100.0,100.0,100.0,100.0,100.0,100.0,100.0,100.0,100.0,100.0,100.0,100.0,100.0,100.0,100.0,100.0,100.0,100.0,100.0,100.0,100.0,100.0],"cluster_post_filtering_doc_counts":[584,613,231,119,39,23,4,3,3,0,1,1,4,1,1,2,2,1,0,1,0,0,0,0,0,0,0,0,1,0,0,2,0,0,0,0,0,0,0,1,0,1,0,0,0,0,0,0,0,0,0,0,0,0,0,0,0,0,0,0,0,0,0,0,0],"tail_threshold":86,"tail_removal_rate":96.42857142857143,"tail_post_filtering_doc_counts":1,"global_removal_rate":93.71332131487094}