{"cluster_sizes":[1,2,3,4,5,6,7,8,11,12,14,15,16,18,20,23,24,25,28,32,34,36,37,46,47,48,55,86,87,100,150,518],"cluster_removal_rates":[78.97435897435898,55.55555555555556,73.91304347826086,63.33333333333333,50.0,100.0,100.0,80.0,100.0,100.0,100.0,100.0,100.0,100.0,100.0,100.0,100.0,100.0,100.0,100.0,100.0,100.0,100.0,100.0,100.0,100.0,100.0,100.0,100.0,100.0,100.0,100.0],"cluster_post_filtering_doc_counts":[41,16,6,11,3,0,0,1,0,0,0,0,0,0,0,0,0,0,0,0,0,0,0,0,0,0,0,0,0,0,0,0],"tail_threshold":557,"tail_removal_rate":100.0,"tail_post_filtering_doc_counts":0,"global_removal_rate":76.8545994065282}