{"cluster_sizes":[1,2,3,4,5,6,7,8,9,10,11,12,13,14,15,16,17,18,19,20,21,22,23,24,25,26,27,28,29,30,31,32,33,34,35,36,37,38,39,40,41,42,43,44,45,46,47,48,49,50,51,52,53,54,55,56,57,58,59,60,61,62,63,64,65,66,67,68,69,70,71,72,73,74,75,76,77,78,79,80,81,82,83,84,85,86,87,88,89,90,91,92,93,94,95,96,97,98,99,100,101,102,103,104,105,106,107,108,109,110,111,112,113,114,115,116,117,118,119,120,121,122,123,124,125,126,127,128,129,130,131,132,133,134,135,136,137,138,139,140,141,142,143,144,145,146,147,148,149,150,151,152,153,154,155,156,157,158,159,160,161,162,163,164,165,166,167,168,169,170,171,172,173,174,175,176,177,178,179,180,181,182,183,184,185,186,187,188,189,190,191,192,193,194,195,196,197,198,199,200,201,202,203,204,205,206,207,208,209,210,211,212,213,214,215,216,217],"cluster_removal_rates":[70.44076921409669,61.44364446380719,58.77794868769457,57.07799986188989,55.48682431191051,54.07778017673432,51.837724763511105,51.02903036536988,49.459996212261885,49.08667172870144,47.80001248711,48.5134400650047,46.56031989501636,46.6567791614738,46.28267134092171,45.84341041404429,44.88598504651647,45.615544769860705,44.58138359413652,45.201045650101435,44.60677179713021,44.77328338783941,44.56272274407298,45.702491581554284,44.73253639357594,44.87175582979954,45.13932656827869,45.62238218176369,45.248840985553734,46.371969240759604,45.77704949375717,46.654044388345426,46.509932720585155,46.69531231218693,47.08513794915807,47.822338995747685,47.01184718180676,47.216164757192644,47.387015028279215,48.068027828131505,47.329466112784665,47.87600828942133,47.2989988018115,47.80865143815304,48.04985628646602,48.13965324859218,48.04737878938193,49.4148749329833,48.84478672985782,49.32266643788606,49.289498372054524,49.62264796944011,49.65324918357612,50.33250904998188,50.3638061852817,51.01200974216847,50.59731915936682,50.67974344181627,50.81872182065412,51.842360986143596,50.83671201139619,51.366813968439985,51.62364766297611,51.816435245830064,52.09888619229102,52.150265258328155,52.27081878977348,52.56392839601642,52.32400078928329,52.94117647058824,52.78005635008382,53.70699421620655,52.80917595796488,52.969136864962195,53.24057475385422,53.84560318414798,53.41580363450525,54.24765907475509,53.93998695368558,54.500114840699545,54.29397843807521,54.38439316926902,54.24296941577502,55.39374426745035,54.51203274974663,55.214875015392195,55.223467257466666,56.012630662020904,55.29196244561484,56.08083310395449,55.909496156719115,55.875804057397325,56.0227185114749,56.59614677935849,56.637288135593224,56.43912351035202,56.41304037258207,56.877486543412125,56.754170902350054,56.987605532602835,56.92079940784603,57.389138661577775,57.155489049108965,57.0043177301076,57.726009079072384,57.00003648702886,57.20819544119288,57.93118856121537,57.32059282371294,57.572532324187954,57.04744170984456,57.49283080704629,57.57446262980215,58.511470281543275,57.76966089466089,57.740701479467205,58.20292306969313,58.06605802781893,58.790560471976406,58.73038930854154,58.94973436861463,58.35922933499068,59.02329796875833,58.365090440663415,59.098122913588355,58.79377213197684,58.40416305290547,58.40494408475574,59.14944594189877,58.79403057217086,59.73881976099544,60.35634743875279,59.35550266932527,59.20100039489272,59.32339911397503,59.347561799270565,58.95717208777253,59.984454494064444,58.74348581354951,59.878486201595784,58.474512461411045,59.90654909940463,59.71906144549949,60.31879194630873,59.85620605198704,59.857482185273156,59.67608659725665,59.21792328042328,60.10070318604045,60.568143388569496,60.41498971469457,59.58753839403247,59.71384864573023,60.95643326241791,60.413935193856524,60.5039689865239,60.55688910225636,61.254035019074635,60.47580967612954,61.893132753736445,60.7903951975988,61.68503450406839,60.70568526855826,60.34555415086389,61.462113127001075,61.14969548028636,60.48030101814963,60.682916117698724,60.812160213025635,60.60814687320711,61.26500461680517,61.024789467441586,61.074800290486564,61.19474888594484,60.72259644825475,61.6211540837761,61.89764661935002,61.39256619144603,62.10352702359807,62.49201277955272,61.84924078091106,61.61157024793389,62.27132001125809,61.13159387407827,61.46236559139785,61.650271619439145,60.94045712621925,60.997461549947744,61.83333333333333,61.26015636976852,60.57072721693771,62.13443576787628,62.47591522157996,61.83670116642024,61.947184218899146,62.47968800779981,61.99667221297837,62.53497942386831,63.08299039780522,62.272727272727266,62.7906976744186,62.17076188792646,62.881326044789276,61.837327523602035,62.62608069164265,62.447102115915364,63.212435233160626,62.67439753578547,63.590225563909776,62.28053251012927,64.12429378531074,63.894402540690756,63.394603050449746,64.28144309348215,63.78818737270876,63.2085123797831,64.93858005413283],"cluster_post_filtering_doc_counts":[129437438,56858131,32470029,24135254,18377103,14342047,10756577,9167628,7648240,6558407,5668500,4922076,4064085,3547401,3096450,2708390,2365628,2115291,1862812,1684767,1501208,1341336,1199773,1092278,973160,868938,778180,703915,632890,579741,521833,481802,446894,421292,397679,378910,349805,320476,289212,263279,239889,226620,207604,192358,175139,158953,146629,136810,126071,118139,110271,102997,96047,91789,86091,81662,76587,72666,68721,66903,62812,59759,57370,55175,51909,50058,47176,45393,43491,41880,39720,38819,36823,35521,33909,32237,30992,29610,28244,27734,26073,24949,24162,23830,22890,21822,21019,20199,19524,19147,18298,17835,17112,16536,15990,15864,15255,14741,14464,14367,13386,13174,12598,12547,12013,11785,11508,11298,10943,10763,10611,10376,9928,9549,9365,9169,8894,8773,8382,8523,8036,8040,7686,7757,7474,7331,7194,7067,6820,6820,6536,6408,6319,6199,6060,6019,5817,5663,5700,5481,5515,5320,5133,5203,5081,4901,4880,4933,4596,4664,4426,4605,4477,4221,4227,4279,4108,3961,3954,3901,3919,3720,3753,3764,3611,3636,3571,3581,3532,3433,3356,3286,3216,3222,3207,3106,3060,3033,2987,2935,2814,2787,2681,2741,2688,2612,2683,2612,2519,2527,2570,2473,2337,2323,2392,2309,2284,2276,2153,2241,2096,2140,2105,2102,2075,2041,1988,2060,1937,1955,1905,1819,1872,1792,1778,1798,1684],"tail_threshold":218,"tail_removal_rate":66.233919189203,"tail_post_filtering_doc_counts":323969,"global_removal_rate":62.37691372796803}