{"cluster_sizes":[1,2,3,4,5,6,7,8,9,10,13,15,16,23,32,33,34,42,43],"cluster_removal_rates":[85.25641025641025,96.36363636363636,96.55172413793103,81.81818181818183,100.0,100.0,100.0,100.0,100.0,100.0,100.0,0.0,100.0,100.0,100.0,100.0,100.0,100.0,100.0],"cluster_post_filtering_doc_counts":[23,2,1,2,0,0,0,0,0,0,0,1,0,0,0,0,0,0,0],"tail_threshold":121,"tail_removal_rate":100.0,"tail_post_filtering_doc_counts":0,"global_removal_rate":90.0}