{"cluster_sizes":[1,2,3,4,5,6,7,8,9,10,11,12,13,14,15,16,17,18,19,20,21,22,23,24,25,26,27,28,29,30,31,32,33,34,35,36,37,38,39,40,41,42,43,44,45,46,47,48,49,50,51,52,53,54,55,56,57,58,59,60,61,62,63,64,65,66,67,68,69,70,71,72,73,74,75,76,77,78,79],"cluster_removal_rates":[99.67745412774501,93.74898125509372,95.04539559014266,93.85437541750167,94.14587332053743,96.54255319148936,94.01759530791789,96.5107057890563,96.08433734939759,95.2912019826518,97.62962962962963,97.58812615955473,95.98930481283422,95.43973941368078,94.77911646586345,96.58119658119658,98.91891891891892,96.42857142857143,94.3089430894309,98.3739837398374,94.5945945945946,93.26923076923077,89.56521739130436,94.31818181818183,98.80952380952381,92.0,98.33333333333333,92.85714285714286,89.58333333333334,95.83333333333334,91.11111111111111,83.63636363636363,92.15686274509804,93.47826086956522,91.11111111111111,95.34883720930233,95.34883720930233,87.5,86.66666666666667,84.44444444444444,85.71428571428571,80.0,84.21052631578947,96.0,100.0,88.0,95.45454545454545,96.15384615384616,85.0,100.0,100.0,92.85714285714286,88.88888888888889,92.3076923076923,95.0,90.9090909090909,93.33333333333333,93.33333333333333,100.0,94.44444444444444,93.33333333333333,85.71428571428571,100.0,100.0,100.0,100.0,100.0,100.0,100.0,100.0,100.0,76.92307692307693,87.5,90.0,100.0,90.0,100.0,92.3076923076923,100.0],"cluster_post_filtering_doc_counts":[1915,767,382,276,183,78,102,44,39,38,16,13,15,14,13,8,2,5,7,2,6,7,12,5,1,6,1,4,5,2,4,9,4,3,4,2,2,5,6,7,5,5,6,1,0,3,1,1,3,0,0,1,2,1,1,1,1,1,0,1,1,2,0,0,0,0,0,0,0,0,0,3,1,1,0,1,0,1,0],"tail_threshold":80,"tail_removal_rate":97.8125,"tail_post_filtering_doc_counts":14,"global_removal_rate":99.35752603344903}