{"cluster_sizes":[1,2,3,4,5,6,7,8,9,10,11,12,13,14,15,16,17,18,19,20,21,22,23,24,25,26,27,28,29,30,31,32,33,34,35,36,37,38,39,40,41,42,43,44,45,46,47,48,49,50,51,52,53,54,55,56,57,58,59,60,61,62,63,64,65,66,67,68,69,70,71,72,73,74,75,76,77,78,79,80,81,82,83,84,85,86,87,88,89,90,91,92,93,94,95,96,97,98,99,100,101,102,103,104,105,106,107,108,109,110,111,112,113,114,115,116,117,118,119,120,121,122,123,124,125,126,127,128,129,130,131,132,133,134,135,136,137,138,139,140,141,142,143,144,145,146,147,148,149,150,151,152,153,154,155,156,157,158,159,160,161,162,163,164,165,166,167,168,169,170,171,172,173,174,175,176,177,178,179,180,181,182,183],"cluster_removal_rates":[99.98433546867273,99.97381327091794,99.96957724096076,99.97182424883775,99.96566393243718,99.96000234652901,99.95339629644904,99.95328649006365,99.95138067176681,99.94882175457359,99.95897990888302,99.96751225058884,99.96629137733433,99.95145883535878,99.95018886721182,99.96588660708194,99.96219179561965,99.96552318565764,99.92486851990984,99.95177504915236,99.96112814754028,99.92490378297192,99.93738585963997,99.95640564546892,99.95468082351418,99.96377861489424,99.96095885062857,99.96525968386312,99.93375603293272,99.93265993265993,99.95943616266099,99.94872320787611,99.93459064646244,99.9552071668533,99.97707210821964,99.98855704313995,99.94801819363222,99.9000999000999,99.900149775337,99.94212962962963,99.86143187066975,99.95096837460163,99.91714995857498,99.9417079568639,99.96949359365466,99.96663329996663,99.96347699050402,99.96230682246512,99.91568296795953,99.86824769433466,99.9033349444176,99.9002493765586,99.89873417721519,100.0,99.94366197183099,99.8220640569395,99.9388379204893,99.87212276214834,99.87113402061856,99.93386243386243,99.93183367416496,100.0,99.92872416250891,99.83961507618284,99.91714995857498,99.91539763113367,99.72972972972973,100.0,99.9034749034749,99.90592662276576,100.0,100.0,100.0,99.88207547169812,100.0,99.87146529562982,99.49748743718592,100.0,100.0,100.0,100.0,99.85141158989599,100.0,100.0,100.0,99.66722129783693,100.0,99.63099630996311,99.81949458483754,99.46428571428572,100.0,99.80806142034548,99.62121212121212,100.0,99.57805907172997,100.0,100.0,100.0,99.78354978354979,99.78768577494692,100.0,100.0,100.0,100.0,99.70501474926253,99.72752043596729,99.71181556195965,100.0,100.0,99.43019943019942,100.0,100.0,99.65986394557824,100.0,99.35275080906149,100.0,100.0,100.0,100.0,100.0,100.0,99.58677685950413,100.0,100.0,100.0,99.59016393442623,100.0,100.0,100.0,100.0,100.0,100.0,100.0,99.53703703703704,100.0,100.0,100.0,100.0,100.0,100.0,99.5,100.0,100.0,100.0,100.0,100.0,100.0,100.0,100.0,100.0,100.0,100.0,100.0,100.0,100.0,100.0,100.0,100.0,100.0,100.0,100.0,100.0,100.0,100.0,99.11504424778761,100.0,100.0,100.0,100.0,100.0,100.0,100.0,100.0,100.0,100.0,100.0,100.0,100.0,100.0,100.0,100.0,100.0,100.0],"cluster_post_filtering_doc_counts":[1839,710,389,258,208,150,113,96,83,67,47,36,25,28,24,15,14,12,22,13,9,16,12,8,7,5,5,4,7,7,4,5,6,4,2,1,4,7,6,3,6,2,3,2,1,1,1,1,2,3,2,2,2,0,1,3,1,2,2,1,1,0,1,2,1,1,3,0,1,1,0,0,0,1,0,1,4,0,0,0,0,1,0,0,0,2,0,2,1,3,0,1,2,0,2,0,0,0,1,1,0,0,0,0,1,1,1,0,0,2,0,0,1,0,2,0,0,0,0,0,0,1,0,0,0,1,0,0,0,0,0,0,0,1,0,0,0,0,0,0,1,0,0,0,0,0,0,0,0,0,0,0,0,0,0,0,0,0,0,0,0,0,0,0,1,0,0,0,0,0,0,0,0,0,0,0,0,0,0,0,0,0,0],"tail_threshold":184,"tail_removal_rate":99.98964374482188,"tail_post_filtering_doc_counts":2,"global_removal_rate":99.97743472085372}