{"cluster_sizes":[1,2,3,4,5,6,7,8,9,10,11,12,13,14,15,16,17,18,19,20,21,22,23,24,25,26,27,28,29,30,31,32,33,34,35,36,37,38,39,40,41,42,43,44,45,46,47,48,49,50,51,52,53,54,55,56,57,58,59,60,61,62,63,64,65,66,67,68,69,70,71,72,73,74,75,76,77,78,79,80,81,82,83,84,85,86,87,88,89,90,91,92,93,94,95,96,97,98,99,100,101,102,103,104,105,106,107,108,109,110,111,112,113,114,115,116,117,118,119,120,121,122,123,124,125,126,127,128,129,130,131,132,133,134,135,136,137,138,139,140,141,142,143,144,145,146,147,148,149,150,151,152,153,154,155,156,157,159,160,161,162,163,164,165,167,168,169,170,171,172,173,174,175,176,177,178,179,180,181,182,183,184,185,187,188,189,190,191,192,193,194,195,196,197,198,200,201,202,203],"cluster_removal_rates":[97.93413054705812,95.48481308411215,95.10082890016082,94.318597004019,92.24559686888453,91.66948865560447,92.28735125605994,90.87048832271762,87.94887401095556,89.19117647058825,85.49955791335103,86.1611374407583,85.90203106332139,86.07918263090677,83.26474622770918,84.81848184818482,80.9145129224652,83.984375,80.33826638477801,81.5,85.63685636856368,84.54810495626822,78.57142857142857,78.89273356401384,82.3045267489712,84.86238532110092,79.34272300469483,77.77777777777779,83.64779874213836,83.51648351648352,84.32835820895522,79.69924812030075,83.60655737704919,80.62015503875969,88.28125,82.8125,78.63247863247864,84.54545454545455,87.34177215189874,81.25,91.86046511627907,84.70588235294117,87.32394366197182,85.52631578947368,82.25806451612904,87.34177215189874,87.5,87.27272727272727,81.66666666666667,92.53731343283582,96.36363636363636,90.56603773584906,92.64705882352942,81.81818181818183,88.70967741935483,90.9090909090909,83.6734693877551,88.46153846153845,82.8125,87.71929824561403,90.9090909090909,84.0,91.66666666666666,87.2340425531915,93.54838709677419,89.47368421052632,82.97872340425532,85.41666666666666,90.9090909090909,84.84848484848484,82.35294117647058,81.3953488372093,90.47619047619048,85.0,91.66666666666666,86.20689655172413,80.64516129032258,92.85714285714286,84.375,72.72727272727273,76.47058823529412,86.20689655172413,66.66666666666666,95.83333333333334,83.33333333333334,83.33333333333334,78.94736842105263,60.0,66.66666666666666,68.18181818181817,78.94736842105263,77.77777777777779,66.66666666666666,87.5,77.77777777777779,78.26086956521739,75.0,78.57142857142857,80.0,90.9090909090909,84.61538461538461,57.14285714285714,63.63636363636363,0.0,77.77777777777779,60.0,77.77777777777779,75.0,33.33333333333333,88.88888888888889,85.71428571428571,50.0,60.0,80.0,100.0,85.71428571428571,83.33333333333334,71.42857142857143,75.0,71.42857142857143,75.0,100.0,100.0,100.0,71.42857142857143,100.0,75.0,83.33333333333334,100.0,66.66666666666666,0.0,100.0,100.0,40.0,100.0,100.0,100.0,80.0,100.0,75.0,66.66666666666666,100.0,50.0,0.0,100.0,100.0,75.0,66.66666666666666,100.0,100.0,50.0,100.0,100.0,100.0,50.0,66.66666666666666,66.66666666666666,100.0,100.0,50.0,66.66666666666666,0.0,0.0,50.0,100.0,100.0,50.0,33.33333333333333,66.66666666666666,50.0,100.0,100.0,100.0,100.0,100.0,75.0,100.0,100.0,100.0,100.0,100.0,100.0,100.0,100.0,100.0,100.0,100.0,100.0,100.0,50.0,50.0,50.0,100.0,100.0,100.0,100.0,100.0,0.0,50.0],"cluster_post_filtering_doc_counts":[1560,773,396,311,317,246,175,172,198,147,164,146,118,109,122,92,96,82,93,74,53,53,57,61,43,33,44,36,26,30,21,27,20,25,15,22,25,17,10,15,7,13,9,11,11,10,8,7,11,5,2,5,5,10,7,5,8,6,11,7,4,8,4,6,2,6,8,7,3,5,6,8,2,3,2,4,6,2,5,6,4,4,5,1,3,3,4,6,5,7,4,6,6,1,4,5,3,3,3,1,2,3,4,2,2,4,2,2,4,1,1,4,4,1,0,1,1,2,1,2,1,0,0,0,2,0,1,1,0,1,2,0,0,3,0,0,0,1,0,2,1,0,2,1,0,0,1,1,0,0,1,0,0,0,1,1,1,0,0,1,1,1,1,1,0,0,1,2,1,1,0,0,0,0,0,1,0,0,0,0,0,0,0,0,0,0,0,0,0,1,1,2,0,0,0,0,0,1,1],"tail_threshold":204,"tail_removal_rate":89.55223880597015,"tail_post_filtering_doc_counts":14,"global_removal_rate":95.17848206216061}