{"cluster_sizes":[1,2,3,4,5,6,7,8,9,10,11,12,13,14,15,16,17,18,19,20,21,22,23,24,25,26,27,28,29,30,31,32,33,34,35,36,37,38,39,40,41,42,43,44,45,46,47,48,49,50,51,52,53,54,55,56,57,58,59,60,61,62,63,64,65,66,67,68,69,70,71,72,73,74,75,76,77,78,79,80,81,82,83,84,85,86,87,88,89,90,91,92,93,94,95,96,97,98,99,100,101,102,103,104,105,106,107,108,109,110,111,112,113,114,115,116,117,118,119,120,121,122,123,124,125,126,127,128,129,130,131,132,133,134,135],"cluster_removal_rates":[75.45127918748071,64.29291581413278,45.28152521687502,37.725712580211905,36.780401793250924,35.032610513406546,40.10599078341014,50.94694332265701,56.54450261780105,61.42579242476256,62.03300124533001,60.48437176567998,60.40796264438437,57.940041555357666,61.31976131976133,62.69524155466763,61.20917917034422,60.3151157065485,58.319870759289174,58.54785478547855,60.226468506723286,59.54391891891891,59.688581314878896,58.91544117647059,60.24785510009533,63.47634763476348,63.35697399527187,66.03535353535354,63.17880794701986,64.58333333333334,61.12852664576802,65.59546313799622,66.90518783542039,67.25352112676056,67.72908366533864,69.65376782077392,66.95464362850973,66.82242990654206,68.64035087719299,68.62745098039215,70.20725388601036,69.16890080428955,65.15151515151516,66.07538802660754,67.62589928057554,68.31955922865014,64.22976501305483,66.84782608695652,68.51851851851852,64.7887323943662,65.20376175548589,68.52941176470588,65.52901023890784,64.21052631578948,62.878787878787875,62.54180602006689,59.12162162162162,60.07194244604317,58.26771653543307,53.50553505535055,56.8,57.608695652173914,52.674897119341566,56.44444444444444,54.62555066079295,55.00000000000001,45.851528384279476,49.51456310679612,51.21951219512195,46.666666666666664,50.0,56.372549019607845,58.88888888888889,48.03921568627451,49.740932642487046,51.35135135135135,49.122807017543856,50.526315789473685,49.45652173913043,55.08982035928144,53.52112676056338,48.9051094890511,47.97297297297297,51.82481751824818,39.473684210526315,52.5974025974026,50.0,45.98540145985402,51.35135135135135,51.515151515151516,42.33576642335766,43.54838709677419,46.21848739495798,44.827586206896555,48.57142857142857,44.44444444444444,54.20560747663551,51.13636363636363,59.49367088607595,50.0,43.47826086956522,49.09090909090909,57.8125,38.028169014084504,52.77777777777778,42.10526315789473,51.02040816326531,48.97959183673469,48.97959183673469,44.44444444444444,54.761904761904766,50.0,47.91666666666667,58.333333333333336,57.89473684210527,45.614035087719294,48.484848484848484,45.83333333333333,48.717948717948715,48.64864864864865,53.333333333333336,47.82608695652174,62.857142857142854,54.83870967741935,56.666666666666664,56.25,60.60606060606061,52.63157894736842,57.57575757575758,52.17391304347826,90.47619047619048,50.0,68.75,57.14285714285714,50.0],"cluster_post_filtering_doc_counts":[96271,48166,49767,45903,33703,23309,12997,7045,4565,3371,2439,1909,1611,1417,1102,1027,879,806,774,628,562,479,466,447,417,332,310,269,278,238,248,182,185,186,162,149,153,142,143,128,115,115,138,153,135,115,137,122,102,125,111,107,101,102,98,112,121,111,106,126,108,117,115,98,103,99,124,104,120,112,99,89,74,106,97,90,87,94,93,75,66,70,77,66,92,73,67,74,54,64,79,70,64,64,54,55,49,43,32,35,39,28,27,44,34,33,24,25,25,30,19,18,25,15,16,31,17,26,20,19,14,12,13,14,13,14,13,18,14,11,2,13,5,9,9],"tail_threshold":136,"tail_removal_rate":68.6123348017621,"tail_post_filtering_doc_counts":285,"global_removal_rate":61.08579210774027}