{"cluster_sizes":[1,2,3,4,5,6,7,8,9,10,11,12,13,14,15,16,17,18,19,21,22,23,25,26,27,28,29,30,31,32,33,34,35,36,37,38,40,44,47,52,53],"cluster_removal_rates":[99.60834005298929,95.70815450643777,97.67441860465115,96.7741935483871,95.65217391304348,97.14285714285714,91.30434782608695,90.0,73.68421052631578,85.71428571428571,88.88888888888889,100.0,100.0,100.0,100.0,80.0,100.0,100.0,100.0,100.0,100.0,100.0,100.0,100.0,100.0,100.0,100.0,100.0,100.0,100.0,100.0,100.0,100.0,100.0,100.0,100.0,100.0,100.0,100.0,100.0,0.0],"cluster_post_filtering_doc_counts":[34,10,2,2,2,1,2,1,5,2,1,0,0,0,0,1,0,0,0,0,0,0,0,0,0,0,0,0,0,0,0,0,0,0,0,0,0,0,0,0,1],"tail_threshold":54,"tail_removal_rate":100.0,"tail_post_filtering_doc_counts":0,"global_removal_rate":99.3107904372173}