{"cluster_sizes":[1,2,3,4,5,6,7,8,9,10,11,12,15,16,17,18,19,20,21,23,24,26,27,29,34,35,36,39,44,87,109,150,155,164,230,413],"cluster_removal_rates":[98.9010989010989,98.50746268656717,100.0,96.7741935483871,92.3076923076923,100.0,100.0,100.0,100.0,100.0,100.0,100.0,100.0,100.0,0.0,100.0,100.0,100.0,100.0,100.0,100.0,100.0,100.0,100.0,100.0,100.0,100.0,100.0,100.0,100.0,100.0,100.0,100.0,100.0,100.0,100.0],"cluster_post_filtering_doc_counts":[3,1,0,1,1,0,0,0,0,0,0,0,0,0,1,0,0,0,0,0,0,0,0,0,0,0,0,0,0,0,0,0,0,0,0,0],"tail_threshold":1773,"tail_removal_rate":100.0,"tail_post_filtering_doc_counts":0,"global_removal_rate":98.5655737704918}