{"cluster_sizes":[1,2,3,4,5,6,7,8,9,10,11,12,13,14,15,16,17,18,19,20,21,22,23,24,25,26,27,28,29,30,31,32,33,35,36,37,38,39,40,41,42,43,44,45,49,50,52,54,56,57,58,60,62,63,65,66,71,73,75,77,78,79,83,87,89,94,95,97],"cluster_removal_rates":[95.87934118808217,67.5925925925926,76.22739018087856,84.6441947565543,72.1311475409836,62.857142857142854,32.29166666666667,44.31818181818182,57.14285714285714,71.42857142857143,75.0,80.0,64.0,75.0,61.111111111111114,84.61538461538461,66.66666666666666,71.42857142857143,91.66666666666666,66.66666666666666,100.0,81.81818181818183,50.0,100.0,71.42857142857143,100.0,100.0,100.0,100.0,100.0,100.0,100.0,100.0,100.0,80.0,100.0,100.0,100.0,100.0,100.0,100.0,100.0,100.0,100.0,100.0,100.0,100.0,0.0,100.0,100.0,100.0,100.0,100.0,0.0,100.0,66.66666666666666,33.33333333333333,100.0,100.0,100.0,100.0,0.0,0.0,0.0,100.0,0.0,0.0,100.0],"cluster_post_filtering_doc_counts":[668,350,92,41,51,52,130,49,33,12,10,4,9,2,7,2,6,2,1,3,0,2,1,0,2,0,0,0,0,0,0,0,0,0,1,0,0,0,0,0,0,0,0,0,0,0,0,1,0,0,0,0,0,1,0,1,2,0,0,0,0,1,1,1,0,1,1,0],"tail_threshold":98,"tail_removal_rate":95.0,"tail_post_filtering_doc_counts":1,"global_removal_rate":91.87279151943463}