{"cluster_sizes":[1,2,3,4,5,6,7,8,9,10,11,12,13,14,15,16,17,18,19,20,21,22,23,24,25,31,32,33,38,39,41,42,45,48,49,53,58,59,92,95,98],"cluster_removal_rates":[88.04469273743017,75.54347826086956,78.03030303030303,83.5820895522388,67.21311475409836,72.5,75.0,70.73170731707317,80.0,95.45454545454545,66.66666666666666,91.30434782608695,72.72727272727273,75.0,75.0,77.77777777777779,58.333333333333336,72.72727272727273,80.0,100.0,87.5,83.33333333333334,75.0,100.0,100.0,100.0,100.0,100.0,100.0,100.0,100.0,100.0,100.0,100.0,100.0,100.0,100.0,100.0,100.0,100.0,100.0],"cluster_post_filtering_doc_counts":[107,45,29,11,20,11,7,12,5,1,7,2,6,4,3,2,5,3,1,0,1,1,1,0,0,0,0,0,0,0,0,0,0,0,0,0,0,0,0,0,0],"tail_threshold":117,"tail_removal_rate":50.0,"tail_post_filtering_doc_counts":1,"global_removal_rate":82.95454545454545}