{"cluster_sizes":[1,2,3,4,5,6,7,8,9,10,11,12,13,14,15,16,17,18,19,20,21,22,23,24,25,26,27,28,29,30,31,32,33,34,35,36,37,38,39,40,41,42,43,44,45,46,47,48,49,50,51,52,53,54,55,56,57,58,59,60,61,62,63,64,65,66,67,68,69,70,71,72,73,74,75,76,77],"cluster_removal_rates":[99.90922663481636,99.19235782305688,98.44375215364167,98.0942917080711,95.90310005568963,95.30128459806649,96.82394891782072,96.4455102584599,97.16794109317473,97.05555080030814,96.44444444444444,96.56995855366586,95.65386864159034,96.34038800705468,95.85299230196176,96.17647058823529,95.81881533101046,96.57924743443557,95.80759046778465,95.43778801843318,94.65648854961832,94.48275862068965,94.21828908554572,94.57562220804084,95.27896995708154,95.80983078162772,95.89934762348555,94.92273730684326,95.14462809917356,95.92511013215858,95.18652226233453,95.8282208588957,95.46485260770974,95.16129032258065,95.72327044025157,96.10738255033557,95.93392630241424,95.75070821529745,96.0546282245827,96.27831715210357,96.3531669865643,94.87704918032787,96.04989604989605,94.81481481481482,96.07843137254902,94.60227272727273,94.0251572327044,93.6241610738255,93.91634980988593,96.24573378839591,96.15384615384616,94.28571428571428,92.82868525896414,95.16129032258065,94.64285714285714,91.59663865546219,94.66019417475728,91.95979899497488,92.03980099502488,94.20289855072464,89.02439024390245,92.5925925925926,93.18181818181817,95.05494505494505,93.25153374233128,92.53731343283582,88.60759493670885,90.8675799086758,94.02985074626866,89.87341772151899,95.23809523809523,91.25,93.71428571428572,91.81286549707602,93.16770186335404,91.2,90.9090909090909],"cluster_post_filtering_doc_counts":[6688,2429,2213,1726,2207,1774,766,667,400,344,296,240,223,166,167,130,120,90,95,99,105,96,98,85,66,52,44,46,47,37,40,34,40,39,34,29,32,30,26,23,19,25,19,21,14,19,19,19,16,11,11,14,18,12,12,20,11,16,16,12,18,14,12,9,11,15,18,20,12,24,9,21,11,14,11,11,12],"tail_threshold":78,"tail_removal_rate":93.75152550646814,"tail_post_filtering_doc_counts":512,"global_removal_rate":99.71850009837328}