{"cluster_sizes":[1,2,3,4,5,6,7,8,9,10,11,12,13,14,15,16,17,18,19,20,21,22,23,24,25,26,27,28,29,30,31,32,33,34,35,36,37,38,39,40,41,42,43,44,45,46,47,48,49,50,51,52,53,54,55,56,57,58,59,60,61,62,63,64,65,66,67,68,69,70,71,72,73,74,75,76,77,78,79,80,81],"cluster_removal_rates":[99.97187427392826,99.95865842841894,99.92850658193373,99.9064598806428,99.94961088404905,99.9725841594159,99.92577128276501,99.86393235494218,99.79185638090283,99.78061154531743,99.77328547137729,99.74993053626007,99.53602620087337,99.80602805132797,99.7529992942837,99.6742671009772,99.5754716981132,99.6029776674938,99.6590909090909,99.90539262062441,99.72714870395635,99.7005988023952,99.44521497919555,99.62732919254658,99.87113402061856,100.0,99.37106918238993,99.51456310679612,99.71671388101983,99.7289972899729,99.38271604938271,100.0,99.63768115942028,100.0,99.38080495356037,100.0,99.69604863221885,99.62962962962963,100.0,100.0,100.0,99.47643979057592,100.0,100.0,100.0,100.0,100.0,100.0,100.0,100.0,100.0,100.0,97.82608695652173,100.0,100.0,100.0,100.0,100.0,100.0,100.0,100.0,100.0,100.0,100.0,100.0,100.0,97.5609756097561,98.0,100.0,100.0,97.5,100.0,97.91666666666666,100.0,100.0,100.0,100.0,100.0,100.0,100.0,100.0],"cluster_post_filtering_doc_counts":[483,110,63,50,36,19,16,14,16,16,12,9,17,13,14,9,9,8,6,1,2,2,4,3,1,0,3,2,1,1,2,0,1,0,2,0,1,1,0,0,0,1,0,0,0,0,0,0,0,0,0,0,2,0,0,0,0,0,0,0,0,0,0,0,0,0,1,1,0,0,1,0,1,0,0,0,0,0,0,0,0],"tail_threshold":82,"tail_removal_rate":99.91578947368421,"tail_post_filtering_doc_counts":2,"global_removal_rate":99.95951821595592}