{"cluster_sizes":[1,2,3,4,5,6,8,10,11,12],"cluster_removal_rates":[83.9506172839506,100.0,100.0,100.0,100.0,100.0,100.0,100.0,100.0,100.0],"cluster_post_filtering_doc_counts":[13,0,0,0,0,0,0,0,0,0],"tail_threshold":15,"tail_removal_rate":100.0,"tail_post_filtering_doc_counts":0,"global_removal_rate":89.34426229508196}