{"cluster_sizes":[1,2,3,4,5,6,7,8,9,10,11,12,13,14,15,16,17,18,19,20,21,22,23,24,25,26,27,28,29,30,31,32,33,34,35,36,37,38,39,40,41,42,43,44,45,46,47,48,49,50,51,52,53,54,55,56,57,59,60,61,63,64,65,66,67,68,69,70,72,73,74,75,76,77,79,81,94,97,99,105,107,108,115,124,125,127],"cluster_removal_rates":[93.66285800573816,88.94736842105263,82.14790390956193,81.07692307692308,74.79674796747967,62.949194547707556,53.8255033557047,49.00332225913621,46.42857142857143,52.04460966542751,65.4320987654321,81.48148148148148,90.47619047619048,98.21428571428571,91.83673469387756,100.0,93.33333333333333,100.0,100.0,100.0,100.0,100.0,100.0,100.0,100.0,100.0,100.0,100.0,90.9090909090909,84.61538461538461,100.0,92.3076923076923,88.88888888888889,85.71428571428571,100.0,100.0,100.0,100.0,100.0,100.0,100.0,100.0,75.0,100.0,100.0,100.0,66.66666666666666,100.0,100.0,100.0,100.0,100.0,100.0,100.0,100.0,100.0,100.0,100.0,100.0,100.0,100.0,100.0,100.0,100.0,100.0,100.0,100.0,100.0,100.0,100.0,100.0,100.0,100.0,100.0,100.0,100.0,100.0,100.0,100.0,100.0,0.0,0.0,100.0,100.0,100.0,100.0],"cluster_post_filtering_doc_counts":[1259,441,379,246,217,299,344,307,240,129,56,20,6,1,4,0,2,0,0,0,0,0,0,0,0,0,0,0,1,2,0,1,1,2,0,0,0,0,0,0,0,0,1,0,0,0,1,0,0,0,0,0,0,0,0,0,0,0,0,0,0,0,0,0,0,0,0,0,0,0,0,0,0,0,0,0,0,0,0,0,1,1,0,0,0,0],"tail_threshold":134,"tail_removal_rate":87.5,"tail_post_filtering_doc_counts":4,"global_removal_rate":87.59309093184805}