{"cluster_sizes":[1,2,3,4,5,6,7,8,9,10,11,12,13,14,15,16,17,18,19,20,21,22,23,24,25,26,27,28,29,30,31,32,33,34,35,36,37,38,39,40,41,42,43,44,45,46,47,48,49,50,51,52,53,54,55,56,57,58,59,60,61,62,63,64,65,66,67,68,69,70,71,72,73,74,75,76,77,78,79,80,81,82,83,84,85,86,87,88,89,90,91,92,93,94,95,96,97,98,99],"cluster_removal_rates":[97.35336478112076,90.30370136032901,94.4784085395439,96.78129074315514,93.79549966909332,91.11397295556986,89.72533062054934,89.1136228435455,88.91013384321224,86.80465717981889,85.28368794326241,86.34361233480176,84.51443569553805,81.32530120481928,76.92307692307693,80.56872037914692,80.56872037914692,79.09604519774011,87.68115942028986,89.28571428571429,86.92307692307692,92.20779220779221,87.17948717948718,93.75,90.625,92.53731343283582,93.75,90.74074074074075,90.56603773584906,85.45454545454545,85.71428571428571,89.58333333333334,92.15686274509804,82.35294117647058,86.79245283018868,85.18518518518519,83.33333333333334,82.35294117647058,79.41176470588235,87.5,84.84848484848484,88.46153846153845,88.0,86.36363636363636,100.0,100.0,89.47368421052632,86.66666666666667,81.81818181818183,93.33333333333333,100.0,77.77777777777779,76.92307692307693,100.0,80.0,88.88888888888889,100.0,92.3076923076923,100.0,100.0,80.0,100.0,100.0,71.42857142857143,100.0,100.0,100.0,100.0,85.71428571428571,100.0,80.0,80.0,75.0,66.66666666666666,100.0,85.71428571428571,100.0,100.0,100.0,100.0,66.66666666666666,100.0,83.33333333333334,100.0,100.0,100.0,100.0,100.0,60.0,100.0,80.0,50.0,100.0,100.0,100.0,100.0,100.0,50.0,100.0],"cluster_post_filtering_doc_counts":[2003,1226,569,395,375,276,202,183,116,102,83,93,59,62,75,41,41,37,17,12,17,6,10,4,6,5,3,5,5,8,7,5,4,9,7,4,9,9,7,4,5,3,3,3,0,0,2,2,2,1,0,2,3,0,2,1,0,1,0,0,2,0,0,2,0,0,0,0,1,0,2,1,1,2,0,1,0,0,0,0,1,0,1,0,0,0,0,0,2,0,1,1,0,0,0,0,0,1,0],"tail_threshold":100,"tail_removal_rate":96.99248120300751,"tail_post_filtering_doc_counts":4,"global_removal_rate":95.27998711468696}