{"cluster_sizes":[1,2,3,4,5,6,7,9,12,17,39],"cluster_removal_rates":[66.12903225806451,71.65354330708661,72.91666666666666,61.904761904761905,35.294117647058826,50.0,50.0,100.0,100.0,100.0,100.0],"cluster_post_filtering_doc_counts":[21,36,26,16,11,1,1,0,0,0,0],"tail_threshold":189,"tail_removal_rate":100.0,"tail_post_filtering_doc_counts":0,"global_removal_rate":68.45070422535211}