{"cluster_sizes":[1,2,3,4,5,6,7,8,9,10,11,12,13,14,15,16,17,18,19,21],"cluster_removal_rates":[89.6103896103896,90.42598059890342,76.47058823529412,35.714285714285715,33.33333333333333,52.63157894736842,66.66666666666666,66.66666666666666,100.0,92.85714285714286,100.0,100.0,80.0,100.0,100.0,77.77777777777779,50.0,100.0,100.0,0.0],"cluster_post_filtering_doc_counts":[32,454,16,45,10,9,1,2,0,1,0,0,1,0,0,2,1,0,0,2],"tail_threshold":22,"tail_removal_rate":100.0,"tail_post_filtering_doc_counts":0,"global_removal_rate":89.15458482395029}