{"cluster_sizes":[1,2,3,4,5,7,9,11,16,17,35,38],"cluster_removal_rates":[79.16666666666666,37.82383419689119,54.54545454545454,32.142857142857146,80.0,100.0,100.0,100.0,100.0,100.0,100.0,100.0],"cluster_post_filtering_doc_counts":[25,120,10,19,1,0,0,0,0,0,0,0],"tail_threshold":325,"tail_removal_rate":100.0,"tail_post_filtering_doc_counts":0,"global_removal_rate":53.58090185676393}