{"cluster_sizes":[1,2,3,4,5,6,7,8,9,10,11,12,13,14,15,16,17,19,20,22,23,27,28,29,30,36,37,38,39,43,45,52,54,60,62,63,64,85,87,94,141,157,199],"cluster_removal_rates":[98.42164599774522,89.81042654028435,52.610441767068274,53.38983050847458,80.0,91.17647058823529,78.125,63.33333333333333,66.66666666666666,70.0,83.33333333333334,100.0,100.0,100.0,100.0,100.0,100.0,100.0,100.0,100.0,100.0,100.0,100.0,100.0,100.0,100.0,100.0,100.0,100.0,100.0,100.0,100.0,100.0,100.0,100.0,100.0,100.0,100.0,100.0,100.0,100.0,100.0,100.0],"cluster_post_filtering_doc_counts":[14,43,118,55,12,3,7,11,4,3,1,0,0,0,0,0,0,0,0,0,0,0,0,0,0,0,0,0,0,0,0,0,0,0,0,0,0,0,0,0,0,0,0],"tail_threshold":1526,"tail_removal_rate":100.0,"tail_post_filtering_doc_counts":0,"global_removal_rate":85.91476091476092}