{"cluster_sizes":[1,2,3,4,5,6,7,8,9,10,11,12,13,14,15,16,17,18,19,20,21,22,23,24,25,26,27,28,29,30,31,32,33,34,35,36,37,38,39,40,41,42,43,44,45,46,47,48,49,50,51,52,53,54,55,56,57,58,59,60,61,62,63,64,65,66,67,68,69,70,71,72,73,74,75,76,77,78,79,80,81,82,83,84,85,86,87,88,89,90,91,92,93,94,95,96,97,98],"cluster_removal_rates":[95.89701233397412,80.07983835197871,75.30686662215604,73.34072548709013,72.51734728699807,69.83182021134098,63.911945146156626,60.56338028169014,58.12715314751018,60.36202438123384,59.313131313131315,54.137323943661976,51.990898748577926,52.38461538461539,56.013745704467354,54.581673306772906,51.71149144254279,61.47058823529412,64.65661641541038,61.40350877192983,66.50717703349282,66.93548387096774,69.85074626865672,69.3103448275862,70.8955223880597,71.24463519313305,79.1044776119403,74.73118279569893,78.78787878787878,76.38888888888889,79.02097902097903,80.85106382978722,84.03361344537815,79.06976744186046,78.18181818181819,76.25,74.01574803149606,75.22123893805309,76.19047619047619,66.66666666666666,79.59183673469387,72.0,80.0,72.36842105263158,85.71428571428571,81.9672131147541,86.0,76.92307692307693,87.5,85.71428571428571,81.08108108108108,87.87878787878788,80.55555555555556,88.23529411764706,72.72727272727273,66.66666666666666,83.33333333333334,93.93939393939394,93.33333333333333,85.71428571428571,78.26086956521739,81.25,85.71428571428571,86.66666666666667,94.44444444444444,84.84848484848484,91.30434782608695,85.71428571428571,83.33333333333334,100.0,80.64516129032258,88.57142857142857,82.85714285714286,84.61538461538461,90.0,71.42857142857143,86.20689655172413,88.23529411764706,95.23809523809523,83.33333333333334,100.0,81.81818181818183,73.33333333333333,88.88888888888889,90.0,100.0,100.0,83.33333333333334,100.0,100.0,88.88888888888889,100.0,75.0,77.77777777777779,100.0,100.0,80.0,100.0],"cluster_post_filtering_doc_counts":[14108,8084,4808,3366,2416,2027,2000,1792,1337,1073,1007,1042,844,619,512,456,395,262,211,176,140,123,101,89,78,67,42,47,42,34,30,27,19,27,24,38,33,28,30,41,20,28,19,21,9,11,7,12,4,8,7,4,7,4,9,12,5,2,1,2,5,3,3,2,1,5,2,4,4,0,6,4,6,4,3,6,4,2,1,2,0,2,4,1,1,0,0,1,0,0,1,0,1,2,0,0,2,0],"tail_threshold":99,"tail_removal_rate":97.05882352941177,"tail_post_filtering_doc_counts":14,"global_removal_rate":89.7369013299611}