{"cluster_sizes":[1,2,3,4,5,6,7,8,9,10,11,12,13,14,15,16,17,18,19,20,21,22,23,24,25,26,27,28,29,30,31,32,33,34,35,36,37,38,39,40,41,42,43,44,45,46,48],"cluster_removal_rates":[91.35667396061268,91.66666666666666,98.61111111111111,93.18181818181817,100.0,100.0,100.0,91.66666666666666,100.0,100.0,100.0,100.0,100.0,100.0,80.0,60.0,50.0,30.0,47.05882352941176,37.5,31.11111111111111,49.25373134328358,54.21686746987952,50.63291139240506,63.013698630136986,61.66666666666667,70.58823529411765,65.71428571428571,75.0,92.3076923076923,100.0,87.5,66.66666666666666,100.0,75.0,55.55555555555556,66.66666666666666,100.0,80.0,75.0,80.0,80.0,100.0,66.66666666666666,100.0,100.0,100.0],"cluster_post_filtering_doc_counts":[79,14,1,3,0,0,0,1,0,0,0,0,0,0,1,2,4,7,9,20,31,34,38,39,27,23,15,12,2,1,0,1,3,0,2,4,4,0,2,2,1,1,0,1,0,0,0],"tail_threshold":63,"tail_removal_rate":100.0,"tail_post_filtering_doc_counts":0,"global_removal_rate":80.9145129224652}