{"cluster_sizes":[1,2,3,5,15,16,17,18,19,20,21,22,23,24,25,26,27,28,29,30,31,32,33,34,35,37,39,40],"cluster_removal_rates":[75.0,70.58823529411765,14.285714285714285,0.0,0.0,0.0,50.0,62.5,54.54545454545454,37.5,59.64912280701754,52.77777777777778,51.041666666666664,45.65217391304348,60.0,50.602409638554214,58.333333333333336,76.66666666666667,55.00000000000001,70.0,75.0,0.0,14.285714285714285,0.0,0.0,0.0,50.0,0.0],"cluster_post_filtering_doc_counts":[61,20,12,1,1,1,2,3,10,20,23,34,47,50,42,41,25,7,9,3,1,3,6,3,4,1,1,2],"tail_threshold":41,"tail_removal_rate":33.33333333333333,"tail_post_filtering_doc_counts":2,"global_removal_rate":58.53193517635844}