{"cluster_sizes":[1,2,3,4,5,6,7,8,10,12,20,22,33,34,37],"cluster_removal_rates":[96.90721649484536,100.0,100.0,100.0,80.0,100.0,100.0,50.0,100.0,100.0,100.0,100.0,100.0,100.0,100.0],"cluster_post_filtering_doc_counts":[3,0,0,0,1,0,0,1,0,0,0,0,0,0,0],"tail_threshold":38,"tail_removal_rate":100.0,"tail_post_filtering_doc_counts":0,"global_removal_rate":97.02380952380952}