{"cluster_sizes":[1,2,3,4,5,6,7,8,9,10,11,12,13,14,15,16,17,18,19,20,21,22,23,24,25,26,27,28,29,30,31,32,33,34,35,36,37,38,39,40,41,42,43,44,45,46,47,48,49,50,51,52,53,54,55,56,57,58,59,60,61,62,63,65,66,67,68,70,71,72,74,75,76,77,78,79,80,81,82,83,84,86,87,88,90,91,92,94,99,101],"cluster_removal_rates":[95.09382771874293,69.3711967545639,70.11308562197091,67.88008565310493,63.77440347071583,55.28846153846154,53.94736842105263,46.35416666666667,55.05050505050505,58.791208791208796,64.0,52.336448598130836,42.592592592592595,48.68421052631579,52.112676056338024,55.38461538461539,36.734693877551024,38.88888888888889,47.368421052631575,40.0,48.148148148148145,35.0,65.38461538461539,34.78260869565217,31.57894736842105,40.0,55.00000000000001,64.28571428571429,25.0,50.0,58.82352941176471,42.857142857142854,50.0,41.66666666666667,66.66666666666666,41.17647058823529,85.71428571428571,25.0,66.66666666666666,40.0,62.5,50.0,33.33333333333333,40.0,33.33333333333333,30.0,33.33333333333333,50.0,22.22222222222222,25.0,100.0,50.0,100.0,66.66666666666666,50.0,75.0,50.0,50.0,33.33333333333333,62.5,100.0,100.0,50.0,0.0,0.0,33.33333333333333,0.0,66.66666666666666,100.0,0.0,100.0,100.0,33.33333333333333,0.0,0.0,75.0,0.0,33.33333333333333,100.0,0.0,0.0,100.0,33.33333333333333,75.0,100.0,0.0,0.0,100.0,100.0,0.0],"cluster_post_filtering_doc_counts":[434,302,185,150,167,186,140,103,89,75,45,51,62,39,34,29,31,22,20,18,14,13,9,15,13,12,9,5,6,4,7,4,5,7,5,10,1,6,2,3,3,4,6,3,6,7,6,2,7,3,0,2,0,2,1,1,3,2,2,3,0,0,1,2,2,2,1,1,0,1,0,0,2,1,3,1,2,2,0,2,1,0,2,1,0,1,2,0,0,1],"tail_threshold":102,"tail_removal_rate":53.333333333333336,"tail_post_filtering_doc_counts":7,"global_removal_rate":82.44462082401328}