{"cluster_sizes":[1,2,3,4,5,6,7,8,9,10,11,15,16,17,18,19,20,21,22,23,24,25,26,27,28,29,30,31,32,33,34,35,36,37,38],"cluster_removal_rates":[95.87093862815884,88.23529411764706,76.47058823529412,14.285714285714285,72.72727272727273,100.0,100.0,100.0,100.0,80.0,100.0,0.0,50.0,66.66666666666666,50.0,46.15384615384615,33.33333333333333,47.22222222222222,49.23076923076923,52.17391304347826,57.14285714285714,69.35483870967742,58.82352941176471,72.0,79.3103448275862,44.44444444444444,63.63636363636363,75.0,25.0,0.0,0.0,0.0,0.0,0.0,0.0],"cluster_post_filtering_doc_counts":[183,10,4,6,3,0,0,0,0,1,0,1,1,1,3,7,10,19,33,33,33,19,28,14,6,10,4,1,3,2,2,2,3,1,3],"tail_threshold":39,"tail_removal_rate":0.0,"tail_post_filtering_doc_counts":7,"global_removal_rate":91.20559114735003}