{"cluster_sizes":[1,2,3,4,5,6,7,8,9,10,11,12,13,14,15,16,17,19,20,21,24,26,29,30,35,37,48],"cluster_removal_rates":[52.23880597014925,37.80487804878049,40.526315789473685,40.54054054054054,0.0,50.0,45.0,33.33333333333333,33.33333333333333,100.0,100.0,100.0,100.0,100.0,100.0,100.0,75.0,100.0,0.0,100.0,100.0,100.0,0.0,100.0,100.0,100.0,100.0],"cluster_post_filtering_doc_counts":[224,204,113,22,3,6,11,2,8,0,0,0,0,0,0,0,1,0,1,0,0,0,1,0,0,0,0],"tail_threshold":55,"tail_removal_rate":100.0,"tail_post_filtering_doc_counts":0,"global_removal_rate":46.64279319606088}