{"cluster_sizes":[1,2,3,4,5,6,7,8,9,10,11,12,13,14,15,16,17,18,19,20,21,22,23,24,25,26,27,28,29,30,31,32,33,34,35,36,37,38,39,40,41,42,43,44,45,46,47,48,49,50,51,52,53,54,55,56,57,58,59,60,61,63,66,68,69,70,72,73,74,75,76,77,79,80,86,87,88,89,92,93,98,100,101,106,109,111,113,118,120,124,126],"cluster_removal_rates":[92.03210860898609,89.08499767765909,89.33209647495362,91.52276295133439,91.18279569892474,87.87061994609164,84.61538461538461,79.54545454545455,69.42528735632185,72.98136645962732,56.63082437275986,59.332321699544764,65.31986531986533,55.828220858895705,57.291666666666664,61.627906976744185,60.60606060606061,63.63636363636363,66.0,69.0909090909091,72.72727272727273,77.14285714285715,74.19354838709677,69.44444444444444,65.0,74.07407407407408,88.23529411764706,46.666666666666664,80.0,35.714285714285715,62.5,53.84615384615385,64.28571428571429,56.25,61.53846153846154,91.66666666666666,81.81818181818183,71.42857142857143,72.72727272727273,100.0,77.77777777777779,80.0,80.0,80.0,100.0,71.42857142857143,100.0,100.0,100.0,100.0,100.0,100.0,100.0,100.0,100.0,100.0,100.0,100.0,100.0,100.0,100.0,100.0,100.0,100.0,100.0,100.0,100.0,100.0,100.0,100.0,100.0,100.0,100.0,100.0,100.0,100.0,100.0,100.0,100.0,100.0,100.0,100.0,100.0,100.0,100.0,100.0,100.0,100.0,100.0,100.0,100.0],"cluster_post_filtering_doc_counts":[1479,235,115,54,41,45,36,54,133,87,242,268,103,72,41,33,26,16,17,17,12,8,8,11,14,7,2,8,3,9,6,6,5,7,5,1,2,2,3,0,2,1,1,1,0,2,0,0,0,0,0,0,0,0,0,0,0,0,0,0,0,0,0,0,0,0,0,0,0,0,0,0,0,0,0,0,0,0,0,0,0,0,0,0,0,0,0,0,0,0,0],"tail_threshold":128,"tail_removal_rate":96.42857142857143,"tail_post_filtering_doc_counts":1,"global_removal_rate":88.05293423768799}