{"cluster_sizes":[1,2,3,4,5,6,8,9,10,11,12,16,22,24,26,28,32,36,41],"cluster_removal_rates":[97.5,96.66666666666667,100.0,100.0,75.0,100.0,100.0,100.0,100.0,0.0,100.0,100.0,100.0,100.0,100.0,100.0,100.0,100.0,100.0],"cluster_post_filtering_doc_counts":[2,1,0,0,1,0,0,0,0,1,0,0,0,0,0,0,0,0,0],"tail_threshold":121,"tail_removal_rate":0.0,"tail_post_filtering_doc_counts":1,"global_removal_rate":95.77464788732394}