{"cluster_sizes":[1,2,3,4,5,6,7,8,9,10,11,12,13,15,17,30],"cluster_removal_rates":[94.5945945945946,69.23076923076923,100.0,100.0,50.0,100.0,100.0,100.0,100.0,100.0,100.0,100.0,75.0,100.0,50.0,100.0],"cluster_post_filtering_doc_counts":[2,4,0,0,1,0,0,0,0,0,0,0,1,0,1,0],"tail_threshold":142,"tail_removal_rate":0.0,"tail_post_filtering_doc_counts":1,"global_removal_rate":89.69072164948454}