{"cluster_sizes":[1,2,3,4,5,6,7,8,9,10,11,12,13,14,15,16,17,18,19,20,21,22,23,24,25,26,27,29,31,33,35,37,38,39,45,46,47,48,51,52,53,55,74,81,92],"cluster_removal_rates":[95.4337899543379,81.08108108108108,85.81314878892734,91.1214953271028,78.37837837837837,62.05128205128205,61.35265700483091,61.963190184049076,64.7887323943662,80.64516129032258,75.0,76.47058823529412,57.14285714285714,54.54545454545454,81.81818181818183,60.0,100.0,100.0,100.0,100.0,100.0,100.0,100.0,100.0,100.0,100.0,100.0,100.0,75.0,100.0,100.0,100.0,100.0,100.0,100.0,100.0,100.0,100.0,100.0,100.0,100.0,100.0,100.0,100.0,100.0],"cluster_post_filtering_doc_counts":[220,126,41,19,40,74,80,62,25,6,6,4,6,5,2,2,0,0,0,0,0,0,0,0,0,0,0,0,1,0,0,0,0,0,0,0,0,0,0,0,0,0,0,0,0],"tail_threshold":102,"tail_removal_rate":100.0,"tail_post_filtering_doc_counts":0,"global_removal_rate":89.75053456878118}