{"cluster_sizes":[1,2,3,4,5,6,7,8,9,10,11,12,13,14,15,16,17,18,19,20,21,22,23,24,25,26,27,28,29,30,31,32,33,34,35,36,37,38,39,40,41,42,43,44,45,46,47,48,49,50,51,52,53,54,55,56,57,58,59,60,61,62,63,64,65,66,67,68,69,70,71,72,73,74,75,76,77,78,79,80,81,82,83,84,85,86,87,88,89,90,91,92,93,94,95,96,97,98,99,100,101,102,103,104,105,106,107,108,109,110,111,112,113,114,115,116,117,118,119,120,121,122],"cluster_removal_rates":[69.82980031833308,58.24098462136017,54.90036467830164,53.79118005926442,53.00849021779255,47.04667966509921,42.63803680981595,44.55290221370054,54.586353411647096,59.31571815718157,58.360258481421646,56.55515370705244,58.044490429384375,58.328840970350406,58.79043600562588,60.230073952341826,61.22641509433963,62.52465483234714,64.42731277533039,66.78362573099416,65.27777777777779,64.85013623978202,61.45510835913313,62.84074605451937,56.42633228840125,58.93416927899686,58.77616747181964,60.129659643435986,58.05309734513274,56.04770017035775,57.237936772046595,57.038391224862885,61.36363636363637,61.34122287968442,59.958071278826,57.905138339920946,60.22514071294559,63.34012219959266,58.849557522123895,61.83844011142061,68.35443037974683,70.47970479704797,70.63492063492063,71.9047619047619,75.1219512195122,68.47826086956522,68.44660194174757,67.11409395973155,67.10526315789474,73.33333333333333,73.125,65.49295774647888,76.71232876712328,70.86092715231787,74.3421052631579,80.2547770700637,78.343949044586,76.86567164179104,69.03225806451613,76.98412698412699,77.04918032786885,69.16666666666667,67.27272727272727,69.3069306930693,78.70370370370371,78.18181818181819,72.89719626168224,74.31192660550458,77.86259541984732,72.72727272727273,70.37037037037037,76.0,86.32478632478633,68.62745098039215,69.23076923076923,67.67676767676768,78.72340425531915,71.60493827160494,72.72727272727273,74.19354838709677,80.0,71.25,70.12987012987013,76.05633802816901,67.6923076923077,72.36842105263158,80.23255813953489,72.0,75.32467532467533,80.88235294117648,78.2051282051282,75.0,72.3076923076923,69.38775510204081,81.25,87.5,77.77777777777779,80.76923076923077,75.75757575757575,63.63636363636363,80.0,75.86206896551724,86.20689655172413,73.07692307692307,50.0,80.0,73.91304347826086,88.46153846153845,72.0,68.75,70.0,66.66666666666666,76.47058823529412,70.58823529411765,75.0,66.66666666666666,81.81818181818183,76.47058823529412,77.77777777777779,60.0,85.71428571428571,85.71428571428571],"cluster_post_filtering_doc_counts":[133444,34404,13851,7953,5092,4617,4114,3181,1817,1201,1031,961,811,773,586,484,411,380,323,284,250,258,249,259,278,262,256,246,237,258,257,235,204,196,191,213,212,180,186,137,100,80,74,59,51,58,65,49,50,44,43,49,34,44,39,31,34,31,48,29,28,37,36,31,23,24,29,28,29,27,40,30,16,32,36,32,20,23,24,24,18,23,23,17,21,21,17,21,19,13,17,17,18,15,12,6,10,10,8,12,7,7,4,7,11,5,6,3,7,10,6,6,4,5,5,5,2,4,2,4,1,2],"tail_threshold":123,"tail_removal_rate":73.10664605873262,"tail_post_filtering_doc_counts":174,"global_removal_rate":65.59413175708593}