{"cluster_sizes":[1,2,3,4,5,6,7,8,9,10,11,12,13,14,15,16,17,18,19,20,21,22,23,24,25,26,27,28,29,30,31,32,33,34,35,36,37,38,39,40,41,42,43,44,45,46,47,48,49,50,51,52,53,54,55,56,57,58,59,60,61,62,63,64,65,66,67,68,69,70,71,72,73,74,75,76,77,78,79,80,81,82,83,84,85,86,87,88,89,90,91,92,93,94,95,96,97,98,99,100,101,102,103,104,105,106,107,108,109,110,111,112,113,114,115,116,117,118,119,120,121,122,123,124,125,126,127,128,129,130,131,132,133,134,135,136,137,138,139,140,141,142,143,144,145,146,147,148,149,150,151,152,153,154,155,156,157,158,159,160,161,162,163,164,165,166,167,168,169,170,171],"cluster_removal_rates":[82.41720124170695,69.38124229771736,70.06280440083566,67.42736805913701,60.21123587405152,53.90562291411432,52.66536741946578,55.0759780148723,55.200376687244955,53.18512184694314,50.50441361916772,51.372705506783724,50.92108017584258,53.031987155736694,53.13402657423455,53.879870129870135,55.14931087289433,56.425077812361046,55.10682647212089,54.4691929418571,56.93543404386779,56.119498875682616,57.72467182766745,58.52568875651526,56.99436985708098,53.41151385927505,55.308938212357525,56.18055555555556,54.906204906204906,57.521434138737334,59.227467811158796,60.86956521739131,60.74672048435923,60.03734827264239,62.697751873438804,62.97056810403833,68.58669833729216,72.09051724137932,70.2906976744186,66.89655172413794,64.65608465608466,65.4275092936803,60.946745562130175,59.30232558139535,56.43712574850299,55.25902668759811,53.6,53.73376623376623,56.27009646302251,51.186440677966104,56.79214402618658,54.734848484848484,57.55813953488372,55.772646536412076,56.84410646387833,58.69980879541109,55.85585585585585,51.891891891891895,55.3875236294896,55.92885375494071,53.65853658536586,55.375253549695735,52.30460921843687,56.04651162790698,50.349650349650354,51.19825708061002,54.278728606356964,55.670103092783506,52.07253886010362,52.27272727272727,47.858942065491185,46.373056994818654,49.45652173913043,49.32249322493225,46.883468834688344,47.66081871345029,47.293447293447294,48.19277108433735,48.742138364779876,53.65853658536586,46.03174603174603,57.81818181818181,52.30125523012552,48.87892376681614,59.756097560975604,50.92592592592593,46.35416666666667,52.48618784530387,44.97041420118343,60.57142857142858,57.89473684210527,42.65734265734265,52.17391304347826,54.330708661417326,61.111111111111114,57.943925233644855,54.63917525773196,57.608695652173914,57.47126436781609,55.12820512820513,55.434782608695656,54.54545454545454,56.98924731182796,55.294117647058826,64.38356164383562,60.810810810810814,64.63414634146342,65.97938144329896,62.88659793814433,69.0,72.0,70.96774193548387,70.2127659574468,61.42857142857143,64.70588235294117,64.40677966101694,50.877192982456144,66.66666666666666,47.91666666666667,53.65853658536586,41.66666666666667,51.42857142857142,55.81395348837209,55.00000000000001,64.0,50.0,70.73170731707317,64.58333333333334,71.05263157894737,67.5,67.64705882352942,50.0,64.28571428571429,53.65853658536586,67.74193548387096,65.51724137931035,66.66666666666666,55.88235294117647,65.71428571428571,77.14285714285715,75.86206896551724,67.85714285714286,66.66666666666666,70.0,60.86956521739131,73.07692307692307,70.96774193548387,62.06896551724138,50.0,80.0,62.96296296296296,62.06896551724138,51.515151515151516,63.1578947368421,66.66666666666666,72.72727272727273,59.09090909090909,53.333333333333336,47.82608695652174,63.33333333333333,62.5,57.14285714285714,57.14285714285714,61.53846153846154,47.61904761904761,68.18181818181817,60.0,56.00000000000001,56.52173913043478,61.904761904761905,52.38095238095239],"cluster_post_filtering_doc_counts":[320360,99879,46285,30316,22076,21822,16516,11116,8563,7665,7065,6093,4689,3803,3245,2841,2343,1960,1723,1574,1394,1366,1256,1114,993,874,745,631,625,545,475,441,389,428,448,541,529,518,511,432,334,279,264,280,291,285,290,285,272,288,264,239,219,249,227,216,245,267,236,223,228,220,238,189,213,224,187,172,185,168,207,207,186,187,196,179,185,172,163,133,136,116,114,114,99,106,103,86,93,69,72,82,66,58,49,45,44,39,37,35,41,45,40,38,26,29,29,33,36,31,21,18,14,27,18,21,28,15,25,19,28,17,19,18,9,19,12,17,11,13,11,15,10,19,10,10,11,15,12,8,7,9,7,9,9,7,9,11,14,5,10,11,16,7,7,6,9,7,12,11,9,12,12,10,11,7,6,11,10,8,10],"tail_threshold":172,"tail_removal_rate":68.32727272727273,"tail_post_filtering_doc_counts":871,"global_removal_rate":76.3330803854662}