{"cluster_sizes":[1,2,3,4,5,6,7,8,9,10,11,12,13,14,15,16,17,18,19,20,21,22,23,24,25,26,27,28,29,30,31,32,33,34,35,36,37,38,39,40,41,42,43,44,45,46,47,48,49,50,51,52,53,54,55,56,57,58,59,60,61,62,63,64,65,66,67,68,69,70,71,72,73,74,75,76,77,78,79,80,81,82,83,84,85,86,87,88,89,90,91,92,93,94,95,96,97,98,99,100,101,102,103,104,105,106,107,108,109,110,111,112,113,114,115,116,117,118,119,120,121,122,123,124,125,126,127,128,129,130,131,132,133,134,135,136,137,138,139,140,141,142,143,144,145,146,147,148,149,150,151,152,153,154,155,156,157,158,159,160,161,162,163,164,165,166,167,168,169,170,171,172,173,174,175,176,177,178,179,180,181,182],"cluster_removal_rates":[98.39948955823415,95.06577944179121,93.199843688941,91.93479298589492,89.48145453152824,89.49002247508706,88.53680919336422,88.9691742476742,88.55289656478664,88.4561986107007,88.40539308354168,89.00490324116474,88.3607658716829,89.13877188097825,88.6349535201161,88.41172419257516,87.96024299118729,88.18460240323766,87.24279459217345,87.44895744974652,87.42051635639316,88.03030844561994,88.16765335188565,88.69379310344827,88.19004452672401,88.12235427478348,88.00586510263929,87.92795443559403,88.35493243554858,89.4070099974002,90.16513668664491,91.0030763023854,91.65992721391024,92.48925439141345,92.74422275384123,93.49421844695947,93.63320698703846,93.41787439613528,93.49521333925061,93.28036240742072,92.73666236308358,92.28775113415425,91.59415619293158,91.47937905468025,90.98698410622016,91.0555076215128,90.50109272556978,90.40816326530611,90.18185075696498,89.85155447670618,90.90818858560795,89.73199870842751,89.99888130663385,89.79961507981433,90.65714631489774,90.67702552719201,90.94999357243861,90.87131367292226,90.9187608030847,90.9515547844655,89.84363792856118,90.534262485482,90.49306625577812,90.05602240896359,90.17155683822351,89.84843700663087,90.01979544704717,90.69805729338162,90.96752925663425,90.97257707375233,91.68023150660154,91.74986862848135,91.61442006269593,90.52867932231068,90.70738137082601,90.4050690201403,90.67369935267322,89.85831469052945,90.09796134498279,89.98114732022623,89.103690685413,89.90879670491321,89.90853658536585,90.65743944636678,90.13333333333333,90.4631217838765,90.633608815427,90.00353232073472,90.62146892655367,90.21056520132989,89.63022508038586,90.3409090909091,89.20985556499575,89.4036894036894,88.94184938036224,91.38733705772812,90.29574861367837,91.74800354924578,92.6759410801964,92.20779220779221,93.39759036144578,92.74106175514626,92.16738197424893,92.33390119250427,92.18846869187848,93.08545335942597,92.95238095238095,93.23308270676691,93.64973262032086,93.51851851851852,92.10526315789474,93.50558659217877,93.13658201784489,94.40113394755492,94.80812641083521,94.53125,94.51840250587314,93.32260659694288,93.76538146021329,94.24168694241686,94.88448844884488,93.92361111111111,93.9748201438849,94.77477477477477,94.15357766143106,94.1282746160795,94.5945945945946,94.8905109489051,94.11764705882352,94.94736842105263,94.79956663055255,95.21829521829522,94.68599033816425,93.18181818181817,95.27272727272728,94.11042944785277,94.68085106382979,95.66236811254396,93.82391590013141,94.43127962085308,95.65789473684211,93.54838709677419,94.14225941422593,95.64068692206077,94.16445623342176,95.68627450980392,95.12855209742895,96.28571428571429,94.8,95.15905947441216,94.5266272189349,93.90243902439023,95.78947368421052,95.66473988439307,95.9349593495935,95.92833876221498,97.17138103161398,95.16908212560386,95.54367201426025,93.72937293729373,94.79166666666666,96.63865546218487,94.01088929219601,95.39347408829175,96.22641509433963,95.8498023715415,95.32163742690058,96.22641509433963,95.15503875968993,95.66929133858267,95.3061224489796,96.16161616161617,95.37815126050421,97.38430583501007,96.21380846325167,96.67359667359668,97.01834862385321,94.44444444444444,95.82366589327145,96.88995215311004,95.6140350877193,96.91943127962085],"cluster_post_filtering_doc_counts":[762187,396395,239272,190922,164793,123407,92061,74972,59228,49223,39928,33255,28413,24186,21065,19013,16886,15123,13956,12725,11494,10047,9014,8197,7400,6706,6135,5744,5050,4482,3889,3568,3300,3023,2942,2650,2402,2289,2052,1869,1744,1666,1565,1471,1378,1244,1217,1222,1096,1087,916,954,894,901,772,756,704,681,683,678,708,652,617,639,613,643,605,565,548,530,460,471,428,464,423,424,389,408,374,372,372,343,331,297,296,278,272,283,249,265,258,238,254,247,232,185,210,186,179,186,137,134,146,135,126,106,111,108,95,98,114,93,100,79,69,70,70,83,76,71,62,70,67,58,67,65,52,49,58,48,48,46,44,63,39,48,45,37,47,47,33,54,42,33,44,33,36,26,39,35,37,40,28,30,25,25,17,30,25,38,30,20,33,24,20,21,24,20,25,22,23,19,22,13,17,16,13,25,18,13,20,13],"tail_threshold":183,"tail_removal_rate":96.83275945476794,"tail_post_filtering_doc_counts":2226,"global_removal_rate":96.40620439982244}