{"cluster_sizes":[1,2,3,4,5,6,7,8,9,10,11,12,13,14,15,16,17,18,19,20,21,22,23,24,25,26,27,28,29,30,31,32,33,34,35,36,37,38,39,40,41,42,43,44,45,46,47,48,49,50,51,52,53,54,55,56,57,58,59,60,61,62,63,64,65,66,67,68,69,70,71,72,73,74,75,76,77,78,79,80,81,82,83,84,85,86,87,88,89,90,91,92,93,94,95,96,97,98,99,100,101,102,103,104,105,106,107,108,109,110,111,112,113,114,115,116,117,118,119,120,121,122,123,124,125,126,127,128,129,130,131,132,133,134,135,136,137,138,139,140,141,142,143,144,145,146,147,148,149,150,151,152,153,154,155,156,157,158,159,160,161,162,163,164,165,166,167,168,169,170,171,172,173,174,175,176,177,178,179,180,181,182,183,184,185,186,187,188,189,190,191,192,193,194,195,196,197,198,199,200,201,202,203,204,205,206,207,208,209,210,211,212,213,214,215,216,217,218,219,220,221,222,223,224,225,226,227,228,229,230,231,232,233,234,235,236,237,238,239,240,241,242,243,244,245,246,247,248,249,250,251,252,253,254,255,256,257,258,259,260,261,262,263,264,265,266,267,268,269,270,271,272,273,274,275,276,277,278,279,280,281,282,283,284,285,286,287,288,289,290,291,292,293,294,295,296],"cluster_removal_rates":[99.92471622072424,99.87379437379931,99.8598063183218,99.85377863586216,99.78581423592776,99.77334256752502,99.81564641928622,99.81130080441166,99.79416533468256,99.77016568846415,99.79344891520022,99.80038907214751,99.80810689156854,99.8094431505399,99.77864233968339,99.81041553818773,99.7139475241665,99.81031477494105,99.75949367088607,99.80692575984055,99.75019516003123,99.80230359291731,99.72672262346282,99.82667396460499,99.82778415614236,99.75894443034763,99.85881688550049,99.73494330731852,99.73693440897931,99.75,99.66482649842271,99.86572031459812,99.89522212908633,99.719767191205,99.7229916897507,99.7880906971816,99.6974697469747,99.66442953020133,99.63768115942028,99.79441997063142,99.79159430357764,99.86693280106454,99.96116504854369,99.92242048099301,99.83256592716619,99.85625299472927,99.68520461699894,99.95627459554001,99.72796517954298,99.88732394366198,99.88584474885845,99.68847352024922,99.72954699121027,99.93714644877436,99.35943060498221,99.85905567300915,99.84579799537394,99.67585089141005,99.5697074010327,99.84962406015038,99.61868446139181,99.73935708079931,100.0,99.71988795518207,99.79317476732162,99.80806142034548,99.68421052631578,99.89224137931035,99.65116279069768,99.6547756041427,99.76635514018692,99.55357142857143,99.60886571056062,99.87029831387808,99.88038277511961,99.86449864498645,100.0,99.86187845303867,99.84848484848486,99.70930232558139,99.66996699669967,99.83136593591905,100.0,99.69088098918083,99.82817869415808,100.0,99.63369963369964,99.8185117967332,99.57716701902748,100.0,100.0,100.0,100.0,99.76905311778292,99.79838709677419,99.57446808510639,100.0,100.0,100.0,99.77876106194691,100.0,100.0,100.0,100.0,99.71509971509973,100.0,100.0,100.0,100.0,99.69788519637463,100.0,100.0,100.0,100.0,100.0,100.0,99.6742671009772,99.68652037617555,100.0,100.0,100.0,99.61977186311786,100.0,100.0,100.0,99.64788732394366,100.0,99.5850622406639,100.0,100.0,100.0,99.61685823754789,99.53271028037383,100.0,100.0,100.0,99.46524064171123,100.0,98.90710382513662,100.0,100.0,100.0,100.0,100.0,100.0,100.0,99.5,100.0,100.0,100.0,100.0,100.0,100.0,100.0,100.0,100.0,100.0,100.0,100.0,100.0,99.26470588235294,100.0,100.0,100.0,100.0,99.35064935064936,100.0,100.0,100.0,100.0,100.0,100.0,99.1304347826087,100.0,99.14529914529915,100.0,100.0,100.0,100.0,100.0,100.0,99.19354838709677,100.0,100.0,99.15966386554622,100.0,100.0,100.0,99.05660377358491,100.0,100.0,100.0,100.0,100.0,100.0,100.0,100.0,100.0,100.0,99.10714285714286,100.0,100.0,100.0,100.0,100.0,100.0,98.9010989010989,100.0,100.0,100.0,100.0,100.0,100.0,100.0,100.0,100.0,100.0,100.0,100.0,100.0,100.0,100.0,100.0,100.0,100.0,100.0,100.0,100.0,100.0,100.0,100.0,100.0,100.0,100.0,100.0,100.0,100.0,100.0,100.0,100.0,100.0,100.0,100.0,100.0,100.0,100.0,100.0,100.0,100.0,100.0,100.0,100.0,100.0,100.0,100.0,100.0,100.0,100.0,100.0,100.0,100.0,100.0,100.0,100.0,100.0,100.0,100.0,100.0,100.0,100.0,100.0,100.0,100.0,100.0,100.0,100.0,100.0,100.0,100.0,100.0,100.0,100.0,100.0,100.0,100.0,100.0,100.0,100.0,100.0,100.0,100.0,100.0,100.0,100.0,100.0,100.0],"cluster_post_filtering_doc_counts":[5511,1915,1007,721,649,504,273,232,179,177,127,118,81,72,66,49,58,37,38,31,32,23,28,19,15,19,10,18,15,15,17,7,5,13,12,10,11,12,12,7,6,4,1,2,4,3,6,1,5,2,2,5,4,1,9,2,2,4,5,2,4,3,0,3,2,2,3,1,3,3,2,4,3,1,1,1,0,1,1,2,2,1,0,2,1,0,2,1,2,0,0,0,0,1,1,2,0,0,0,1,0,0,0,0,1,0,0,0,0,1,0,0,0,0,0,0,1,1,0,0,0,1,0,0,0,1,0,1,0,0,0,1,1,0,0,0,1,0,2,0,0,0,0,0,0,0,1,0,0,0,0,0,0,0,0,0,0,0,0,0,1,0,0,0,0,1,0,0,0,0,0,0,1,0,1,0,0,0,0,0,0,1,0,0,1,0,0,0,1,0,0,0,0,0,0,0,0,0,0,1,0,0,0,0,0,0,1,0,0,0,0,0,0,0,0,0,0,0,0,0,0,0,0,0,0,0,0,0,0,0,0,0,0,0,0,0,0,0,0,0,0,0,0,0,0,0,0,0,0,0,0,0,0,0,0,0,0,0,0,0,0,0,0,0,0,0,0,0,0,0,0,0,0,0,0,0,0,0,0,0,0,0,0,0,0,0,0,0,0,0,0,0,0,0,0,0],"tail_threshold":297,"tail_removal_rate":99.93962394341901,"tail_post_filtering_doc_counts":7,"global_removal_rate":99.89369651443835}