{"cluster_sizes":[1,2,3,4,5,6,7,8,9,10,11,12,13,14,15,16,17,18,19,20,21,22,23,24,25,26,27,28,29,30,31,32,33,34,35,36,37,38,39,40,41,42,43,44,45,46,47,48,49,50,51,52,53,54,55,56,57,58,59,60,61,62,63,64,65,66,67,68,69,70,71,72,73,74,75,76,77,78,79,80,81,82,83,84,85,86,87,88,89],"cluster_removal_rates":[99.95788815780699,98.68527586073948,97.72687836196425,97.59750852736171,94.59298871063578,96.70896114195084,97.57160647571607,96.83042789223455,97.37945492662475,97.31800766283524,94.64751958224544,96.92532942898976,96.81978798586573,95.85687382297552,96.05568445475639,97.3913043478261,96.69966996699671,96.3455149501661,96.6789667896679,94.62809917355372,94.11764705882352,87.71929824561403,92.3076923076923,91.3907284768212,92.36641221374046,95.2755905511811,93.63636363636364,93.33333333333333,96.62921348314607,96.66666666666667,97.75280898876404,97.95918367346938,93.93939393939394,94.73684210526315,89.13043478260869,90.82568807339449,87.25490196078431,86.5979381443299,84.5360824742268,92.78350515463917,96.7741935483871,91.66666666666666,98.79518072289156,94.66666666666667,96.73913043478261,95.6989247311828,92.5,94.20289855072464,90.54054054054053,93.42105263157895,97.46835443037975,90.52631578947368,94.68085106382979,96.29629629629629,95.14563106796116,89.42307692307693,93.47826086956522,92.85714285714286,85.86956521739131,90.83333333333333,94.68085106382979,91.48936170212765,88.63636363636364,92.7536231884058,93.58974358974359,97.14285714285714,85.18518518518519,80.95238095238095,83.87096774193549,86.76470588235294,90.9090909090909,86.95652173913044,84.12698412698413,91.42857142857143,80.89887640449437,90.1639344262295,86.36363636363636,89.23076923076924,89.0909090909091,81.15942028985508,87.87878787878788,82.75862068965517,87.14285714285714,86.53846153846155,82.8125,80.0,82.45614035087719,81.53846153846153,92.0],"cluster_post_filtering_doc_counts":[442,341,262,162,182,83,39,40,25,21,41,21,18,22,17,9,10,11,9,13,11,21,13,13,10,6,7,7,3,3,2,2,6,5,10,10,13,13,15,7,3,8,1,4,3,4,6,4,7,5,2,9,5,3,5,11,6,7,13,11,5,8,10,5,5,2,12,12,10,9,7,9,10,6,17,6,9,7,6,13,8,10,9,7,11,13,10,12,4],"tail_threshold":90,"tail_removal_rate":86.84444444444445,"tail_post_filtering_doc_counts":148,"global_removal_rate":99.77937901734948}