{"cluster_sizes":[1,2,3,4,5,6,7,8,9,10,11,12,13,14,15,16,17,18,19,20,21,22,23,24,25,26,27,28,29,30,31,32,33,34,35,36,37,38,39,40,41,42,43,44,45,46,48,50,51,52,53,54,56,57,58,60,61,62,64,65,66,67,68,69,70,71,72,73,76,77,79,82,85,87,88,91,92,95,96,97,103,104,106,108,110,113,118,120,121],"cluster_removal_rates":[99.4812059514487,99.32885906040269,98.88416578108395,99.27760577915376,97.37609329446065,99.23224568138195,99.63235294117648,99.53703703703704,100.0,99.28571428571429,99.20634920634922,100.0,100.0,100.0,100.0,95.65217391304348,76.92307692307693,84.84848484848484,78.94736842105263,82.43243243243244,81.0,71.53284671532847,77.85234899328859,78.91156462585033,74.0,89.92248062015504,86.53846153846155,93.87755102040816,91.8918918918919,89.47368421052632,85.71428571428571,66.66666666666666,81.81818181818183,82.35294117647058,85.0,100.0,100.0,93.33333333333333,94.44444444444444,92.85714285714286,100.0,88.88888888888889,66.66666666666666,100.0,100.0,100.0,100.0,100.0,100.0,100.0,75.0,100.0,100.0,100.0,100.0,100.0,100.0,100.0,100.0,100.0,100.0,100.0,100.0,100.0,100.0,100.0,100.0,100.0,100.0,100.0,100.0,100.0,100.0,100.0,100.0,100.0,100.0,100.0,100.0,100.0,100.0,100.0,100.0,100.0,100.0,100.0,100.0,100.0,100.0],"cluster_post_filtering_doc_counts":[106,24,21,7,18,4,1,1,0,1,1,0,0,0,0,2,9,5,12,13,19,39,33,31,39,13,14,3,3,2,3,6,2,3,3,0,0,2,1,1,0,1,1,0,0,0,0,0,0,0,1,0,0,0,0,0,0,0,0,0,0,0,0,0,0,0,0,0,0,0,0,0,0,0,0,0,0,0,0,0,0,0,0,0,0,0,0,0,0],"tail_threshold":122,"tail_removal_rate":100.0,"tail_post_filtering_doc_counts":0,"global_removal_rate":98.55753646677472}