{"cluster_sizes":[1,2,3,4,5,6,7,8,9,10,11,12,13,14,15,16,17,18,19,20,21,22,23,25,26,27,29,31,32,34,35,37,38,39,40,42,44,47,48,55,56,70,76,86,114,115,144,161],"cluster_removal_rates":[98.90185312285517,98.32402234636871,97.10144927536231,93.10344827586206,100.0,95.83333333333334,90.0,100.0,92.85714285714286,100.0,100.0,100.0,100.0,100.0,100.0,100.0,100.0,100.0,100.0,100.0,100.0,100.0,100.0,100.0,100.0,100.0,100.0,100.0,100.0,66.66666666666666,100.0,100.0,100.0,100.0,100.0,100.0,100.0,100.0,100.0,100.0,100.0,100.0,100.0,100.0,100.0,100.0,100.0,100.0],"cluster_post_filtering_doc_counts":[16,3,2,4,0,1,1,0,1,0,0,0,0,0,0,0,0,0,0,0,0,0,0,0,0,0,0,0,0,1,0,0,0,0,0,0,0,0,0,0,0,0,0,0,0,0,0,0],"tail_threshold":201,"tail_removal_rate":100.0,"tail_post_filtering_doc_counts":0,"global_removal_rate":98.51358277806254}