{"cluster_sizes":[1,2,3,4,5,6,7,9,10,15,17,18,19,20,21,22,23,24,25,26,27,28,29,30,31,32,33,34,35,36,37,39,40,42,46,52,53,66,82,114,120,123,155,230],"cluster_removal_rates":[79.72972972972973,57.57575757575758,70.45454545454545,100.0,100.0,100.0,100.0,100.0,100.0,100.0,0.0,0.0,8.333333333333332,0.0,7.6923076923076925,3.225806451612903,8.333333333333332,12.121212121212121,3.8461538461538463,7.142857142857142,25.0,0.0,20.0,50.0,0.0,20.0,100.0,0.0,0.0,0.0,0.0,0.0,0.0,0.0,0.0,100.0,100.0,100.0,100.0,100.0,100.0,100.0,100.0,100.0],"cluster_post_filtering_doc_counts":[15,14,13,0,0,0,0,0,0,0,2,8,11,12,24,30,22,29,25,13,9,7,4,1,2,4,0,2,5,1,4,1,2,2,1,0,0,0,0,0,0,0,0,0],"tail_threshold":267,"tail_removal_rate":100.0,"tail_post_filtering_doc_counts":0,"global_removal_rate":36.930455635491604}