{"cluster_sizes":[1,2,3,4,5,6,7,8,9,10,12,13,16,18,32],"cluster_removal_rates":[94.73684210526315,56.84210526315789,36.11111111111111,31.57894736842105,100.0,0.0,0.0,100.0,100.0,100.0,0.0,100.0,100.0,100.0,0.0],"cluster_post_filtering_doc_counts":[197,41,23,13,0,3,3,0,0,0,1,0,0,0,1],"tail_threshold":50,"tail_removal_rate":75.0,"tail_post_filtering_doc_counts":1,"global_removal_rate":92.769545222279}