{"cluster_sizes":[1,2,3,4,6],"cluster_removal_rates":[29.15601023017903,12.380952380952381,14.285714285714285,50.0,50.0],"cluster_post_filtering_doc_counts":[277,184,12,1,1],"tail_threshold":86,"tail_removal_rate":0.0,"tail_post_filtering_doc_counts":1,"global_removal_rate":23.225806451612904}