{"cluster_sizes":[1,2,3,4,5,6,7,8,9,10,11,12,14,15],"cluster_removal_rates":[96.09430816861158,78.94736842105263,75.0,90.9090909090909,34.375,57.14285714285714,66.66666666666666,66.66666666666666,50.0,100.0,100.0,100.0,100.0,100.0],"cluster_post_filtering_doc_counts":[164,28,5,1,21,6,2,1,1,0,0,0,0,0],"tail_threshold":16,"tail_removal_rate":66.66666666666666,"tail_post_filtering_doc_counts":2,"global_removal_rate":94.79260595130748}