{"cluster_sizes":[1,2,3,4,5,6,7,10,12,16,21,25],"cluster_removal_rates":[92.24806201550388,87.5,100.0,100.0,87.5,100.0,100.0,100.0,100.0,100.0,100.0,100.0],"cluster_post_filtering_doc_counts":[10,3,0,0,1,0,0,0,0,0,0,0],"tail_threshold":36,"tail_removal_rate":100.0,"tail_post_filtering_doc_counts":0,"global_removal_rate":92.63157894736842}