{"cluster_sizes":[1,2,3,4,5,6,7,8,9,10,11,12,13,14,15,16,17,18,19,20,21,22,23,24,25,26,27,28,29,30,31,32,33,34,35,36,37,38,39,40,41,44,45,47,49,51,54,60,63,67,68,73,74,87,98,104,116,139,151],"cluster_removal_rates":[97.17271051014137,91.70212765957447,89.6774193548387,88.63636363636364,87.09677419354838,90.27777777777779,93.87755102040816,100.0,95.45454545454545,100.0,100.0,100.0,100.0,100.0,100.0,75.0,85.71428571428571,75.0,45.45454545454545,35.483870967741936,43.75,43.13725490196079,33.33333333333333,29.411764705882355,40.0,23.076923076923077,38.095238095238095,76.92307692307693,42.857142857142854,60.0,33.33333333333333,33.33333333333333,66.66666666666666,40.0,42.857142857142854,100.0,27.27272727272727,100.0,66.66666666666666,50.0,100.0,100.0,50.0,100.0,0.0,100.0,100.0,100.0,100.0,0.0,100.0,100.0,100.0,100.0,100.0,100.0,100.0,100.0,100.0],"cluster_post_filtering_doc_counts":[92,39,32,15,8,7,3,0,1,0,0,0,0,0,0,2,2,5,12,20,27,29,42,36,21,20,13,3,4,2,2,2,1,3,4,0,8,0,1,1,0,0,1,0,1,0,0,0,0,1,0,0,0,0,0,0,0,0,0],"tail_threshold":154,"tail_removal_rate":100.0,"tail_post_filtering_doc_counts":0,"global_removal_rate":90.73327961321515}