{"cluster_sizes":[1,2,3,4,5,6,7,8,9,10,11,12,13,14,15,16,17,18,19,20,21,22,23,24,25,26,27,28,29,30,31,32,33,34,35,36,37,38,39,40,41,42,44,58,65,70,77,84],"cluster_removal_rates":[80.30075187969925,95.08196721311475,100.0,100.0,96.96969696969697,92.85714285714286,100.0,100.0,100.0,100.0,80.0,100.0,100.0,100.0,100.0,60.0,62.5,62.5,55.55555555555556,48.837209302325576,54.83870967741935,59.0,64.28571428571429,65.21739130434783,71.27659574468085,77.77777777777779,83.60655737704919,86.66666666666667,70.58823529411765,100.0,57.14285714285714,0.0,33.33333333333333,40.0,100.0,50.0,0.0,0.0,0.0,0.0,0.0,0.0,100.0,0.0,100.0,100.0,100.0,100.0],"cluster_post_filtering_doc_counts":[131,3,0,0,1,1,0,0,0,0,1,0,0,0,0,4,3,9,8,22,28,41,35,40,27,18,10,4,5,0,3,4,2,3,0,1,6,1,1,1,1,1,0,1,0,0,0,0],"tail_threshold":85,"tail_removal_rate":100.0,"tail_post_filtering_doc_counts":0,"global_removal_rate":75.31157270029674}