{"cluster_sizes":[1,2,3,4,5,6,7,8,9,10,11,12,13,14,15,16,17,18,19,20,21,22,23,24,25,26,27,28,29,30,31,32,33,34,35,36,37,38,39,40,41,42,43,44,45,46,47,48,49,50,51,52,53,54,55,56,57,58,59,60,61,62,63,64,65,66,67,68,69,70,71,72,73,74,75,76,77,78,79,80,81,82,83,84,85,86,87,88,89,90,91,92,93,94,95,96,97,98,99,100,101,102,103,104,105,106,107,108,109,110,111,112,113,114,115,116,117,118,119,120,121,122,123,124,125,126,127,128,129,130,132,133,135,136,137,138,139,140,141,142,143,144,145,146,147,148,150,151,152,153,154],"cluster_removal_rates":[99.75794328228909,99.53032281714665,99.36011375755422,99.22764861912935,98.26345819895808,99.23278116826503,99.08511228167453,97.84876140808343,98.86845827439888,98.25046040515653,98.44611528822055,98.026734563972,98.44961240310077,97.77777777777777,97.82608695652173,98.3108108108108,98.10924369747899,96.91629955947137,97.17514124293785,95.54140127388536,97.0,96.58703071672356,94.9579831932773,97.73755656108597,96.5,97.9381443298969,96.72131147540983,94.63087248322147,94.96402877697841,96.42857142857143,97.10144927536231,95.18072289156626,98.01980198019803,97.88135593220339,98.21428571428571,97.72727272727273,98.85714285714286,97.76536312849163,97.63779527559055,98.91304347826086,96.20253164556962,97.26027397260275,98.38709677419355,90.9090909090909,100.0,97.36842105263158,95.0,97.2972972972973,100.0,95.1219512195122,93.54838709677419,100.0,96.875,97.22222222222221,100.0,95.65217391304348,100.0,100.0,100.0,100.0,97.87234042553192,100.0,92.3076923076923,100.0,100.0,100.0,100.0,94.73684210526315,100.0,100.0,100.0,100.0,100.0,100.0,100.0,100.0,93.33333333333333,100.0,100.0,100.0,100.0,100.0,100.0,100.0,88.88888888888889,100.0,83.33333333333334,80.0,100.0,100.0,100.0,85.71428571428571,100.0,100.0,100.0,100.0,100.0,85.71428571428571,100.0,100.0,100.0,100.0,100.0,100.0,100.0,100.0,100.0,100.0,100.0,100.0,100.0,100.0,100.0,100.0,100.0,100.0,100.0,100.0,100.0,100.0,100.0,100.0,100.0,100.0,100.0,100.0,100.0,100.0,100.0,100.0,100.0,100.0,100.0,100.0,100.0,100.0,100.0,100.0,100.0,100.0,100.0,100.0,100.0,100.0,100.0,100.0,100.0,100.0,100.0,100.0,100.0],"cluster_post_filtering_doc_counts":[570,205,126,99,140,44,33,66,32,38,31,31,16,19,14,10,9,14,10,14,9,10,12,5,7,4,6,8,7,5,4,8,4,5,4,5,2,4,3,1,3,2,1,6,0,1,2,1,0,2,2,0,1,1,0,2,0,0,0,0,1,0,2,0,0,0,0,1,0,0,0,0,0,0,0,0,1,0,0,0,0,0,0,0,1,0,1,1,0,0,0,1,0,0,0,0,0,1,0,0,0,0,0,0,0,0,0,0,0,0,0,0,0,0,0,0,0,0,0,0,0,0,0,0,0,0,0,0,0,0,0,0,0,0,0,0,0,0,0,0,0,0,0,0,0,0,0,0,0,0,0],"tail_threshold":156,"tail_removal_rate":100.0,"tail_post_filtering_doc_counts":0,"global_removal_rate":99.5251191472643}