{"cluster_sizes":[1,2,3,4,5,6,7,8,9,10,11,12,13,14,15,16,17,18,19,20,21,22,23,24,25,26,27,28,29,30,31,32,33,34,35,36,37,38,39,40,42,43,44,45,46,47,48,51,52,53,56,57,58,62,64,67,69,70,71,72,74,75,80,82,85,88,92,94,97,99,103,113,116,123,125,127,163,175,216,226],"cluster_removal_rates":[58.03439803439804,47.87350054525627,40.64377682403433,39.540059347181014,51.24113475177305,51.0548523206751,51.533742331288344,44.14414414414414,53.84615384615385,48.78048780487805,50.74626865671642,54.0,63.41463414634146,38.46153846153847,59.09090909090909,47.82608695652174,40.0,53.84615384615385,70.0,63.63636363636363,50.0,66.66666666666666,68.75,47.05882352941176,77.77777777777779,53.84615384615385,46.15384615384615,43.75,40.0,36.84210526315789,41.17647058823529,50.0,33.33333333333333,45.45454545454545,38.46153846153847,42.857142857142854,40.0,50.0,0.0,83.33333333333334,66.66666666666666,100.0,80.0,100.0,50.0,100.0,50.0,50.0,100.0,100.0,33.33333333333333,100.0,100.0,100.0,100.0,0.0,100.0,100.0,0.0,100.0,100.0,0.0,100.0,100.0,100.0,100.0,100.0,100.0,100.0,100.0,100.0,100.0,100.0,100.0,100.0,100.0,100.0,100.0,0.0,100.0],"cluster_post_filtering_doc_counts":[1708,956,1383,815,275,116,79,62,36,42,33,23,15,24,9,12,12,6,6,4,6,5,5,9,4,6,7,9,9,12,10,9,6,6,8,8,6,4,4,1,2,0,1,0,1,0,1,1,0,0,2,0,0,0,0,1,0,0,1,0,0,1,0,0,0,0,0,0,0,0,0,0,0,0,0,0,0,0,1,0],"tail_threshold":238,"tail_removal_rate":83.33333333333334,"tail_post_filtering_doc_counts":2,"global_removal_rate":49.73401935990233}