{"cluster_sizes":[1,2,3,4,5,6,7,8,9,10,11,12,13,14,15,16,17,18,19,20,21,22,23,24,25,26,27,28,29,30,31,32,33,34,35,36,37,38,39,40,41,43,45,46,47,48,50,59,78,80,82,94,103,120,130],"cluster_removal_rates":[92.27683049147443,93.1758530183727,91.37931034482759,87.5,98.68421052631578,94.33962264150944,93.54838709677419,96.29629629629629,85.71428571428571,95.83333333333334,82.6086956521739,79.16666666666666,75.0,93.33333333333333,95.45454545454545,81.25,76.19047619047619,76.66666666666667,78.18181818181819,71.83098591549296,77.6595744680851,72.66187050359713,75.64766839378238,76.16580310880829,82.19895287958116,81.36645962732919,88.88888888888889,80.0,78.78787878787878,72.0,80.0,66.66666666666666,46.15384615384615,66.66666666666666,75.0,50.0,66.66666666666666,66.66666666666666,100.0,28.57142857142857,100.0,50.0,100.0,100.0,0.0,100.0,0.0,100.0,100.0,100.0,100.0,100.0,100.0,100.0,100.0],"cluster_post_filtering_doc_counts":[154,26,15,13,1,3,2,1,3,1,4,5,3,1,1,3,5,7,12,20,21,38,47,46,34,30,13,12,7,7,3,3,7,2,1,3,3,2,0,5,0,1,0,0,1,0,1,0,0,0,0,0,0,0,0],"tail_threshold":176,"tail_removal_rate":100.0,"tail_post_filtering_doc_counts":0,"global_removal_rate":87.34375}