{"cluster_sizes":[1,2,3,4,5,6,7,8,9,10,11,12,13,14,15,16,17,18,19,20,21,22,23,24,25,26,27,28,29,30,31,32,33,34,35,36,37,38,39,40,41,42,43,44,45,46,47,48,49,50,51,52,53,54,55,56,57,58,59,60,61,62,63,64,65,66,67,68,69,70,71,72,73,74,75,76,77,78,79,80,81,82,83,84,85,86,87,88,89,90,91,92,93,94,95,96,98,99,100,101,102,103,104,105,107,109],"cluster_removal_rates":[95.98927826863893,63.917050691244235,57.43589743589743,63.237311385459535,56.97674418604651,62.328767123287676,60.679611650485434,63.0,58.92857142857143,55.3030303030303,52.112676056338024,63.565891472868216,58.55855855855856,54.20560747663551,47.57281553398058,60.56338028169014,61.53846153846154,64.51612903225806,45.83333333333333,50.0,70.96774193548387,62.5,52.77777777777778,61.76470588235294,45.0,49.36708860759494,41.891891891891895,47.22222222222222,49.01960784313725,56.849315068493155,46.42857142857143,46.478873239436616,33.734939759036145,31.428571428571427,64.28571428571429,58.333333333333336,64.70588235294117,60.0,85.71428571428571,35.714285714285715,100.0,50.0,25.0,33.33333333333333,60.0,33.33333333333333,100.0,100.0,100.0,50.0,75.0,0.0,40.0,50.0,100.0,33.33333333333333,0.0,40.0,50.0,50.0,100.0,42.857142857142854,50.0,83.33333333333334,50.0,25.0,33.33333333333333,33.33333333333333,25.0,50.0,66.66666666666666,14.285714285714285,60.0,75.0,25.0,0.0,0.0,50.0,50.0,33.33333333333333,0.0,75.0,44.44444444444444,0.0,50.0,33.33333333333333,40.0,100.0,0.0,0.0,40.0,100.0,50.0,33.33333333333333,40.0,50.0,0.0,0.0,0.0,50.0,0.0,50.0,0.0,100.0,100.0,40.0],"cluster_post_filtering_doc_counts":[1212,783,332,268,148,110,81,74,69,59,68,47,46,49,54,28,35,22,26,32,9,12,17,13,33,40,43,76,78,63,45,38,55,24,5,5,6,6,1,9,0,2,3,4,4,2,0,0,0,2,1,5,3,1,0,4,3,3,1,1,0,4,1,1,1,3,4,2,3,1,1,6,2,1,3,3,3,1,3,2,4,1,5,1,1,2,3,0,1,3,3,0,1,2,3,1,1,3,3,1,1,1,2,0,0,3],"tail_threshold":110,"tail_removal_rate":52.63157894736842,"tail_post_filtering_doc_counts":18,"global_removal_rate":88.64023416711017}