{"cluster_sizes":[1,2,3,4,5,6,7,8,9,10,11,12,13,14,15,16,17,18,19,20,21,22,23,24,25,26,27,28,29,30,31,32,33,34,35,36,37,38,39,40,41,42,43,44,45,46,47,48,49,50,51,52,53,54,55,56,57,58,59,60,61,62,63,64,69,71,72,73,74,75,76,78,80,83,85,101,121,140,141,142,145,148,149,151,190,256],"cluster_removal_rates":[96.01593625498009,95.1086956521739,99.08256880733946,98.13664596273291,98.56115107913669,96.875,94.5945945945946,95.8904109589041,92.42424242424242,93.33333333333333,90.0,96.875,91.42857142857143,96.96969696969697,100.0,92.3076923076923,80.76923076923077,90.0,90.0,100.0,92.0,85.71428571428571,85.0,94.73684210526315,80.0,90.47619047619048,75.0,76.92307692307693,73.33333333333333,100.0,83.33333333333334,84.61538461538461,100.0,90.9090909090909,77.77777777777779,87.5,92.3076923076923,100.0,75.0,88.88888888888889,75.0,60.0,100.0,66.66666666666666,100.0,100.0,100.0,66.66666666666666,100.0,100.0,100.0,100.0,100.0,100.0,100.0,100.0,100.0,100.0,50.0,100.0,100.0,100.0,100.0,100.0,100.0,100.0,100.0,100.0,66.66666666666666,100.0,100.0,100.0,100.0,100.0,100.0,100.0,100.0,100.0,100.0,100.0,100.0,100.0,100.0,100.0,100.0,100.0],"cluster_post_filtering_doc_counts":[40,18,2,3,2,3,4,3,5,2,5,1,3,1,0,2,5,4,2,0,2,5,3,1,5,2,4,3,4,0,2,2,0,1,2,1,1,0,2,1,1,2,0,2,0,0,0,1,0,0,0,0,0,0,0,0,0,0,1,0,0,0,0,0,0,0,0,0,1,0,0,0,0,0,0,0,0,0,0,0,0,0,0,0,0,0],"tail_threshold":423,"tail_removal_rate":100.0,"tail_post_filtering_doc_counts":0,"global_removal_rate":94.77079796264856}