{"cluster_sizes":[1,2,3,4,5,6,7,8,9,10,11,12,13,14,15,16,17,18,19,20,21,22,23,24,25,26,27,28,29,30,31,32,33,34,35,36,37,38,39,40,41,42,43,44,45,46,47,48,49,50,51,52,53,54,55,56,57,58,59,60,61,62,63,64,65,66,67,68,69,70,71,72,73,74,75,76,77,78,79,80,81,82,83,84,85,86,87,88,89,90,91,92,93,94,95,96,97,98,99,100,101,102,103,104,105,106,107,108,109,110,111,112,113,114,115,116,117,118,119,120,121,122,123,124,125,126,127,128,129,130,131,132,133,134,135,136,137,138,139,140,141,142,143,144,145,146,147,148,149,150,151,152,153,154,155,156,157,158,159,160,161,162,163,164,165,166,167,168,169,170,171,172,173,174,175,176,177,178,179,180,181,182,183,184,185,186,187,188,189,190,191,192,193,194,195,196,197,198,199,200,201,202,203,204,205,206,207,209,210,211,212,213,214,215,216,217,218,219,220,221,222,223,224,225,226,227,228,229,230,231,232,233,234,235,236,237,238,239,240,241,242,243,244,245,246,247,248,249,250,251,252,253,254,255,256,257,258,259,260,261,262,263,264,265,266,267,268,269,270,272,273,274,275,276,277,278,279,280,281,282,283,285,286,287,289,290,291,292,293,295,296,297,298,299,301,302,303,304,305,306,307,308,309,310,312,313,315,316,317,318,319,320,321,323,324,325,326,327,328,329,331,332,333,334,335,336,340,341,343,344,346,347,348,349,352,353,354,355,356,358,359,360,361,362,363,364,366,367,369,370,371,372,373,378,379,380,381,383,384,385,390,392,394,395,398,399,400,401,403,404,409,411,414,415,416,417,421,422,423,425,426,429],"cluster_removal_rates":[78.5634406598015,80.54455815343243,83.93142857142857,76.69961427193829,78.80336245261249,77.30941704035874,77.31362467866325,75.3493013972056,75.44848795489493,76.5463917525773,79.06224737267583,78.65384615384615,79.51219512195122,76.36103151862464,76.28524046434494,76.11940298507463,74.57627118644068,75.0,78.45303867403315,80.73394495412845,79.75077881619937,76.55677655677655,77.00729927007299,74.76635514018692,73.21937321937322,79.16666666666666,80.0,75.09293680297398,71.875,77.12177121771218,74.04580152671755,72.61410788381743,77.9591836734694,77.35042735042735,83.88888888888889,79.22077922077922,73.21428571428571,69.16666666666667,70.96774193548387,77.77777777777779,73.55371900826447,78.78787878787878,72.72727272727273,75.0,71.91011235955057,73.97260273972603,76.5625,82.25806451612904,71.42857142857143,71.69811320754717,60.416666666666664,70.0,78.84615384615384,81.81818181818183,80.48780487804879,48.93617021276596,62.745098039215684,84.21052631578947,77.5,62.857142857142854,66.66666666666666,76.19047619047619,58.06451612903226,80.0,71.42857142857143,82.14285714285714,80.0,76.0,62.7906976744186,66.66666666666666,56.75675675675676,23.333333333333332,65.51724137931035,54.54545454545454,53.125,46.42857142857143,50.0,55.55555555555556,38.46153846153847,42.857142857142854,40.909090909090914,36.84210526315789,41.37931034482759,40.909090909090914,40.909090909090914,50.0,25.0,29.411764705882355,31.57894736842105,12.5,41.17647058823529,53.333333333333336,42.10526315789473,34.61538461538461,20.689655172413794,24.0,26.08695652173913,32.142857142857146,11.11111111111111,42.857142857142854,44.827586206896555,20.0,29.166666666666668,18.181818181818183,15.625,23.52941176470588,32.0,20.689655172413794,12.82051282051282,20.689655172413794,11.428571428571429,21.73913043478261,30.76923076923077,11.11111111111111,6.25,16.666666666666664,23.333333333333332,22.22222222222222,31.818181818181817,20.689655172413794,18.181818181818183,21.73913043478261,7.142857142857142,33.33333333333333,29.166666666666668,35.0,40.0,35.714285714285715,47.368421052631575,48.0,26.08695652173913,35.0,9.523809523809524,44.44444444444444,42.857142857142854,22.727272727272727,25.0,20.0,40.0,42.857142857142854,17.24137931034483,43.75,11.11111111111111,23.076923076923077,20.0,33.33333333333333,9.090909090909092,40.0,37.5,20.0,33.33333333333333,8.333333333333332,31.57894736842105,23.52941176470588,35.714285714285715,23.076923076923077,31.57894736842105,38.46153846153847,25.0,38.095238095238095,60.0,50.0,40.0,33.33333333333333,42.857142857142854,11.11111111111111,83.33333333333334,16.666666666666664,50.0,60.0,50.0,54.54545454545454,30.0,60.0,25.0,55.55555555555556,50.0,40.0,25.0,50.0,25.0,40.0,25.0,40.0,66.66666666666666,57.14285714285714,40.0,50.0,33.33333333333333,0.0,42.857142857142854,37.5,50.0,50.0,66.66666666666666,50.0,80.0,30.0,25.0,33.33333333333333,54.54545454545454,100.0,66.66666666666666,75.0,66.66666666666666,60.0,25.0,100.0,50.0,83.33333333333334,0.0,71.42857142857143,75.0,42.857142857142854,75.0,66.66666666666666,66.66666666666666,66.66666666666666,25.0,50.0,50.0,100.0,80.0,25.0,100.0,25.0,33.33333333333333,0.0,100.0,100.0,100.0,50.0,0.0,100.0,100.0,100.0,66.66666666666666,50.0,50.0,100.0,100.0,50.0,33.33333333333333,75.0,50.0,100.0,50.0,33.33333333333333,0.0,100.0,100.0,25.0,50.0,50.0,66.66666666666666,100.0,50.0,66.66666666666666,0.0,66.66666666666666,0.0,66.66666666666666,100.0,60.0,100.0,100.0,100.0,33.33333333333333,50.0,0.0,100.0,100.0,50.0,100.0,0.0,0.0,100.0,100.0,50.0,50.0,100.0,0.0,100.0,33.33333333333333,100.0,100.0,100.0,100.0,50.0,0.0,50.0,33.33333333333333,0.0,33.33333333333333,100.0,100.0,0.0,100.0,66.66666666666666,50.0,100.0,100.0,66.66666666666666,50.0,66.66666666666666,0.0,50.0,0.0,50.0,33.33333333333333,50.0,33.33333333333333,100.0,50.0,100.0,0.0,0.0,50.0,100.0,100.0,0.0,66.66666666666666,100.0,100.0,50.0,0.0,100.0,75.0,100.0,0.0,100.0,50.0,100.0,50.0,50.0,100.0,0.0,100.0,100.0,100.0,0.0,100.0,100.0,100.0,0.0,50.0,0.0,0.0,50.0,0.0,100.0,0.0,0.0,100.0,50.0,50.0,100.0,0.0,100.0,0.0,100.0,100.0,50.0,0.0,100.0,50.0,0.0,50.0,50.0,100.0,50.0,100.0,100.0,100.0,100.0,0.0,0.0,100.0,100.0,100.0,100.0,100.0],"cluster_post_filtering_doc_counts":[9201,5209,2812,1933,1286,1012,706,741,479,364,259,222,168,165,143,128,120,103,78,63,65,64,63,81,94,65,67,67,81,62,68,66,54,53,29,32,30,37,36,28,32,21,27,21,25,19,15,11,18,15,19,15,11,8,8,24,19,6,9,13,11,10,13,7,8,5,6,6,16,8,16,23,10,10,15,15,13,8,8,12,13,12,17,13,13,9,15,12,13,28,10,7,22,17,23,19,17,19,16,8,16,20,17,18,27,26,17,23,34,23,31,18,18,24,30,25,23,14,15,23,18,18,26,24,17,13,15,18,10,13,17,13,19,10,12,17,12,12,6,12,24,9,8,10,12,14,10,6,10,12,12,11,13,13,9,10,13,8,9,13,6,8,6,6,4,8,1,5,3,2,3,5,7,2,6,4,5,3,3,1,3,3,3,3,2,3,3,5,6,5,4,5,4,3,1,3,1,7,3,4,5,0,1,1,1,2,3,0,1,1,3,2,2,4,2,1,1,1,3,2,1,0,1,3,0,3,2,2,0,0,0,1,1,0,0,0,2,1,1,0,0,1,2,1,1,0,1,2,1,0,0,3,2,1,1,0,1,2,1,1,1,1,0,2,0,0,0,4,1,2,0,0,1,0,1,1,0,0,1,2,0,1,0,2,0,0,0,0,1,2,2,2,1,2,0,0,1,0,1,1,0,0,1,2,1,1,2,2,1,2,1,2,0,1,0,1,2,1,0,0,1,1,0,0,1,1,0,1,0,2,0,1,0,1,1,0,1,0,0,0,2,0,0,0,2,1,1,1,1,1,0,1,1,0,2,1,0,1,0,1,0,0,1,1,0,1,1,1,1,0,1,0,0,0,0,1,1,0,0,0,0,0],"tail_threshold":432,"tail_removal_rate":59.84848484848485,"tail_post_filtering_doc_counts":53,"global_removal_rate":78.27999543361621}