{"cluster_sizes":[1,2,4,9,14,15,16,17,18,19,20,21,22,23,24,25,26,27,28,29,31,32,34,35,36,37,39,41],"cluster_removal_rates":[70.83333333333334,31.25,100.0,0.0,100.0,0.0,33.33333333333333,0.0,11.11111111111111,16.666666666666664,9.523809523809524,16.666666666666664,11.11111111111111,17.647058823529413,11.428571428571429,11.11111111111111,28.57142857142857,40.0,0.0,50.0,0.0,0.0,0.0,0.0,0.0,0.0,0.0,0.0],"cluster_post_filtering_doc_counts":[7,11,0,1,0,1,2,1,8,15,19,15,32,28,31,24,10,9,3,1,1,2,7,3,2,3,4,2],"tail_threshold":43,"tail_removal_rate":0.0,"tail_post_filtering_doc_counts":1,"global_removal_rate":20.327868852459016}