{"cluster_sizes":[1,2,3,4,5,6,7,8,9,10,11,12,13,14,15,16,17,18,19,20,21,22,23,24,25,26,27,28,29,30,31,32,33,34,35,36,37,38,39,40,41,42,43,44,45,46,47,48,49,50,51,52,53,54,55,56,57,58,59,60,61,62,63,64,65,66,67,68,69,70,71,72,73,74,75,76,77,78,79,80,81,82,83,84,85,86,87,88,89,90,91,92,93,94,95,96,97,98,99,100,101,102,103,104,105,106,107,108,109,110,111,112,113,114,115,116,117,118,119,120,121,122,123,124,125,126,127,128,129,130,131,132,133,134,135,136,137,138,139,140,141,142,143,144,145,146,147,148,149,150,151,152,153,154,155,156,157,158,159,160,161,162,163,164,165,166,167],"cluster_removal_rates":[99.55907974158005,98.96898809548917,98.52535019829571,98.30948130006824,97.87266864022683,97.56174982640611,97.47131262244612,97.36851181238144,96.96639459110824,96.71445955240463,96.50875284343783,96.08048383344963,95.16564042542365,95.37026568682872,95.55612803503575,95.05363957088343,94.40192621893542,93.97159871736143,93.09506185894047,93.67245657568239,93.00539083557952,93.96220617606392,93.26024442846872,93.49713652318492,93.16112640271014,93.90647142182334,92.38393322900366,92.67498643516006,91.73309713610865,91.70174383644016,93.20594479830149,93.31656485806683,93.16591189790037,94.02099497946143,92.02207727044657,93.11540366518078,91.4009111617312,92.44823386114494,91.7684887459807,92.91390728476821,91.88779378316907,93.6698717948718,93.37511190689347,92.87776708373437,92.90780141843972,92.38790406673618,91.60493827160494,91.78403755868545,89.54081632653062,91.7941585535466,90.06309148264984,88.36524300441826,90.1116427432217,88.34355828220859,87.97996661101837,89.60396039603961,90.10989010989012,87.83269961977186,87.5984251968504,89.84674329501917,86.37274549098196,84.13654618473896,87.85425101214574,84.51612903225806,81.17647058823529,83.52144469525959,83.9108910891089,82.84424379232506,81.31313131313132,80.73878627968337,79.44162436548223,82.29665071770334,83.88746803069054,83.50253807106598,80.87774294670847,83.43023255813954,84.77611940298507,87.13826366559485,82.6797385620915,82.0754716981132,82.6086956521739,77.77777777777779,79.3103448275862,79.76653696498055,78.73134328358209,77.77777777777779,76.4,81.65467625899281,83.59375,81.22448979591836,80.47808764940238,75.22123893805309,81.2807881773399,82.27272727272728,75.87939698492463,79.62085308056872,78.08988764044943,82.63473053892216,81.14285714285714,79.01234567901234,72.32704402515722,77.00534759358288,77.01863354037268,85.2112676056338,79.45205479452055,77.51937984496125,84.03361344537815,88.14814814814815,83.33333333333334,84.42622950819673,81.6,80.35714285714286,81.0,89.62264150943396,79.41176470588235,90.52631578947368,84.21052631578947,84.78260869565217,84.33734939759037,89.53488372093024,87.36842105263159,89.52380952380953,89.1891891891892,89.47368421052632,90.78947368421053,91.95402298850574,95.18072289156626,90.76923076923077,96.7741935483871,97.05882352941177,94.33962264150944,94.44444444444444,87.93103448275862,93.65079365079364,93.33333333333333,86.3013698630137,93.54838709677419,93.87755102040816,91.22807017543859,98.33333333333333,96.49122807017544,91.48936170212765,98.07692307692307,96.49122807017544,97.61904761904762,98.4375,97.43589743589743,100.0,93.87755102040816,91.22807017543859,94.5945945945946,100.0,97.67441860465115,100.0,100.0,92.5925925925926,97.91666666666666,93.54838709677419,93.47826086956522,97.05882352941177,93.75,97.43589743589743,93.93939393939394,100.0,96.875,97.43589743589743,100.0],"cluster_post_filtering_doc_counts":[14438,7333,4752,3617,2896,2458,1807,1526,1364,1242,1059,1011,950,819,690,687,651,658,653,561,519,393,375,352,323,258,292,270,280,276,192,186,166,131,159,139,151,124,128,107,107,79,74,74,70,73,68,70,82,59,63,79,62,76,72,63,54,64,63,53,68,79,60,72,80,73,65,76,74,73,81,74,63,65,61,57,51,40,53,57,52,68,60,52,57,58,59,51,42,46,49,56,38,39,48,43,39,29,33,34,44,43,37,21,30,29,19,16,20,19,23,22,19,11,21,9,15,14,13,9,12,11,8,8,7,7,4,6,2,2,3,2,7,4,4,10,4,3,5,1,2,4,1,2,1,1,1,0,3,5,2,0,1,0,0,4,1,2,3,1,2,1,2,0,1,1,0],"tail_threshold":168,"tail_removal_rate":98.93657424990505,"tail_post_filtering_doc_counts":56,"global_removal_rate":98.8876231141822}