{"cluster_sizes":[1,2,3,4,5,6,7,8,9,11,13,14,15,18,23,48,52,55,56,72],"cluster_removal_rates":[72.93103448275862,40.27777777777778,42.857142857142854,75.0,50.0,41.66666666666667,20.0,50.0,100.0,100.0,100.0,100.0,0.0,100.0,100.0,0.0,100.0,0.0,100.0,100.0],"cluster_post_filtering_doc_counts":[157,43,16,3,6,14,12,1,0,0,0,0,1,0,0,1,0,1,0,0],"tail_threshold":151,"tail_removal_rate":100.0,"tail_post_filtering_doc_counts":0,"global_removal_rate":66.44736842105263}