{"cluster_sizes":[1,2,3,4,5,6,7,8,9,10,11,12,13,14,15,16,17,18,19,20,21,22,23,24,25,26,27,28,29,30,31,32,35,36,37,38,39,40,41,42,43,45,46,48,49,56,58,61,63],"cluster_removal_rates":[98.57074471722629,91.53976311336717,89.51841359773371,91.13300492610837,89.93288590604027,91.8918918918919,92.85714285714286,90.56603773584906,85.71428571428571,100.0,94.73684210526315,88.0,95.83333333333334,87.5,100.0,50.0,100.0,85.71428571428571,80.0,90.9090909090909,100.0,92.3076923076923,87.5,90.9090909090909,100.0,100.0,100.0,100.0,100.0,100.0,100.0,100.0,100.0,100.0,100.0,100.0,100.0,100.0,100.0,100.0,66.66666666666666,100.0,100.0,100.0,100.0,100.0,100.0,100.0,100.0],"cluster_post_filtering_doc_counts":[209,100,37,18,15,12,5,5,6,0,1,3,1,1,0,2,0,1,1,1,0,1,1,1,0,0,0,0,0,0,0,0,0,0,0,0,0,0,0,0,1,0,0,0,0,0,0,0,0],"tail_threshold":69,"tail_removal_rate":94.44444444444444,"tail_post_filtering_doc_counts":1,"global_removal_rate":97.52443378006672}