{"cluster_sizes":[1,2,3,4,5,6,7,8,9,10,11,12,13,14,15,16,17,18,19,20,21,22,23,24,25,26,27,28,29,30,31,32,33,34,35,36,37,38,39,40,41,42,43,44,45,46,47,48,49,50,51,52,53,54,55,56,57,58,59,60,61,62,63,64,65,66,67,68,69,70,71,72,73,74,75,76,77,78,79,80,81,82,83,84,85,86,87,88,89,90,91,92,93,94,95,96,97,98,99,100,101,102,103,104,105,106,107,108,109,110,111,112,113,114,115,116,117,118,119,120,121,122,123,124,125,126,127,128,129,130],"cluster_removal_rates":[99.55008149283155,97.82005939691186,97.83246073298429,97.88388302076598,98.07600063955657,97.82167395377888,97.26686345249809,97.13748735000722,96.36190476190475,94.78547854785478,93.77452262620977,94.25064599483204,96.12476370510396,96.17940199335548,97.00255102040816,97.64957264957265,93.90862944162437,95.76515880654476,95.05783385909568,94.96644295302013,93.6969696969697,92.8478543563069,87.77777777777777,94.04761904761905,94.64285714285714,93.8730853391685,93.47826086956522,93.84965831435079,93.7007874015748,90.35812672176309,88.91891891891892,91.58878504672897,93.25842696629213,92.58160237388724,93.29608938547486,94.13489736070382,92.9530201342282,92.98245614035088,90.98039215686275,83.984375,86.48648648648648,81.27853881278538,82.48587570621469,85.3211009174312,84.17721518987342,85.51724137931035,88.46153846153845,90.47619047619048,87.28813559322035,88.9908256880734,84.42622950819673,85.0,88.13559322033898,91.34615384615384,90.2439024390244,89.1566265060241,90.56603773584906,87.8048780487805,84.33734939759037,82.29166666666666,88.60759493670885,87.5,89.04109589041096,96.05263157894737,86.76470588235294,81.17647058823529,81.81818181818183,83.5820895522388,86.3013698630137,91.66666666666666,87.5,92.1875,90.1639344262295,87.75510204081633,86.95652173913044,88.52459016393442,86.95652173913044,90.47619047619048,91.66666666666666,93.10344827586206,90.0,88.23529411764706,93.33333333333333,85.71428571428571,81.81818181818183,82.14285714285714,84.44444444444444,92.3076923076923,87.17948717948718,87.8048780487805,83.78378378378379,81.48148148148148,78.94736842105263,90.0,95.23809523809523,88.46153846153845,91.66666666666666,90.32258064516128,93.75,100.0,100.0,96.15384615384616,91.66666666666666,100.0,90.0,89.47368421052632,100.0,94.11764705882352,91.66666666666666,90.9090909090909,94.11764705882352,85.0,89.47368421052632,95.83333333333334,93.33333333333333,94.11764705882352,92.85714285714286,95.0,100.0,100.0,100.0,92.85714285714286,100.0,100.0,80.0,92.85714285714286,100.0,92.85714285714286,90.0,93.33333333333333],"cluster_post_filtering_doc_counts":[3688,1769,828,589,361,279,250,198,191,237,238,178,82,69,47,33,72,44,47,45,52,55,77,35,30,28,30,27,24,35,41,27,24,25,24,20,21,20,23,41,30,41,31,32,25,21,12,12,15,12,19,15,14,9,8,9,10,10,13,17,9,12,8,3,9,16,14,11,10,5,8,5,6,6,9,7,6,4,4,4,4,4,3,6,8,5,7,3,5,5,6,5,4,3,1,3,2,3,1,0,0,1,2,0,2,2,0,1,1,1,1,3,2,1,1,1,1,1,0,0,0,1,0,0,2,1,0,1,1,1],"tail_threshold":131,"tail_removal_rate":97.1883786316776,"tail_post_filtering_doc_counts":30,"global_removal_rate":99.00170781669118}