{"cluster_sizes":[1,2,3,4,5,6,7,8,9,11,12,13,14,16,17,18,20,21,22,23,24,25,26,27,28,29,30,32,33,36,38,47,68,96,256,286],"cluster_removal_rates":[79.61783439490446,59.854014598540154,65.9090909090909,81.81818181818183,90.9090909090909,90.9090909090909,100.0,83.33333333333334,50.0,100.0,100.0,100.0,100.0,100.0,100.0,100.0,100.0,90.9090909090909,100.0,90.0,100.0,75.0,75.0,80.0,75.0,100.0,100.0,100.0,100.0,100.0,100.0,100.0,100.0,100.0,100.0,100.0],"cluster_post_filtering_doc_counts":[96,55,15,4,1,1,0,1,1,0,0,0,0,0,0,0,0,1,0,1,0,2,2,1,1,0,0,0,0,0,0,0,0,0,0,0],"tail_threshold":326,"tail_removal_rate":100.0,"tail_post_filtering_doc_counts":0,"global_removal_rate":77.53086419753087}