{"cluster_sizes":[1,2,3,4,5,6,7,8,9,10,11,12,13,14,15,16,17,18,19,20,21,22,23,24,25,26,27,28,29,30,31,32,33,34,35,36,37,38,39,40,41,42,43,44,45,46,47,48,49,52,55,56,58,61,66,68,74,84,89,92],"cluster_removal_rates":[96.54637175009701,95.44827586206897,91.17647058823529,89.95215311004785,93.07692307692308,98.13084112149532,98.75,100.0,98.0392156862745,97.22222222222221,100.0,100.0,95.0,100.0,100.0,100.0,95.45454545454545,88.0,71.05263157894737,71.23287671232876,74.22680412371135,71.89542483660131,80.38277511961722,75.48076923076923,79.88505747126436,84.57142857142857,80.64516129032258,83.13253012048193,70.17543859649122,93.75,58.333333333333336,83.33333333333334,100.0,75.0,100.0,25.0,50.0,60.0,66.66666666666666,80.0,100.0,50.0,100.0,33.33333333333333,0.0,50.0,100.0,0.0,100.0,100.0,100.0,50.0,100.0,100.0,100.0,100.0,100.0,100.0,100.0,100.0],"cluster_post_filtering_doc_counts":[178,33,30,21,9,2,1,0,1,1,0,0,1,0,0,0,1,3,11,21,25,43,41,51,35,27,24,14,17,1,5,1,0,1,0,3,5,2,1,1,0,1,0,2,2,1,0,1,0,0,0,1,0,0,0,0,0,0,0,0],"tail_threshold":98,"tail_removal_rate":100.0,"tail_post_filtering_doc_counts":0,"global_removal_rate":92.78543077282279}