{"cluster_sizes":[1,2,3,4,5,6,7,8,9,10,11,12,13,14,15,16,17,18,19,20,21,22,23,24,25,26,27,28,29,30,31,32,33,34,35,36,37,38,39,40,41,42,43,44,45,46,47,48,49,50,51,52,53,54,55,56,57,58,59,60,61,62,63,64,65,66,67,68,69,70,71,72,73,74,75,76,77,78,80,81,82,84,85,86,87,88,89,90,93,94,95,96,98,99,100],"cluster_removal_rates":[99.5907458448175,97.36647797194192,96.4801778436458,96.4261631827377,94.13754227733935,96.4527027027027,93.10344827586206,95.95959595959596,95.08196721311475,95.60975609756098,93.56725146198829,95.88235294117648,96.07843137254902,93.00699300699301,98.1981981981982,96.05263157894737,93.84615384615384,100.0,94.64285714285714,89.36170212765957,91.83673469387756,97.36842105263158,100.0,91.42857142857143,89.65517241379311,86.95652173913044,83.33333333333334,84.21052631578947,84.61538461538461,96.55172413793103,90.9090909090909,93.10344827586206,100.0,95.65217391304348,96.875,98.0392156862745,97.72727272727273,93.18181818181817,92.10526315789474,86.8421052631579,95.83333333333334,91.30434782608695,92.3076923076923,100.0,77.77777777777779,87.5,100.0,75.0,100.0,100.0,75.0,100.0,80.0,66.66666666666666,100.0,100.0,100.0,100.0,100.0,100.0,80.0,100.0,100.0,100.0,100.0,100.0,100.0,100.0,100.0,66.66666666666666,100.0,100.0,87.5,77.77777777777779,100.0,100.0,50.0,50.0,100.0,100.0,100.0,50.0,100.0,100.0,100.0,100.0,100.0,100.0,100.0,100.0,50.0,100.0,100.0,100.0,100.0],"cluster_post_filtering_doc_counts":[196,107,95,53,52,21,28,16,15,9,11,7,6,10,2,3,4,0,3,5,4,1,0,3,3,3,3,3,4,1,2,2,0,1,1,1,1,3,3,5,1,2,1,0,2,1,0,2,0,0,1,0,1,1,0,0,0,0,0,0,1,0,0,0,0,0,0,0,0,1,0,0,1,2,0,0,2,2,0,0,0,1,0,0,0,0,0,0,0,0,1,0,0,0,0],"tail_threshold":101,"tail_removal_rate":95.08196721311475,"tail_post_filtering_doc_counts":3,"global_removal_rate":98.83032301458405}