{"cluster_sizes":[1,2,3,4,5,6,7,8,9,10,11,12,13,14,15,16,17,18,19,20,21,22,23,24,25,26,27,28,29,30,31,32,33,34,35,36,37,38,39,40,41,42,43,44,45,46,47,48,49,50,51,52,53,54,55,56,57,58,59,60,61,62,63,64,65,66,67,68,69,70,71,72,73,74,75,76,77,78,79,80,81,82,83,84,85,86,87,88,89,90,91,92,93,94,95,96],"cluster_removal_rates":[50.93216785882173,43.88331575209769,42.12457417694325,41.76117016551683,42.60460972042432,43.47075844859168,47.939899708105685,46.92868739247377,44.80745960566588,46.20564072160583,45.586187691450846,45.79247283328916,45.05484938185617,46.30432483874379,47.483200202865476,46.74778428721646,48.791922106022355,51.117318435754186,49.021918453924116,50.709579320831224,52.577920186425864,56.51438240270728,57.80299959464937,59.88319856244384,60.88096486628211,57.5159605339524,57.04088254380273,58.117958913187536,59.390503189227495,60.090702947845806,63.29704510108864,65.82653817642698,68.41317365269461,65.84197924980047,67.15017064846417,62.126865671641795,63.24503311258278,63.45381526104418,66.22023809523809,68.29679595278246,71.2171052631579,68.43137254901961,66.66666666666666,70.85201793721974,68.94273127753304,71.21535181236673,69.9738903394256,71.07438016528926,69.18429003021149,69.164265129683,76.50602409638554,70.29702970297029,76.83397683397683,75.86206896551724,73.03754266211604,74.10071942446042,77.03703703703704,75.19083969465649,74.34782608695653,73.17073170731707,72.46376811594203,72.76995305164318,69.71153846153845,74.8792270531401,74.56896551724138,69.7560975609756,70.37037037037037,76.26262626262627,72.16494845360825,78.125,67.3202614379085,77.51479289940828,79.47019867549669,75.31645569620254,73.22834645669292,75.0,72.8,75.91240875912408,68.84057971014492,78.125,77.31092436974791,79.13669064748201,72.64957264957265,77.34375,75.21367521367522,76.15384615384615,79.7979797979798,79.8076923076923,74.33628318584071,75.86206896551724,69.86301369863014,75.49019607843137,77.10843373493977,79.7979797979798,86.4406779661017,77.41935483870968],"cluster_post_filtering_doc_counts":[1158624,406961,191809,118014,68281,42588,27823,21902,15508,12703,9770,8181,6311,5078,4142,3545,2840,2450,2163,1945,1628,1285,1041,893,746,732,662,632,573,528,472,461,422,428,385,406,333,273,227,188,175,161,167,130,141,135,115,105,102,107,78,90,60,70,79,72,62,65,59,66,57,58,63,52,59,62,56,47,54,35,50,38,31,39,34,38,34,33,43,28,27,29,32,29,29,31,20,21,29,21,22,25,19,20,8,21],"tail_threshold":97,"tail_removal_rate":80.43109711794624,"tail_post_filtering_doc_counts":808,"global_removal_rate":48.06694014753513}