{"cluster_sizes":[1,2,3,4,5,6,7,8,9,10,11,12,13,14,15,16,17,18,19,20,21,22,23,24,25,26,27,28,29,31,32,33,35,36,37,38,39,42,45,46,47,50,52,53,54,55,56,57,58,60,73,102,110,113,126,152,184,221,255,278,279,291,308],"cluster_removal_rates":[100.0,100.0,99.09909909909909,97.70114942528735,88.60759493670885,57.14285714285714,41.81818181818181,29.411764705882355,41.81818181818181,36.36363636363637,60.0,66.66666666666666,66.66666666666666,87.5,57.14285714285714,80.0,72.72727272727273,80.0,83.33333333333334,100.0,100.0,100.0,100.0,100.0,100.0,100.0,100.0,100.0,100.0,100.0,100.0,100.0,100.0,100.0,100.0,100.0,100.0,100.0,100.0,100.0,100.0,100.0,100.0,100.0,100.0,100.0,100.0,100.0,100.0,100.0,100.0,100.0,100.0,100.0,100.0,100.0,100.0,100.0,100.0,100.0,100.0,100.0,100.0],"cluster_post_filtering_doc_counts":[0,0,1,2,9,24,32,36,32,14,10,4,2,1,3,1,3,1,1,0,0,0,0,0,0,0,0,0,0,0,0,0,0,0,0,0,0,0,0,0,0,0,0,0,0,0,0,0,0,0,0,0,0,0,0,0,0,0,0,0,0,0,0],"tail_threshold":440,"tail_removal_rate":100.0,"tail_post_filtering_doc_counts":0,"global_removal_rate":92.01451905626135}