{"cluster_sizes":[1,2,3,4,5,6,7,8,9,10,11,12,13,14,15,16,17,18,19,20,21,22,23,24,25,26,27,28,29,30,31,32,33,34,35,36,37,38,39,40,41,42,43,44,45,46,47,48,49,50,51,52,53,55,56,57,58,60,61,63,68,71,72,80,81,89,94,99,100,102,108,110,118,126,158,189,192],"cluster_removal_rates":[98.80346232179225,91.48550724637681,97.66454352441613,99.60474308300395,96.7948717948718,84.29752066115702,97.77777777777777,98.54014598540147,97.91666666666666,95.83333333333334,96.66666666666667,96.42857142857143,91.30434782608695,96.55172413793103,100.0,100.0,100.0,100.0,100.0,100.0,100.0,100.0,92.3076923076923,80.0,100.0,100.0,50.0,100.0,100.0,100.0,100.0,100.0,80.0,100.0,100.0,100.0,100.0,100.0,100.0,88.88888888888889,100.0,100.0,100.0,100.0,100.0,100.0,100.0,100.0,100.0,50.0,100.0,100.0,100.0,100.0,100.0,100.0,100.0,100.0,100.0,100.0,100.0,100.0,100.0,100.0,100.0,100.0,100.0,100.0,100.0,100.0,100.0,100.0,100.0,100.0,100.0,100.0,100.0],"cluster_post_filtering_doc_counts":[47,94,11,1,5,19,2,2,1,2,1,1,2,1,0,0,0,0,0,0,0,0,1,1,0,0,1,0,0,0,0,0,1,0,0,0,0,0,0,1,0,0,0,0,0,0,0,0,0,1,0,0,0,0,0,0,0,0,0,0,0,0,0,0,0,0,0,0,0,0,0,0,0,0,0,0,0],"tail_threshold":257,"tail_removal_rate":100.0,"tail_post_filtering_doc_counts":0,"global_removal_rate":97.10639560765692}