{"cluster_sizes":[1,2,3,4,5,6,7,8,9,10,11,12,13,14,15,16,17,18,19,20,21,22,23,24,25,26,27,28,29,30,31,32,33,34,35,36,37,38,39,40,41,42,43,44,45,46,47,48,49,50,53,54,59,60],"cluster_removal_rates":[91.32352941176471,95.68331762488219,73.91304347826086,58.333333333333336,26.666666666666668,10.344827586206897,21.73913043478261,29.411764705882355,5.555555555555555,36.36363636363637,44.44444444444444,42.857142857142854,25.0,0.0,75.0,75.0,53.333333333333336,84.0,73.68421052631578,71.23287671232876,75.53191489361703,78.66666666666666,78.71287128712872,81.10599078341014,88.3248730964467,86.15384615384616,85.8267716535433,93.18181818181817,91.48936170212765,85.29411764705883,70.0,100.0,0.0,71.42857142857143,75.0,100.0,41.66666666666667,50.0,66.66666666666666,66.66666666666666,0.0,100.0,83.33333333333334,80.0,100.0,100.0,100.0,100.0,66.66666666666666,100.0,100.0,100.0,0.0,100.0],"cluster_post_filtering_doc_counts":[295,229,6,10,22,26,18,12,17,7,5,4,3,2,2,3,7,4,10,21,23,32,43,41,23,27,18,6,4,5,6,0,5,4,1,0,7,3,2,1,1,0,1,1,0,0,0,0,1,0,0,0,1,0],"tail_threshold":61,"tail_removal_rate":83.33333333333334,"tail_post_filtering_doc_counts":2,"global_removal_rate":90.8918585916027}