{"cluster_sizes":[1,2,3,4,5,6,7,8,9,10,11,12,13,14,15,17,18,19,20,21,22,23,24,25,26,27,28,29,30,31,32,33,35,36,37,38,39,40,41,42,43,45],"cluster_removal_rates":[87.5,87.5,100.0,75.0,100.0,100.0,66.66666666666666,75.0,100.0,100.0,100.0,100.0,100.0,100.0,100.0,57.14285714285714,44.44444444444444,50.0,37.93103448275862,53.48837209302325,53.52112676056338,49.333333333333336,63.095238095238095,58.97435897435898,65.15151515151516,80.95238095238095,73.91304347826086,81.25,25.0,85.71428571428571,33.33333333333333,0.0,0.0,50.0,50.0,66.66666666666666,20.0,0.0,0.0,0.0,100.0,100.0],"cluster_post_filtering_doc_counts":[40,4,0,2,0,0,1,1,0,0,0,0,0,0,0,3,5,8,18,20,33,38,31,32,23,8,6,3,3,1,2,3,2,3,1,1,4,2,1,1,0,0],"tail_threshold":47,"tail_removal_rate":50.0,"tail_post_filtering_doc_counts":1,"global_removal_rate":70.25691699604744}