{"cluster_sizes":[1,2,3,4,5,6,7,8,9,10,11,12,13,14,15,16,19,20,22,25,30,31,32,35,40,44,47,53,65,70,96,456,466],"cluster_removal_rates":[99.75429975429975,99.21259842519686,89.70588235294117,77.96610169491525,80.64516129032258,96.42857142857143,80.0,85.71428571428571,100.0,100.0,100.0,100.0,100.0,100.0,100.0,100.0,100.0,100.0,100.0,100.0,100.0,100.0,100.0,100.0,100.0,100.0,100.0,100.0,100.0,100.0,100.0,100.0,100.0],"cluster_post_filtering_doc_counts":[1,1,7,13,6,1,4,2,0,0,0,0,0,0,0,0,0,0,0,0,0,0,0,0,0,0,0,0,0,0,0,0,0],"tail_threshold":3188,"tail_removal_rate":100.0,"tail_post_filtering_doc_counts":0,"global_removal_rate":95.67901234567901}