{"cluster_sizes":[1,2,3,4,5,6,7,8,9,10,11,12,13,14,15,16,17,18,19,20,21,22,23,24,25,26,27,28,29,30,31,32,33,34,35,36,37,38,39,40,41,42,43,44,45,46,47,49,50,51,52,53,54,55,56,57,58,59,62,63,64,66,67,70,71,72,74,79,88,89,92,93,94,97,99],"cluster_removal_rates":[97.86780383795309,96.89655172413794,99.48519948519949,94.9367088607595,94.61538461538461,97.8021978021978,98.50746268656717,98.27586206896551,98.36065573770492,88.88888888888889,84.35754189944134,83.8006230529595,83.36380255941499,85.27918781725889,81.16591928251121,82.22923238696109,84.10513141426783,82.32484076433121,80.48780487804879,76.05633802816901,75.49019607843137,74.53703703703704,75.47169811320755,79.65517241379311,80.71428571428572,77.67857142857143,79.76190476190477,87.62886597938144,85.13513513513513,83.6734693877551,84.61538461538461,71.42857142857143,57.14285714285714,57.14285714285714,50.0,66.66666666666666,50.0,85.71428571428571,75.0,60.0,75.0,75.0,100.0,100.0,100.0,100.0,100.0,100.0,66.66666666666666,100.0,100.0,100.0,100.0,100.0,100.0,100.0,100.0,100.0,100.0,100.0,100.0,100.0,100.0,100.0,100.0,100.0,100.0,100.0,100.0,100.0,100.0,100.0,100.0,100.0,100.0],"cluster_post_filtering_doc_counts":[210,18,4,8,7,2,1,1,1,8,28,52,91,116,168,169,127,111,72,68,50,55,65,59,54,50,34,12,11,8,4,4,3,3,2,2,4,1,1,2,1,1,0,0,0,0,0,0,1,0,0,0,0,0,0,0,0,0,0,0,0,0,0,0,0,0,0,0,0,0,0,0,0,0,0],"tail_threshold":102,"tail_removal_rate":95.0,"tail_post_filtering_doc_counts":1,"global_removal_rate":91.39160554197228}