{"cluster_sizes":[1,2,3,4,5,6,7,8,9,10,11,12,13,14,15,16,17,18,19,20,21,22,23,24,25,26,27,28,29,30,31,32,33,34,35,36,37,38,39,40,41,42,43,44,45,47,48,50,51,52,53,54,55,56,57,58,59,61,62,65,67,69,70,71,74,76,80,81,83,84],"cluster_removal_rates":[96.98249849124925,90.12036108324975,90.10600706713781,86.32124352331606,79.40552016985139,78.84393063583815,75.12626262626263,75.88996763754045,80.31088082901555,87.1244635193133,87.41258741258741,95.55555555555556,88.70967741935483,87.17948717948718,96.66666666666667,88.88888888888889,95.23809523809523,100.0,88.23529411764706,100.0,100.0,85.71428571428571,100.0,90.0,100.0,100.0,100.0,100.0,100.0,100.0,100.0,100.0,100.0,100.0,100.0,100.0,100.0,100.0,100.0,100.0,85.71428571428571,100.0,100.0,100.0,100.0,100.0,100.0,100.0,100.0,100.0,100.0,100.0,100.0,100.0,100.0,100.0,100.0,100.0,100.0,100.0,100.0,100.0,100.0,100.0,100.0,100.0,100.0,100.0,100.0,100.0],"cluster_post_filtering_doc_counts":[450,197,112,132,194,183,197,149,76,30,18,4,7,5,1,4,1,0,2,0,0,2,0,1,0,0,0,0,0,0,0,0,0,0,0,0,0,0,0,0,1,0,0,0,0,0,0,0,0,0,0,0,0,0,0,0,0,0,0,0,0,0,0,0,0,0,0,0,0,0],"tail_threshold":90,"tail_removal_rate":100.0,"tail_post_filtering_doc_counts":0,"global_removal_rate":92.49404964297858}