{"cluster_sizes":[1,2,3,4,5,6,7,8,9,10,11,12,13,14,15,16,17,18,19,20,21,22,23,24,25,26,27,28,29,30,31,32,33,34,35,36,37,38,39,40,41,42,43,44,45,46,47,48,49,50,51,52,53,54,55,56,57,58,59,60,61,62,63,64,65,66,67,68,69,70,71,72,73,74,75,76,77,78,79,80,81,82,83,84,85,86,87,88,89,90,91,92,93,94,95,96,97,98,99,100,101,102,103,104,105,106,107,108,109,110,111,112,113,114,115,116],"cluster_removal_rates":[99.7374192059095,99.91600873509155,99.66804979253112,99.21644187540142,98.36093274754984,97.91886195995785,99.41157240928408,99.69879518072288,99.41348973607037,99.67948717948718,99.67346938775509,99.51076320939335,99.74715549936789,99.835255354201,100.0,99.81024667931689,100.0,99.74226804123711,99.08814589665653,100.0,100.0,100.0,99.55156950672645,100.0,100.0,99.28571428571429,99.28571428571429,100.0,99.24812030075188,100.0,100.0,99.60317460317461,99.70972423802613,100.0,99.90403071017275,100.0,99.9639899171768,99.95353159851301,99.9640933572711,99.9637352674524,100.0,99.96272828922848,100.0,99.90867579908675,100.0,100.0,99.61538461538461,99.56140350877193,100.0,100.0,99.55947136563876,99.4413407821229,100.0,100.0,100.0,100.0,100.0,100.0,100.0,98.61111111111111,100.0,100.0,100.0,100.0,100.0,100.0,100.0,100.0,100.0,100.0,100.0,100.0,100.0,100.0,100.0,100.0,100.0,100.0,100.0,100.0,100.0,100.0,100.0,100.0,100.0,100.0,100.0,100.0,100.0,100.0,100.0,100.0,100.0,100.0,100.0,100.0,100.0,100.0,100.0,100.0,100.0,100.0,100.0,100.0,100.0,100.0,100.0,100.0,100.0,100.0,100.0,100.0,100.0,100.0,100.0,100.0],"cluster_post_filtering_doc_counts":[182,15,32,61,97,79,18,7,10,5,4,5,2,1,0,1,0,1,3,0,0,0,1,0,0,1,1,0,1,0,0,2,2,0,1,0,1,2,2,2,0,1,0,1,0,0,2,2,0,0,1,1,0,0,0,0,0,0,0,1,0,0,0,0,0,0,0,0,0,0,0,0,0,0,0,0,0,0,0,0,0,0,0,0,0,0,0,0,0,0,0,0,0,0,0,0,0,0,0,0,0,0,0,0,0,0,0,0,0,0,0,0,0,0,0,0],"tail_threshold":117,"tail_removal_rate":100.0,"tail_post_filtering_doc_counts":0,"global_removal_rate":99.67555726591871}