{"cluster_sizes":[1,2,3,4,5,6,7,8,9,10,11,14,15,17,18,19,21,22,23,24,25,26,27,28,31,36,37,38,39,40,41,44,52,53],"cluster_removal_rates":[99.43181818181817,99.37106918238993,91.30434782608695,100.0,100.0,100.0,87.5,100.0,100.0,100.0,100.0,100.0,100.0,100.0,100.0,66.66666666666666,100.0,100.0,100.0,100.0,100.0,83.33333333333334,100.0,100.0,100.0,100.0,100.0,100.0,100.0,100.0,0.0,100.0,0.0,100.0],"cluster_post_filtering_doc_counts":[3,1,4,0,0,0,1,0,0,0,0,0,0,0,0,1,0,0,0,0,0,1,0,0,0,0,0,0,0,0,1,0,1,0],"tail_threshold":260,"tail_removal_rate":100.0,"tail_post_filtering_doc_counts":0,"global_removal_rate":98.44497607655502}