{"cluster_sizes":[1,2,3,4,5,6,7,8,9,10,31,32,33,34,35,36,37,38,39],"cluster_removal_rates":[69.23076923076923,21.296296296296298,33.33333333333333,50.0,37.5,0.0,13.333333333333334,0.0,0.0,50.0,100.0,100.0,100.0,100.0,100.0,100.0,100.0,100.0,100.0],"cluster_post_filtering_doc_counts":[4,170,10,8,5,3,13,2,1,1,0,0,0,0,0,0,0,0,0],"tail_threshold":47,"tail_removal_rate":100.0,"tail_post_filtering_doc_counts":0,"global_removal_rate":31.545741324921135}