{"cluster_sizes":[1,2,3,4,5,7,8,9,10,11,12,13,14,15,16,17,18,19,20,21,22,23,24,25,26,27,28,29,30,32,33,35,37],"cluster_removal_rates":[92.99007444168734,10.0,100.0,0.0,100.0,87.5,95.23809523809523,96.66666666666667,97.05882352941177,100.0,78.57142857142857,20.0,33.33333333333333,6.25,11.11111111111111,0.0,0.0,3.571428571428571,4.545454545454546,3.8461538461538463,0.0,0.0,0.0,0.0,16.666666666666664,0.0,0.0,0.0,0.0,0.0,0.0,0.0,0.0],"cluster_post_filtering_doc_counts":[113,9,0,1,0,2,1,1,1,0,3,4,4,15,16,26,24,27,21,25,17,8,12,7,5,1,6,5,7,2,2,1,2],"tail_threshold":38,"tail_removal_rate":33.33333333333333,"tail_post_filtering_doc_counts":2,"global_removal_rate":81.58287705326033}