{"cluster_sizes":[1,2,3,4,5,6,7,8,9,10,11,12,14,15,16,17,19,20,22,23,26,29,33,34,35,36,38,39,40,45,47,49,50,51,52,53,61,62,73,133],"cluster_removal_rates":[93.40305711987128,91.83673469387756,98.13084112149532,100.0,100.0,100.0,100.0,100.0,100.0,100.0,100.0,100.0,100.0,100.0,100.0,100.0,100.0,100.0,100.0,100.0,100.0,100.0,100.0,100.0,100.0,100.0,100.0,100.0,100.0,100.0,100.0,100.0,0.0,100.0,100.0,100.0,100.0,100.0,100.0,100.0],"cluster_post_filtering_doc_counts":[82,20,2,0,0,0,0,0,0,0,0,0,0,0,0,0,0,0,0,0,0,0,0,0,0,0,0,0,0,0,0,0,1,0,0,0,0,0,0,0],"tail_threshold":137,"tail_removal_rate":100.0,"tail_post_filtering_doc_counts":0,"global_removal_rate":94.14715719063545}