{"cluster_sizes":[1,2,3,4,5,6,7,8,9,10,11,12,13,14,15,16,17,18,19,20,21,22,24,25,26,27,28,29,30,31,33,35,36,37,38,39,40,41,42,43,45,47,50,52,54,56,57,62,64,65,66,76,78,87,94,115,125,174,216,224],"cluster_removal_rates":[93.30218068535827,99.375,98.21428571428571,91.52542372881356,100.0,97.87234042553192,95.23809523809523,100.0,94.11764705882352,100.0,100.0,100.0,100.0,100.0,100.0,66.66666666666666,100.0,66.66666666666666,75.0,100.0,100.0,100.0,50.0,0.0,100.0,100.0,100.0,100.0,100.0,100.0,100.0,100.0,100.0,100.0,100.0,100.0,100.0,100.0,100.0,100.0,100.0,100.0,100.0,100.0,100.0,100.0,100.0,100.0,100.0,100.0,100.0,100.0,100.0,100.0,100.0,100.0,100.0,100.0,100.0,100.0],"cluster_post_filtering_doc_counts":[43,1,2,5,0,1,1,0,1,0,0,0,0,0,0,1,0,1,1,0,0,0,1,1,0,0,0,0,0,0,0,0,0,0,0,0,0,0,0,0,0,0,0,0,0,0,0,0,0,0,0,0,0,0,0,0,0,0,0,0],"tail_threshold":237,"tail_removal_rate":100.0,"tail_post_filtering_doc_counts":0,"global_removal_rate":95.3978159126365}