{"cluster_sizes":[1,2,3,4,5,6,7,8,9,10,11,12,14,15,16,18,19,21,48,59],"cluster_removal_rates":[99.17355371900827,97.43589743589743,93.75,85.0,100.0,100.0,100.0,100.0,100.0,100.0,100.0,100.0,100.0,100.0,100.0,100.0,100.0,100.0,100.0,100.0],"cluster_post_filtering_doc_counts":[4,1,1,3,0,0,0,0,0,0,0,0,0,0,0,0,0,0,0,0],"tail_threshold":132,"tail_removal_rate":100.0,"tail_post_filtering_doc_counts":0,"global_removal_rate":98.52216748768473}