{"cluster_sizes":[1,2,3,4,5,6,7,8,9,10,11,12,13,14,15,16,17,18,19,20,21,22,23,24,25,26,27,28,29,30,31,32,33,34,35,36,37,38,39,40,44,46,47,48,51,52,53,56,58,60],"cluster_removal_rates":[71.0032362459547,59.2901878914405,76.57142857142857,77.03703703703704,92.3076923076923,91.66666666666666,95.83333333333334,100.0,100.0,100.0,66.66666666666666,100.0,50.0,100.0,100.0,100.0,87.5,60.0,71.15384615384616,64.63414634146342,65.15151515151516,57.77777777777777,61.832061068702295,61.50943396226415,63.90977443609023,63.39285714285714,60.122699386503065,67.54385964912281,57.14285714285714,62.5,35.714285714285715,71.42857142857143,20.0,28.57142857142857,0.0,0.0,50.0,0.0,25.0,33.33333333333333,0.0,0.0,0.0,100.0,100.0,100.0,100.0,50.0,100.0,100.0],"cluster_post_filtering_doc_counts":[896,195,41,31,1,1,1,0,0,0,1,0,1,0,0,0,1,12,15,29,46,76,100,102,96,82,65,37,33,9,9,2,4,5,3,2,1,1,3,2,1,1,2,0,0,0,0,1,0,0],"tail_threshold":64,"tail_removal_rate":100.0,"tail_post_filtering_doc_counts":0,"global_removal_rate":67.6829268292683}