{"cluster_sizes":[1,2,3,4,5,6,7,8,9,10,17,19,20,21,22,23,24,25,26,27,28,29,48,57],"cluster_removal_rates":[89.68253968253968,56.52173913043478,80.0,80.0,70.0,21.73913043478261,20.0,100.0,100.0,100.0,100.0,50.0,100.0,100.0,0.0,75.0,100.0,66.66666666666666,100.0,100.0,100.0,100.0,0.0,0.0],"cluster_post_filtering_doc_counts":[13,10,2,2,3,18,4,0,0,0,0,1,0,0,2,1,0,2,0,0,0,0,1,1],"tail_threshold":62,"tail_removal_rate":0.0,"tail_post_filtering_doc_counts":1,"global_removal_rate":75.10204081632654}