{"cluster_sizes":[1,2,3,4,5,6,7,8,9,10,11,12,13,14,15,16,17,18,19,20,21,22,23,24,25,26,27,28,29,30,31,32,33,34,35,36,37,38,39,40,41,42,43,44,45,46,47,48,49,50,51,52,53,54,55,56,57,58,59,60,61,62,63,64,65,66,67,68,69,70,71,72,73,74,75,76,77,78,79,80,81,82,83,84,85,86,87,88,89,90,91,92,93,94,95,96,97,98,99,100,101,102,103,104,105,106,107,108,109,110,111,112,113,114,115,116,117,118,119,120,121,122,123,124,125,126,127,128,129,130,131,132,133,134,135,136,137,138,140,141,142,143,144,145,146,147,148,149,150,151,152,153,154,155,156,157,158,159,160,161,162,163,164,165,166,167,168,169,170,171,172,173,174,175,176,177,178,179,180,181,182,183,184,185,186,187,188,189,190,191,192,193,194,195,196,197,198,200,201,202,203,204,205,206,207,208,209,211,212,213,214,215,216,217],"cluster_removal_rates":[97.54103918215445,94.71291313691015,93.72671252507881,93.2737067838276,92.12179375327169,92.75211300219985,93.62810778621409,92.34390992835209,93.75706214689265,95.097037793667,94.61570078092889,94.77303988995874,95.10181618051735,92.40986717267552,93.91988555078684,94.5045795170691,94.86081370449678,94.73067915690866,96.26038781163435,96.81978798586573,97.16599190283401,96.21380846325167,96.45390070921985,95.41484716157204,96.33507853403141,97.33333333333334,95.42682926829268,95.58823529411765,97.4074074074074,97.21115537848605,97.46835443037975,95.63492063492063,98.57142857142858,98.19277108433735,98.02631578947368,97.48427672955975,96.81528662420382,98.3739837398374,95.23809523809523,96.35036496350365,98.05825242718447,97.87234042553192,96.55172413793103,97.97979797979798,97.77777777777777,95.94594594594594,100.0,100.0,98.61111111111111,95.71428571428572,100.0,100.0,98.33333333333333,100.0,100.0,100.0,100.0,98.86363636363636,100.0,97.2972972972973,97.5609756097561,100.0,97.36842105263158,96.42857142857143,100.0,100.0,100.0,95.45454545454545,100.0,100.0,100.0,100.0,92.3076923076923,100.0,96.42857142857143,100.0,100.0,100.0,100.0,100.0,100.0,100.0,100.0,100.0,95.0,100.0,100.0,100.0,92.3076923076923,100.0,92.3076923076923,100.0,100.0,100.0,94.11764705882352,100.0,87.5,100.0,92.3076923076923,100.0,100.0,100.0,100.0,100.0,100.0,100.0,100.0,100.0,100.0,100.0,100.0,100.0,100.0,100.0,100.0,100.0,100.0,100.0,100.0,100.0,100.0,100.0,100.0,100.0,100.0,100.0,100.0,100.0,100.0,100.0,100.0,100.0,100.0,100.0,100.0,100.0,100.0,100.0,100.0,100.0,100.0,100.0,100.0,100.0,100.0,100.0,100.0,100.0,100.0,100.0,100.0,100.0,100.0,75.0,100.0,100.0,100.0,100.0,100.0,100.0,100.0,100.0,100.0,100.0,100.0,100.0,100.0,100.0,100.0,100.0,100.0,100.0,100.0,100.0,100.0,100.0,100.0,100.0,100.0,100.0,100.0,100.0,100.0,100.0,100.0,100.0,100.0,100.0,100.0,100.0,100.0,100.0,100.0,100.0,100.0,100.0,100.0,100.0,100.0,100.0,100.0,100.0,100.0,100.0,100.0,100.0,100.0,100.0,100.0,100.0,100.0,100.0,100.0,100.0],"cluster_post_filtering_doc_counts":[6528,2977,1751,1286,903,626,428,374,221,144,131,114,89,120,85,66,48,45,27,18,14,17,15,21,14,10,15,12,7,7,6,11,3,3,3,4,5,2,6,5,2,2,3,2,2,3,0,0,1,3,0,0,1,0,0,0,0,1,0,1,1,0,1,1,0,0,0,1,0,0,0,0,2,0,1,0,0,0,0,0,0,0,0,0,1,0,0,0,1,0,1,0,0,0,1,0,2,0,1,0,0,0,0,0,0,0,0,0,0,0,0,0,0,0,0,0,0,0,0,0,0,0,0,0,0,0,0,0,0,0,0,0,0,0,0,0,0,0,0,0,0,0,0,0,0,0,0,0,0,0,0,0,0,1,0,0,0,0,0,0,0,0,0,0,0,0,0,0,0,0,0,0,0,0,0,0,0,0,0,0,0,0,0,0,0,0,0,0,0,0,0,0,0,0,0,0,0,0,0,0,0,0,0,0,0,0,0,0,0,0,0,0,0,0],"tail_threshold":219,"tail_removal_rate":99.07192575406032,"tail_post_filtering_doc_counts":4,"global_removal_rate":96.22807997839429}