{"cluster_sizes":[1,2,3,4,5,6,7,8,9,10,11,12,13,14,15,16,17,18,19,20,21,22,23,24,25,26,27,28,29,30,31,32,33,34,35,36,37,38,39,40,41,42,43,44,45,46,47,49,51,52,53,54,56,57,59,60,62,64,69,70,72,75,77,87,89,90,96,102],"cluster_removal_rates":[99.69866551872578,98.36660617059891,98.22380106571936,97.9020979020979,95.43726235741445,95.91836734693877,92.90780141843972,82.92682926829268,94.4954128440367,96.69421487603306,97.11538461538461,97.33333333333334,97.95918367346938,90.0,100.0,88.88888888888889,86.36363636363636,100.0,96.0,87.5,100.0,100.0,100.0,88.88888888888889,100.0,100.0,100.0,100.0,100.0,100.0,66.66666666666666,100.0,100.0,100.0,100.0,100.0,100.0,100.0,100.0,100.0,100.0,100.0,100.0,100.0,100.0,100.0,100.0,100.0,100.0,100.0,100.0,100.0,100.0,100.0,100.0,100.0,100.0,100.0,100.0,100.0,100.0,100.0,100.0,100.0,100.0,100.0,100.0,100.0],"cluster_post_filtering_doc_counts":[14,18,10,9,12,8,10,21,6,4,3,2,1,3,0,2,3,0,1,1,0,0,0,1,0,0,0,0,0,0,1,0,0,0,0,0,0,0,0,0,0,0,0,0,0,0,0,0,0,0,0,0,0,0,0,0,0,0,0,0,0,0,0,0,0,0,0,0],"tail_threshold":110,"tail_removal_rate":100.0,"tail_post_filtering_doc_counts":0,"global_removal_rate":98.42175549350492}