{"cluster_sizes":[1,2,3,4,5,6,7,8,9,10,11,12,13,14,15,18,28,41],"cluster_removal_rates":[55.27638190954774,20.0,60.0,48.717948717948715,32.432432432432435,27.173913043478258,13.636363636363635,14.285714285714285,0.0,25.0,12.5,40.0,0.0,25.0,0.0,0.0,0.0,100.0],"cluster_post_filtering_doc_counts":[89,4,2,20,50,67,57,30,11,6,7,3,6,3,3,1,1,0],"tail_threshold":222,"tail_removal_rate":100.0,"tail_post_filtering_doc_counts":0,"global_removal_rate":36.17021276595745}