{"cluster_sizes":[1,2,3,4,5,6,7,8,9,10,11,12,13,14,15,16,17,18,19,20,21,22,23,24,25,26,27,28,29,30,31,32,33,34,35,36,37,38,39,40,41,42,43,44,45,46,47,48,49,50,51,52,53,54,55,56,57,58,59,60,61,62,63,64,65,66,67,68,69,70,71,72,73,74,75,76,77,78,79,80,81,82,83,84,85,86],"cluster_removal_rates":[43.2477943481571,41.75861120449891,38.588604286461056,46.14908114804873,49.13294797687861,52.29180116204003,51.843317972350235,53.058510638297875,55.96868884540117,64.15478615071282,71.52317880794702,68.8659793814433,60.836501901140686,57.73584905660377,52.55813953488372,48.35680751173709,48.40764331210191,53.64238410596026,55.73770491803278,59.130434782608695,61.40350877192983,67.70833333333334,71.27659574468085,64.04494382022472,61.44578313253012,72.0,67.5,70.2127659574468,77.27272727272727,64.86486486486487,61.904761904761905,71.875,69.23076923076923,71.73913043478261,82.14285714285714,74.60317460317461,68.75,86.04651162790698,66.66666666666666,59.09090909090909,75.0,81.81818181818183,71.42857142857143,82.14285714285714,64.28571428571429,55.55555555555556,57.14285714285714,68.42105263157895,75.0,76.92307692307693,50.0,71.42857142857143,54.54545454545454,66.66666666666666,81.81818181818183,77.77777777777779,77.77777777777779,70.0,66.66666666666666,84.61538461538461,40.0,50.0,63.63636363636363,55.55555555555556,55.55555555555556,83.33333333333334,77.77777777777779,72.72727272727273,66.66666666666666,100.0,66.66666666666666,42.857142857142854,83.33333333333334,85.71428571428571,100.0,71.42857142857143,75.0,80.0,71.42857142857143,60.0,60.0,16.666666666666664,60.0,75.0,100.0,50.0],"cluster_post_filtering_doc_counts":[63361,19056,5874,2608,1144,739,418,353,225,176,172,151,103,112,102,110,81,70,54,47,44,31,27,32,32,14,13,14,10,13,16,9,8,13,10,16,15,6,11,9,5,4,6,5,10,8,9,6,4,3,6,2,5,3,2,2,2,3,4,2,9,4,4,4,4,3,4,3,3,0,1,4,1,1,0,2,1,1,2,2,2,5,2,1,0,1],"tail_threshold":87,"tail_removal_rate":69.36416184971098,"tail_post_filtering_doc_counts":53,"global_removal_rate":43.675951098975624}