{"cluster_sizes":[1,2,3,4,5,6,7,8,9,10,11,12,13,14,15,16,17,18,19,20,21,22,23,24,25,26,27,28,29,30,31,32,33,34,35,36,37,38,39,40,42,44,47,49,51,54,58,59,66,68,70,72,73,78,79,80,84,86,90,95,106,115,117,122,127,130,135,148,156,158,164,193,194,220,225,226,255,257,272,277,284,298,306,326,339,362,372,433,513,528,544,988,1171,1182,1353,1544,1872,1881,2776],"cluster_removal_rates":[96.3975155279503,99.44598337950139,99.27536231884058,97.14285714285714,100.0,95.34883720930233,92.5925925925926,100.0,100.0,100.0,100.0,95.45454545454545,100.0,100.0,87.5,83.33333333333334,76.92307692307693,75.0,52.63157894736842,35.8974358974359,53.44827586206896,44.927536231884055,60.22727272727273,52.054794520547944,60.60606060606061,64.28571428571429,68.42105263157895,75.0,76.92307692307693,100.0,85.71428571428571,33.33333333333333,62.5,50.0,25.0,50.0,66.66666666666666,25.0,0.0,66.66666666666666,100.0,100.0,100.0,100.0,100.0,100.0,100.0,100.0,100.0,100.0,100.0,100.0,100.0,100.0,100.0,100.0,100.0,100.0,100.0,100.0,100.0,100.0,100.0,100.0,100.0,100.0,100.0,100.0,100.0,100.0,100.0,100.0,100.0,100.0,100.0,100.0,100.0,100.0,100.0,100.0,100.0,100.0,100.0,100.0,100.0,100.0,100.0,100.0,100.0,100.0,100.0,100.0,100.0,100.0,100.0,100.0,100.0,100.0,100.0],"cluster_post_filtering_doc_counts":[116,2,1,3,0,2,2,0,0,0,0,1,0,0,1,2,3,4,9,25,27,38,35,35,26,15,6,3,3,0,1,2,3,3,3,3,1,3,5,2,0,0,0,0,0,0,0,0,0,0,0,0,0,0,0,0,0,0,0,0,0,0,0,0,0,0,0,0,0,0,0,0,0,0,0,0,0,0,0,0,0,0,0,0,0,0,0,0,0,0,0,0,0,0,0,0,0,0,0],"tail_threshold":4623,"tail_removal_rate":100.0,"tail_post_filtering_doc_counts":0,"global_removal_rate":91.93210393964794}