{"cluster_sizes":[1,2,3,4,5,6,7,8,9,10,11,12,13,14,15,16,17,18,19,20,21,22,23,24,25,26,27,28,29,30,31,32,33,34,35,36,37,38,39,40,41,42,43,44,45,46,47,48,49,50,51,52,53,54,55,56,57,58,59,60,61,62,63,64,65,66,67,68,69,70,71,72,73,74,75,76,77,78,79,80,81,82,83,84,85,86,87,88,89,90,91,92,93,94,95,96,97,98,99,100,101,102,103,104,105,106,107,108,109,110,111,112,113,114,115,116,117,118,119,120,121,122,123,124,125,126,127,128,129,130,131,132,133,134,135,136,137,138,139,140,141,142,143,144,145,146,147,148,149,150,151,152,153,154,155,156,157,158,159,160,161,162,163,164,165,166,167,168,169,170,171,172,173,174,175,176,177,178,179,180,181,182,183,184,185,186,187,188,189,190,191,192,193,194,195,196,197,198,199,200,201,202,203,204,205,206,207,208,209,210,211,212,213,214,215,216,217,218,219,220,221,222,223,224,225,226],"cluster_removal_rates":[82.0258525633639,71.5676280830959,66.96500510345943,66.36382474474146,64.01685692223035,64.02195762637575,59.51425320776183,59.286513464771,58.241522107647945,57.75561481276624,57.092329580437195,59.40562154581364,58.05977389272774,56.60127753355882,56.26588185602267,56.548808341416844,55.28592365261896,56.11311196625548,55.265135699373694,56.01742970628201,55.46409226574303,55.37102532448033,55.35271197154529,57.03194525424249,56.76105966777097,56.77861424243606,57.41916605705926,58.520193757418284,58.900191286626026,60.14544062769113,59.361267023452115,60.76652126245072,61.15374841168995,61.974092709560004,62.47856154910097,63.380444856348475,62.81552461493939,63.427847745022156,62.84438971833154,63.35926846875752,62.615650670125376,63.06306306306306,63.27025956013473,63.714766512410606,64.10659219177285,64.63234822745048,64.55514555145552,65.53751399776036,65.43028994447872,67.2968328013749,66.09664123476277,66.92328350192463,66.33949191685913,67.76178660049628,66.46354276108426,67.76674142902915,68.24867846472075,66.97864170866332,66.99176694110196,67.52345456882148,66.99160574059032,66.80080482897385,67.66519823788546,67.5833208787924,66.35041113219481,67.00016136840406,67.26618705035972,67.53765196878969,68.21005081874647,68.85531667635097,67.28020364205992,68.36428999400839,68.60075875920553,67.35952489721335,68.01675977653632,68.4133560809164,68.25715720743345,68.73847774558863,68.39622641509435,68.11594202898551,67.46101794645483,67.24084896954783,68.14814814814815,70.29928432010409,69.1358024691358,67.62693554195175,68.57455340867664,69.15254237288136,70.30936118923262,71.15156311832213,71.3094245204337,70.80324909747291,70.6430568499534,68.27102803738318,71.87797902764538,70.33398821218074,71.65637860082305,70.02176278563657,73.24175824175823,72.46376811594203,72.17391304347827,69.95600251414204,72.88753799392097,74.07407407407408,71.9496855345912,73.24749642346208,75.10518934081347,72.4563953488372,73.20916905444126,74.9812734082397,75.0,74.3975903614458,73.15875613747954,71.56862745098039,74.27626137303557,74.2640874684609,74.23043095866315,72.98850574712644,73.2290708371665,75.14071294559099,77.04590818363273,73.47347347347348,74.24568965517241,73.59081419624218,74.8971193415638,76.60020986358866,73.59116022099448,75.80299785867237,78.95377128953771,73.71495327102804,75.47380156075808,74.15204678362574,74.77820025348542,75.6687898089172,75.12953367875647,77.19072164948454,73.77717391304348,75.99502487562188,75.80645161290323,75.0,72.84595300261097,77.12121212121212,78.66868381240545,79.33042212518195,78.04878048780488,74.55882352941177,73.76788553259142,74.95881383855024,78.369384359401,77.84911717495987,75.44426494345718,74.59546925566343,77.96901893287436,75.37942664418212,77.25631768953069,74.87091222030982,75.76335877862596,77.55905511811024,76.3915547024952,78.18181818181819,75.98425196850394,77.95992714025502,80.50847457627118,75.7700205338809,79.91803278688525,75.0,82.5531914893617,77.84313725490196,80.04291845493562,78.25159914712152,79.64205816554811,79.06976744186046,78.21576763485477,82.26600985221675,79.60687960687962,79.41834451901566,80.0524934383202,78.08564231738035,79.15632754342433,78.4090909090909,80.71065989847716,82.05128205128204,81.05849582172702,75.6544502617801,77.95698924731182,77.63157894736842,77.71084337349397,77.42857142857143,82.28571428571428,82.55813953488372,79.26829268292683,76.0,80.39772727272727,74.60815047021944,78.04878048780488,77.91044776119404,76.28205128205127,74.58745874587459,78.18791946308725,83.38870431893687,79.66666666666666,79.7427652733119,85.85526315789474,80.28169014084507,82.45614035087719,82.5503355704698,78.98305084745762,77.58620689655173,81.72043010752688,80.98859315589354,81.54362416107382,80.82191780821918,75.71428571428571,80.859375,82.48175182481752,76.65505226480836,83.10502283105022,81.78137651821862,78.54251012145748,80.81180811808119,84.7457627118644,80.3347280334728,77.91164658634538,81.43459915611815,82.47863247863248,82.93650793650794],"cluster_post_filtering_doc_counts":[4813646,2318704,1487509,1069700,794506,595111,461178,385356,314818,268842,226492,200302,169462,147297,128392,112433,97326,85421,74998,67325,60433,53503,47323,42006,36936,33242,29104,25861,22990,20826,18680,16819,15286,14208,13564,12644,11564,10396,9656,9136,8647,8118,7415,6900,6169,5517,5187,4924,4483,3996,3866,3695,3498,3248,3192,3018,2763,2752,2606,2527,2438,2310,2202,2169,2128,2045,1820,1789,1689,1608,1671,1584,1407,1429,1374,1296,1264,1187,1139,1144,1106,1065,989,913,900,899,862,819,739,729,688,647,630,679,590,604,551,551,487,494,480,478,446,420,446,374,355,379,374,334,326,340,328,348,311,306,293,282,291,265,230,265,239,253,244,223,239,226,173,225,220,221,199,191,192,177,193,193,180,195,208,151,141,142,144,173,165,152,130,138,152,157,128,146,126,146,127,114,123,108,122,121,92,118,98,114,82,113,93,102,91,90,105,72,83,92,76,87,84,95,76,63,68,93,82,85,74,79,62,60,68,78,69,81,72,74,74,77,65,50,61,63,43,56,50,52,62,65,51,50,55,56,68,49,48,67,37,45,53,52,36,47,55,44,41,43],"tail_threshold":227,"tail_removal_rate":84.41740843426237,"tail_post_filtering_doc_counts":8543,"global_removal_rate":73.53977874656235}