{"cluster_sizes":[1,2,3,4,5,7,8,9,10,11,12,13,15,18,21,22,66],"cluster_removal_rates":[73.91304347826086,80.95238095238095,87.5,70.0,83.33333333333334,65.67164179104478,52.17391304347826,58.620689655172406,53.48837209302325,50.0,0.0,0.0,100.0,100.0,100.0,100.0,0.0],"cluster_post_filtering_doc_counts":[18,4,1,3,1,23,22,72,20,5,2,1,0,0,0,0,1],"tail_threshold":96,"tail_removal_rate":100.0,"tail_post_filtering_doc_counts":0,"global_removal_rate":62.634989200863934}