{"cluster_sizes":[1,2,3,4,5,6,7,8,9,10,11,12,13,14,15,16,17,18,19,20,21,22,23,24,25,26,27,28,29,30,31,32,33,34,35,36,37,38,39,40,41,43,45,49,53,55,56,63,94],"cluster_removal_rates":[92.85714285714286,96.3157894736842,98.63013698630137,90.0,100.0,95.65217391304348,100.0,100.0,100.0,100.0,100.0,100.0,100.0,100.0,100.0,83.33333333333334,62.5,63.1578947368421,70.37037037037037,70.9090909090909,63.38028169014085,64.77272727272727,69.01408450704226,74.07407407407408,76.06837606837607,87.20930232558139,88.73239436619718,86.48648648648648,75.0,70.0,50.0,50.0,66.66666666666666,0.0,25.0,40.0,0.0,0.0,0.0,0.0,25.0,100.0,100.0,100.0,100.0,0.0,100.0,100.0,100.0],"cluster_post_filtering_doc_counts":[137,7,1,4,0,1,0,0,0,0,0,0,0,0,0,1,3,7,8,16,26,31,44,35,28,11,8,5,5,3,3,4,1,4,3,3,1,1,2,1,3,0,0,0,0,1,0,0,0],"tail_threshold":145,"tail_removal_rate":100.0,"tail_post_filtering_doc_counts":0,"global_removal_rate":87.46158574062693}