{"cluster_sizes":[1,2,3,4,5,6,7,8,9,10,11,12,13,14,15,16,17,18,19,20,21,22,23,24,25,26,27,28,29,30,31,32,33,34,35,36,37,38,39,40,41,42,43,44,45,46,47,48,49,50,52,53,54,55,56,57,58,59,60,61,63,64,65,66,67,68,69,70,71,72,73,74,75,76,77,78,79,82,83,84,85,86,87,88,89,90,92,93,94,98,99,100,102,104,105,108,109,110,112,115,116,117,118,120,124,130,132,133,136,140,142,144,151,155,169,191,197,224,239],"cluster_removal_rates":[96.26442277044687,91.41891891891892,82.23076923076923,91.97080291970804,95.0561797752809,90.0874635568513,89.85507246376811,89.07103825136612,95.76271186440678,96.875,97.77777777777777,97.53086419753086,100.0,98.0392156862745,92.5,100.0,97.5,100.0,100.0,96.66666666666667,96.29629629629629,100.0,100.0,100.0,100.0,100.0,100.0,100.0,100.0,100.0,100.0,100.0,100.0,100.0,100.0,100.0,100.0,100.0,100.0,100.0,100.0,100.0,100.0,100.0,100.0,100.0,100.0,100.0,100.0,100.0,100.0,100.0,100.0,100.0,83.33333333333334,100.0,100.0,100.0,100.0,66.66666666666666,100.0,100.0,100.0,75.0,50.0,100.0,100.0,100.0,100.0,100.0,100.0,83.33333333333334,50.0,100.0,100.0,100.0,100.0,100.0,100.0,100.0,100.0,100.0,50.0,100.0,50.0,100.0,100.0,100.0,100.0,100.0,100.0,100.0,100.0,100.0,100.0,100.0,100.0,100.0,100.0,100.0,100.0,100.0,100.0,100.0,100.0,100.0,100.0,100.0,100.0,100.0,100.0,100.0,100.0,100.0,100.0,100.0,100.0,100.0,100.0],"cluster_post_filtering_doc_counts":[586,254,231,66,22,34,28,20,5,3,2,2,0,1,3,0,1,0,0,1,1,0,0,0,0,0,0,0,0,0,0,0,0,0,0,0,0,0,0,0,0,0,0,0,0,0,0,0,0,0,0,0,0,0,1,0,0,0,0,1,0,0,0,1,1,0,0,0,0,0,0,1,1,0,0,0,0,0,0,0,0,0,1,0,1,0,0,0,0,0,0,0,0,0,0,0,0,0,0,0,0,0,0,0,0,0,0,0,0,0,0,0,0,0,0,0,0,0,0],"tail_threshold":243,"tail_removal_rate":100.0,"tail_post_filtering_doc_counts":0,"global_removal_rate":94.53495388328592}