{"cluster_sizes":[1,2,3,4,5,6,7,8,9,10,11,12,13,14,15,16,17,18,19,20,21,22,23,24,25,26,27,28,29,30,31,32,33,34,35,36,37,38,39,40,41,42,43,44,45,46,47,48,49,50,51,52,53,54,55,56,57,58,59,60,61,62,63,64,65,66,67,68,69,70,71,72,73,74,75,76,77,78,79,80,81,82,83,84,85,86,87,88,89,90,91,92,93,94,95,96,97,98,99,100,101,102,103,104,105,106,107,108,109,110,111,112,113,114,115,116,117,118,119,120,121,122,123,124,125,126,127,128,129,130,131,132,133,134,135,136,137,138,139,140,141,142,143,144,145,146,147,148,149,150,151,152,153,154,155,156,157,158,159,160,161,162,163,164,165],"cluster_removal_rates":[95.92503246776066,93.32631841187423,92.19870317094392,91.48905803996195,90.76393194186126,90.21584883113003,90.69625803936854,92.02811051004637,91.0205807724838,89.50851992677087,88.81181606171141,88.24253195707156,88.61981223128893,88.76083630800612,88.95742622157717,88.90109890109889,88.1068752036494,88.08319280494659,87.72082878953108,88.99213724088635,88.07113543091654,88.77675840978593,89.09520594193113,89.88803358992303,89.5662368112544,88.74312314854,88.72216844143273,89.63004484304933,90.02433090024331,92.26744186046511,92.97468354430379,93.90243902439023,93.02615193026152,94.28200129954516,93.60925136944613,93.18885448916409,94.53781512605042,92.44372990353698,92.7919708029197,91.02196752626553,91.96919691969197,91.72413793103448,90.80188679245283,92.26361031518626,92.73301737756714,93.70503597122301,92.46031746031747,92.85714285714286,95.37275064267352,93.55670103092784,96.82080924855492,94.6031746031746,93.45794392523365,92.93286219081273,96.46643109540636,95.39473684210526,94.22382671480143,95.29411764705881,93.90243902439023,97.78761061946902,96.7479674796748,95.08928571428571,94.71544715447155,97.67441860465115,97.95918367346938,96.78899082568807,95.52238805970148,95.43147208121827,93.33333333333333,94.2982456140351,92.85714285714286,92.97297297297298,93.67816091954023,95.45454545454545,94.23076923076923,94.35028248587571,90.14084507042254,95.36423841059603,92.06349206349206,90.50632911392405,96.66666666666667,87.5,91.93548387096774,90.15151515151516,91.6030534351145,90.9090909090909,93.7984496124031,92.08633093525181,94.82758620689656,94.36619718309859,87.28813559322035,93.20388349514563,91.66666666666666,91.91919191919192,91.30434782608695,95.1219512195122,93.5064935064935,94.18604651162791,97.5,91.66666666666666,94.02985074626866,92.7536231884058,90.74074074074075,96.15384615384616,96.15384615384616,91.48936170212765,96.92307692307692,98.50746268656717,98.21428571428571,98.76543209876543,97.1830985915493,96.875,96.55172413793103,93.61702127659575,93.10344827586206,94.87179487179486,92.6829268292683,97.87234042553192,94.11764705882352,95.34883720930233,87.5,96.0,93.02325581395348,100.0,91.42857142857143,89.65517241379311,94.87179487179486,89.47368421052632,96.42857142857143,100.0,93.93939393939394,87.5,97.61904761904762,96.15384615384616,96.875,100.0,100.0,100.0,88.46153846153845,96.29629629629629,96.15384615384616,89.28571428571429,87.87878787878788,96.0,86.36363636363636,95.0,95.45454545454545,95.83333333333334,95.23809523809523,95.23809523809523,100.0,88.46153846153845,81.81818181818183,100.0,100.0,95.0,92.0,92.0,100.0,100.0,94.44444444444444,90.9090909090909,96.42857142857143,100.0,81.81818181818183],"cluster_post_filtering_doc_counts":[52180,20359,12284,8945,6704,5240,3819,3301,2548,2235,1871,1720,1297,1102,913,808,730,636,563,462,436,367,323,289,267,266,233,185,164,133,111,100,112,88,105,110,78,94,79,94,73,72,78,54,46,35,38,33,18,25,11,17,21,20,10,14,16,12,15,5,8,11,13,5,4,7,9,9,13,13,13,13,11,8,9,10,14,7,10,15,5,18,10,13,11,11,8,11,6,8,15,7,9,8,8,4,5,5,2,7,4,5,5,2,2,4,2,1,1,1,2,2,2,3,4,2,3,1,2,2,4,2,3,0,3,3,2,4,1,0,2,3,1,1,1,0,0,0,3,1,1,3,4,1,3,1,1,1,1,1,0,3,4,0,0,1,2,2,0,0,1,1,1,0,2],"tail_threshold":166,"tail_removal_rate":95.3519256308101,"tail_post_filtering_doc_counts":105,"global_removal_rate":94.1184117759548}