{"cluster_sizes":[1,2,3,4,5,7,11,15,16,17,18,19,20,21,22,23,24,25,26,27,28,29,30,31,32,33,34,35,36,37,38,39,40,42,47],"cluster_removal_rates":[71.25748502994011,56.86274509803921,63.1578947368421,100.0,66.66666666666666,100.0,0.0,0.0,33.33333333333333,20.0,30.0,56.25,52.5,46.55172413793103,51.94805194805194,48.38709677419355,56.43564356435643,62.13592233009708,56.00000000000001,65.78947368421053,76.0,58.82352941176471,75.0,50.0,75.0,0.0,50.0,0.0,0.0,0.0,0.0,0.0,0.0,0.0,0.0],"cluster_post_filtering_doc_counts":[48,22,7,0,1,0,1,1,2,4,7,7,19,31,37,48,44,39,33,13,6,7,1,2,1,2,1,2,5,2,3,2,2,1,1],"tail_threshold":64,"tail_removal_rate":100.0,"tail_post_filtering_doc_counts":0,"global_removal_rate":57.234042553191486}