{"cluster_sizes":[1,2,3,4,5,6,7,8,9,10,11,12,13,14,15,16,17,18,19,20,21,22,23,24,25,26,27,28,29,30,31,32,33,34,35,36,37,38,39,40,41,42,43,44,45,46,47,48,49,50,51,52,53,54,55,56,57,58,59,60,61,62,63,64,65,66,67,68,69,70,71,72,73,74,75,76,77,78,79,80,81,82,83,84,85,86,87,88,89,90,91,92,93,94,95,96,97,98,99,100,101,102,103,104,105,106,107,108,109,110,111,112,113,114,115,116,117,118,119,120,121,122,123,124,125,126,127,128,129,130,131,132,133,134,135,136,137,138,139,140,142,143,144,145,146,147,148,149,152,153,154,155,156,158,159,160,161,162,164],"cluster_removal_rates":[82.6762056173821,68.0315670800451,68.55055424924421,61.035045848511494,57.847233829182684,59.61538461538461,53.89568576947843,56.451612903225815,62.44700181708056,70.8185053380783,75.75757575757575,78.49624060150376,87.14596949891067,91.183879093199,93.96551724137932,91.43835616438356,92.81045751633987,89.0728476821192,80.45602605863192,67.76649746192894,71.25,80.76923076923077,78.07692307692308,74.71698113207546,65.1685393258427,63.05220883534136,51.02040816326531,46.118721461187214,42.57425742574257,46.706586826347305,50.66666666666667,42.77777777777778,51.204819277108435,38.72832369942196,49.30555555555556,54.054054054054056,58.26086956521739,63.013698630136986,73.4375,65.3061224489796,79.06976744186046,58.333333333333336,86.48648648648648,72.5,57.14285714285714,72.41379310344827,66.66666666666666,63.63636363636363,70.73170731707317,62.5,72.41379310344827,61.904761904761905,73.91304347826086,56.25,65.0,47.82608695652174,57.89473684210527,68.42105263157895,73.68421052631578,68.0,68.42105263157895,66.66666666666666,90.47619047619048,75.0,83.33333333333334,85.18518518518519,82.35294117647058,83.33333333333334,89.23076923076924,90.12345679012346,90.0,91.13924050632912,98.63013698630137,93.33333333333333,88.23529411764706,83.33333333333334,84.61538461538461,66.66666666666666,68.75,66.66666666666666,55.55555555555556,100.0,62.5,50.0,33.33333333333333,100.0,60.0,40.0,72.72727272727273,55.55555555555556,57.14285714285714,66.66666666666666,80.0,77.77777777777779,66.66666666666666,50.0,100.0,57.14285714285714,57.14285714285714,85.71428571428571,100.0,100.0,100.0,75.0,50.0,100.0,100.0,75.0,100.0,70.0,77.77777777777779,100.0,75.0,75.0,40.0,0.0,100.0,75.0,75.0,100.0,66.66666666666666,62.5,100.0,80.0,33.33333333333333,100.0,0.0,100.0,33.33333333333333,40.0,60.0,0.0,33.33333333333333,100.0,100.0,33.33333333333333,100.0,100.0,71.42857142857143,100.0,66.66666666666666,100.0,80.0,100.0,66.66666666666666,33.33333333333333,50.0,100.0,100.0,0.0,100.0,50.0,100.0,100.0,100.0,100.0,66.66666666666666,100.0,100.0],"cluster_post_filtering_doc_counts":[19614,7089,3745,3102,2522,1680,1432,1053,620,328,200,143,59,35,21,25,22,33,60,127,92,55,57,67,93,92,120,118,116,89,74,103,81,106,73,68,48,27,17,17,9,15,5,11,12,8,6,12,12,15,8,8,6,14,7,12,8,6,5,8,6,7,2,5,4,4,6,6,7,8,7,7,1,3,4,4,2,3,5,2,4,0,3,3,2,0,2,3,3,4,3,1,2,2,3,4,0,3,3,1,0,0,0,1,2,0,0,1,0,3,2,0,2,1,3,1,0,1,1,0,1,3,0,1,2,0,3,0,2,3,2,1,2,0,0,2,0,0,2,0,1,0,1,0,1,2,1,0,0,2,0,1,0,0,0,0,1,0,0],"tail_threshold":165,"tail_removal_rate":95.1086956521739,"tail_post_filtering_doc_counts":9,"global_removal_rate":76.13600461918925}