{"cluster_sizes":[1,2,3,4,5,6,7,8,9,10,11,12,13,14,15,16,17,18,19,20,21,22,23,24,25,26,27,28,29,30,31,32,33,34,35,36,37,38,39,40,41,42,43,44,45,46,47,48,49,50,51,52,53,54,55,56,57,58,59,60,61,62,63,64,65,66,67,68,69,70,71,72,73,74,75,76],"cluster_removal_rates":[48.75914040470728,37.92712120652575,36.06784922907174,35.51417557046156,36.55663782382243,37.840146914401224,37.27456897392707,38.72704674504329,39.240180446904496,39.736164966778716,39.53810220052048,41.59427922059924,39.26414331036147,42.429004481969834,43.83567745743271,45.23646975355742,45.01276718752509,47.54569470227046,46.65348832212458,48.77809642865897,49.73632265857467,50.116992776967685,50.95715216682959,54.35330532832191,53.58628125481337,54.03152124257652,54.73808488162555,54.00312903884089,54.15813812447882,55.65559932470456,55.34619957925546,55.7649667405765,55.9672966659588,55.26315789473685,56.09154929577465,57.65799256505576,57.152672804727224,59.29866626704631,59.79026989857314,61.97339246119734,62.01471189211279,63.58506944444444,60.68435754189944,63.06101865859809,61.76470588235294,60.709951456310684,62.0241116751269,63.513077171456246,62.03090507726269,61.60545248012117,62.320623206232064,63.87665198237885,62.70956048935206,61.7169373549884,63.01564722617354,63.595393089634456,60.09589770911028,61.83035714285714,61.24429223744292,62.318029115341545,60.7516943930992,61.15702479338842,61.2735542560104,61.9986403806934,61.31171702284451,61.377245508982035,62.866449511400646,62.81276962899051,61.43958868894601,64.09335727109516,63.78802747791953,63.38851022395326,63.808574277168496,62.26611226611226,65.55555555555556,65.3755868544601],"cluster_post_filtering_doc_counts":[11057571,4353333,2102162,1344572,865698,564588,385789,287902,207688,168159,131501,105361,85575,61913,50435,40910,34240,29387,24828,20897,17061,14710,12041,10323,9040,8050,7284,6762,6047,5516,4882,4389,4147,3995,3741,3417,3118,2716,2339,2058,1859,1678,1689,1465,1378,1295,1197,1130,1032,1014,919,902,823,825,780,727,749,684,679,673,637,611,596,559,525,516,456,431,450,400,369,376,363,363,310,295],"tail_threshold":77,"tail_removal_rate":66.88180207542395,"tail_post_filtering_doc_counts":13085,"global_removal_rate":43.86436395570434}