{"cluster_sizes":[1,2,3,4,5,6,7,8,9,10,11,12,13,14,15,16,17,18,19,20,21,22,23,24,25,26,27,28,29,30,31,32,33,34,35,36,37,38,39,40,41,42,43,44,45,46,47,48,49,50,51,52,53,54,55,56,57,58,59,60,61,62,63,64,65,66,67,68,69,70,71,72,73,74,75,76,77,78,79,80,81,82,83,84,85,86,87,88,89,90,91,92,93,94,95,96,97,98,99,100,101,102,103,104,105,106,107,108,109,110,111,112,113,114,115,116,117,118,119],"cluster_removal_rates":[92.74019216864326,66.60459919932967,64.97830976863753,64.04279481202558,63.012227362855256,63.48837209302326,65.0960098052567,69.38293475051668,67.28799672265465,62.24973656480506,61.02564102564103,68.00554016620498,68.79063719115734,66.20553359683794,65.51874455100261,63.82874015748031,61.65462902166776,58.595041322314046,53.54896675651393,50.36420395421436,48.22222222222222,44.09722222222222,48.331273176761435,46.558704453441294,49.3730407523511,48.67724867724868,52.19206680584551,52.35042735042735,57.98687089715536,61.111111111111114,58.41836734693877,61.42131979695431,59.54415954415955,57.333333333333336,61.6822429906542,63.722397476340696,66.55052264808361,59.54545454545455,54.5045045045045,60.476190476190474,57.8125,60.22099447513812,63.48314606741573,51.42857142857142,53.125,61.15702479338842,58.0952380952381,57.446808510638306,53.608247422680414,59.036144578313255,62.35294117647059,48.421052631578945,64.28571428571429,48.529411764705884,44.827586206896555,59.42028985507246,58.139534883720934,60.0,47.368421052631575,50.0,51.11111111111111,57.14285714285714,69.44444444444444,59.523809523809526,60.526315789473685,56.09756097560976,56.52173913043478,57.77777777777777,46.15384615384615,46.15384615384615,43.24324324324324,46.34146341463415,64.28571428571429,53.125,58.333333333333336,42.42424242424242,71.42857142857143,51.28205128205128,48.64864864864865,44.44444444444444,46.42857142857143,56.52173913043478,48.38709677419355,44.827586206896555,50.0,42.857142857142854,44.827586206896555,56.52173913043478,47.05882352941176,57.14285714285714,32.0,47.05882352941176,58.82352941176471,40.0,60.0,41.17647058823529,47.61904761904761,33.33333333333333,23.076923076923077,35.714285714285715,45.45454545454545,71.42857142857143,22.22222222222222,60.0,22.22222222222222,50.0,42.857142857142854,41.66666666666667,50.0,22.22222222222222,31.25,50.0,53.84615384615385,50.0,46.15384615384615,36.36363636363637,66.66666666666666,46.15384615384615,50.0],"cluster_post_filtering_doc_counts":[38957,14348,8719,6016,4477,3454,2563,2074,1597,1433,1140,924,720,684,791,735,584,501,517,477,466,483,418,396,323,291,229,223,192,168,163,152,142,128,123,115,96,89,101,83,81,72,65,85,60,47,44,40,45,34,32,49,30,35,32,28,18,22,30,26,22,18,11,17,15,18,20,19,21,21,21,22,10,15,15,19,8,19,19,15,15,10,16,16,12,12,16,10,9,6,17,9,7,9,6,10,11,6,10,9,6,2,7,4,7,5,4,7,9,7,11,7,6,5,7,7,3,7,6],"tail_threshold":120,"tail_removal_rate":45.857142857142854,"tail_post_filtering_doc_counts":379,"global_removal_rate":86.10556585048704}