{"cluster_sizes":[1,2,3,4,19,20,22,23,25,42],"cluster_removal_rates":[64.0,8.333333333333332,0.0,66.66666666666666,100.0,100.0,0.0,0.0,100.0,0.0],"cluster_post_filtering_doc_counts":[18,22,2,1,0,0,1,1,0,1],"tail_threshold":59,"tail_removal_rate":100.0,"tail_post_filtering_doc_counts":0,"global_removal_rate":46.51162790697674}