{"cluster_sizes":[1,2,3,4,5,6,7,8,9,10,11,12,13,14,15,16,17,18,19,20,21,22,23,25,26,27,30,32,33,34,35,38],"cluster_removal_rates":[64.20765027322405,75.3482482059941,43.47826086956522,44.44444444444444,42.10526315789473,76.78571428571429,84.375,85.0,76.47058823529412,75.0,76.92307692307693,87.5,87.5,100.0,87.5,100.0,100.0,50.0,100.0,100.0,66.66666666666666,100.0,100.0,100.0,50.0,100.0,0.0,0.0,100.0,100.0,100.0,0.0],"cluster_post_filtering_doc_counts":[131,1752,78,60,33,13,5,6,4,5,3,1,1,0,1,0,0,1,0,0,1,0,0,0,1,0,1,1,0,0,0,1],"tail_threshold":45,"tail_removal_rate":100.0,"tail_post_filtering_doc_counts":0,"global_removal_rate":73.87678904791537}