{"cluster_sizes":[1,2,3,4,5,6,7,8,9,10,11,12,13,14,15,16,17,18,19,20,21,22,23,24,25,26,27,28,29,30,31,32,33,34,35,36,37,38,39,40,41,42,43,44,45,46,47,48,49,50,51,52,53,54,55,56,57,58,60,61,62,63,64,65,66,67,68,69,70,71,72,74,75,76,78,80,81,82,84,85,86,88,89,90,91,92,93,95,98,99,101,102,103,104,106,107,108,109,112,113,114,115,116,117,120,121,124,125,126,127,128,131,135,137,138,140,142,143,146,148,154,156,158,159,161,162],"cluster_removal_rates":[98.32518302852135,92.55441008018327,94.22827496757458,94.874022589053,92.66169154228857,98.26147426981919,95.39951573849879,96.80232558139535,99.51219512195122,98.98477157360406,99.40828402366864,98.13664596273291,100.0,97.46835443037975,100.0,100.0,98.18181818181819,100.0,100.0,100.0,100.0,100.0,100.0,100.0,90.9090909090909,100.0,100.0,100.0,100.0,100.0,92.5925925925926,93.33333333333333,100.0,100.0,94.44444444444444,100.0,85.71428571428571,100.0,92.3076923076923,77.77777777777779,91.66666666666666,100.0,100.0,90.0,100.0,100.0,100.0,100.0,100.0,66.66666666666666,100.0,100.0,100.0,100.0,100.0,83.33333333333334,100.0,100.0,83.33333333333334,100.0,100.0,100.0,60.0,100.0,100.0,100.0,87.5,80.0,66.66666666666666,100.0,80.0,100.0,100.0,100.0,100.0,100.0,100.0,100.0,100.0,100.0,50.0,50.0,100.0,100.0,100.0,100.0,100.0,66.66666666666666,100.0,75.0,100.0,100.0,100.0,50.0,100.0,100.0,100.0,100.0,100.0,0.0,100.0,100.0,100.0,100.0,100.0,100.0,100.0,100.0,50.0,100.0,50.0,100.0,100.0,100.0,100.0,100.0,0.0,100.0,100.0,0.0,100.0,100.0,100.0,100.0,100.0,100.0],"cluster_post_filtering_doc_counts":[1185,260,89,59,59,25,19,11,1,2,1,3,0,2,0,0,1,0,0,0,0,0,0,0,2,0,0,0,0,0,2,1,0,0,1,0,2,0,1,2,1,0,0,1,0,0,0,0,0,1,0,0,0,0,0,1,0,0,1,0,0,0,2,0,0,0,1,1,1,0,1,0,0,0,0,0,0,0,0,0,1,1,0,0,0,0,0,1,0,1,0,0,0,1,0,0,0,0,0,1,0,0,0,0,0,0,0,0,1,0,1,0,0,0,0,0,1,0,0,1,0,0,0,0,0,0],"tail_threshold":166,"tail_removal_rate":98.78048780487805,"tail_post_filtering_doc_counts":1,"global_removal_rate":97.86189033330075}