{"cluster_sizes":[1,2,3,4,5,6,7,8,9,10,11,12,13,14,15,16,17,18,19,20,21,22,23,24,25,26,28,29,30,31,32,33,34,35,36,37,38,39,40,41,42,43,44,45,46,47,49,52,53,57],"cluster_removal_rates":[94.85903814262024,66.39839034205231,73.31378299120234,54.0785498489426,63.06532663316583,54.35435435435435,53.23741007194245,82.66666666666667,91.66666666666666,66.66666666666666,73.33333333333333,80.0,66.66666666666666,44.44444444444444,75.0,50.0,56.25,90.0,12.5,83.33333333333334,72.72727272727273,66.66666666666666,60.0,50.0,75.0,100.0,100.0,80.0,83.33333333333334,83.33333333333334,66.66666666666666,66.66666666666666,0.0,50.0,100.0,50.0,0.0,40.0,50.0,100.0,0.0,0.0,25.0,0.0,50.0,100.0,100.0,100.0,100.0,0.0],"cluster_post_filtering_doc_counts":[217,334,91,152,147,152,130,13,3,10,4,3,4,5,2,5,7,1,35,1,3,1,2,1,1,0,0,1,1,1,1,1,1,2,0,1,1,3,2,0,3,2,3,1,1,0,0,0,0,1],"tail_threshold":58,"tail_removal_rate":75.0,"tail_post_filtering_doc_counts":2,"global_removal_rate":81.42857142857143}