{"cluster_sizes":[1,2,3,4,5,6,7,8,9,10,11,12,13,14,15,16,17,18,19,20,21,22,23,24,25,26,27,28,29,30,31,32,33,34,35,36,37,38,39,40,41,42,45,46,50,53,63,71,72,81,82,83,85,86,87,88,89,102,114,126,139,140,170,174,205,211,233,314,316,383],"cluster_removal_rates":[95.1219512195122,73.0255164034022,64.92248062015504,66.90140845070422,80.07518796992481,78.18181818181819,81.81818181818183,80.7017543859649,79.48717948717949,61.81818181818181,52.17391304347826,45.45454545454545,51.28205128205128,48.57142857142857,53.57142857142857,48.0,70.37037037037037,60.0,83.33333333333334,66.66666666666666,83.33333333333334,62.5,75.0,87.5,75.0,87.5,100.0,100.0,60.0,50.0,100.0,100.0,50.0,100.0,100.0,75.0,100.0,100.0,100.0,100.0,100.0,100.0,100.0,100.0,66.66666666666666,0.0,0.0,100.0,100.0,100.0,100.0,100.0,50.0,0.0,100.0,100.0,100.0,100.0,100.0,100.0,100.0,100.0,100.0,100.0,100.0,100.0,100.0,100.0,100.0,100.0],"cluster_post_filtering_doc_counts":[180,222,181,94,53,24,14,11,8,21,22,18,19,18,13,13,8,4,1,2,1,3,1,1,3,1,0,0,2,2,0,0,1,0,0,1,0,0,0,0,0,0,0,0,1,1,1,0,0,0,0,0,1,1,0,0,0,0,0,0,0,0,0,0,0,0,0,0,0,0],"tail_threshold":466,"tail_removal_rate":100.0,"tail_post_filtering_doc_counts":0,"global_removal_rate":85.00395882818685}