{"cluster_sizes":[1,2,3,4,5,6,8,11,12,14,18,20,21,23,26,28,31,33,34,35,53],"cluster_removal_rates":[60.416666666666664,65.51724137931035,57.14285714285714,71.42857142857143,100.0,100.0,100.0,100.0,100.0,100.0,100.0,100.0,100.0,0.0,0.0,0.0,0.0,0.0,0.0,100.0,100.0],"cluster_post_filtering_doc_counts":[57,10,6,2,0,0,0,0,0,0,0,0,0,1,1,1,1,1,1,0,0],"tail_threshold":66,"tail_removal_rate":100.0,"tail_post_filtering_doc_counts":0,"global_removal_rate":62.84403669724771}