{"cluster_sizes":[1,2,3,4,5,6,7,8,9,10,11,12,13,14,15,16,17,18,19,20,21,22,23,24,25,26,27,28,29,30,31,32,33,34,35,36,37,38,39,40,41,42,43,44,45,46,47,48,49,50,51,53,54,55,56,57,58,59,60,61,62,64,65,66,67,68,69,71,73,74,75,76,77,78,80,81,83,84,85,86,87,88,93,94,95,96,97,98,101,109,112,114,115,119,124,126,127,128,129,130,132],"cluster_removal_rates":[99.51368876080691,99.39682539682539,98.84910485933503,99.62825278810409,99.71387696709584,99.59266802443992,100.0,99.33774834437085,99.61389961389962,100.0,99.33333333333333,100.0,100.0,100.0,98.9010989010989,100.0,100.0,100.0,100.0,100.0,97.5,96.29629629629629,100.0,100.0,100.0,100.0,100.0,100.0,100.0,100.0,100.0,100.0,100.0,100.0,100.0,100.0,100.0,100.0,100.0,100.0,100.0,100.0,100.0,100.0,100.0,100.0,100.0,100.0,100.0,100.0,100.0,100.0,100.0,100.0,100.0,100.0,100.0,75.0,100.0,100.0,100.0,100.0,100.0,100.0,100.0,100.0,100.0,100.0,100.0,100.0,100.0,100.0,100.0,100.0,100.0,100.0,100.0,100.0,100.0,100.0,100.0,100.0,100.0,100.0,100.0,100.0,100.0,100.0,100.0,100.0,100.0,100.0,100.0,100.0,100.0,100.0,100.0,100.0,100.0,100.0,100.0],"cluster_post_filtering_doc_counts":[54,19,18,4,2,2,0,2,1,0,1,0,0,0,1,0,0,0,0,0,1,1,0,0,0,0,0,0,0,0,0,0,0,0,0,0,0,0,0,0,0,0,0,0,0,0,0,0,0,0,0,0,0,0,0,0,0,1,0,0,0,0,0,0,0,0,0,0,0,0,0,0,0,0,0,0,0,0,0,0,0,0,0,0,0,0,0,0,0,0,0,0,0,0,0,0,0,0,0,0,0],"tail_threshold":142,"tail_removal_rate":100.0,"tail_post_filtering_doc_counts":0,"global_removal_rate":99.48020403206218}