{"cluster_sizes":[1,2,3,4,5,6,7,8,9,14,30,31,32,33,34,35,36,38,39],"cluster_removal_rates":[30.612244897959183,68.0,60.86956521739131,53.40909090909091,48.148148148148145,43.90243902439025,44.44444444444444,40.0,0.0,50.0,100.0,100.0,100.0,100.0,100.0,100.0,100.0,100.0,100.0],"cluster_post_filtering_doc_counts":[102,8,18,41,42,23,5,3,1,1,0,0,0,0,0,0,0,0,0],"tail_threshold":40,"tail_removal_rate":100.0,"tail_post_filtering_doc_counts":0,"global_removal_rate":47.63948497854077}