{"cluster_sizes":[1,2,3,4,5,6,7,8,10,11,12,13,15,16,17,18,23,24,28,34,36],"cluster_removal_rates":[97.60566821402395,96.29629629629629,100.0,92.85714285714286,100.0,100.0,100.0,100.0,100.0,100.0,100.0,100.0,100.0,100.0,100.0,100.0,100.0,100.0,100.0,100.0,100.0],"cluster_post_filtering_doc_counts":[98,1,0,1,0,0,0,0,0,0,0,0,0,0,0,0,0,0,0,0,0],"tail_threshold":52,"tail_removal_rate":100.0,"tail_post_filtering_doc_counts":0,"global_removal_rate":97.62131303520457}