{"cluster_sizes":[1,2,3,4,5,6,7,8,9,10,11,12,13,14,15,16,17,18,19,20,21,22,23,24,25,26,27,28,29,30,31,32,33,34,35,36,37,38,39,40,41,42,43,44,45,46,47,48,49,50,51,52,53,54,55,56,57,58,59,60,61,62,63,64,65,66,67,68,69,70,71,72,73,74,75,76,77,78,79,80,81,82,83,84,85,86,87,88,89,90,91,92,93,94,95,96,97,98,99,100,101,102,103,104,105,106,107,108,109,110,111,112,113,114,115,116,117,118,119,120,121,122,123,124,125,126,127,128,129,130,131,132,133,134,135,136,137,138,139,140,141,142,143,144,145,146,147,148,149,150,151,152,153,154,155,156,157,158,159,160,161,162,163,164,165,166,167,168,169,170,171,172,173,174,175,176],"cluster_removal_rates":[92.1193151783558,88.89780354252974,87.66151703003224,87.09268074730642,86.60558863533598,86.50015251198549,85.69510396214932,85.69720083664308,85.1638231292698,85.11565907791014,85.1341157313711,85.2440413830731,84.66755968260095,84.95155433190492,84.7679922477731,84.47236354527472,84.36750343775407,84.58986443698477,84.16743258812411,84.42317453411646,84.40656513086128,84.48472284476318,84.50650425482249,84.50120894503638,84.12565554581954,83.97935446350682,84.00098384848734,84.20451707282264,84.08577878103839,83.94408684383829,84.10966568750874,84.40090244739811,84.3933324718956,84.22627641422758,84.57318885616235,84.73018878431809,84.52581584188754,84.81477736205211,83.85660292631816,85.04977898954847,84.75039176180881,84.73347547974413,84.51272501551831,84.82103156958648,85.03104444581054,85.40789473684211,85.1063829787234,85.74423480083857,85.59556786703601,85.0224367115401,85.84015663937345,86.12412737878932,86.16956697693242,85.94894329357606,85.97802197802199,85.81739030816817,86.58751616315975,86.57520823125918,86.75278622087133,87.10962601208071,86.0328317373461,85.9982959386538,86.02974312753493,86.15653278298142,86.3388879722818,85.69468267581475,85.5635757912271,85.58834802606363,86.28841607565012,85.94360979625438,85.69296375266524,86.1080963750814,86.50292924740874,86.9075011504832,86.36592741935483,86.58567451278158,87.09763948497854,85.24104497710746,86.78518518518518,86.26045400238948,86.412875270814,87.12962962962963,86.97123519458545,86.15951742627345,87.09323583180986,86.57616892911011,85.40788969743393,85.88093322606596,86.41524736415246,86.4687909209952,87.30920191888356,86.85295464956482,87.07636692272933,86.00985221674877,86.58291457286433,87.04284221525602,86.68122270742357,87.36730360934183,87.17805151175811,87.22063037249283,86.38059701492537,85.87026332691072,86.2251655629139,85.87096774193549,86.57858136300418,85.99726775956285,87.5,86.49425287356321,88.00872093023256,87.32612055641422,87.7659574468085,88.49765258215963,88.89816360601002,86.58008658008657,85.61278863232683,88.14616755793226,86.56583629893238,88.4947267497603,86.94063926940639,89.32842686292548,87.34177215189874,86.88995215311004,88.25466520307354,88.23529411764706,86.48068669527898,88.67521367521367,86.0730593607306,86.68941979522185,86.53846153846155,87.73364485981308,87.4141876430206,88.37772397094432,86.33540372670807,89.10411622276028,84.01084010840108,87.77923784494087,87.78220451527224,88.9763779527559,85.75624082232012,88.36206896551724,89.69521044992743,87.8581173260573,87.68768768768768,85.6145251396648,86.91588785046729,89.14728682170544,88.94080996884736,90.74380165289256,90.01751313485113,89.04109589041096,88.94830659536542,90.2027027027027,88.84892086330936,87.56855575868373,86.55616942909761,88.5036496350365,90.82733812949641,89.61538461538461,89.96062992125984,87.15415019762845,88.0085653104925,87.84067085953879,90.0,89.4291754756871,90.12875536480686,88.11475409836066,88.64628820960698,90.02123142250531,86.7579908675799,89.65517241379311,87.18535469107552,91.58878504672897,88.61985472154964,90.8433734939759,90.95477386934674,87.95811518324608],"cluster_post_filtering_doc_counts":[2481343,1037546,570757,411946,295631,220849,166410,138610,111559,94466,77053,64368,54026,46951,40869,35953,31149,27498,24461,21482,18726,16615,14602,13397,12138,11019,9757,8854,8037,7558,6816,6361,6039,6009,5709,5484,5050,4505,4314,3619,3406,3222,2994,2731,2435,2218,2079,1904,1768,1769,1591,1451,1367,1343,1276,1238,1141,1096,1046,1003,1021,986,930,872,828,834,780,752,696,683,671,640,599,569,541,530,481,548,446,460,439,417,385,413,353,356,381,351,335,310,291,287,286,284,267,248,244,238,229,223,219,220,208,219,193,205,175,188,165,164,161,147,133,155,162,133,151,120,143,116,130,137,107,118,126,106,122,117,119,105,110,96,110,90,118,93,92,84,97,81,71,89,82,103,84,70,71,56,57,64,62,58,62,68,73,63,51,54,51,65,56,58,48,50,46,58,52,47,58,48,56,36,47,38,36,46],"tail_threshold":177,"tail_removal_rate":94.48539132734003,"tail_post_filtering_doc_counts":3337,"global_removal_rate":89.74874428063865}