{"cluster_sizes":[1,2,3,4,5,6,7,8,9,10,11,12,13,14,15,16,17,18,19,20,21,22,23,24,25,26,27,28,29,30,31,32,33,34,35],"cluster_removal_rates":[99.85958591090328,96.04989604989605,96.80589680589681,97.59036144578313,99.53488372093024,100.0,100.0,100.0,100.0,98.30508474576271,100.0,100.0,100.0,100.0,100.0,100.0,100.0,100.0,100.0,100.0,100.0,100.0,100.0,100.0,100.0,100.0,100.0,100.0,100.0,100.0,100.0,100.0,100.0,100.0,100.0],"cluster_post_filtering_doc_counts":[106,38,13,6,1,0,0,0,0,1,0,0,0,0,0,0,0,0,0,0,0,0,0,0,0,0,0,0,0,0,0,0,0,0,0],"tail_threshold":36,"tail_removal_rate":100.0,"tail_post_filtering_doc_counts":0,"global_removal_rate":99.78883243533794}