{"cluster_sizes":[1,2,3,4,5,6,7,8,9,10,11,12,13,14,15,16,17,18,19,20,21,22,23,24,25,26,27,28,29,30,31,32,33,34,35,36,37,38,39,40,41,42,43,44,45,46,47,48,49,50,51,52,53,54,55,56,57,58,59,60,61,62,63,64,65,66,67,68,69,70,71,72,73,74,75,76,77,78,79,80,81,82,83,84,85,86,87,88,89,90,91,92,93,94,95,96,97,98,99,100,101,102,103,104,105,106,107,108,109,110,111,112,113,114,115,116,117,118,119,120,121,122,123,124,125,126,127,128,129,130,131,132,133,134,135,136,137,138,139,140,141,142,143,144,145,146,147,148,149,150,151,152,153,154,155,156,157,158,159,160,161,162,163,164,165,166,167,168,169,170,171,172,173,174,175,176,177,179,180,181,182,183,184,185,186,187,188,189,190,191,192,193,194,195,197,198,200,201,202,203,206,207,208,209,210,211,212,213,214,215,217,220,221,222,223,224,225,226,227,228,229,230,231,232,233,234,235,236,237,238,240,241,242,243,244,245,246,249,250,251,252,253,254,255,257,259],"cluster_removal_rates":[92.87159387213963,86.21367708105745,82.60544793585977,80.95473483511051,78.6938024606186,72.49092229484387,72.79131759329779,70.09345794392523,67.07520891364902,68.43638718031725,67.8627760252366,73.14285714285714,71.62230035158213,70.52856380138815,68.88509670079635,66.1049902786779,67.93365583966829,66.02475928473177,64.2072213500785,58.42696629213483,57.629744384198304,57.36842105263158,61.32368148914168,63.816475495307614,61.83510638297872,67.57624398073835,71.60714285714286,73.56076759061834,72.91666666666666,72.90502793296089,76.0932944606414,74.60815047021944,73.48242811501598,79.25170068027211,73.66412213740458,79.84496124031007,79.16666666666666,77.4468085106383,74.87179487179488,81.93832599118943,81.38297872340425,79.70297029702971,83.33333333333334,83.57142857142857,79.88165680473372,81.92771084337349,80.35714285714286,83.97790055248619,80.66298342541437,87.34177215189874,80.89171974522293,80.64516129032258,80.91603053435115,85.82089552238806,82.85714285714286,82.84023668639054,76.2589928057554,86.3013698630137,81.61764705882352,80.18018018018019,86.66666666666667,77.31092436974791,85.43689320388349,79.43925233644859,86.17021276595744,85.0,64.13043478260869,81.17647058823529,81.0,74.15730337078652,78.87323943661971,69.56521739130434,77.21518987341773,79.41176470588235,90.36144578313254,78.87323943661971,91.30434782608695,78.68852459016394,85.29411764705883,81.42857142857143,75.36231884057972,71.83098591549296,85.9375,82.5,66.66666666666666,82.6923076923077,78.72340425531915,71.73913043478261,64.1025641025641,75.0,69.04761904761905,67.64705882352942,75.0,82.6086956521739,71.875,83.33333333333334,100.0,47.368421052631575,66.66666666666666,65.0,68.75,66.66666666666666,62.5,84.61538461538461,83.33333333333334,73.68421052631578,66.66666666666666,68.75,91.66666666666666,77.77777777777779,88.23529411764706,92.3076923076923,87.5,66.66666666666666,66.66666666666666,50.0,75.0,72.72727272727273,80.0,87.5,100.0,77.77777777777779,87.5,66.66666666666666,77.77777777777779,91.66666666666666,100.0,75.0,90.9090909090909,85.71428571428571,71.42857142857143,62.5,50.0,75.0,100.0,75.0,83.33333333333334,87.5,57.14285714285714,100.0,60.0,83.33333333333334,100.0,66.66666666666666,80.0,75.0,80.0,71.42857142857143,33.33333333333333,100.0,75.0,75.0,100.0,100.0,75.0,100.0,100.0,80.0,100.0,66.66666666666666,100.0,100.0,100.0,100.0,71.42857142857143,100.0,100.0,100.0,66.66666666666666,100.0,100.0,66.66666666666666,100.0,100.0,66.66666666666666,100.0,100.0,100.0,100.0,66.66666666666666,75.0,75.0,100.0,100.0,100.0,100.0,66.66666666666666,100.0,60.0,100.0,100.0,100.0,100.0,100.0,100.0,100.0,66.66666666666666,100.0,0.0,100.0,100.0,50.0,80.0,100.0,100.0,100.0,80.0,100.0,100.0,100.0,100.0,100.0,100.0,100.0,100.0,100.0,100.0,100.0,100.0,75.0,100.0,100.0,100.0,0.0,50.0,50.0,100.0,100.0,100.0,100.0,100.0,100.0,100.0,100.0,100.0,100.0,100.0,80.0,100.0,100.0,66.66666666666666,100.0,100.0,100.0,66.66666666666666,50.0],"cluster_post_filtering_doc_counts":[12931,6310,3493,2697,1853,1894,1429,1312,1182,975,815,611,565,552,547,523,464,494,456,555,547,486,374,347,287,202,159,124,117,97,82,81,83,61,69,52,55,53,49,41,35,41,28,23,34,30,33,29,35,20,30,30,25,19,24,29,33,20,25,22,18,27,15,22,13,15,33,16,19,23,15,21,18,14,8,15,6,13,10,13,17,20,9,7,20,9,10,13,14,8,13,11,8,4,9,5,0,10,9,7,5,5,6,2,3,5,5,5,1,4,2,1,2,5,3,4,2,3,2,1,0,2,1,2,2,1,0,2,1,1,2,3,2,3,0,1,1,1,3,0,2,1,0,3,1,2,1,2,2,0,1,1,0,0,1,0,0,1,0,1,0,0,0,0,2,0,0,0,1,0,0,1,0,0,1,0,0,0,0,2,1,1,0,0,0,0,1,0,2,0,0,0,0,0,0,0,1,0,1,0,0,2,1,0,0,0,1,0,0,0,0,0,0,0,0,0,0,0,0,1,0,0,0,1,1,1,0,0,0,0,0,0,0,0,0,0,0,1,0,0,2,0,0,0,1,1],"tail_threshold":260,"tail_removal_rate":91.76829268292683,"tail_post_filtering_doc_counts":27,"global_removal_rate":86.48792109895273}