{"cluster_sizes":[1,2,3,4,5,6,9,10,11,13,14,15,16,17,18,19,20,21,22,23,24,25,26,27,28,29,30,31,32,33,34,35,36,37,38],"cluster_removal_rates":[72.52396166134186,48.99328859060403,15.217391304347828,54.166666666666664,50.0,60.0,100.0,100.0,100.0,100.0,50.0,50.0,100.0,77.77777777777779,37.5,68.96551724137932,65.95744680851064,49.09090909090909,60.67415730337079,55.55555555555556,55.33980582524271,66.66666666666666,72.05882352941177,60.526315789473685,68.57142857142857,94.11764705882352,42.857142857142854,60.0,100.0,0.0,0.0,0.0,50.0,0.0,0.0],"cluster_post_filtering_doc_counts":[172,76,39,11,5,2,0,0,0,0,1,1,0,2,5,9,16,28,35,44,46,27,19,15,11,1,4,2,0,2,4,6,1,2,1],"tail_threshold":39,"tail_removal_rate":0.0,"tail_post_filtering_doc_counts":2,"global_removal_rate":62.81565656565656}