{"cluster_sizes":[1,2,3,4,5,6,7,8,9,10,11,12,13,14,15,16,17,18,19,20,21,22,23,24,25,26,27,30,32,36,37,38,40,42,43,59,77],"cluster_removal_rates":[97.8838014621008,85.88235294117646,70.11494252873564,77.41935483870968,93.84615384615384,93.75,96.29629629629629,100.0,93.75,95.0,100.0,100.0,92.85714285714286,100.0,90.9090909090909,100.0,100.0,66.66666666666666,100.0,100.0,100.0,100.0,100.0,100.0,66.66666666666666,100.0,0.0,0.0,100.0,100.0,100.0,100.0,100.0,100.0,100.0,100.0,100.0],"cluster_post_filtering_doc_counts":[110,36,52,14,4,2,1,0,1,1,0,0,1,0,1,0,0,1,0,0,0,0,0,0,1,0,1,1,0,0,0,0,0,0,0,0,0],"tail_threshold":88,"tail_removal_rate":100.0,"tail_post_filtering_doc_counts":0,"global_removal_rate":96.21351125938283}