{"cluster_sizes":[1,2,3,4,5,6,7,8,9,10,11,12,13,14,15,16,17,18,19,20,21,22,23,24,25,26,27,28,29,30,31,32,33,34,35,36,37,38,39,40,41,42,43,44,45,46,47,48,49,50,51,52,53,54,55,56,57,58,59,60,61,62,63,64,65,66,67,68,69,70,71,72,73,74,75,76,77,78,79,80,81,82,83,84,85,86,87,88,89,90,91,92,93,94,95,96,97,98,99,100,101,102,103,104,105,106,107,108,109,110,111,112,113,114,115,116,117,118,119,120,121,122,123,124,125,126,127,128,129,130,131,132,133,134,135,136,137,138,139,140,141,142,143,144,145,146,147,148,149,150,151,152,153,154,155,156,157,158,159,160,161,162,163,164,165,166,167,168,169,170,171,172,173,174,175,176,177,178,179,180,181,182,183,184,185,186,187,188,189,190,191,192,193,194,195,196,197,198,199,200,201,202,203,204,205,206,207,208,209,210],"cluster_removal_rates":[73.26117892854263,59.07928368478218,57.846573056195005,56.93048215417741,54.909080017063715,54.63917713245395,52.4829429518216,52.944806168682526,51.470316440367235,51.55026081999622,50.85159655033847,51.24449913520975,50.27960376023907,50.18947209974725,50.37800687285223,50.38806362272991,49.434176186197746,49.86629261997285,49.44955486236026,50.34433537012922,49.77046303331229,49.936726602859316,49.91491673513737,51.21360046924915,50.875954601540705,50.882452314402435,50.93241364268383,51.10615190061743,51.31030797872784,52.392728185003,51.762214490999845,52.643568045132795,52.117149306382636,52.38050165641268,51.91150114331623,52.71764841262738,52.638941345978985,52.918884916921094,53.18349524422029,53.498972204844044,52.9668360888785,53.34839305883561,52.756360404399516,52.79875401170474,52.881433010788,52.832648984574405,52.80129812656734,53.805106567803186,53.81063900970224,54.50773558368495,54.55297390781262,55.269451530612244,55.42238868081565,55.521312613942186,55.03960171984612,55.85854282062207,55.73114622924585,56.0081466395112,55.05808855765015,56.59757616944161,55.327720986169574,55.78120088022634,56.37927638058966,56.060810810810814,56.309657495788876,56.27387819312308,56.13546740895384,55.85527895621548,57.387077851336635,56.97001123498401,57.845244492208494,58.297124895997044,58.09144743228812,58.15481002425222,57.75276125743416,58.3140240538453,56.83010262257697,56.883421206795546,56.88392302917442,57.35892221657346,56.86143125167516,57.80126849894292,57.23852949558279,58.111380145278446,57.09956053947568,57.87044405538755,57.25806451612904,58.88342100797557,58.88698630136986,59.21767475552336,59.28729689807977,58.591065292096225,59.45146014206788,60.74014481094127,60.0383223334043,60.10504201680672,58.970427163198245,61.197389151474226,60.590238365493754,60.83772030212863,58.434782608695656,61.19778560644187,58.81136950904393,60.60844479412536,61.7124394184168,59.40347970173985,61.55384175949729,60.135516657255785,60.30179918746372,61.24588200059898,61.28428927680798,61.39141335004701,61.93236714975845,62.9136813374275,63.01096709870389,59.684065934065934,61.468224981738494,61.74132947976878,61.11727709951905,63.154043175997074,62.13895394223263,63.44386735916899,60.96096096096096,62.469237079573425,64.18103448275862,64.24268502581756,62.66852626685263,61.4500442086649,63.07072515666965,62.02830188679245,63.69731800766284,61.43564356435643,63.04347826086957,63.20238687220289,63.512145748987855,64.30722891566265,65.29631607047517,66.24365482233503,65.22666666666666,64.15094339622641,67.28708403835307,66.08154020385051,65.7510227936879,67.59581881533101,66.05279312461633,67.09796672828097,66.39395846444305,66.51870640456563,66.0427807486631,66.14864864864865,63.81401617250674,65.84531143052703,68.01369863013699,66.1064425770308,65.3409090909091,68.04123711340206,66.59528907922912,68.24224519940915,67.13545521835678,66.32047477744807,64.41336441336442,68.53035143769968,66.74565560821485,62.972085385878486,65.3114186851211,67.19798657718121,64.73638720829732,65.08474576271186,64.7313691507799,66.92573402417962,65.63604240282686,67.37523105360444,68.45943482224249,67.1889400921659,66.4323374340949,67.50232126276694,68.28322017458778,67.81940441882806,69.17148362235068,67.74193548387096,67.57852077001013,68.29511465603191,70.91932457786116,70.18828451882845,69.4054054054054,68.37696335078533,68.72964169381108,68.27033218785796,70.6462212486309,66.2870159453303,70.64555420219246,70.9154113557358,66.70454545454545,69.71916971916971,68.10035842293907,67.27716727716728,65.21181001283696,70.54161162483487,70.63492063492063,68.81443298969072,66.0,66.7590027700831,68.29896907216495,69.4708276797829,67.74193548387096,71.36871508379889,67.30245231607628,68.84498480243161,70.4225352112676,69.52010376134889],"cluster_post_filtering_doc_counts":[20060439,8777927,4519999,3269271,2363455,1746105,1321083,1043216,879634,771737,620100,543206,440738,397097,332842,271926,236375,210160,177610,158628,140817,125013,111551,100640,88383,79956,71990,65728,58321,53134,47835,44489,42214,40248,38906,36980,33857,30687,27662,26015,24152,22717,21262,20002,18650,17001,15998,14890,13806,12938,12088,11222,10712,10247,9934,9324,8852,8424,8201,7664,7429,7033,6643,6503,6225,5837,5673,5515,5085,4979,4707,4511,4317,4141,3978,3778,3786,3680,3473,3355,3219,2994,3001,2941,2831,2647,2650,2423,2401,2252,2205,2169,2055,1952,1877,1899,1873,1724,1736,1711,1673,1542,1594,1502,1422,1470,1346,1412,1368,1294,1242,1232,1182,1087,1113,1174,1055,1059,1051,1007,970,915,910,915,831,831,803,872,825,805,758,779,765,740,721,711,650,665,652,646,580,599,586,558,553,534,534,528,508,501,537,499,467,484,488,434,468,430,444,454,458,394,421,451,401,391,408,412,407,383,389,353,346,356,382,350,327,335,320,370,320,318,310,285,283,302,288,277,268,296,241,251,293,248,267,268,271,223,222,242,238,240,246,225,250,205,240,205,210,235],"tail_threshold":211,"tail_removal_rate":73.87617569044619,"tail_post_filtering_doc_counts":37524,"global_removal_rate":65.07720879093397}