{"cluster_sizes":[1,2,3,4,5,6,7,8,9,10,11,12,14,15,18,21,24,25,26,28,35,36,37,39,52,56,57],"cluster_removal_rates":[73.61702127659574,80.85106382978722,84.61538461538461,93.33333333333333,80.0,80.0,100.0,60.0,100.0,100.0,100.0,100.0,100.0,100.0,100.0,100.0,100.0,100.0,100.0,0.0,100.0,100.0,100.0,100.0,100.0,0.0,0.0],"cluster_post_filtering_doc_counts":[62,9,2,1,1,1,0,2,0,0,0,0,0,0,0,0,0,0,0,1,0,0,0,0,0,1,1],"tail_threshold":63,"tail_removal_rate":100.0,"tail_post_filtering_doc_counts":0,"global_removal_rate":76.98863636363636}