{"cluster_sizes":[1,2,3,4,5,6,7,8,9,10,11,12,13,14,15,16,17,18,19,20,21,22,23,24,25,26,27,28,29,30,31,32,33,34,35,36,37,38,39,41,42,43,45,47,56,65,66,67,70,71,90,91,118,143,156,177,191,197,312,420],"cluster_removal_rates":[99.44217181108219,96.14243323442136,93.23308270676691,94.75982532751091,96.63865546218487,96.63865546218487,98.27586206896551,96.7741935483871,93.33333333333333,100.0,100.0,100.0,100.0,100.0,100.0,100.0,100.0,100.0,100.0,100.0,78.57142857142857,92.3076923076923,100.0,90.9090909090909,100.0,100.0,100.0,100.0,100.0,100.0,100.0,50.0,100.0,100.0,100.0,75.0,100.0,100.0,100.0,100.0,100.0,100.0,100.0,100.0,100.0,100.0,100.0,100.0,100.0,100.0,100.0,100.0,100.0,100.0,100.0,100.0,100.0,100.0,100.0,100.0],"cluster_post_filtering_doc_counts":[15,26,18,12,4,4,1,1,2,0,0,0,0,0,0,0,0,0,0,0,3,1,0,1,0,0,0,0,0,0,0,1,0,0,0,1,0,0,0,0,0,0,0,0,0,0,0,0,0,0,0,0,0,0,0,0,0,0,0,0],"tail_threshold":431,"tail_removal_rate":100.0,"tail_post_filtering_doc_counts":0,"global_removal_rate":97.97979797979798}