{"cluster_sizes":[1,2,3,4,5,6,7,8,9,10,11,12,13,14,15,16,17,18,19,20,21,22,23,24,25,26,27,28,29,30,31,32,33,34,35,36,37,38,39,40,41,42,43,44,45,46,47,48,49,50,51,52,53,54,55,56,57,58,59,60,61,62,63,64,65,66,67,68,69,70,71,72,73,74,75,76,77,78,79,80,81,82,83,84,85,86,87,88,89,90,91,92,93,94,95,96,97,98,99,100,101,102,103,104,105,106,107,108,109,110,111,112,113,114,115,116,117,118,119,120,121,122,123,124,125,126,127,128,129,130,131,132,133,134,135,136,138,139,140,143,144,145,146,147,148,150,151,152,153,154,155,156,157,159,160,161,163,165,166,167,169,170,171,172,175,177,178,179,180,181,182,184,185,186,187,190,192,193,195,196,197,199,200,202,204,206,207,208,209,211,213,215,216,217,220,222,225,229,230,232,234,235,238,241,244,245,246,247,250,252,255,259,262,263,265,271,272,275,277,278,280,281,283,285,290,292,296,297,298,302,304,306,307,309,311,317,318,322,324,325],"cluster_removal_rates":[99.9231983844807,97.72592152199763,99.55403987408185,99.85572587917042,99.78454080258551,99.85057900635039,99.83461962513782,99.65325936199723,99.62406015037594,99.82046678635548,99.88901220865705,99.52662721893492,99.63898916967509,99.38144329896907,99.06976744186046,99.37106918238993,99.00662251655629,98.30508474576271,99.5575221238938,100.0,100.0,99.31506849315068,100.0,100.0,100.0,99.1869918699187,100.0,100.0,99.0909090909091,99.25373134328358,97.22222222222221,100.0,100.0,100.0,98.63013698630137,100.0,98.57142857142858,100.0,100.0,100.0,100.0,97.91666666666666,100.0,100.0,96.7741935483871,100.0,100.0,97.2972972972973,90.0,100.0,100.0,100.0,100.0,100.0,100.0,100.0,100.0,100.0,100.0,100.0,100.0,100.0,100.0,92.85714285714286,100.0,92.85714285714286,100.0,100.0,100.0,100.0,100.0,100.0,100.0,100.0,100.0,100.0,100.0,100.0,100.0,100.0,100.0,100.0,100.0,100.0,100.0,100.0,100.0,100.0,100.0,100.0,100.0,100.0,100.0,100.0,100.0,100.0,100.0,100.0,100.0,100.0,100.0,100.0,75.0,100.0,100.0,100.0,100.0,100.0,100.0,100.0,100.0,100.0,100.0,100.0,100.0,100.0,100.0,100.0,100.0,100.0,100.0,100.0,100.0,100.0,100.0,100.0,100.0,100.0,100.0,100.0,100.0,100.0,100.0,100.0,100.0,100.0,100.0,100.0,100.0,100.0,100.0,100.0,100.0,100.0,100.0,100.0,100.0,100.0,100.0,100.0,100.0,100.0,100.0,100.0,100.0,100.0,100.0,100.0,100.0,100.0,100.0,100.0,100.0,100.0,100.0,100.0,100.0,100.0,75.0,100.0,100.0,100.0,100.0,100.0,100.0,100.0,100.0,100.0,100.0,100.0,100.0,100.0,100.0,100.0,100.0,100.0,100.0,100.0,100.0,100.0,100.0,100.0,100.0,100.0,100.0,100.0,100.0,100.0,100.0,100.0,100.0,100.0,100.0,100.0,100.0,100.0,100.0,100.0,100.0,100.0,100.0,100.0,100.0,100.0,100.0,100.0,100.0,100.0,100.0,100.0,100.0,100.0,100.0,100.0,100.0,100.0,100.0,100.0,100.0,100.0,100.0,100.0,100.0,100.0,100.0,100.0,100.0,100.0,100.0,100.0],"cluster_post_filtering_doc_counts":[143,459,34,8,8,4,3,5,5,2,1,4,2,3,4,2,3,5,1,0,0,1,0,0,0,1,0,0,1,1,3,0,0,0,1,0,1,0,0,0,0,1,0,0,1,0,0,1,2,0,0,0,0,0,0,0,0,0,0,0,0,0,0,1,0,1,0,0,0,0,0,0,0,0,0,0,0,0,0,0,0,0,0,0,0,0,0,0,0,0,0,0,0,0,0,0,0,0,0,0,0,0,1,0,0,0,0,0,0,0,0,0,0,0,0,0,0,0,0,0,0,0,0,0,0,0,0,0,0,0,0,0,0,0,0,0,0,0,0,0,0,0,0,0,0,0,0,0,0,0,0,0,0,0,0,0,0,0,0,0,0,0,0,0,0,0,0,0,1,0,0,0,0,0,0,0,0,0,0,0,0,0,0,0,0,0,0,0,0,0,0,0,0,0,0,0,0,0,0,0,0,0,0,0,0,0,0,0,0,0,0,0,0,0,0,0,0,0,0,0,0,0,0,0,0,0,0,0,0,0,0,0,0,0,0,0,0,0,0,0],"tail_threshold":327,"tail_removal_rate":100.0,"tail_post_filtering_doc_counts":0,"global_removal_rate":99.70213760074758}