{"cluster_sizes":[1,2,3,4,5,6,7,8,9,10,11,12,13,14,15,16,17,18,19,20,21,22,23,24,25,26,27,28,29,30,31,32,33,34,35,36,37,38,39,40,41,42,43,44,45,46,47,48,49,50,51,52,53,54,55,56,57,58,59,60,61,62,63,64,65,66,67,68,69,70,71,72,73,74,75,76,77,78,79,80,81,82,83,84,85,86,87,88,89,90,91,92,93,94,95,96,97,98,99,100,101,102,103,104,105,106,107,108,109,110,111,112,113,114,115,116,117,118,119,120,121,122,123,124,125,126,127,128,129,130,131,132,133,134,135,136,137],"cluster_removal_rates":[85.50215938926864,78.02500729597426,76.30396534829306,75.72138142866864,74.58419519013454,76.00372158225656,77.43213149522799,77.58228529427085,77.76228967337514,79.29136959044935,80.26888505421485,80.3557928193418,80.80479051260045,80.7846943019548,81.55882352941177,81.66940439252906,81.24653931339978,81.81126940931647,80.71469630197356,80.93466126737441,80.58414982016619,79.94789833133845,80.9098164405427,80.4563664866748,80.53650665590965,80.53490178670513,79.92248062015503,80.12738853503186,80.64317587321126,81.77289125579797,81.43897996357012,81.91176470588235,82.65079685293524,81.98216457235509,83.21167883211679,82.44879982382734,83.01376597836774,83.6734693877551,83.28276699029125,83.55242064764347,83.28748280605227,81.80807706557984,83.08735540486637,82.46587030716724,82.4452901998097,81.90091001011123,80.75675675675676,81.5659679408138,80.89005235602095,81.61764705882352,80.20833333333334,78.87323943661971,79.47327652982185,77.87162162162163,80.12704174228675,78.87179487179488,79.42857142857143,78.8480635551142,80.23504273504274,76.79914070891515,78.61142217245241,79.92471769134254,78.18411097099622,78.33723653395785,78.826895565093,75.69141193595343,76.75840978593273,78.75816993464052,78.0952380952381,78.69127516778524,77.5609756097561,80.56951423785594,77.0909090909091,78.97838899803537,80.16194331983806,75.72614107883817,78.43511450381679,80.91286307053942,76.87224669603523,76.33410672853829,79.13669064748201,80.58252427184466,78.57142857142857,77.71587743732591,78.08219178082192,81.28491620111731,80.18867924528303,83.76623376623377,81.54761904761905,80.72727272727272,83.21917808219177,79.92565055762083,80.44280442804428,82.70676691729322,80.1762114537445,83.1896551724138,76.69491525423729,81.4977973568282,83.98268398268398,87.17948717948718,86.95652173913044,80.73394495412845,84.6938775510204,78.0,85.29411764705883,88.20224719101124,84.7457627118644,86.70520231213872,83.9506172839506,87.26114649681529,86.18421052631578,85.09316770186336,88.97058823529412,86.52482269503547,83.59375,83.08823529411765,87.4074074074074,86.98630136986301,84.6938775510204,87.89808917197452,86.23853211009175,92.6829268292683,86.46616541353383,86.0655737704918,90.56603773584906,84.25925925925925,89.53488372093024,88.0,83.87096774193549,84.61538461538461,83.33333333333334,88.31168831168831,90.47619047619048,91.20879120879121,88.37209302325581,88.77551020408163,85.55555555555556],"cluster_post_filtering_doc_counts":[750744,319265,171451,124888,90189,57515,42563,38734,26961,19983,15322,12732,9841,8316,6897,6026,5419,4545,4026,3484,3131,2848,2392,2244,1930,1754,1554,1404,1258,1061,1019,984,860,889,805,797,691,584,551,513,486,491,424,411,369,358,356,299,292,275,266,285,265,262,219,206,216,213,185,216,191,160,173,185,148,167,152,130,138,127,138,116,126,107,98,117,113,92,105,102,87,80,84,80,80,67,63,50,62,53,49,54,53,46,45,39,55,42,37,40,24,42,30,44,25,21,27,23,26,20,21,24,15,19,21,23,17,19,15,19,15,9,18,17,10,17,9,12,20,14,13,9,8,8,10,11,13],"tail_threshold":138,"tail_removal_rate":93.68681658757994,"tail_post_filtering_doc_counts":612,"global_removal_rate":81.7940319037858}