{"cluster_sizes":[1,2,3,4,5,6,7,8,9,10,11,12,13,14,15,16,17,18,19,20,21,22,23,24,25,26,27,28,29,30,31,32,33,34,35,36,37,38,39,40,41,42,43,44,45,46,47,48,49,50,51,52,53,54,55,56,57,58,59,60,61],"cluster_removal_rates":[40.3076425851673,23.854861683784392,19.535890039029358,22.018900860771684,22.171814671814673,22.88242730720607,29.064316519782484,27.553576398552742,29.67525195968645,31.297348484848484,31.876138433515482,32.83108643933386,30.318091451292243,31.485849056603776,30.589849108367627,33.04647160068847,29.388560157790927,30.8584686774942,31.48614609571788,28.947368421052634,29.430379746835445,31.768953068592058,25.81967213114754,29.411764705882355,37.254901960784316,34.59119496855346,25.735294117647058,24.509803921568626,42.04545454545455,39.285714285714285,38.666666666666664,25.925925925925924,45.23809523809524,33.33333333333333,42.30769230769231,29.78723404255319,37.03703703703704,30.76923076923077,28.57142857142857,22.5,46.15384615384615,64.0,70.0,41.66666666666667,33.33333333333333,35.294117647058826,35.714285714285715,46.15384615384615,50.0,45.45454545454545,27.27272727272727,42.857142857142854,50.0,75.0,33.33333333333333,33.33333333333333,50.0,100.0,83.33333333333334,33.33333333333333,66.66666666666666],"cluster_post_filtering_doc_counts":[59102,30471,18967,12955,8063,5490,3783,2603,1884,1451,1122,847,701,581,506,389,358,298,272,216,223,189,181,132,128,104,101,77,51,51,46,40,23,32,30,33,34,27,20,31,14,9,3,7,4,11,9,7,7,6,8,4,4,1,4,4,2,0,1,2,1],"tail_threshold":62,"tail_removal_rate":78.73303167420815,"tail_post_filtering_doc_counts":47,"global_removal_rate":31.27428338540959}