{"cluster_sizes":[1,2,3,4,5,6,7,8,9,10,11,12,13,14,15,16,17,18,19,20,21,22,23,24,25,26,27,28,29,30,31,32,33,34,35,36,37,38,39,40,41,42,43,44,45,46,47,48,49,50,51,52,53,54,55,56,57,58,59,60,61,62,63,64,65,66,67,68,69,70,71,72,73,74,75,76,77,78,80,81,83,85,86,87,88,90,91,92,94,95,96,98,100,101,103,104,108],"cluster_removal_rates":[77.7974539744061,45.27261064785119,41.39784946236559,43.64723467862481,49.25373134328358,57.721139430284865,53.179972936400546,44.428969359331475,31.751227495908346,31.078610603290674,35.430463576158935,72.85714285714285,59.183673469387756,67.16417910447761,63.013698630136986,77.04918032786885,75.0,67.24137931034483,48.93617021276596,67.5,59.45945945945946,60.526315789473685,68.96551724137932,76.0,77.77777777777779,56.25,82.6086956521739,62.5,55.55555555555556,73.33333333333333,47.05882352941176,69.23076923076923,40.74074074074074,63.33333333333333,65.85365853658537,72.72727272727273,60.0,61.904761904761905,44.44444444444444,58.06451612903226,62.06896551724138,68.75,56.25,71.42857142857143,58.82352941176471,41.17647058823529,33.33333333333333,60.0,57.14285714285714,57.14285714285714,33.33333333333333,100.0,75.0,44.44444444444444,75.0,66.66666666666666,0.0,66.66666666666666,100.0,60.0,100.0,50.0,50.0,100.0,100.0,100.0,75.0,100.0,0.0,100.0,80.0,100.0,66.66666666666666,100.0,100.0,100.0,40.0,100.0,100.0,100.0,100.0,33.33333333333333,66.66666666666666,50.0,100.0,100.0,100.0,50.0,100.0,0.0,100.0,100.0,100.0,100.0,100.0,100.0,100.0],"cluster_post_filtering_doc_counts":[6645,4266,2071,1131,782,564,346,399,417,377,195,38,40,22,27,14,10,19,24,13,15,15,9,6,4,7,4,6,8,4,9,4,16,11,14,9,12,8,15,13,11,10,14,4,7,10,2,2,3,3,4,0,1,5,1,1,4,2,0,2,0,1,2,0,0,0,1,0,1,0,1,0,1,0,0,0,3,0,0,0,0,2,1,1,0,0,0,1,0,1,0,0,0,0,0,0,0],"tail_threshold":113,"tail_removal_rate":76.47058823529412,"tail_post_filtering_doc_counts":12,"global_removal_rate":64.97160608638873}