{"cluster_sizes":[1,2,3,4,5,6,7,8,9,10,11,12,13,14,15,16,17,18,19,20,21,22,23,24,25,26,27,28,29,30,31,32,33,34,35,36,37,38,39,40,41,42,43,45,46,47,48,49,50,53,54,56,57,58,59,61,62,63,64,65,66,67,68,69,71,72,74,75,77,80,82,83,86,87,91,92,93,94,96,97,101,102,106,107,109,110,113,114,116,121,129,130,132,133,135,136,146,148,160,173],"cluster_removal_rates":[99.40664878484922,99.62001266624446,99.28571428571429,96.64694280078896,94.80874316939891,97.99196787148594,97.20670391061452,98.48484848484848,96.73913043478261,100.0,100.0,100.0,100.0,96.42857142857143,100.0,100.0,96.15384615384616,100.0,100.0,100.0,100.0,100.0,100.0,100.0,100.0,100.0,100.0,100.0,100.0,100.0,100.0,100.0,100.0,100.0,100.0,100.0,100.0,100.0,100.0,100.0,100.0,100.0,100.0,100.0,100.0,100.0,100.0,100.0,100.0,100.0,100.0,100.0,100.0,100.0,100.0,100.0,100.0,100.0,100.0,100.0,100.0,100.0,100.0,100.0,100.0,100.0,100.0,100.0,100.0,100.0,100.0,100.0,100.0,100.0,100.0,100.0,100.0,100.0,100.0,100.0,100.0,100.0,100.0,100.0,100.0,100.0,100.0,100.0,100.0,100.0,100.0,100.0,100.0,100.0,100.0,100.0,100.0,100.0,100.0,100.0],"cluster_post_filtering_doc_counts":[73,6,6,17,19,5,5,2,3,0,0,0,0,1,0,0,1,0,0,0,0,0,0,0,0,0,0,0,0,0,0,0,0,0,0,0,0,0,0,0,0,0,0,0,0,0,0,0,0,0,0,0,0,0,0,0,0,0,0,0,0,0,0,0,0,0,0,0,0,0,0,0,0,0,0,0,0,0,0,0,0,0,0,0,0,0,0,0,0,0,0,0,0,0,0,0,0,0,0,0],"tail_threshold":175,"tail_removal_rate":100.0,"tail_post_filtering_doc_counts":0,"global_removal_rate":99.18866482450467}