{"cluster_sizes":[1,2,3,4,5,6,7,8,9,10,11,12,13,14,15,16,17,18,19,20,21,22,23,24,25,26,27,28,29,30,31,32,33,34,35,36,37,38,39,40,41,42,43,44,45,46,47,48,49,50,51,52,53,54,55,56,57,58,59,60,61,62,63,64,65,66,67,68,69,70,71,72,73,74,75,76,77,78,79,80,81,82,83,84,85,86,87,88,89,90,91,92,93,94,95,96,97,98,99,100,101,102,103,104,105,106,107,108,109,110,111],"cluster_removal_rates":[89.72283871620905,82.83986779345696,84.9356768489597,84.26720285969616,84.2039411948702,85.47947870064189,87.11261123043879,86.38980263157895,86.3595028796605,86.23887240356083,86.86669945892768,87.64455264759586,83.38735818476499,91.58361018826136,90.51282051282051,91.9205298013245,92.37588652482269,94.50171821305841,93.30628803245436,92.62672811059907,93.33333333333333,94.03794037940379,94.87951807228916,95.39877300613497,94.140625,95.52845528455285,96.6804979253112,93.84615384615384,95.20958083832335,94.15204678362574,98.19277108433735,96.91358024691358,92.0,95.74468085106383,94.85714285714286,97.77777777777777,95.51282051282051,95.68345323741008,96.61016949152543,95.6140350877193,95.45454545454545,93.42105263157895,92.10526315789474,97.40259740259741,90.78947368421053,96.55172413793103,96.22641509433963,95.91836734693877,97.01492537313433,100.0,100.0,96.7741935483871,97.72727272727273,97.67441860465115,97.5,91.17647058823529,83.78378378378379,97.2972972972973,86.20689655172413,100.0,95.65217391304348,91.66666666666666,91.48936170212765,95.91836734693877,97.36842105263158,92.5925925925926,96.22641509433963,98.0,100.0,94.87179487179486,95.91836734693877,97.43589743589743,100.0,96.42857142857143,90.32258064516128,92.85714285714286,93.02325581395348,80.76923076923077,86.95652173913044,88.88888888888889,94.44444444444444,85.0,87.5,86.36363636363636,82.6086956521739,88.23529411764706,94.44444444444444,88.88888888888889,76.47058823529412,87.5,89.47368421052632,93.33333333333333,78.57142857142857,85.71428571428571,91.66666666666666,83.33333333333334,100.0,81.25,92.5925925925926,70.58823529411765,93.75,94.11764705882352,95.23809523809523,100.0,81.81818181818183,94.73684210526315,93.33333333333333,90.0,96.0,96.29629629629629,90.47619047619048],"cluster_post_filtering_doc_counts":[64968,17341,5691,3521,2020,1493,840,662,450,371,267,203,205,76,74,61,43,32,33,32,28,22,17,15,15,11,8,12,8,10,3,5,12,8,9,5,7,6,4,5,4,5,6,2,7,2,2,2,2,0,0,1,1,1,1,3,6,1,4,0,2,3,4,2,1,4,2,1,0,2,2,1,0,1,3,3,3,5,3,2,1,3,3,3,4,2,1,2,4,2,2,1,3,2,1,4,0,3,2,5,1,1,1,0,2,1,1,2,1,1,2],"tail_threshold":112,"tail_removal_rate":95.65727699530517,"tail_post_filtering_doc_counts":37,"global_removal_rate":88.38973628476262}