{"cluster_sizes":[1,2,3,4,5,6,7,8,9,10,11,12,13,14,15,16,17,18,19,20,21,22,23,24,25,26,27,28,29,30,31,32,33,34,35,36,37,38,39,40,41,42,43,44,45,46,47,48,49,52,53,55,56,58,59,60,63,64,66,67,77,80,82,101,146,155,163,175,202,223],"cluster_removal_rates":[99.32885906040269,99.27184466019418,98.49246231155779,100.0,100.0,100.0,100.0,100.0,96.42857142857143,96.875,100.0,100.0,100.0,100.0,94.44444444444444,100.0,100.0,100.0,100.0,100.0,100.0,75.0,75.0,100.0,100.0,50.0,75.0,100.0,80.0,75.0,100.0,62.5,100.0,85.71428571428571,100.0,88.88888888888889,100.0,80.0,100.0,83.33333333333334,100.0,66.66666666666666,100.0,100.0,100.0,66.66666666666666,50.0,100.0,100.0,100.0,50.0,100.0,100.0,100.0,100.0,100.0,100.0,100.0,100.0,100.0,100.0,100.0,100.0,100.0,100.0,100.0,100.0,100.0,100.0,100.0],"cluster_post_filtering_doc_counts":[14,3,3,0,0,0,0,0,1,1,0,0,0,0,1,0,0,0,0,0,0,1,1,0,0,2,2,0,1,1,0,3,0,1,0,1,0,1,0,1,0,1,0,0,0,1,1,0,0,0,1,0,0,0,0,0,0,0,0,0,0,0,0,0,0,0,0,0,0,0],"tail_threshold":262,"tail_removal_rate":100.0,"tail_post_filtering_doc_counts":0,"global_removal_rate":98.77515310586176}