{"cluster_sizes":[1,2,3,4,5,6,7,8,9,10,11,12,13,14,15,16,17,18,19,20,21,22,23,24,25,26,27,28,29,30,31,32,33,34,35,36,37,38,39,40,41,42,43,44,45,46,47,48,49,50,51,52,53,54,55,56,57,58,59,60,61,62,63,64,65,66,67,68,69,70,71,72,73,74,75,76,77,78,79,80,81,82,83,84,85,86,87,88,89,90,91,92,93,94,95,96,97,98,99,100,101,102,103,104,105,106,107,108,109,110,111,112,113,114,115],"cluster_removal_rates":[98.63937338501292,96.5956387179396,94.57979225684609,92.11512516864039,91.34297520661157,89.42158985462419,89.18020679468242,89.13624220837043,87.74509803921569,87.86020846106683,88.22776711452335,85.92857142857143,84.43579766536965,88.31372549019608,86.90476190476191,85.51269990592662,85.56806550665303,86.09271523178808,84.8729792147806,81.42292490118577,81.83229813664596,77.74030354131534,79.40594059405942,75.94433399602386,78.83817427385893,79.63340122199592,80.2788844621514,82.6,85.63432835820896,86.93009118541033,89.3387314439946,91.06078665077473,91.2486659551761,91.51732377538829,85.09316770186336,82.74231678486997,71.18155619596543,68.21428571428572,77.22419928825623,70.47244094488188,78.72340425531915,80.91286307053942,76.97594501718214,84.61538461538461,83.39622641509435,80.59701492537313,81.9327731092437,77.82608695652173,78.97196261682244,74.74226804123711,71.42857142857143,71.16564417177914,70.06802721088435,71.51898734177216,68.05555555555556,75.73529411764706,72.11538461538461,75.57251908396947,73.91304347826086,69.42148760330579,75.92592592592592,70.33898305084746,70.58823529411765,68.42105263157895,66.01941747572816,69.0721649484536,65.1685393258427,77.31092436974791,68.62745098039215,79.7872340425532,79.12087912087912,75.21367521367522,74.78260869565217,75.60975609756098,75.78947368421053,76.04166666666666,74.44444444444444,77.14285714285715,77.10843373493977,71.91011235955057,73.97260273972603,79.16666666666666,77.6595744680851,74.22680412371135,80.0,80.32786885245902,72.1311475409836,70.23809523809523,81.60919540229885,77.77777777777779,68.85245901639344,64.70588235294117,82.05128205128204,71.7948717948718,75.0,73.33333333333333,76.92307692307693,75.0,80.0,80.0,69.23076923076923,70.58823529411765,71.42857142857143,76.92307692307693,75.0,71.42857142857143,75.0,81.81818181818183,77.77777777777779,81.81818181818183,50.0,77.77777777777779,70.0,75.0,83.33333333333334],"cluster_post_filtering_doc_counts":[1685,957,574,526,419,342,293,244,225,198,184,197,200,149,143,154,141,126,131,141,117,132,104,121,102,100,99,87,77,86,79,75,82,71,96,73,100,89,64,75,50,46,67,46,44,52,43,51,45,49,46,47,44,45,46,33,29,32,30,37,26,35,35,36,35,30,31,27,32,19,19,29,29,20,23,23,23,16,19,25,19,20,21,25,13,12,17,25,16,14,19,18,7,11,10,8,9,6,5,3,8,5,4,3,4,4,3,2,2,2,3,2,3,3,1],"tail_threshold":116,"tail_removal_rate":81.27853881278538,"tail_post_filtering_doc_counts":41,"global_removal_rate":95.05769123576299}