{"cluster_sizes":[1,2,3,4,5,6,7,8,9,10,11,12,13,14,15,16,17,18,19,20,22,23,24,25,26,28,29,31,32,33,34,35,36,37,38,39,41,48,64,71,83,98,99],"cluster_removal_rates":[99.69635627530364,100.0,98.26086956521739,98.78048780487805,100.0,100.0,100.0,100.0,98.52941176470588,100.0,100.0,91.66666666666666,100.0,100.0,100.0,100.0,100.0,100.0,100.0,100.0,100.0,100.0,100.0,100.0,100.0,100.0,100.0,100.0,100.0,100.0,100.0,100.0,100.0,100.0,100.0,100.0,100.0,100.0,100.0,100.0,100.0,100.0,100.0],"cluster_post_filtering_doc_counts":[3,0,2,1,0,0,0,0,1,0,0,1,0,0,0,0,0,0,0,0,0,0,0,0,0,0,0,0,0,0,0,0,0,0,0,0,0,0,0,0,0,0,0],"tail_threshold":193,"tail_removal_rate":100.0,"tail_post_filtering_doc_counts":0,"global_removal_rate":99.57894736842105}