{"cluster_sizes":[1,2,3,4,5,6,7,8,9,10,11,12,13,14,15,16,17,18,19,20,21,22,23,24,25,26,27,28,29,30,31,32,33,34,35,36,37,38,39,41,42,43,50,53,58,61,65,69],"cluster_removal_rates":[99.76851851851852,100.0,100.0,96.55172413793103,100.0,93.75,100.0,100.0,100.0,100.0,100.0,100.0,100.0,100.0,66.66666666666666,66.66666666666666,0.0,40.0,7.142857142857142,19.230769230769234,14.705882352941178,17.5,10.0,8.695652173913043,7.6923076923076925,14.285714285714285,15.384615384615385,25.0,60.0,50.0,0.0,33.33333333333333,60.0,33.33333333333333,20.0,50.0,50.0,100.0,100.0,0.0,50.0,0.0,100.0,100.0,100.0,100.0,100.0,100.0],"cluster_post_filtering_doc_counts":[2,0,0,1,0,1,0,0,0,0,0,0,0,0,1,1,4,3,13,21,29,33,27,42,24,12,11,6,2,1,3,2,2,4,4,2,1,0,0,1,2,1,0,0,0,0,0,0],"tail_threshold":140,"tail_removal_rate":100.0,"tail_post_filtering_doc_counts":0,"global_removal_rate":82.12290502793296}