{"cluster_sizes":[1,2,3,4,5,6,7,8,9,10,11,12,13,14,15,16,17,18,19,20,21,22,23,24,25,26,27,28,29,30,31,32,33,34,35,36,37,38,39,40,42,43,44,60,66],"cluster_removal_rates":[78.80032867707477,46.15384615384615,94.23076923076923,94.73684210526315,100.0,100.0,90.9090909090909,97.14285714285714,98.11320754716981,93.42105263157895,98.13084112149532,94.11764705882352,96.51162790697676,96.32352941176471,90.9090909090909,84.61538461538461,25.0,50.0,23.52941176470588,40.909090909090914,9.090909090909092,15.789473684210526,32.758620689655174,29.411764705882355,32.608695652173914,25.0,36.666666666666664,50.0,14.285714285714285,0.0,16.666666666666664,0.0,0.0,0.0,0.0,0.0,0.0,25.0,50.0,50.0,0.0,0.0,100.0,100.0,100.0],"cluster_post_filtering_doc_counts":[258,49,3,1,0,0,1,1,1,5,2,4,3,5,7,4,3,5,13,13,30,32,39,36,31,33,19,7,6,4,5,1,2,3,4,2,3,3,1,1,1,2,0,0,0],"tail_threshold":86,"tail_removal_rate":100.0,"tail_post_filtering_doc_counts":0,"global_removal_rate":74.28}