{"cluster_sizes":[1,2,3,4,5,6,7,8,10,11,12,13,15,19,31,37,38],"cluster_removal_rates":[87.86407766990291,57.14285714285714,75.0,83.33333333333334,75.0,80.0,80.0,100.0,100.0,100.0,100.0,100.0,100.0,100.0,100.0,100.0,100.0],"cluster_post_filtering_doc_counts":[50,12,4,1,1,1,1,0,0,0,0,0,0,0,0,0,0],"tail_threshold":85,"tail_removal_rate":100.0,"tail_post_filtering_doc_counts":0,"global_removal_rate":85.68507157464212}