{"cluster_sizes":[1,2,3,4,5,6,7,8,10,11,14,19,20,22,23,24,25,26,27,28,29,33],"cluster_removal_rates":[86.50306748466258,92.3076923076923,38.46153846153847,35.294117647058826,50.0,100.0,100.0,100.0,50.0,100.0,100.0,50.0,100.0,100.0,66.66666666666666,100.0,100.0,100.0,100.0,66.66666666666666,100.0,100.0],"cluster_post_filtering_doc_counts":[22,1,16,11,1,0,0,0,1,0,0,1,0,0,1,0,0,0,0,1,0,0],"tail_threshold":35,"tail_removal_rate":100.0,"tail_post_filtering_doc_counts":0,"global_removal_rate":78.9272030651341}