{"cluster_sizes":[1,2,3,4,5,6,7,8,9,10,11,12,13,14,15,16,17,18,19,20,21,22,23,24,25,26,27,28,29,30,31,32,33,34,35,36,37,38,39,40,41,42,43,44,45,46,47,48,49,50,51,52,53,54,55,56,57,58,59,60,61,62,63,64,65,66,67,68,69,70,71,72,73,75,76,78,79,80,82,83,84,85,86,87,88,89,92,93,94,95,96,97,98,99,100,101,102,103,104,105,106,107,109,110,111,113,114,116,117,118,119,122,123,124,125,133,134,136,137,140,141,154,156,160,162,164,171,173,176,179,182,183,187,196,210,221,229,234,260],"cluster_removal_rates":[91.53056951423785,77.41098797453431,67.2311600338696,72.33796296296296,70.59369202226345,70.88915956151035,70.86614173228347,69.9410609037328,73.73493975903614,73.09941520467837,73.14487632508833,74.10358565737052,72.1311475409836,64.74358974358975,56.30630630630631,65.04065040650406,63.30275229357798,67.85714285714286,62.92134831460674,78.26086956521739,71.1340206185567,68.13186813186813,66.66666666666666,59.09090909090909,64.0625,68.25396825396825,69.04761904761905,65.11627906976744,53.333333333333336,70.0,72.41379310344827,68.0,70.0,66.66666666666666,72.72727272727273,60.0,55.55555555555556,43.24324324324324,52.94117647058824,63.829787234042556,66.66666666666666,54.83870967741935,78.26086956521739,65.38461538461539,70.83333333333334,75.0,63.63636363636363,57.14285714285714,69.23076923076923,66.66666666666666,62.5,60.0,80.0,75.0,85.71428571428571,50.0,77.77777777777779,66.66666666666666,100.0,75.0,75.0,75.0,60.0,87.5,80.0,83.33333333333334,75.0,80.0,71.42857142857143,80.0,75.0,100.0,100.0,100.0,50.0,75.0,100.0,80.0,50.0,75.0,100.0,100.0,100.0,0.0,100.0,66.66666666666666,0.0,75.0,100.0,100.0,100.0,100.0,100.0,100.0,100.0,66.66666666666666,100.0,100.0,100.0,100.0,100.0,100.0,100.0,0.0,100.0,100.0,100.0,100.0,100.0,100.0,100.0,100.0,100.0,100.0,100.0,100.0,100.0,0.0,100.0,100.0,100.0,100.0,100.0,100.0,100.0,100.0,100.0,100.0,100.0,0.0,100.0,100.0,0.0,100.0,100.0,100.0,100.0,100.0,100.0],"cluster_post_filtering_doc_counts":[1618,958,774,478,317,239,185,153,109,92,76,65,51,55,97,43,40,27,33,20,28,29,29,36,23,20,13,15,14,9,8,8,9,11,9,14,16,21,16,17,10,14,5,9,7,4,12,6,4,5,9,4,1,2,1,4,2,4,0,1,1,1,2,1,1,1,1,2,2,1,1,0,0,0,1,1,0,1,1,1,0,0,0,1,0,1,1,1,0,0,0,0,0,0,0,1,0,0,0,0,0,0,0,1,0,0,0,0,0,0,0,0,0,0,0,0,0,1,0,0,0,0,0,0,0,0,0,0,0,1,0,0,1,0,0,0,0,0,0],"tail_threshold":262,"tail_removal_rate":77.14285714285715,"tail_post_filtering_doc_counts":8,"global_removal_rate":82.77869974087984}