{"cluster_sizes":[1,2,3,4,5,6,7],"cluster_removal_rates":[52.23880597014925,23.076923076923077,28.125,0.0,11.11111111111111,25.0,0.0],"cluster_post_filtering_doc_counts":[32,10,23,3,16,3,1],"tail_threshold":10,"tail_removal_rate":100.0,"tail_post_filtering_doc_counts":0,"global_removal_rate":36.69064748201439}