{"cluster_sizes":[1,2,3,4,5,6,7,8,9,10,11,12,13,14,15,16,17,18,19,20,21,22,23,24,25,26,27,28,29,30,31,32,33,34,35,36,37,38,39,40,41,42,43,44,45,46,47,48,49,50,51,52,53,54,55,56,58,59,60,62,63,64,65,67,68,69,70,71,74,77,80,84,97,104,109],"cluster_removal_rates":[95.70552147239265,93.39250493096647,89.65517241379311,95.0,89.6103896103896,90.05524861878453,86.1788617886179,81.48148148148148,87.64044943820225,85.36585365853658,88.88888888888889,94.11764705882352,95.55555555555556,84.0909090909091,84.0909090909091,100.0,91.30434782608695,95.23809523809523,86.11111111111111,72.0,94.44444444444444,88.88888888888889,83.33333333333334,88.88888888888889,100.0,85.71428571428571,84.61538461538461,100.0,75.0,75.0,93.33333333333333,80.0,80.0,100.0,90.0,94.11764705882352,73.91304347826086,80.0,100.0,100.0,92.3076923076923,87.5,92.85714285714286,100.0,100.0,50.0,83.33333333333334,83.33333333333334,83.33333333333334,83.33333333333334,100.0,66.66666666666666,83.33333333333334,100.0,75.0,100.0,100.0,100.0,100.0,75.0,100.0,100.0,100.0,50.0,100.0,50.0,100.0,100.0,100.0,100.0,100.0,100.0,100.0,100.0,100.0],"cluster_post_filtering_doc_counts":[105,67,51,18,24,18,17,20,11,12,7,3,2,7,7,0,2,1,5,7,1,2,2,1,0,1,2,0,3,3,1,1,1,0,1,1,6,2,0,0,1,1,1,0,0,1,1,1,1,1,0,2,1,0,1,0,0,0,0,1,0,0,0,1,0,1,0,0,0,0,0,0,0,0,0],"tail_threshold":126,"tail_removal_rate":83.33333333333334,"tail_post_filtering_doc_counts":1,"global_removal_rate":92.71241273625064}