{"cluster_sizes":[1,2,3,4,5,6,7,8,9,10,11,15,16,22,24],"cluster_removal_rates":[97.01492537313433,47.91666666666667,57.14285714285714,41.17647058823529,57.14285714285714,50.0,0.0,50.0,100.0,100.0,0.0,100.0,100.0,100.0,100.0],"cluster_post_filtering_doc_counts":[2,25,6,10,3,2,7,2,0,0,1,0,0,0,0],"tail_threshold":127,"tail_removal_rate":100.0,"tail_post_filtering_doc_counts":0,"global_removal_rate":67.04545454545455}