{"cluster_sizes":[1,2,3,4,5,6,7,8,9,10,11,12,13,14,15,16,17,18,19,20,21,22,23,24,25,26,27,28,29,30,31,32,33,34,35,36,37,38,39,40,41,42,43,44,45,46,47,48,49,50,51,52,53,54,55,56,57,58,59,60,61,62,63,64,65,66,67,68,69,70,71,72,73,74,75,76,77,78,79,80,81,82,83,84,85,86,87,88,89,90,91,92,93,94,95,96,97,98,99,100,101,102,103,104,105,106,107,108,109,110,112,113,114,115,116,117,118,119,120,121,122,123,124,125,127,128,129,130,131,132,133,134,135,136,137,138,139,140,141,142,144,145,146,147,148,149,150,151,152,153,155,156,157,158,160,161,162,163,164,165,166,167,168,169,170,171,174,176,178,179,182,183,184,185,188,190,191,195,196],"cluster_removal_rates":[99.77917665867307,99.25734581853408,99.04409890390008,99.09791392595378,98.42842500854117,98.20234113712375,97.73838630806846,98.17543859649123,96.94793536804309,97.93577981651376,97.57412398921834,97.72727272727273,95.85798816568047,95.5813953488372,95.96977329974811,96.81528662420382,92.0,96.90721649484536,96.8609865470852,94.84978540772532,91.91489361702128,93.52941176470588,93.97590361445783,94.88636363636364,93.18181818181817,92.46575342465754,87.76978417266187,91.07142857142857,93.33333333333333,87.38738738738738,89.53488372093024,92.47311827956989,92.20779220779221,90.9090909090909,91.78082191780823,94.28571428571428,96.0,90.76923076923077,90.9090909090909,95.45454545454545,95.23809523809523,93.61702127659575,100.0,90.9090909090909,96.66666666666667,92.5925925925926,93.02325581395348,81.48148148148148,92.3076923076923,92.0,96.0,92.10526315789474,94.73684210526315,97.22222222222221,93.93939393939394,90.32258064516128,87.5,90.32258064516128,89.13043478260869,92.85714285714286,95.1219512195122,90.2439024390244,93.33333333333333,91.17647058823529,94.44444444444444,88.23529411764706,87.87878787878788,84.0909090909091,95.55555555555556,97.82608695652173,91.8918918918919,90.32258064516128,96.66666666666667,89.47368421052632,92.5925925925926,88.23529411764706,95.65217391304348,85.71428571428571,87.5,81.81818181818183,88.88888888888889,91.30434782608695,90.0,91.30434782608695,83.33333333333334,72.22222222222221,78.57142857142857,87.5,100.0,90.47619047619048,83.33333333333334,100.0,100.0,92.3076923076923,100.0,100.0,100.0,100.0,100.0,71.42857142857143,100.0,85.71428571428571,100.0,66.66666666666666,66.66666666666666,66.66666666666666,100.0,100.0,100.0,75.0,100.0,85.71428571428571,100.0,100.0,100.0,100.0,100.0,85.71428571428571,100.0,100.0,100.0,100.0,50.0,100.0,100.0,100.0,100.0,100.0,100.0,100.0,100.0,100.0,100.0,100.0,100.0,100.0,100.0,100.0,100.0,100.0,100.0,100.0,100.0,100.0,100.0,100.0,66.66666666666666,100.0,100.0,100.0,100.0,100.0,100.0,100.0,50.0,100.0,100.0,0.0,100.0,100.0,100.0,100.0,100.0,100.0,50.0,100.0,100.0,100.0,100.0,100.0,100.0,100.0,100.0,100.0,100.0,100.0,100.0,100.0,100.0],"cluster_post_filtering_doc_counts":[221,138,75,48,46,43,37,26,34,18,18,15,21,19,16,10,26,9,7,12,19,11,10,9,12,11,17,10,5,14,9,7,6,7,6,4,3,6,4,2,2,3,0,4,1,2,3,5,2,2,1,3,1,1,2,3,4,3,5,2,2,4,2,3,2,6,4,7,2,1,3,3,1,2,2,2,1,3,2,4,2,2,2,2,4,5,3,2,0,2,2,0,0,1,0,0,0,0,0,2,0,1,0,1,2,2,0,0,0,1,0,1,0,0,0,0,0,1,0,0,0,0,1,0,0,0,0,0,0,0,0,0,0,0,0,0,0,0,0,0,0,0,0,0,0,0,1,0,0,0,0,0,0,0,1,0,0,1,0,0,0,0,0,0,1,0,0,0,0,0,0,0,0,0,0,0,0,0,0],"tail_threshold":197,"tail_removal_rate":99.33774834437085,"tail_post_filtering_doc_counts":1,"global_removal_rate":99.2293280537876}