{"cluster_sizes":[1,2,3,4,5,6,7,8,9,10,11,12,13,14,15,16,17,18,19,20,21,22,23,24,25,26,27,28,29,30,31,32,33,34,35,36,37,38,39,40,41,42,43,44,45,46,47,48,49,50,51,52,53,54,55,56,57,58,59,60,61,62,63,64,65,66,67,68,69,70,71,72,73,74,75,76,77,78,79,80,81,82,83,84,85,86,87,88,89,90,91,92,93,94,95,96,97,98,99,100,101,102,103],"cluster_removal_rates":[99.71346852534207,96.90194247825549,96.00934064890932,96.74871243957155,95.96216481506269,89.56404736275564,82.0697585281717,85.02375542243338,88.8625942907854,90.50730207532666,90.62422283014175,91.87556629417094,92.81459419210722,94.11276948590381,93.21862348178138,95.3526517222526,94.45121951219512,94.66576637407157,95.70284049526585,93.98612181958366,93.44799344799345,94.49378330373001,94.27402862985686,93.98496240601504,93.47319347319348,94.8224852071006,94.75409836065573,96.62921348314607,96.02169981916818,95.57344064386318,95.79646017699115,94.98956158663883,96.59574468085106,95.62363238512035,96.44444444444444,96.69603524229075,95.56135770234987,95.13513513513514,98.02631578947368,96.12676056338029,95.34883720930233,94.02985074626866,96.3963963963964,93.61702127659575,97.10144927536231,94.71153846153845,97.28260869565217,94.76744186046511,96.8503937007874,95.48387096774194,96.68874172185431,96.57534246575342,96.58119658119658,98.23008849557522,94.44444444444444,94.44444444444444,93.65079365079364,93.13725490196079,100.0,95.23809523809523,97.02970297029702,92.24137931034483,96.49122807017544,93.7984496124031,94.21487603305785,92.20779220779221,95.09803921568627,94.61538461538461,93.38842975206612,90.0,92.6829268292683,86.79245283018868,88.54166666666666,88.1578947368421,95.65217391304348,90.14084507042254,93.05555555555556,90.27777777777779,88.67924528301887,91.17647058823529,92.06349206349206,90.76923076923077,83.33333333333334,92.7536231884058,82.45614035087719,81.25,85.71428571428571,92.42424242424242,88.0,89.0625,81.48148148148148,85.96491228070175,91.48936170212765,96.96969696969697,91.83673469387756,92.6829268292683,87.17948717948718,86.48648648648648,92.10526315789474,87.09677419354838,96.42857142857143,87.17948717948718,100.0],"cluster_post_filtering_doc_counts":[4448,3252,2102,1029,905,1939,2339,1450,753,494,377,269,193,142,134,85,91,79,59,78,80,62,56,56,56,35,32,21,22,22,19,24,16,20,16,15,17,18,6,11,12,16,8,12,6,11,5,9,4,7,5,5,4,2,6,6,8,7,0,6,3,9,4,8,7,6,5,7,8,10,6,14,11,9,3,7,5,7,6,6,5,6,8,5,10,12,8,5,6,7,10,8,4,1,4,3,5,5,3,4,1,5,0],"tail_threshold":104,"tail_removal_rate":95.86466165413535,"tail_post_filtering_doc_counts":77,"global_removal_rate":98.85437112481785}