{"cluster_sizes":[1,2,3,4,5,6,7,8,9,10,11,12,13,14,15,16,17,18,19,20,21,22,23,24,25,26,27,28,29,30,31,32,33,34,35,36,37,38,39,40,41,42,43,44,45,46,47,48,49,50,51,52,53,54,55,56,57,58,59,60,61,62,63,64,65,66,67,68,69,70,71,72,73,74,75,76,77,78,79,80,81,82,83,84,85,86,87,88,89,90,91,92,93,94,95,96,97,98,99,100,101,102,103,104,105,106,107,108,109,110,111,112,113,114,115,116,117,118,119,120,121,122,123,124,125,126,127,128,129,130,131,132,133,134,135,136,137,138,139,140,141,142,143,144,145,146,147,148,149,150,151],"cluster_removal_rates":[99.71070897607076,98.73433904372283,98.68516110388671,96.08215202589575,96.61696328362996,97.225119966618,97.1576227390181,95.8392101551481,96.6225467822912,96.29834254143647,93.46153846153847,95.53158705701078,95.94985535197685,96.23915139826423,96.83026584867076,95.70011025358323,97.05882352941177,93.70860927152319,96.06164383561644,95.48133595284872,95.6701030927835,94.44444444444444,95.4653937947494,93.80530973451327,95.4233409610984,95.78454332552693,95.18413597733712,95.50173010380622,95.45454545454545,94.33198380566802,93.17269076305222,94.11764705882352,93.4959349593496,92.21789883268482,96.28252788104089,94.34628975265018,95.23809523809523,93.63295880149812,92.38095238095238,95.88235294117648,90.27777777777779,89.51612903225806,94.69026548672566,92.3076923076923,83.33333333333334,93.45794392523365,86.08695652173914,89.13043478260869,89.83050847457628,93.10344827586206,92.92035398230088,92.7927927927928,93.75,91.11111111111111,88.05970149253731,87.34177215189874,91.46341463414635,88.37209302325581,91.20879120879121,90.78947368421053,95.65217391304348,83.07692307692308,89.70588235294117,92.0,87.5,90.19607843137256,81.81818181818183,86.11111111111111,88.57142857142857,88.60759493670885,86.53846153846155,75.80645161290323,88.63636363636364,81.53846153846153,80.88235294117648,89.28571428571429,73.23943661971832,88.52459016393442,90.0,82.75862068965517,76.47058823529412,86.0,79.03225806451613,80.3921568627451,82.92682926829268,85.41666666666666,83.6734693877551,90.9090909090909,75.0,81.35593220338984,80.35714285714286,82.22222222222221,81.63265306122449,90.9090909090909,90.625,86.48648648648648,83.87096774193549,90.9090909090909,83.87096774193549,77.77777777777779,88.0,69.56521739130434,81.81818181818183,79.16666666666666,90.9090909090909,75.0,78.94736842105263,94.73684210526315,82.35294117647058,90.47619047619048,78.57142857142857,93.75,80.0,92.3076923076923,90.9090909090909,83.33333333333334,87.5,88.88888888888889,100.0,100.0,66.66666666666666,100.0,87.5,100.0,100.0,100.0,100.0,100.0,100.0,50.0,88.88888888888889,100.0,87.5,100.0,85.71428571428571,33.33333333333333,100.0,100.0,100.0,100.0,100.0,100.0,100.0,100.0,100.0,100.0,100.0,100.0,100.0,100.0,100.0],"cluster_post_filtering_doc_counts":[611,396,182,351,211,133,99,118,74,67,102,58,42,39,31,39,19,38,23,23,21,22,19,28,20,18,17,13,12,14,17,13,16,20,10,16,12,17,16,7,14,13,6,9,15,7,16,10,12,8,8,8,5,8,8,10,7,10,8,7,3,11,7,6,10,5,12,10,8,9,7,15,5,12,13,6,19,7,5,10,12,7,13,10,7,7,8,4,14,11,11,8,9,4,3,5,5,3,5,6,3,7,4,5,2,5,4,1,3,2,3,1,3,1,1,2,1,1,0,0,1,0,1,0,0,0,0,0,0,1,1,0,1,0,1,2,0,0,0,0,0,0,0,0,0,0,0,0,0,0,0],"tail_threshold":152,"tail_removal_rate":97.41935483870968,"tail_post_filtering_doc_counts":8,"global_removal_rate":98.8370312698511}