{"cluster_sizes":[1,2,3,4,5,6,7,8,9,10,11,12,13,14,15,16,17,18,19,20,21,22,23,24,25,26,27,28,29,30,31,33,35],"cluster_removal_rates":[93.99141630901288,97.33790195044809,96.92752100840336,66.30434782608695,58.415841584158414,58.730158730158735,55.00000000000001,85.0,86.95652173913044,76.92307692307693,100.0,94.11764705882352,100.0,94.11764705882352,89.47368421052632,100.0,88.88888888888889,94.73684210526315,100.0,80.0,100.0,100.0,85.71428571428571,100.0,100.0,100.0,100.0,100.0,0.0,75.0,100.0,100.0,0.0],"cluster_post_filtering_doc_counts":[14,101,117,31,42,26,9,3,3,3,0,1,0,1,2,0,2,1,0,3,0,0,2,0,0,0,0,0,1,1,0,0,1],"tail_threshold":36,"tail_removal_rate":88.88888888888889,"tail_post_filtering_doc_counts":1,"global_removal_rate":95.65269175798}