{"cluster_sizes":[1,2,3,4,5,6,7,8,9,10,11,12,13,14,15,16,17,18,19,20,21,22,23,24,25,26,27,28,29,30,31,32,33,34,35,36,37,38,39,40,41,42,43,44,45,46,47,48,49,50,51,52,53,54,55,56,57,58,59,60,61,62,63,64,65,66,67,68,69,70,71,72,73,74,75,76,77,78,79,80,81,82,83,84,85,86,87,88,89,90,91,92,93,94,95,96,97,98,99,100,101,102,103,104,105,106,107,108,109,110,111,112,113,114,115,116,117,118,119,120,121,122,123,124,125,126,127,128,129,130,131,132,133,134,135,136,137,138,139,140,141,142,143,144,145,146,147,148,149,150,151,152,153,154,155,156,157,158,159,160,161,162,163,164,165,166,167,168,169,170,171,172,173,174,175],"cluster_removal_rates":[69.5582061792054,56.82965048331285,55.040010191650815,54.232041990410885,53.467036760359086,53.29456926556628,51.627548656532085,50.98235945343678,51.32743665645106,51.59202569059078,51.344151381743565,52.608582656781714,50.01106424364284,50.559688919700854,51.16463922232069,51.830194426646216,50.72634300074154,52.01083682824815,51.10523434539099,53.2154869844984,52.54237288135594,53.29830912750603,53.13618424033108,55.6535537264225,54.050439882697944,54.00970552804685,54.35997482693517,55.22501008251805,54.5291941418074,56.660856764617186,55.59032018784056,57.2306120008263,57.420440636474915,57.81063727438145,58.48864026694146,58.72244596652868,57.62741257599869,57.38942256940779,57.15449970456999,58.11043152287269,57.36153997766243,58.65840532914448,57.81667589627525,58.141438085562704,57.935010482180296,57.14388251675974,57.09309013228165,58.60562020427867,57.548855493069006,58.32684436458021,57.419453752984204,57.64760684756026,57.04767290340029,58.168598045898655,57.578434521897414,58.961912904382366,57.67314848157484,57.938441808271875,57.655228207375444,59.923179692718776,58.311276794035415,58.63527038560012,60.01598401598402,60.28006858822569,59.166666666666664,59.98757102272727,59.386433999437095,60.24017262407355,59.87740721077272,60.8889751552795,60.56359482102056,61.6125508886903,59.34256055363322,59.5973678340397,59.7730937571988,60.0116482236459,58.852348582276925,59.28354884613005,59.12847979898168,60.54782275571446,58.728633212054646,59.14569676464369,58.68931331097828,60.61787209470189,59.367699735243725,59.20932925316351,59.6757852077001,59.913443332431704,59.930280761258715,60.692871419053965,59.027849141917585,59.156702328508494,59.43871957903969,60.733648633060334,60.305874174487315,62.40244316253818,60.59660509236146,61.88702669149596,61.66519934599422,62.77111508037765,60.63404548587181,61.131386861313864,60.00887049083382,61.773700305810394,61.34783922635238,60.42233242681171,60.067437379576106,61.31327834384604,61.36212624584717,61.22515477354187,61.28249566724436,61.65140784245984,61.286764705882355,61.37177312982853,60.00755287009063,61.2233231707317,60.87890625,62.036098154532546,62.00413223140496,63.069638982047735,61.7109634551495,61.49848419229104,61.43106457242583,62.05186020293123,60.88342440801458,61.446056210335456,61.818626252749944,61.44549763033176,61.843757849786485,63.13993174061433,61.55717761557178,63.15650567432039,61.56798245614035,61.86440677966102,62.26845255058421,63.04283604135894,60.911854103343465,62.30975828111012,61.88642925890279,63.19075866375273,61.69881767268202,62.89125524362697,62.214239059438285,64.53507340946166,62.42257398485891,61.89636940430032,62.62768580486087,62.957696409527195,60.835509138381205,63.92405063291139,62.266267763649964,63.07806141324455,62.54348666408968,62.590506838294445,61.49019607843137,63.344051446945336,62.83898305084745,62.67635741769987,63.32341691457714,60.61643835616438,61.444734551784165,63.79883624272652,62.04681046351538,64.70844212358573,63.22609472743521,63.210550250113684,62.192177691936266,63.369963369963365,63.58053849787435,63.08724832214765,61.08786610878661,63.66869918699187,62.56,63.88297872340426,62.616822429906534],"cluster_post_filtering_doc_counts":[39450071,18730146,9881655,7052927,5027473,3452819,2581912,2343104,1564673,1333007,1106633,931820,731926,638267,545574,458591,382742,339388,290276,255930,224476,198145,175856,158182,137102,121023,108783,98809,89231,84790,79627,78676,77924,80688,84596,88348,83074,72657,63087,59448,58410,56848,52560,44499,36117,29854,26111,24438,22570,20872,19441,18184,17470,16569,15847,14880,14105,13119,12562,11999,11183,10663,10006,9729,9359,9014,8658,8476,8313,8060,7767,7732,7520,7245,6985,6866,6719,6581,6181,6179,6012,5796,5667,5456,5218,4932,4776,4446,4253,4130,3987,3894,3700,3404,3426,3324,3157,3070,3048,2918,2856,2769,2705,2625,2558,2474,2487,2392,2326,2380,2234,2220,2106,2050,2118,2035,2003,1872,1839,1872,1844,1778,1768,1683,1718,1701,1562,1627,1519,1404,1422,1396,1402,1350,1324,1251,1286,1263,1188,1179,1231,1150,1157,1087,1092,1081,1061,1042,1050,1026,1009,998,969,930,982,912,877,873,863,920,886,871,827,811,823,809,783,800,771,770,744,715,702,679,680],"tail_threshold":176,"tail_removal_rate":64.84838198687486,"tail_post_filtering_doc_counts":93201,"global_removal_rate":61.97436464780368}