{"cluster_sizes":[1,2,3,4,5,6,7,8,9,10,11,12,13,14,15,16,17,18,19,20,21,22,23,24,25,26,27,28,29,30,31,32,33,34,35,36,37,38,39,40,41,42,43,44,45,46,47,48,49,50,51,52,53,54,55,56,57,58,59,60,61,62,63,64,65,66,67,68,69,70,71,72,73,74,75,76,77,78,79,80,81,82,83,84,85,86,87,88,89,90,91,92,93,94,95,96,97,98,99,100,101,102,103,104,105,106,107,108,109,110,111,112,113,114,115,116,117,118,119,120,121,122,123,124,125,126,127,128,129,130,131,132,133,134,135,136],"cluster_removal_rates":[99.92996823016782,99.8701278582199,99.83072441575997,99.84553899808361,99.81881292600532,99.77917612947819,99.83437924564922,99.88727380599228,99.88398839883989,99.9074299634592,99.85511445957694,99.80822668388713,99.84890033018075,99.80608492143097,99.83544898918665,99.75922953451042,99.41766418634747,99.66530308664932,99.6818970503181,99.71102661596957,99.5832578365646,99.38900203665987,99.08088235294117,99.30438954185657,99.01162790697674,99.37185929648241,99.45414847161572,99.52153110047847,99.50914770191879,99.67365967365967,99.52203929899098,99.70997679814386,99.4726433750824,99.71223021582733,99.63924963924964,99.91554054054053,100.0,99.43449575871819,99.69040247678018,99.76580796252928,99.76825028968713,99.38725490196079,99.70588235294117,99.71550497866288,100.0,99.66101694915255,99.45553539019963,100.0,99.62756052141528,100.0,100.0,100.0,99.51100244498777,100.0,99.45945945945947,100.0,99.72527472527473,100.0,99.66996699669967,99.68354430379746,100.0,99.3103448275862,100.0,100.0,100.0,100.0,100.0,99.58847736625515,100.0,100.0,100.0,99.47089947089947,100.0,100.0,100.0,100.0,100.0,100.0,100.0,100.0,100.0,100.0,100.0,100.0,100.0,100.0,100.0,100.0,100.0,100.0,100.0,100.0,100.0,100.0,100.0,100.0,100.0,100.0,100.0,100.0,100.0,100.0,100.0,100.0,100.0,100.0,100.0,100.0,100.0,100.0,100.0,100.0,100.0,100.0,100.0,100.0,100.0,100.0,100.0,100.0,100.0,100.0,100.0,100.0,100.0,100.0,100.0,100.0,100.0,100.0,100.0,100.0,100.0,100.0,100.0,100.0],"cluster_post_filtering_doc_counts":[3275,1006,566,349,273,246,128,76,58,38,45,49,27,29,21,27,54,27,22,19,23,30,40,29,34,20,15,12,11,7,9,5,8,4,5,1,0,6,3,2,2,5,2,2,0,2,3,0,2,0,0,0,2,0,2,0,1,0,1,1,0,2,0,0,0,0,0,1,0,0,0,1,0,0,0,0,0,0,0,0,0,0,0,0,0,0,0,0,0,0,0,0,0,0,0,0,0,0,0,0,0,0,0,0,0,0,0,0,0,0,0,0,0,0,0,0,0,0,0,0,0,0,0,0,0,0,0,0,0,0,0,0,0,0,0,0],"tail_threshold":137,"tail_removal_rate":99.89603445715134,"tail_post_filtering_doc_counts":7,"global_removal_rate":99.90137935134814}