{"cluster_sizes":[1,2,3,4,5,6,7,8,13,50],"cluster_removal_rates":[90.0,100.0,23.28767123287671,5.263157894736842,22.22222222222222,25.0,0.0,20.0,100.0,100.0],"cluster_post_filtering_doc_counts":[1,0,168,18,7,3,7,4,0,0],"tail_threshold":65,"tail_removal_rate":100.0,"tail_post_filtering_doc_counts":0,"global_removal_rate":25.71428571428571}