{"cluster_sizes":[1,2,3,4,5,6,7,8,9,10,11,12,13],"cluster_removal_rates":[70.45454545454545,86.5079365079365,49.64200477326969,84.34782608695653,73.77049180327869,89.84375,70.83333333333334,48.57142857142857,68.31683168316832,70.0,100.0,100.0,66.66666666666666],"cluster_post_filtering_doc_counts":[26,17,211,18,16,13,14,18,32,9,0,0,1],"tail_threshold":45,"tail_removal_rate":100.0,"tail_post_filtering_doc_counts":0,"global_removal_rate":67.81115879828327}