{"cluster_sizes":[1,2,3,4,5,6,7,8,9,11,12,13,14,15,16,17,18,19,20,21,22,23,24,25,26,27,28,29,30,31,32,33,34,35,36,37,39,40,41,42,43,44,45,46,47,48,49],"cluster_removal_rates":[90.1639344262295,100.0,0.0,50.0,0.0,71.42857142857143,50.0,92.85714285714286,100.0,100.0,100.0,100.0,100.0,100.0,100.0,100.0,90.9090909090909,87.5,72.72727272727273,75.0,68.42105263157895,61.53846153846154,58.06451612903226,36.36363636363637,37.142857142857146,33.33333333333333,24.242424242424242,21.62162162162162,4.761904761904762,5.555555555555555,21.73913043478261,0.0,0.0,0.0,0.0,0.0,0.0,0.0,0.0,0.0,0.0,0.0,0.0,0.0,0.0,0.0,0.0],"cluster_post_filtering_doc_counts":[12,0,17,1,2,4,5,2,0,0,0,0,0,0,0,0,1,1,3,3,6,10,13,14,22,24,25,29,20,17,18,12,8,2,3,2,2,2,1,3,2,2,3,2,2,4,1],"tail_threshold":51,"tail_removal_rate":0.0,"tail_post_filtering_doc_counts":1,"global_removal_rate":53.2608695652174}