{"cluster_sizes":[1,2,3,4,5,6,7,8,9,10,11,12,13,14,15,16,17,18,20,21,22,23,24,27,28,31,32,36,37,38,42,43,51,52,58,59,88],"cluster_removal_rates":[100.0,100.0,98.46153846153847,100.0,100.0,96.42857142857143,100.0,100.0,100.0,87.5,100.0,100.0,100.0,75.0,100.0,100.0,100.0,100.0,100.0,100.0,100.0,100.0,100.0,100.0,100.0,100.0,100.0,100.0,100.0,100.0,100.0,100.0,100.0,100.0,100.0,100.0,100.0],"cluster_post_filtering_doc_counts":[0,0,1,0,0,1,0,0,0,1,0,0,0,1,0,0,0,0,0,0,0,0,0,0,0,0,0,0,0,0,0,0,0,0,0,0,0],"tail_threshold":322,"tail_removal_rate":100.0,"tail_post_filtering_doc_counts":0,"global_removal_rate":99.59390862944163}