{"cluster_sizes":[1,2,3,4,5,6,7,8,9,10,11,12,13,14,15,16,17,18,19,20],"cluster_removal_rates":[85.31684698608964,90.13227513227513,26.82926829268293,63.1578947368421,25.0,75.0,75.0,87.5,66.66666666666666,71.42857142857143,50.0,70.0,91.66666666666666,100.0,100.0,87.5,100.0,100.0,80.0,100.0],"cluster_post_filtering_doc_counts":[190,373,30,14,9,3,1,1,2,4,3,3,1,0,0,1,0,0,1,0],"tail_threshold":21,"tail_removal_rate":71.42857142857143,"tail_post_filtering_doc_counts":2,"global_removal_rate":87.90291998483126}