{"cluster_sizes":[1,2,3,4,5,6,7,8,9,10,11,12,13,14,15,16,17,18,19,20,21,22,23,24,25,26,27,28,29,30,31,32,33,34,35,36,37,38,39,40,41,42,43,44,45,46,47,48,49,50,51,52,53,54,55,56,57,58,59,60,61,62,63,64,65,66,67,68,69,70,71,72,73,74,75,76,77,78,79,80,81,82,83,84,85,86,87,88,89,90,91,92,93,94,95,96,97,98,99,100,101,102,103,104,105,106,107,108,109,110,111,112,113,114,115,116,117,118,119,120,121,122,123,124,125,126,127,128,129,130,131,132,133,134,135,136,137,138,139,140,141,142,143,144,145,146,147,148,149,150,151,152,153,154,155,156,157,158,159,160,161,162,163,164,165,166,167,168,169,170,171,172,173,174,175,176,177,178,179],"cluster_removal_rates":[72.83122212040377,61.658362132306266,56.53618649683345,54.3688923880465,52.88214340001718,52.94809070247576,51.33162851618537,51.13225162358681,48.97685426474484,48.64712122864593,47.61545191950427,48.57000055533959,47.85595713557846,48.48974888009071,48.53650137741047,48.22982594936709,47.28995724026349,46.6679439282179,46.44287833827893,47.34049017622038,46.821210438645195,46.175250695647605,46.1850551047596,47.161485774499475,45.83882783882784,46.79838133777672,47.61352484610581,47.606538237011094,48.34738243123336,49.71111897181936,48.32020997375328,48.452893020674345,48.22199077518226,47.198990058387245,48.675220796533914,48.18607880576289,49.40261710601176,48.8459139114161,48.14565070802427,48.2016210739615,47.3585411638509,50.01345895020188,48.908554572271385,48.84944115713347,50.10504201680672,49.96309963099631,50.48998721772475,49.607672188317345,51.73058933582788,50.0253164556962,49.71576227390181,52.12765957446809,52.901023890784984,50.20527859237537,52.999381570810144,53.566878980891715,52.87888815354071,50.33602150537635,54.38859714928732,52.29424617625638,55.94347464671654,51.9059205190592,55.28384279475983,53.32197614991482,57.330827067669176,56.493506493506494,53.62182502351834,53.03482587064676,55.310199789695055,56.74518201284796,53.28389830508474,56.87150837988827,57.535885167464116,56.79156908665105,59.03465346534653,57.78061224489795,54.81283422459893,56.03328710124826,55.18796992481203,57.10186513629842,58.9540412044374,59.58132045088567,59.06148867313916,58.774834437086085,59.29054054054054,60.76642335766424,55.84158415841585,57.61467889908257,58.40336134453782,55.049504950495056,55.55555555555556,60.431654676258994,57.00245700245701,53.284671532846716,54.8051948051948,56.97115384615385,62.19839142091153,55.45722713864307,51.64179104477612,59.45945945945946,58.55263157894737,55.12367491166078,61.65413533834586,56.934306569343065,55.26315789473685,56.15384615384615,63.07053941908713,58.05084745762712,62.10045662100456,57.073170731707314,62.08530805687204,61.61616161616161,59.04761904761905,66.14583333333334,58.75706214689266,64.16184971098265,61.849710982658955,59.57446808510638,58.282208588957054,59.523809523809526,67.37588652482269,58.06451612903226,57.692307692307686,60.9271523178808,56.451612903225815,61.06870229007634,65.60000000000001,66.05504587155964,66.37931034482759,66.9172932330827,53.333333333333336,57.52212389380531,65.69343065693431,62.30769230769231,62.616822429906534,66.66666666666666,62.35294117647059,63.541666666666664,55.88235294117647,66.0,68.75,63.85542168674698,70.09345794392523,61.36363636363637,65.85365853658537,67.53246753246754,63.63636363636363,64.13043478260869,63.38028169014085,67.5,78.48101265822784,68.0,71.21212121212122,56.25,67.5,64.38356164383562,77.46478873239437,73.61111111111111,77.27272727272727,61.016949152542374,56.92307692307692,65.21739130434783,77.41935483870968,66.66666666666666,67.21311475409836,73.80952380952381,62.857142857142854,69.76744186046511,89.39393939393939,73.91304347826086,74.50980392156863,65.11627906976744,58.333333333333336,62.7906976744186,67.6923076923077,81.25,73.77049180327869,70.37037037037037,79.62962962962963],"cluster_post_filtering_doc_counts":[1166664,468082,268273,201115,142589,108481,85833,71710,59718,51794,43706,37044,31726,27712,23912,20940,18244,16702,14439,12999,11493,10252,8887,8023,7393,6705,5872,5385,4657,4265,3938,3715,3480,3346,3080,2985,2668,2460,2307,2045,1963,1857,1732,1556,1425,1356,1162,1156,1032,987,973,855,828,849,760,729,712,739,608,655,530,593,512,548,454,469,493,472,425,404,441,386,355,369,331,331,338,317,298,299,259,251,253,249,241,215,223,231,198,227,212,165,175,192,174,179,141,151,162,135,126,127,102,118,119,114,89,99,83,88,80,76,86,65,73,62,66,57,68,68,46,65,55,59,54,51,43,37,39,44,56,48,47,49,40,33,32,35,45,34,30,30,32,34,28,25,32,33,26,26,17,24,19,35,26,26,16,19,15,23,28,24,14,19,20,22,26,26,7,18,13,15,20,16,21,9,16,16,11],"tail_threshold":180,"tail_removal_rate":77.15880745931821,"tail_post_filtering_doc_counts":1923,"global_removal_rate":64.14790180301826}