{"cluster_sizes":[1,2,3,4,5,6,7,8,9,10,11,12,13,14,15,16,17,18,19,20,21,22,23,24,25,26,27,28,29,30,31,32,33,34,35,36,37,38,39,40,41,42,43,44,45,46,47,48,49,50,51,52,53,54,55,56,57,58,59,60,61,62,63,64,65,66,67,68,69,70,71,72,73,74,75,76,77,78,79,80,81,82,83,84,85,86,87,88,89,90,91,92,93,94,95,96,97,98,99,100,101,102,103,104,105,106,107,108,109,110,111,112,113,114,115,116,117,118,119,120,121,122,123,124,125,126,127,128,129,130,131,132,133,134,135,136,137,138,139,140,141,142,143,144,145,146,147,148,149,150,151,152,153,154,155,156,157,158,159,160,161,162,163,164,165,166,167,168,169,170,171,172],"cluster_removal_rates":[66.42515916616132,52.49984808568718,49.08093768642635,47.50537299635284,45.14200474769879,44.897077705593865,42.418142739056776,41.81990736238465,40.62974792149709,40.625439854213816,39.590520134269944,40.24184683311305,38.52169350435714,39.44222790737252,39.278881143836955,38.51593328100611,37.43161011069775,37.96605623212868,37.069578253883876,37.80575152992089,37.514243698915905,37.5328350951977,37.08141267503769,38.50668399449187,37.68721836272323,37.964479168961375,38.399375953689194,39.24233839272698,39.11858230923001,40.55110888323444,40.02305380593636,41.03660804420594,41.02683339751648,41.3380343220143,41.47404116498186,42.38235664071781,41.458801387257296,41.63527268243901,41.70965618589842,42.18492556577893,41.413591237601786,42.210201809722264,41.61432538582628,42.10114338430572,42.350893845910456,42.20695404307957,42.471697426376906,44.05461471730849,43.39599132811137,44.080258123666624,43.99186486639173,44.402794343158966,44.35095637223297,46.625611978309074,45.00683174724932,45.7443329056281,44.84866436880655,45.485896570057335,45.420803148197834,46.398389114317965,45.57663894284244,46.256149927852434,46.87268990137569,46.76280550613353,47.19377142064703,47.286393053166215,47.30511471544893,46.997565593724644,47.218817761855384,47.27068226960538,47.41915188121303,48.30462655441415,48.01476620180476,48.11248402215595,48.86140499985346,48.67256637168141,48.73466752743706,48.81350267379679,48.17816569686894,49.4409804343152,47.972267779931414,48.458990843561274,48.41974715954553,49.78542526668574,48.691947166595654,49.29876565057736,49.41520467836257,49.47987761826312,49.232048522793974,50.004935346954895,49.819720959398026,50.053435930319544,49.58603714477512,50.25196296730341,50.53444180522565,50.42817512965867,50.880415505447175,51.38711327026336,50.74499507712504,52.376539123527074,50.81183664862585,50.92625964102934,50.942709470772364,50.61377245508982,52.09051049170059,50.58610652191015,51.606013308140966,52.81626629499057,52.306382978723406,51.71587505348738,51.37541173328586,50.90446323061539,51.98871650211565,52.98202225815657,51.52145901476855,52.18787635487756,52.15114488140466,52.40252897787144,53.03720979539913,53.93768931198615,51.974350320620985,52.86328261122082,52.1349945566711,52.28378218056709,51.90281393330854,53.545443334566535,53.49301397205589,52.39110163847076,53.405593469824694,53.54096140825999,52.07463102199944,53.71329879101899,53.30638174992781,53.95488721804511,53.69516728624535,53.03261200853399,54.51783144090836,54.51520912547528,54.776021080368906,53.53552278820375,54.21362489486964,54.1529391364661,54.177215189873415,55.77124868835257,54.26871938418475,54.93396918561996,55.63354266715922,55.59447004608295,55.51316291491797,55.60336397418345,55.078049720562724,55.371575004928054,55.901774659513,54.7406462585034,56.77787162162162,55.75949367088607,56.02462620932278,53.3978397839784,55.61497326203209,56.10932475884244,56.104921077065924,54.79127134724858,54.953408533594896,56.186069167072574,55.32551758543277,56.02469135802469,55.08860759493671,55.884686590848986,54.59317585301837,55.826132495417646,55.03410641200546,55.91517857142857],"cluster_post_filtering_doc_counts":[83685785,38990855,22645230,16874401,12825892,9906232,7464859,6353500,5217491,4294271,3640857,3159502,2601141,2284482,1987350,1719405,1497998,1327496,1158960,1035913,913573,810682,722060,651090,572351,506891,450125,404259,360902,327325,291380,266340,243489,228276,218152,206130,187871,170418,152315,139306,127999,121473,111641,103555,94744,85966,79018,74164,68145,63432,59484,55471,51787,48623,45883,43130,40962,37938,36615,35138,32783,30914,29466,28426,26655,25739,24139,23514,22394,22034,20893,20079,19011,18267,17449,16646,15882,15315,14962,14109,13958,13228,12893,12286,12042,11460,11245,10733,10379,10130,9603,9347,9012,8490,8330,8220,7755,7605,7504,7194,6998,6808,6739,6598,6119,6281,5891,5755,5604,5642,5462,5401,5106,4943,4891,4764,4660,4517,4430,4258,4269,4058,3957,4022,3880,3767,3728,3574,3482,3431,3442,3216,3234,3062,3114,3082,2844,2871,2746,2773,2722,2644,2715,2529,2614,2457,2402,2409,2332,2270,2331,2264,2137,2129,2047,2097,2000,2071,1909,1911,1891,1906,1837,1799,1791,1781,1774,1668,1730,1687,1648,1580],"tail_threshold":173,"tail_removal_rate":59.730753112197895,"tail_post_filtering_doc_counts":218122,"global_removal_rate":55.761718201179356}