{"cluster_sizes":[1,2,3,4,5,6,7,8,9,11,12,13,14,15,16,17,18,19,20,21,22,23,24,25,26,27,28,29,30,31,32,33,34,35,36,37,38,39,42,49,61,69,75,89,108],"cluster_removal_rates":[93.60119047619048,98.4375,93.05555555555556,95.1219512195122,100.0,100.0,100.0,100.0,100.0,100.0,100.0,100.0,100.0,100.0,50.0,77.77777777777779,62.5,62.96296296296296,65.38461538461539,57.692307692307686,69.04761904761905,69.74789915966386,71.63120567375887,80.55555555555556,70.09345794392523,68.0,68.18181818181817,90.9090909090909,50.0,50.0,33.33333333333333,0.0,25.0,0.0,20.0,0.0,50.0,100.0,0.0,100.0,0.0,100.0,100.0,100.0,100.0],"cluster_post_filtering_doc_counts":[86,3,5,2,0,0,0,0,0,0,0,0,0,0,1,2,6,10,18,33,26,36,40,21,32,16,14,1,6,3,2,1,3,4,4,4,1,0,1,0,1,0,0,0,0],"tail_threshold":120,"tail_removal_rate":100.0,"tail_post_filtering_doc_counts":0,"global_removal_rate":85.34714230916762}