{"cluster_sizes":[1,2,3,4,5,6,7,8,9,10,11,12,13,14,15,16,17,18,19,20,21,22,23,24,25,26,27,28,29,30,31,32,33,34,36,38,39,40,41,42,43,47,49,50,52,54,57,60,61,63,65,71,88,108,124,127,136],"cluster_removal_rates":[95.81564584596725,81.77339901477832,73.01587301587301,84.76821192052981,79.1044776119403,80.74534161490683,93.60000000000001,96.68874172185431,85.6,62.35294117647059,70.66666666666667,64.0,71.66666666666667,60.37735849056604,68.0,53.125,51.61290322580645,66.66666666666666,100.0,100.0,100.0,75.0,83.33333333333334,100.0,80.0,75.0,66.66666666666666,100.0,100.0,66.66666666666666,100.0,100.0,100.0,100.0,80.0,100.0,75.0,100.0,100.0,100.0,100.0,0.0,100.0,100.0,0.0,100.0,100.0,100.0,0.0,100.0,100.0,100.0,100.0,100.0,100.0,100.0,100.0],"cluster_post_filtering_doc_counts":[207,296,153,69,56,31,8,5,18,32,22,18,17,21,16,15,15,7,0,0,0,1,1,0,1,1,1,0,0,1,0,0,0,0,1,0,1,0,0,0,0,1,0,0,1,0,0,0,1,0,0,0,0,0,0,0,0],"tail_threshold":199,"tail_removal_rate":77.77777777777779,"tail_post_filtering_doc_counts":2,"global_removal_rate":88.66013799243268}