{"cluster_sizes":[1,2,3,4,5,6,32,33,36,37,38,39,40,41,44],"cluster_removal_rates":[66.66666666666666,16.666666666666664,52.17391304347826,47.16981132075472,13.043478260869565,33.33333333333333,100.0,100.0,33.33333333333333,60.0,100.0,100.0,0.0,0.0,0.0],"cluster_post_filtering_doc_counts":[1,5,33,84,20,6,0,0,2,2,0,0,1,2,1],"tail_threshold":55,"tail_removal_rate":0.0,"tail_post_filtering_doc_counts":1,"global_removal_rate":46.25850340136054}