{"cluster_sizes":[1,2,3,4,5,6,7,8,9,10,11,12,13,14,15,16,17,18,19,20,21,22,23,24,25,26,27,28,29,30,31,32,33,34,35,36,37,38,39,40,41,42,43,44,45,46,47,48,49,50,51,52,53,54,55,56,57,58,60,63,67,69,72,73,90,92],"cluster_removal_rates":[94.89603024574669,80.0369685767098,92.42424242424242,84.48275862068965,95.83333333333334,98.27586206896551,100.0,97.53086419753086,100.0,94.44444444444444,100.0,92.85714285714286,100.0,100.0,100.0,84.61538461538461,62.5,38.46153846153847,80.0,48.275862068965516,54.347826086956516,65.75342465753424,62.35294117647059,61.0,63.013698630136986,75.0,73.17073170731707,63.63636363636363,69.23076923076923,88.88888888888889,77.77777777777779,50.0,57.14285714285714,75.0,33.33333333333333,100.0,33.33333333333333,83.33333333333334,25.0,100.0,66.66666666666666,50.0,50.0,100.0,100.0,100.0,100.0,100.0,100.0,100.0,100.0,100.0,100.0,100.0,100.0,100.0,100.0,100.0,100.0,100.0,100.0,100.0,50.0,100.0,100.0,100.0],"cluster_post_filtering_doc_counts":[135,108,15,18,4,1,0,2,0,1,0,1,0,0,0,2,3,8,3,15,21,25,32,39,27,15,11,12,4,1,2,4,3,2,4,0,2,1,3,0,1,1,1,0,0,0,0,0,0,0,0,0,0,0,0,0,0,0,0,0,0,0,1,0,0,0],"tail_threshold":125,"tail_removal_rate":100.0,"tail_post_filtering_doc_counts":0,"global_removal_rate":88.55656697009103}