{"cluster_sizes":[1,2,3,4,5,6,7,8,9,12,15,16,17,18,19,20,21,22,23,24,25,26,27,28,29,30,31,32,33,34,35,36,37,38,39,40,41,42],"cluster_removal_rates":[79.71014492753623,76.47058823529412,66.66666666666666,75.0,66.66666666666666,83.33333333333334,80.0,100.0,100.0,100.0,75.0,75.0,64.28571428571429,66.66666666666666,71.69811320754717,67.77777777777779,76.08695652173914,67.36842105263158,71.875,76.59574468085107,74.18032786885246,75.83333333333333,78.48837209302324,83.33333333333334,81.63265306122449,84.21052631578947,76.47058823529412,66.66666666666666,0.0,0.0,0.0,0.0,0.0,33.33333333333333,0.0,100.0,0.0,0.0],"cluster_post_filtering_doc_counts":[126,4,2,1,2,1,1,0,0,0,1,2,5,9,15,29,33,62,72,66,63,58,37,12,9,3,4,2,3,2,1,1,1,2,1,0,1,1],"tail_threshold":45,"tail_removal_rate":33.33333333333333,"tail_post_filtering_doc_counts":2,"global_removal_rate":75.34033450019447}