{"cluster_sizes":[1,2,3,4,5,6,7,8,9,10,11,12,13,14,15,16,17,18,19,20,21,22,23,24,25,26,27,28,29,31,32,33,34,36,37,38,39,40,41,42,44,45,46,47,48,50,51,57,66,69],"cluster_removal_rates":[93.4032983508246,84.5272206303725,56.830601092896174,92.85714285714286,98.52941176470588,97.22222222222221,33.9622641509434,26.89655172413793,14.285714285714285,56.52173913043478,38.095238095238095,29.629629629629626,12.5,5.194805194805195,7.428571428571429,3.816793893129771,13.157894736842104,23.076923076923077,28.57142857142857,42.857142857142854,50.0,83.33333333333334,57.14285714285714,70.0,60.0,50.0,33.33333333333333,30.0,66.66666666666666,100.0,66.66666666666666,50.0,0.0,100.0,100.0,80.0,100.0,100.0,100.0,0.0,100.0,100.0,100.0,100.0,100.0,100.0,100.0,100.0,100.0,100.0],"cluster_post_filtering_doc_counts":[88,54,79,4,1,1,35,106,96,10,13,19,35,73,162,126,33,10,5,4,3,1,3,3,2,2,4,7,1,0,1,1,1,0,0,1,0,0,0,1,0,0,0,0,0,0,0,0,0,0],"tail_threshold":137,"tail_removal_rate":100.0,"tail_post_filtering_doc_counts":0,"global_removal_rate":67.16666666666666}