{"cluster_sizes":[1,2,3,4,5,6,7,8,9,10,11,12,13,15,17,19,22,23,24,27,29,40],"cluster_removal_rates":[54.81313703284258,73.45132743362832,76.19047619047619,91.17647058823529,71.42857142857143,100.0,100.0,31.818181818181817,34.21052631578947,50.0,50.0,100.0,100.0,100.0,100.0,100.0,100.0,100.0,100.0,100.0,100.0,100.0],"cluster_post_filtering_doc_counts":[399,30,15,3,2,0,0,15,25,5,3,0,0,0,0,0,0,0,0,0,0,0],"tail_threshold":43,"tail_removal_rate":100.0,"tail_post_filtering_doc_counts":0,"global_removal_rate":58.51419031719532}