{"cluster_sizes":[1,2,3,4,5,6,7,8,9,10,11,12,13,14,15,16,17,18,19,20,21,22,23,24,25,26,27,28,29,30,31,32,33,34,35,36,37,38,39,40,41,42,43,44,45,46,47,48,49,50,51,52,53,54,55,56,57,58,59,60,61,62,63,64,65,66,67,68,69,70,71,72,73,74,75,76,77,78,79,80,81,82,83,84,85,86,87,88,89,90,91,92,93,94,95,96,97,98,99,100,101,102,103,104,105,106,107,108,109,110,111,112,113,114,115,116,117,118,119,120,121,122,123,124,125,126,127,128,129,130,131,132,133,134,135,136,137,138,139,140,141,142],"cluster_removal_rates":[87.24932409870851,84.31322643590397,86.96447230929991,87.47041114149793,88.01598763980788,88.70091498284407,88.37423514704915,86.66029165670571,88.72983412860714,87.68135056713268,87.05864972669522,87.1953312736011,87.64884426803641,86.60640920295809,86.60714285714286,85.97343699384516,85.89090909090909,85.2510873863187,84.56022944550669,85.76960309777347,85.4709952102182,82.83582089552239,83.30578512396694,85.60331434489902,87.38786279683377,87.23150357995226,86.38850889192886,87.87878787878788,84.91189427312776,83.24265505984766,83.08400460299194,82.08154506437768,82.9954954954955,84.45692883895131,82.2141560798548,81.53117600631413,82.16303470540758,80.4159445407279,81.43899895724714,79.54802259887006,82.23418573351279,81.35860979462876,80.29315960912052,82.17821782178217,83.77823408624229,85.44600938967136,83.451536643026,81.07416879795396,79.5,75.76530612244898,74.64387464387464,82.4742268041237,76.28865979381443,74.4,78.26086956521739,75.81699346405229,75.08196721311475,78.10457516339869,76.03305785123968,78.86178861788618,72.9957805907173,75.89285714285714,75.55555555555556,77.21518987341773,85.24590163934425,76.2114537444934,79.71014492753623,79.81220657276995,76.59574468085107,75.14124293785311,75.0,83.16831683168317,78.73563218390804,74.5945945945946,80.12820512820514,83.45864661654136,78.03030303030303,72.10884353741497,80.76923076923077,82.06896551724138,77.27272727272727,83.87096774193549,76.72413793103449,87.70491803278688,73.72881355932203,82.2429906542056,77.31958762886599,73.10924369747899,78.70370370370371,75.20661157024794,78.44827586206897,77.19298245614034,82.71604938271605,75.0,75.32467532467533,80.82191780821918,82.08955223880598,70.0,82.97872340425532,89.0909090909091,91.48936170212765,68.62745098039215,78.57142857142857,84.0909090909091,86.11111111111111,71.7948717948718,82.5,78.43137254901961,90.2439024390244,86.48648648648648,85.36585365853658,70.73170731707317,87.09677419354838,73.33333333333333,87.5,75.0,75.0,87.5,78.125,83.33333333333334,90.0,68.42105263157895,83.33333333333334,93.75,95.0,86.66666666666667,88.23529411764706,90.47619047619048,79.16666666666666,90.47619047619048,81.25,73.33333333333333,100.0,85.0,81.81818181818183,73.68421052631578,75.0,85.0,88.88888888888889,66.66666666666666,88.23529411764706,88.88888888888889],"cluster_post_filtering_doc_counts":[118376,27735,9481,5452,3568,2371,1767,1674,992,934,876,746,529,489,450,433,388,373,323,294,273,299,303,278,239,214,199,132,137,154,147,167,151,166,196,234,221,226,178,181,132,118,121,90,79,62,70,74,82,95,89,68,92,96,70,74,76,67,58,52,64,54,55,54,36,54,42,43,44,44,47,34,37,47,31,22,29,41,25,26,30,20,27,15,31,19,22,32,23,30,25,26,14,21,19,14,12,21,8,6,4,16,9,7,5,11,7,11,4,5,6,12,4,12,3,9,6,4,7,4,4,6,5,1,1,2,2,2,5,2,3,4,0,3,2,5,4,3,1,4,2,2],"tail_threshold":143,"tail_removal_rate":93.08131241084166,"tail_post_filtering_doc_counts":97,"global_removal_rate":86.7694034793929}