{"cluster_sizes":[1,2,3,4,5,6,7,8,9,10,11,12,13,14,15,16,17,18,19,20,21,22,23,24,25,26,27,28,29,30,31,32,33,34,35,36,37,38,39,40,41,42,43,44,45,46,47,48,49,50,51,52,53,54,55,56,57,58,59,60,61,62,63,64,65,66,67,68,69,70,71,72,73,74,75,76,77,78,79,80,81,82,83,84,85,86,87,88,89,90,91,92,93,94,95,96,97,98,99,100,101,102,103,104,105,106,107,108,109,110,111,112,113,114,115,116,117,118,119,120,121,122,123,124,125,126,127,128,130,131,132,134,135,136,139,140,141,142,143,145,146,147,148,149,150,152,153,156,159,161,162,166,167,170,172,175,177],"cluster_removal_rates":[98.66820683563226,90.85303186022611,96.90860215053763,94.14758269720102,90.43478260869566,86.73469387755102,84.7328244274809,85.07462686567165,81.76100628930818,85.71428571428571,89.70588235294117,87.17948717948718,85.29411764705883,81.9672131147541,91.42857142857143,81.25,72.72727272727273,73.68421052631578,68.18181818181817,85.71428571428571,61.53846153846154,69.56521739130434,80.95238095238095,100.0,88.23529411764706,75.0,60.0,70.58823529411765,81.81818181818183,83.33333333333334,93.33333333333333,72.0,78.94736842105263,87.5,71.42857142857143,73.33333333333333,75.0,84.61538461538461,73.33333333333333,81.81818181818183,57.14285714285714,66.66666666666666,87.5,66.66666666666666,66.66666666666666,88.88888888888889,87.5,66.66666666666666,62.5,66.66666666666666,76.92307692307693,87.5,57.14285714285714,80.0,90.0,75.0,87.5,75.0,69.23076923076923,80.0,72.72727272727273,87.5,62.5,100.0,77.77777777777779,70.0,81.81818181818183,100.0,62.5,71.42857142857143,53.84615384615385,70.58823529411765,91.66666666666666,72.72727272727273,80.0,62.5,75.0,85.71428571428571,69.23076923076923,66.66666666666666,72.22222222222221,67.85714285714286,65.38461538461539,63.33333333333333,72.0,66.66666666666666,70.0,79.16666666666666,75.86206896551724,65.21739130434783,63.63636363636363,90.9090909090909,64.28571428571429,77.27272727272727,84.21052631578947,71.42857142857143,50.0,76.92307692307693,83.33333333333334,81.81818181818183,64.28571428571429,75.0,42.857142857142854,80.0,66.66666666666666,55.55555555555556,60.0,100.0,66.66666666666666,100.0,75.0,66.66666666666666,0.0,62.5,50.0,50.0,66.66666666666666,100.0,50.0,100.0,100.0,100.0,50.0,50.0,0.0,33.33333333333333,50.0,66.66666666666666,100.0,100.0,100.0,50.0,0.0,66.66666666666666,100.0,100.0,100.0,0.0,100.0,0.0,0.0,0.0,0.0,100.0,50.0,100.0,100.0,100.0,0.0,50.0,100.0,0.0,100.0,100.0,100.0,100.0,100.0],"cluster_post_filtering_doc_counts":[196,89,69,23,22,26,20,20,29,13,7,10,10,11,6,9,6,5,7,4,10,7,4,0,2,4,4,5,2,4,1,7,4,1,6,4,4,2,4,2,3,3,1,3,4,1,1,2,3,3,3,1,3,1,1,2,1,1,4,3,3,1,3,0,2,6,2,0,3,4,6,5,1,3,3,6,4,3,4,6,5,9,9,11,7,11,6,5,7,8,8,2,10,5,3,4,9,3,3,2,5,4,8,2,3,4,4,0,2,0,1,1,1,3,2,2,2,0,1,0,0,0,2,2,1,2,1,1,0,0,0,1,1,1,0,0,0,1,0,1,2,1,1,0,1,0,0,0,1,1,0,1,0,0,0,0,0],"tail_threshold":179,"tail_removal_rate":95.83333333333334,"tail_post_filtering_doc_counts":1,"global_removal_rate":95.45196939642958}