{"cluster_sizes":[1,2,3,4,5,6,7,8,9,10,11,12,13,14,15,16,17,18,19,20,21,22,23,24,25,26,27,29,31,33,35,36,40,41,45,50,113],"cluster_removal_rates":[93.38235294117648,85.36585365853658,67.85714285714286,90.32258064516128,100.0,100.0,100.0,100.0,100.0,100.0,100.0,100.0,100.0,100.0,100.0,100.0,100.0,100.0,100.0,100.0,100.0,80.0,100.0,100.0,100.0,66.66666666666666,0.0,100.0,100.0,100.0,100.0,100.0,100.0,100.0,0.0,100.0,100.0],"cluster_post_filtering_doc_counts":[18,12,18,3,0,0,0,0,0,0,0,0,0,0,0,0,0,0,0,0,0,1,0,0,0,1,1,0,0,0,0,0,0,0,1,0,0],"tail_threshold":122,"tail_removal_rate":100.0,"tail_post_filtering_doc_counts":0,"global_removal_rate":90.29982363315696}