{"cluster_sizes":[1,2,3,4,5,6,7,8,9,10,11,12,13,14,15,17,18,22,23,24,25,26,27,28,29,30,31,36,74,93],"cluster_removal_rates":[99.87325728770595,99.18032786885246,100.0,100.0,98.0392156862745,100.0,83.33333333333334,90.9090909090909,100.0,100.0,100.0,100.0,100.0,100.0,100.0,100.0,100.0,100.0,100.0,100.0,100.0,100.0,100.0,66.66666666666666,100.0,100.0,100.0,100.0,100.0,100.0],"cluster_post_filtering_doc_counts":[1,1,0,0,1,0,1,1,0,0,0,0,0,0,0,0,0,0,0,0,0,0,0,1,0,0,0,0,0,0],"tail_threshold":146,"tail_removal_rate":100.0,"tail_post_filtering_doc_counts":0,"global_removal_rate":99.48586118251927}