{"cluster_sizes":[1,2,3,4,5,6,7,8,9,10,11,12,13,14,15,16,17,18,19,20,21,22,23,24,25,26,27,28,29,30,31,32,33,34,35,36,37,38,39,40,41,42,43,44,45,46,47,48,49,50,51,52,53,54,55,56,57,58,59,60,61,62,63,64,65,66,67,68,69,70,71,72,73,74,75,76,77,78,79,80,81,82,83,84,85,86,87,88,89,90,91,92,93,94,95,96,97,98,99,100,101,102,103,104,105,106,107,108,109,110,111,112,113,114,115,116,117,118,119,120,121,122,123,124,125,126,127,128,129,130,131,132,133,134,135,136,137,138,139,140,141,142,143,144,145,146,147,148,149],"cluster_removal_rates":[76.75273778980126,65.07806130643061,60.261192155739806,57.6552990309043,54.82165947076071,52.892127866250426,50.294115510349776,49.39272144923062,46.89676403053387,45.77246500828346,44.89688863139307,45.94874275228643,45.0256915019039,45.240346621825125,44.88752061212336,44.40729657387754,43.64076273012195,43.87003875791549,42.830064134928904,43.542846763047926,43.193148586547835,43.528533493320424,43.36629107122782,44.839407677317524,44.340243780823904,44.9077196758282,45.20716988730242,46.09946388002414,45.94779739957306,47.64690643292383,47.55001339757428,49.27561080154308,50.047899629608615,51.16222950627869,52.179716484572225,54.11211093340832,54.02233147579475,55.01532885042091,55.88920049508829,57.4895966200314,57.046867253937386,58.309921247219606,57.91639661525492,58.99454674254634,59.2495218653181,59.09280160239459,59.61318365557883,60.75831831905696,59.910121033332416,60.93386949421996,60.48578658924718,61.05987015323227,60.60044838678233,61.481655351726126,61.60144161084342,62.69983833303395,62.412596977688295,62.548945307565994,62.30695274373548,63.17158746449626,62.522180996934985,63.123446561723284,63.531448355452966,63.70364810088576,63.86764799592175,64.515707874337,63.94656930719138,64.28352310662792,64.90418399711318,65.19674746736894,64.92222107757289,65.954771321367,65.65002249212776,65.25159735328225,65.2077536197708,66.16780492615696,65.85683629675046,66.11220086308356,66.37718154324241,66.88786749707634,66.49191529467204,66.5888417222559,66.61796468047262,66.8839594661394,67.1620007960727,67.15112321307012,67.6089930202378,67.8763440860215,66.71278982797307,68.14938066185987,67.68481802834596,68.08671139873745,67.905896020912,67.50010487896967,67.90987124463518,69.01840490797547,68.16341385742231,68.9929848381987,69.43024105186268,70.88565763384005,68.7206020696143,69.10454021180665,68.35351224683367,68.64322715750028,69.27621861152143,68.30370239981224,68.8598603419215,69.76771817263709,68.36747597369752,69.46289618523438,69.48943890112737,69.43980470255686,68.32362015769627,69.29704595185996,69.8286937901499,70.08461921353909,69.5972857353592,69.45544184656757,69.57116788321169,70.50251256281406,69.77543354910893,69.33638443935926,70.02008704385672,69.70996216897856,69.86869384934347,70.60836827243946,70.43867502238137,70.33799008562416,68.6132740081572,70.64528161133904,70.35334673944269,69.89045969478514,70.29196347948229,70.64153301395542,70.38323965252938,69.9563227953411,70.69389500694963,71.29108996539793,70.92564158806755,70.70098576122672,70.70958966220812,71.03707073004321,70.69414830608861,71.83017785427424,71.23173773607317,71.4546783625731,70.4830497951074,70.60647401711522,70.78189300411523],"cluster_post_filtering_doc_counts":[134773571,59030957,35643434,28708489,22824380,18275222,14094534,11949798,10224094,8767375,7542175,6544223,5401996,4639838,3972917,3435688,2961333,2599264,2239734,1976736,1713306,1490967,1294680,1143847,982319,855993,740181,644852,557062,489047,414978,360937,308162,267147,233944,208878,179369,159351,140773,126979,112636,104023,92852,86248,79049,72706,66341,63816,58164,54307,50903,47623,44462,42666,39208,37377,34350,32615,30972,30860,27879,26706,25280,24177,22681,21743,20540,19793,18479,18105,17025,16786,15272,15282,14754,13722,13365,12957,12118,12175,11377,11019,10510,10719,9900,9651,9235,9082,8901,8614,8231,8038,7735,7747,7477,7272,6998,6851,6696,7048,5985,5893,5672,5690,5408,5402,5173,5089,5003,4827,4709,4757,4620,4490,4227,4207,4122,4089,4002,4109,3782,3752,3582,3603,3488,3435,3302,3291,3386,3148,3096,3216,2961,2819,2898,2889,2741,2655,2651,2675,2584,2547,2474,2455,2422,2343,2377,2370,2272],"tail_threshold":150,"tail_removal_rate":73.55679309999267,"tail_post_filtering_doc_counts":314007,"global_removal_rate":66.2870471975256}