{"cluster_sizes":[1,2,3,4,5,6,7,8,9,10,11,12,13,14,15,16,17,18,19,20,21,22,23,25,28,29,30,33,34],"cluster_removal_rates":[71.9047619047619,49.152542372881356,38.50931677018634,42.10526315789473,45.21739130434783,43.333333333333336,51.35135135135135,40.0,60.86956521739131,60.46511627906976,41.935483870967744,42.857142857142854,26.666666666666668,30.434782608695656,42.10526315789473,37.03703703703704,33.33333333333333,33.33333333333333,40.0,50.0,0.0,50.0,0.0,0.0,100.0,100.0,100.0,100.0,0.0],"cluster_post_filtering_doc_counts":[59,180,198,88,63,34,18,15,18,17,18,20,22,16,11,17,8,6,6,1,2,1,1,1,0,0,0,0,1],"tail_threshold":40,"tail_removal_rate":66.66666666666666,"tail_post_filtering_doc_counts":1,"global_removal_rate":47.84263959390863}