{"cluster_sizes":[1,2,3,4,5,6,7,8,9,10,11,12,13,14,15,16,17,18,19,20,21,22,23,24,25,26,27,28,29,30,31,32,34,35,36,37,38,39,40,41,42,43,44,50,55,56,57,61,64,84,96],"cluster_removal_rates":[72.53333333333333,77.4703557312253,85.41666666666666,86.15384615384616,85.71428571428571,85.71428571428571,90.9090909090909,100.0,100.0,100.0,100.0,83.33333333333334,100.0,100.0,100.0,66.66666666666666,66.66666666666666,66.66666666666666,40.0,25.64102564102564,32.25806451612903,37.735849056603776,47.16981132075472,47.16981132075472,47.45762711864407,45.23809523809524,51.61290322580645,61.53846153846154,60.0,50.0,33.33333333333333,100.0,0.0,50.0,0.0,0.0,66.66666666666666,50.0,0.0,0.0,50.0,0.0,0.0,100.0,100.0,100.0,0.0,0.0,100.0,0.0,100.0],"cluster_post_filtering_doc_counts":[206,57,21,9,6,3,2,0,0,0,0,1,0,0,0,1,2,3,9,29,21,33,28,28,31,23,15,10,2,4,2,0,1,1,5,1,1,1,5,2,1,2,1,0,0,0,1,1,0,1,0],"tail_threshold":103,"tail_removal_rate":100.0,"tail_post_filtering_doc_counts":0,"global_removal_rate":68.59504132231406}