{"cluster_sizes":[1,2,3,4,5,6,7,8,9,10,11,12,13,14,15,16,17,18,19,20,21,22,23,24,25,26,27,28,29,30,31,32,33,34,35,36,37,38,39,40,41,42,43,44,45,46,47,48,49,50,51,52,53,54,55,56,57,58,59,60,61,62,63,64,65,66,67,68,69,70,71,72,73,74,75,76,77,78,79,80,81,82,83,84,85,86,87,88,89,90,91,92,93,94,95,96,97,98,99,100,101,102,103,104,105,106,107,108,109,111,113,114,115,118,119,120,126,127,128,132,146,148,151,153,170,175,180,181,182,187,189,204,206,208,209,210,214,220,223,226,230,233,251,259,276,277,283,302,303,305,312,313,314,318,327],"cluster_removal_rates":[90.06442297012107,76.6524932354078,73.99347116430903,72.12806026365348,85.28301886792453,85.63829787234043,90.29850746268657,86.57718120805369,95.08196721311475,85.43689320388349,94.11764705882352,91.52542372881356,100.0,83.33333333333334,90.9090909090909,81.48148148148148,85.71428571428571,90.47619047619048,89.74358974358975,80.0,69.44444444444444,76.47058823529412,85.71428571428571,83.33333333333334,95.23809523809523,78.94736842105263,95.45454545454545,90.47619047619048,83.33333333333334,83.33333333333334,82.14285714285714,89.28571428571429,52.94117647058824,66.66666666666666,78.94736842105263,85.71428571428571,95.23809523809523,94.11764705882352,78.57142857142857,80.0,100.0,66.66666666666666,100.0,60.0,100.0,100.0,100.0,80.0,60.0,100.0,80.0,60.0,100.0,100.0,80.0,71.42857142857143,50.0,80.0,83.33333333333334,88.88888888888889,60.0,50.0,75.0,66.66666666666666,33.33333333333333,33.33333333333333,75.0,66.66666666666666,85.71428571428571,28.57142857142857,66.66666666666666,33.33333333333333,76.92307692307693,50.0,75.0,27.27272727272727,100.0,27.27272727272727,70.0,50.0,71.42857142857143,60.0,25.0,30.0,36.84210526315789,42.10526315789473,71.42857142857143,60.0,54.54545454545454,75.0,75.0,20.0,60.0,40.0,33.33333333333333,0.0,75.0,20.0,50.0,33.33333333333333,80.0,50.0,50.0,66.66666666666666,0.0,100.0,100.0,50.0,100.0,0.0,100.0,100.0,66.66666666666666,0.0,100.0,100.0,100.0,100.0,100.0,100.0,100.0,100.0,100.0,100.0,100.0,100.0,100.0,100.0,100.0,100.0,100.0,100.0,100.0,100.0,100.0,100.0,100.0,100.0,100.0,100.0,100.0,100.0,100.0,100.0,100.0,100.0,100.0,100.0,100.0,100.0,100.0,100.0,100.0,100.0,100.0],"cluster_post_filtering_doc_counts":[1789,604,239,148,39,27,13,20,6,15,4,5,0,6,2,5,4,2,4,4,11,4,3,3,1,4,1,2,4,3,5,3,8,3,4,3,1,1,3,2,0,3,0,2,0,0,0,1,2,0,1,2,0,0,1,2,2,1,1,1,2,4,1,1,4,2,1,4,1,5,2,6,3,4,1,8,0,8,3,3,2,6,3,7,12,11,4,2,5,3,2,4,2,6,2,3,1,4,1,2,1,1,1,1,2,0,0,1,0,3,0,0,1,1,0,0,0,0,0,0,0,0,0,0,0,0,0,0,0,0,0,0,0,0,0,0,0,0,0,0,0,0,0,0,0,0,0,0,0,0,0,0,0,0,0],"tail_threshold":328,"tail_removal_rate":100.0,"tail_post_filtering_doc_counts":0,"global_removal_rate":86.89652331520844}