{"cluster_sizes":[1,2,3,4,5,6,7,8,9,10,11,12,13,14,15,16,17,18,19,20,21,22,23,24,25,26,27,28,29,30,31,32,33,34,35],"cluster_removal_rates":[99.6025630181483,77.82159369050856,76.7293997965412,71.21371108779293,62.18332565637955,66.83837733419189,73.29749103942652,65.54536187563711,62.57668711656442,63.395225464190986,62.48037676609105,62.00657894736842,60.42884990253411,63.48837209302326,62.28571428571429,64.60481099656357,61.92170818505338,66.92307692307692,67.09401709401709,72.01834862385321,76.21621621621621,74.3455497382199,73.65269461077844,63.41463414634146,73.2824427480916,64.0,63.0,66.66666666666666,68.96551724137932,88.46153846153845,75.47169811320755,71.42857142857143,80.43478260869566,81.25,80.0],"cluster_post_filtering_doc_counts":[3618,1631,915,823,821,515,298,338,305,276,239,231,203,157,132,103,107,86,77,61,44,49,44,45,35,36,37,27,18,6,13,14,9,9,9],"tail_threshold":36,"tail_removal_rate":78.59327217125383,"tail_post_filtering_doc_counts":210,"global_removal_rate":98.76974736168852}