{"cluster_sizes":[1,2,3,4,5,6,7,8,9,10,11,12,13,14,15,16,17,18,19,20,21,22,23,24,25,26,27,28,29,30,31,32,33,34,35,36,37,38,39,40,41,42,43,44,45,46,48,49,50,51,52,53,54,55,56,59,61,63,64,65,67,70,71,72,73,75,78,79,81,82,83,84,90,95,96,99,101,102,105,106,107,109],"cluster_removal_rates":[89.91633448683692,58.566602316602314,61.49452641599239,61.81398035817447,54.337899543378995,55.51537070524412,59.523809523809526,51.307189542483655,43.15245478036176,45.535714285714285,42.857142857142854,46.103896103896105,38.31775700934579,55.4054054054054,65.45454545454545,65.38461538461539,65.11627906976744,64.86486486486487,63.888888888888886,70.83333333333334,69.56521739130434,69.23076923076923,73.68421052631578,73.91304347826086,68.75,75.0,88.88888888888889,72.72727272727273,80.0,70.0,46.666666666666664,83.33333333333334,75.0,80.0,93.33333333333333,90.0,75.0,77.77777777777779,58.333333333333336,100.0,100.0,80.0,75.0,100.0,66.66666666666666,100.0,100.0,100.0,100.0,66.66666666666666,66.66666666666666,100.0,100.0,0.0,0.0,66.66666666666666,100.0,100.0,100.0,0.0,50.0,100.0,100.0,100.0,100.0,100.0,100.0,100.0,100.0,100.0,100.0,100.0,100.0,100.0,100.0,100.0,100.0,100.0,100.0,100.0,100.0,100.0],"cluster_post_filtering_doc_counts":[2302,1717,809,661,700,246,119,149,220,122,92,83,66,33,19,18,15,13,13,7,7,8,5,6,5,7,2,3,2,3,8,1,2,2,1,1,3,2,5,0,0,1,1,0,2,0,0,0,0,1,1,0,0,1,1,1,0,0,0,1,1,0,0,0,0,0,0,0,0,0,0,0,0,0,0,0,0,0,0,0,0,0],"tail_threshold":110,"tail_removal_rate":86.11111111111111,"tail_post_filtering_doc_counts":5,"global_removal_rate":78.74507134144612}