{"cluster_sizes":[1,2,3,4,5,6,7,8,9,10,11,12,13,14,15,16,17,18,19,20,21,22,23,24,25,26,27,28,29,30,31,32,33,34,35,36,37,38,39,40,41,42,43,44,45,46,47,48,49,50,51,52,53,54,55,56,57,58,59,60,61,62,63,64,65,66,67,68,69,70,71,72,73,74,75,76,77,78,79,80,81,82,83,84,85,86,87,88,89,90,91,92,93,94,95,96,97,98,99,100,101,102,103,104,105,106,107,108,109,110,111,112,113,114,115,116,117,118,119,120,121,122,123,124,125,126,127,128,129,130,131,132,133,134,135,136,137,138,139,140,141,142,143,144,145,146,147,148,149,150,151,152,153,154,155,156,157,158,159,160,161,162,163,164,165,166,167,168,169,170,171,172,173,174,175,177,178,179,180,181,182,183,184,185,186,187,188,189,190,191,192,193,194,195,196,197,198,199,200,202,203,204,205,206,207,208,209,210,211,212,213,214,215,217,218,219,221,222,223,224,226,227,228,229,230,231,232,233,234,235,236,237,238,239,240,241,242,243,244,245,247,248,249,251,252,253,255,256,258,259,260,261,262,263],"cluster_removal_rates":[93.0870562853669,88.18081833686661,88.6195601310248,88.00018313341269,87.07093076271738,84.8674225515579,85.27030556281014,85.84810973569755,85.60153583617748,84.66209081309398,83.6461126005362,82.82185628742515,83.17399617590823,85.49661399548533,85.61007957559681,84.95109104589918,85.97449908925319,86.28628628628628,86.21103117505994,84.01015228426397,83.75838926174497,78.51123595505618,82.9032258064516,84.29054054054053,83.13458262350937,83.15972222222221,82.1969696969697,87.10407239819004,84.43396226415094,81.98924731182797,82.08092485549133,82.53968253968253,79.55974842767296,86.55737704918033,85.71428571428571,90.78947368421053,87.34693877551021,90.51383399209486,87.25490196078431,89.04761904761904,89.63730569948186,89.63414634146342,94.18604651162791,89.375,94.77611940298507,89.36170212765957,81.88405797101449,91.30434782608695,84.68468468468468,91.66666666666666,87.8048780487805,91.1504424778761,89.24731182795699,89.36170212765957,91.83673469387756,96.66666666666667,93.75,87.91208791208791,89.55223880597015,94.8051948051948,88.40579710144928,92.42424242424242,89.70588235294117,91.04477611940298,86.76470588235294,90.27777777777779,90.54054054054053,100.0,93.54838709677419,93.33333333333333,96.15384615384616,96.72131147540983,87.2340425531915,94.87179487179486,85.96491228070175,82.05128205128204,86.04651162790698,79.16666666666666,85.71428571428571,86.36363636363636,80.55555555555556,88.88888888888889,70.58823529411765,80.95238095238095,90.0,81.25,77.77777777777779,86.95652173913044,70.83333333333334,78.57142857142857,80.64516129032258,93.10344827586206,91.66666666666666,85.18518518518519,80.0,78.57142857142857,87.5,73.91304347826086,76.92307692307693,68.75,83.33333333333334,92.85714285714286,73.68421052631578,80.0,61.53846153846154,92.85714285714286,84.61538461538461,76.92307692307693,90.0,81.25,68.75,78.94736842105263,80.0,40.0,91.66666666666666,86.66666666666667,61.111111111111114,66.66666666666666,85.71428571428571,80.0,80.0,76.92307692307693,75.0,75.0,77.77777777777779,93.75,100.0,90.0,100.0,100.0,85.71428571428571,87.5,83.33333333333334,66.66666666666666,92.3076923076923,100.0,80.0,100.0,80.0,87.5,81.81818181818183,85.71428571428571,87.5,100.0,80.0,75.0,90.0,100.0,91.66666666666666,57.14285714285714,100.0,83.33333333333334,100.0,100.0,100.0,66.66666666666666,75.0,100.0,100.0,100.0,66.66666666666666,90.0,80.0,100.0,100.0,83.33333333333334,100.0,83.33333333333334,100.0,80.0,100.0,66.66666666666666,66.66666666666666,100.0,75.0,80.0,100.0,0.0,80.0,100.0,100.0,100.0,100.0,75.0,100.0,100.0,100.0,100.0,100.0,100.0,100.0,100.0,100.0,100.0,100.0,100.0,100.0,100.0,83.33333333333334,66.66666666666666,100.0,100.0,100.0,100.0,100.0,100.0,100.0,100.0,87.5,100.0,100.0,100.0,100.0,100.0,100.0,80.0,100.0,100.0,100.0,100.0,50.0,60.0,100.0,83.33333333333334,100.0,100.0,100.0,100.0,100.0,100.0,100.0,100.0,100.0,100.0,50.0,100.0,66.66666666666666,100.0,100.0,100.0,50.0,100.0,100.0,100.0,100.0,100.0,100.0,100.0,100.0,100.0,100.0,100.0,100.0,100.0],"cluster_post_filtering_doc_counts":[15124,7415,3648,2621,1985,1695,1128,846,675,581,488,459,352,257,217,200,154,137,115,126,121,153,106,93,99,97,94,57,66,67,62,66,65,41,41,28,31,24,26,23,20,17,10,17,7,15,25,10,17,10,10,10,10,10,8,3,5,11,7,4,8,5,7,6,9,7,7,0,4,3,2,2,6,2,8,7,6,5,4,6,7,4,10,8,3,6,8,3,7,6,6,2,2,4,4,6,2,6,3,5,3,1,5,3,5,1,2,3,1,3,5,4,2,6,1,2,7,4,2,2,2,3,3,3,4,1,0,1,0,0,2,2,2,4,1,0,2,0,1,1,2,1,1,0,1,2,1,0,1,3,0,1,0,0,0,3,2,0,0,0,1,1,1,0,0,1,0,1,0,1,0,1,1,0,1,1,0,1,1,0,0,0,0,1,0,0,0,0,0,0,0,0,0,0,0,0,0,0,1,1,0,0,0,0,0,0,0,0,1,0,0,0,0,0,0,1,0,0,0,0,1,2,0,1,0,0,0,0,0,0,0,0,0,0,1,0,1,0,0,0,1,0,0,0,0,0,0,0,0,0,0,0,0,0],"tail_threshold":266,"tail_removal_rate":96.86746987951807,"tail_post_filtering_doc_counts":13,"global_removal_rate":90.29707419244957}