{"cluster_sizes":[1,2,3,4,5,6,7,8,9,10,11,12,13,14,15,16,17,18,19,20,21,22,23,24,25,26,27,28,29,30,31,32,33,34,35,36,37,38,39,40,41,42,44,45,46,48,49,50,51,52,53,54,55,56,57,58,60,62,65,73,74,76],"cluster_removal_rates":[96.31104130903248,84.49816079873884,93.1095406360424,89.95098039215686,95.68627450980392,89.78102189781022,96.55172413793103,89.1891891891892,95.58823529411765,90.0,100.0,100.0,95.65217391304348,100.0,100.0,94.73684210526315,100.0,100.0,100.0,93.33333333333333,100.0,100.0,100.0,100.0,90.0,100.0,75.0,100.0,100.0,100.0,83.33333333333334,100.0,100.0,100.0,75.0,85.71428571428571,100.0,100.0,100.0,100.0,100.0,100.0,100.0,100.0,100.0,100.0,100.0,100.0,100.0,100.0,100.0,100.0,100.0,100.0,100.0,100.0,66.66666666666666,100.0,100.0,100.0,100.0,100.0],"cluster_post_filtering_doc_counts":[1010,295,39,41,11,14,4,8,3,4,0,0,1,0,0,1,0,0,0,1,0,0,0,0,1,0,1,0,0,0,1,0,0,0,1,1,0,0,0,0,0,0,0,0,0,0,0,0,0,0,0,0,0,0,0,0,1,0,0,0,0,0],"tail_threshold":80,"tail_removal_rate":100.0,"tail_post_filtering_doc_counts":0,"global_removal_rate":95.40985699693564}