{"cluster_sizes":[1,2,3,4,5,6,7,8,9,10,11,12,13,14,15,16,17,18,19,20,21,22,23,24,25,26,27,28,29,30,31,32,33,34,35,36,37,38,39,40,41,42,43,44,45,46,47,48,49,50,51,52,53,54,55,56,57,58,59,60,61,62,63,64,65,66,67,68,69,70,71,72,73,74,75,76,77,78,79,80,81,82,83,84,85,86,87,88,89,90,91,92,93,94,95,96,97,98,99,100,101,102,103,104,105,106,107,108,109,110,111,112,113,114,117,118,119,120,121,122,123,124,125,126,127,128,129,130,131,132,133,134,135,136,137],"cluster_removal_rates":[99.64385776613094,99.2132867132867,99.08740238968858,99.11516853932584,99.3140526510938,99.22071968828787,98.93225331369662,99.4967978042086,99.6828752642706,99.11167512690355,98.62385321100918,98.4090909090909,99.32203389830508,98.92857142857143,98.95833333333334,99.27710843373494,99.44598337950139,99.68652037617555,99.31506849315068,98.7603305785124,100.0,99.5049504950495,99.02439024390245,100.0,98.87640449438202,98.52941176470588,98.50746268656717,99.27536231884058,97.85714285714285,100.0,100.0,100.0,99.08256880733946,98.49624060150376,100.0,98.58156028368793,100.0,99.13793103448276,98.80952380952381,95.38461538461539,98.82352941176471,98.61111111111111,100.0,98.52941176470588,94.11764705882352,100.0,100.0,100.0,100.0,100.0,100.0,100.0,94.73684210526315,100.0,100.0,100.0,100.0,100.0,93.33333333333333,100.0,95.0,100.0,100.0,100.0,100.0,94.73684210526315,100.0,100.0,100.0,100.0,100.0,100.0,100.0,100.0,100.0,100.0,100.0,100.0,100.0,100.0,100.0,100.0,100.0,100.0,100.0,100.0,100.0,100.0,100.0,100.0,100.0,100.0,100.0,100.0,100.0,100.0,100.0,100.0,100.0,100.0,100.0,80.0,100.0,100.0,100.0,100.0,100.0,100.0,100.0,100.0,100.0,100.0,100.0,100.0,100.0,100.0,100.0,100.0,100.0,100.0,100.0,100.0,100.0,100.0,100.0,100.0,100.0,100.0,100.0,100.0,100.0,100.0,100.0,100.0,100.0],"cluster_post_filtering_doc_counts":[511,180,97,63,37,34,29,11,6,14,15,14,4,6,5,3,2,1,2,3,0,1,2,0,2,2,2,1,3,0,0,0,1,2,0,2,0,1,1,3,1,1,0,1,2,0,0,0,0,0,0,0,1,0,0,0,0,0,1,0,1,0,0,0,0,1,0,0,0,0,0,0,0,0,0,0,0,0,0,0,0,0,0,0,0,0,0,0,0,0,0,0,0,0,0,0,0,0,0,0,0,1,0,0,0,0,0,0,0,0,0,0,0,0,0,0,0,0,0,0,0,0,0,0,0,0,0,0,0,0,0,0,0,0,0],"tail_threshold":138,"tail_removal_rate":100.0,"tail_post_filtering_doc_counts":0,"global_removal_rate":99.49422375163077}