{"cluster_sizes":[1,2,3,4,5,6,7,8,9,10,11,12,15,16,17,18,19,20,21,22,23,24,25,26,27,28,29,30,31,32,33,34,35,36,37,38,39,40,41,42,45,46,50],"cluster_removal_rates":[69.8051948051948,82.75862068965517,81.81818181818183,100.0,100.0,100.0,100.0,100.0,100.0,100.0,0.0,100.0,50.0,100.0,50.0,70.37037037037037,70.0,60.86956521739131,69.56521739130434,77.41935483870968,69.38775510204081,70.28301886792453,78.63247863247864,79.25531914893617,75.0,75.0,75.0,95.65217391304348,76.92307692307693,50.0,0.0,0.0,16.666666666666664,0.0,0.0,0.0,0.0,0.0,0.0,0.0,100.0,100.0,100.0],"cluster_post_filtering_doc_counts":[186,5,2,0,0,0,0,0,0,0,1,0,1,0,1,8,12,27,35,35,60,63,50,39,33,19,10,1,3,3,3,2,5,1,2,4,1,2,1,2,0,0,0],"tail_threshold":55,"tail_removal_rate":66.66666666666666,"tail_post_filtering_doc_counts":1,"global_removal_rate":72.45989304812835}