{"cluster_sizes":[1,2,3,4,5,6,7,8,9,10,11,12,13,14,15,16,17,18,19,20,21,22,23,24,25,26,27,28,29,30,31,32,33,34,35,36,37,38,39,40,41,42,43,44,45,46,47,48,49,50,51,52,53,54,55,57,58,59,60,62,63,64,65,66,67,68,69,70,71,72,73,74,75,78,79,80,81,82,83,84,86,87,88,89,90,91,92,93,94,95,96,97,98,99,100,101,106,107,108,110,114,116,117,120,121,127],"cluster_removal_rates":[99.94829114547424,99.95430869048707,99.853515625,99.84633115635805,99.88512349224582,99.90925589836661,99.74293059125964,99.08592321755027,99.00249376558602,99.13793103448276,98.85496183206108,99.04306220095694,96.95121951219512,100.0,100.0,98.23008849557522,98.68421052631578,98.59154929577466,100.0,98.36065573770492,97.82608695652173,97.5609756097561,100.0,100.0,100.0,96.7741935483871,95.23809523809523,100.0,100.0,100.0,94.73684210526315,100.0,100.0,100.0,100.0,100.0,100.0,100.0,100.0,100.0,100.0,100.0,92.3076923076923,85.71428571428571,100.0,100.0,100.0,100.0,100.0,100.0,100.0,100.0,100.0,100.0,100.0,100.0,100.0,100.0,100.0,100.0,100.0,100.0,100.0,50.0,100.0,100.0,100.0,100.0,100.0,100.0,100.0,100.0,100.0,100.0,100.0,100.0,100.0,100.0,100.0,100.0,100.0,100.0,100.0,100.0,100.0,75.0,100.0,100.0,100.0,100.0,100.0,100.0,100.0,100.0,100.0,100.0,100.0,100.0,100.0,100.0,100.0,100.0,100.0,100.0,100.0,100.0],"cluster_post_filtering_doc_counts":[42,5,6,4,2,1,2,5,4,3,3,2,5,0,0,2,1,1,0,1,1,1,0,0,0,1,1,0,0,0,1,0,0,0,0,0,0,0,0,0,0,0,1,1,0,0,0,0,0,0,0,0,0,0,0,0,0,0,0,0,0,0,0,1,0,0,0,0,0,0,0,0,0,0,0,0,0,0,0,0,0,0,0,0,0,1,0,0,0,0,0,0,0,0,0,0,0,0,0,0,0,0,0,0,0,0],"tail_threshold":130,"tail_removal_rate":99.06542056074767,"tail_post_filtering_doc_counts":1,"global_removal_rate":99.90646081747576}