{"cluster_sizes":[1,2,3,4,5,6,7,8,9,10,11,12,13,14,15,16,17,18,19,20,21,22,23,24,25,26,27,28,29,30,31,32,33,34,35,36,37,38,39,40,41,42,43,44,45,46,47,48,49,50,51,52,53,54,55,56,57,58,59,60,61,62,63,64,66,67,68,69,70,71,72,73,74,75,76,77,78,79,80,81,82,84,87,89,91,96,97,98,99,101,103,106,107,110,112,113,117,121,123,124,127,128,129,134,136,139,143,144,145,146,149,150,151,153,155,162,166,169,175],"cluster_removal_rates":[99.55360975191003,99.10698013486422,98.83013570425831,99.26410466067048,98.84910485933503,97.68421052631578,98.93992932862191,98.8,97.40259740259741,99.1869918699187,98.11320754716981,96.3302752293578,98.78048780487805,98.79518072289156,97.36842105263158,97.22222222222221,97.5,98.52941176470588,93.75,96.07843137254902,95.0,96.875,94.73684210526315,96.42857142857143,95.23809523809523,92.3076923076923,95.45454545454545,100.0,100.0,100.0,100.0,100.0,96.0,93.75,94.73684210526315,100.0,100.0,91.66666666666666,100.0,100.0,100.0,100.0,100.0,100.0,100.0,100.0,100.0,100.0,85.71428571428571,100.0,100.0,100.0,100.0,100.0,100.0,100.0,100.0,100.0,100.0,100.0,80.0,100.0,100.0,100.0,100.0,100.0,100.0,100.0,100.0,100.0,66.66666666666666,66.66666666666666,100.0,83.33333333333334,80.0,50.0,100.0,66.66666666666666,100.0,100.0,100.0,100.0,100.0,100.0,100.0,100.0,100.0,100.0,100.0,100.0,100.0,100.0,100.0,100.0,100.0,100.0,100.0,100.0,100.0,100.0,100.0,100.0,100.0,100.0,100.0,100.0,0.0,100.0,100.0,100.0,100.0,100.0,100.0,100.0,100.0,100.0,100.0,100.0,100.0],"cluster_post_filtering_doc_counts":[104,49,25,9,9,11,3,3,4,1,2,4,1,1,2,2,2,1,4,2,2,1,1,1,1,1,1,0,0,0,0,0,1,1,1,0,0,1,0,0,0,0,0,0,0,0,0,0,1,0,0,0,0,0,0,0,0,0,0,0,1,0,0,0,0,0,0,0,0,0,1,1,0,1,1,1,0,1,0,0,0,0,0,0,0,0,0,0,0,0,0,0,0,0,0,0,0,0,0,0,0,0,0,0,0,0,1,0,0,0,0,0,0,0,0,0,0,0,0],"tail_threshold":181,"tail_removal_rate":100.0,"tail_post_filtering_doc_counts":0,"global_removal_rate":99.27027785573954}