{"cluster_sizes":[1,2,3,4,5,6,7,8,9,10,11,12,13,14,15,16,17,18,19,20,21,22,23,24,25,26,27,28,29,30,31,32,33,34,35,36,37,38,39,40,41,42,43,44,45,46,47,48,49,50,51,52,53,54,55,56,57,58,59,60,61,62,63,64,65,66,67,68,69,70,71,72,73,74,75,76,77,78,79,80,81,82,83,84,85,86,87,88,89,90,91,92,93,94,95,96,97,98,99,100,101,102,103,104,105,106,107,108,109,110,111,112,113,114,115,116,117,118,119,120,121,122,123,124,125,126,127,128,129,130,131,132,133,134,135,136,137,138,139,140,141,142,143,144,145,146,147,148,149,150,151,152,153,154,155],"cluster_removal_rates":[76.37373029943573,64.30926278263371,60.81769617039344,60.2779488917358,59.52732392170618,60.272652070074315,58.652209189440164,58.31249068292117,60.311047702456456,61.9152268571288,58.05902622732596,55.18841074681239,55.83300592249822,55.220358672765556,56.77783571768653,58.19629415170816,57.75819700905708,59.05102883896605,59.20640765973118,59.79762699676409,59.8932384341637,59.480973336784885,58.490566037735846,59.409367069137886,58.56903691955239,59.04818442663501,59.72282845918813,60.893520182057735,60.51023119851182,62.36002239641657,64.24370381541246,62.64483238065812,64.64215364412344,64.34302908726178,66.98289005590378,66.1728825374695,65.93895290074792,64.95598024479278,66.34064885496184,67.45406824146981,67.14673913043478,66.32034632034632,66.9609079445145,65.11024643320363,67.07444949318419,66.47553516819572,66.55601659751036,70.33186725309875,70.40679481448369,70.10628875110717,68.84398496240601,70.19667170953102,68.58021527421835,68.12728221178925,69.7841726618705,67.73127753303964,69.06305244549205,69.24896510940272,70.64276885043263,69.3300553165335,68.88135593220339,68.0624556422995,69.04761904761905,67.73962804005723,69.33744221879815,68.23529411764706,64.0373197625106,66.78321678321679,66.72897196261682,67.99637352674523,66.90140845070422,67.578125,66.46216768916156,67.79475982532752,66.3471778487753,64.14435389988358,63.29113924050633,66.84420772303595,67.23237597911226,66.36125654450262,67.21763085399449,63.87596899224807,68.06853582554517,63.51575456053068,65.51126516464471,69.83240223463687,67.46506986027944,69.75425330812854,67.03296703296702,66.51982378854625,66.59751037344398,72.59414225941423,69.13265306122449,68.18181818181817,68.45965770171149,70.66326530612244,72.8021978021978,70.3225806451613,71.01449275362319,72.49357326478149,66.43109540636041,64.3097643097643,70.91503267973856,68.8212927756654,69.43521594684385,70.35573122529645,75.0,69.04761904761905,69.81981981981981,70.46413502109705,67.84140969162996,75.5980861244019,72.46376811594203,67.64705882352942,70.53140096618358,65.86826347305389,68.57142857142857,71.07843137254902,80.33707865168539,72.4867724867725,67.11409395973155,73.125,80.12820512820514,73.10344827586206,73.17073170731707,75.67567567567568,75.33333333333333,73.04964539007092,78.06451612903226,81.48148148148148,73.28767123287672,71.03448275862068,75.52447552447552,75.0,70.64220183486239,76.29629629629629,72.58064516129032,76.19047619047619,71.05263157894737,75.43859649122807,75.75757575757575,73.14814814814815,71.42857142857143,76.19047619047619,73.64341085271317,74.25742574257426,77.89473684210526,75.55555555555556,83.16831683168317,74.71264367816092,77.41935483870968,81.48148148148148,78.43137254901961,76.40449438202246,73.84615384615385],"cluster_post_filtering_doc_counts":[1546397,677377,361742,250838,166163,119101,88163,75504,56194,46444,49781,47235,30352,24670,19064,14439,12033,10408,8862,7827,6762,6261,5874,5278,4702,4139,3691,3265,2972,2689,2371,2418,2154,2133,1949,1941,1685,1632,1411,1240,1209,1167,1048,1076,942,877,806,742,662,675,663,591,613,611,546,586,525,520,475,499,459,450,429,451,398,405,424,380,356,353,329,332,328,295,316,308,290,249,251,257,238,233,205,220,199,162,163,160,150,152,161,131,121,126,129,115,99,92,100,107,95,106,89,82,92,75,58,78,67,70,73,51,57,66,61,57,55,59,35,52,49,43,31,39,44,36,37,38,34,25,39,42,35,40,32,32,34,30,33,28,32,29,38,25,34,26,21,22,17,22,21,15,22,21,17],"tail_threshold":156,"tail_removal_rate":82.98307302314171,"tail_post_filtering_doc_counts":2081,"global_removal_rate":69.50284237113806}