{"cluster_sizes":[1,2,3,4,5,6,7,8,9,10,11,12,13,14,15,16,17,18,19,20,21,22,23,24,25,26,27,28,29,30,31,32,33,34,35,36,37,38,39,40,41,42,43,44,45,46,47,48,49,50,51,52,53,54,55,56,57,58,59,60,61,62,63,64,65,66,67,68,69,70,71,72,73,74,75,76,77,78,79,80,81,82,83,84,85,86,87,88,89,90,91,92,93,94,95,96,97,98,99,100,101,102,103,104,105,106,107,108,109,110,111],"cluster_removal_rates":[66.92076292804062,53.02480637540854,51.68174983645204,48.4997851254737,51.34214983490445,46.78607133302356,46.24755870247024,44.83756740475176,43.075191797583216,44.91820952003784,44.91730379154315,47.13560315083654,48.71289205916291,49.508656995788485,50.67381538907405,51.81161935170403,51.27855887521968,49.847908745247146,48.04871660555264,48.869052121945685,47.0876709971608,48.72275372324687,48.260162601626014,50.29989415500412,49.08738938053097,51.195344447939604,53.5490989334314,55.00300782033286,54.88003726997438,56.47940074906367,55.28942115768463,56.33672525439408,59.95001562011871,61.45197558625121,65.91690096844735,67.68111147866358,71.86463171864632,74.09679618268575,74.79417352754908,77.13475177304964,79.50794145126129,79.4314915362504,77.66417616987809,74.2296918767507,72.88329519450801,68.7721788502484,66.37309847878302,66.94987255734918,64.38818565400844,66.60287081339713,68.28571428571428,64.61843409316155,68.40490797546013,68.6858316221766,68.02139037433155,66.99889258028793,66.89814814814815,66.94711538461539,65.22842639593908,62.92974588938714,63.27433628318584,68.96024464831805,65.95419847328245,67.16917922948073,66.3176265270506,61.50870406189555,62.048192771084345,62.643678160919535,66.07843137254902,65.28066528066529,60.739030023094685,59.72762645914397,57.88336933045356,58.95691609977324,59.52890792291221,59.54022988505747,62.96296296296296,64.64891041162227,65.91478696741855,60.55979643765903,61.74142480211082,61.12759643916914,62.16216216216216,59.87841945288754,61.12852664576802,62.758620689655174,65.84507042253522,61.92468619246861,63.22869955156951,59.67078189300411,64.0,60.1010101010101,61.66666666666667,60.0,70.37037037037037,68.85245901639344,63.04347826086957,67.74193548387096,62.091503267973856,69.87179487179486,64.07185628742515,66.23376623376623,75.0,56.34920634920635,69.91150442477876,68.80733944954129,61.940298507462686,70.09345794392523,70.79646017699115,68.47826086956522,59.813084112149525],"cluster_post_filtering_doc_counts":[1345407,632544,324243,237279,170646,113376,84494,75086,63737,50071,42363,32482,24446,20501,17020,13885,11089,9233,7934,6759,6150,5199,4773,4226,3682,3103,2526,2244,1937,1743,1568,1416,1282,1200,1091,977,848,760,796,806,658,644,568,552,474,440,420,389,422,349,333,357,309,305,299,298,286,275,274,248,249,203,223,196,193,199,189,195,173,167,170,207,195,181,189,176,140,146,136,155,145,131,126,132,124,108,97,91,82,98,81,79,69,72,64,57,68,50,58,47,60,52,33,55,34,34,51,32,33,29,43],"tail_threshold":112,"tail_removal_rate":80.16821062896148,"tail_post_filtering_doc_counts":1627,"global_removal_rate":58.818582213938676}