{"cluster_sizes":[1,2,3,4,5,6,7,9,10,11,13,14,15,16,19,20,23,25,31,35,39,52,56,82,88,101,103],"cluster_removal_rates":[96.3302752293578,34.64052287581699,64.91228070175438,44.0,92.3076923076923,100.0,100.0,100.0,100.0,100.0,100.0,100.0,100.0,100.0,100.0,100.0,100.0,100.0,50.0,100.0,100.0,100.0,100.0,100.0,100.0,100.0,100.0],"cluster_post_filtering_doc_counts":[4,100,20,14,2,0,0,0,0,0,0,0,0,0,0,0,0,0,1,0,0,0,0,0,0,0,0],"tail_threshold":422,"tail_removal_rate":100.0,"tail_post_filtering_doc_counts":0,"global_removal_rate":66.58767772511848}