{"cluster_sizes":[1,2,3,4,5,6,7,8,9,10,11,12,13,14,15,16,17,18,19,20,21,22,23,24,25,26,27,28,29,30,31,32,33,34,35,36,37,38,39,40,41,42,43,44,45,46,47,48,49,50,51,52,53,54,55,56,57,58,59,60,61,62,63,64,65,66,67,68,69,70,71,72,73,74,75,76,77,78,79,80,81,82,83,84,85,86,87,88,89,90,91,92,93,94,95,96,97,98,99,100,101,102,103,104,105,106,107,108,109,110,111,112,113,115,116,117,118,119,120,121,122,123,125,126,129,130,132,133,134,136,137,138,139,141,143,144,145,148,154,155,157,158,159,167,168,169,170,171,172],"cluster_removal_rates":[84.84337505674817,77.06315381635025,69.46054391440035,56.002115282919085,58.94230769230769,62.229617304492514,64.80331262939958,46.715328467153284,61.904761904761905,72.77777777777777,75.55555555555556,81.66666666666667,73.91304347826086,75.70093457943925,75.0,62.76595744680851,64.04494382022472,63.888888888888886,66.66666666666666,75.71428571428571,66.66666666666666,70.9090909090909,57.77777777777777,71.05263157894737,66.66666666666666,76.0,86.66666666666667,80.64516129032258,84.375,69.6969696969697,80.95238095238095,78.57142857142857,77.77777777777779,95.45454545454545,76.19047619047619,93.75,100.0,70.58823529411765,82.35294117647058,72.0,70.0,76.19047619047619,70.58823529411765,70.83333333333334,64.70588235294117,81.81818181818183,77.27272727272727,81.25,78.94736842105263,84.61538461538461,76.47058823529412,76.92307692307693,57.14285714285714,63.1578947368421,70.58823529411765,71.42857142857143,45.45454545454545,61.111111111111114,73.68421052631578,73.68421052631578,47.61904761904761,63.1578947368421,78.57142857142857,66.66666666666666,58.333333333333336,70.0,90.0,66.66666666666666,100.0,76.47058823529412,70.58823529411765,72.72727272727273,66.66666666666666,66.66666666666666,70.0,20.0,70.0,33.33333333333333,33.33333333333333,61.53846153846154,58.333333333333336,62.5,50.0,50.0,75.0,57.14285714285714,70.0,58.333333333333336,75.0,60.0,37.5,71.42857142857143,50.0,60.0,80.0,100.0,66.66666666666666,80.0,83.33333333333334,33.33333333333333,100.0,14.285714285714285,57.14285714285714,0.0,40.0,80.0,50.0,80.0,0.0,42.857142857142854,0.0,0.0,100.0,25.0,100.0,100.0,100.0,100.0,50.0,100.0,0.0,66.66666666666666,100.0,66.66666666666666,0.0,0.0,0.0,0.0,100.0,0.0,100.0,100.0,0.0,100.0,100.0,100.0,100.0,100.0,100.0,100.0,100.0,100.0,100.0,100.0,100.0,100.0,100.0,100.0,100.0],"cluster_post_filtering_doc_counts":[2337,1184,685,832,427,227,170,219,104,49,44,22,24,26,25,35,32,26,23,17,17,16,19,11,9,6,4,6,5,10,4,6,6,1,5,1,0,5,3,7,9,5,5,7,6,4,5,3,4,2,4,3,9,7,5,4,6,7,5,5,11,7,3,7,5,3,1,4,0,4,5,3,3,3,3,8,3,6,4,5,5,3,2,5,2,3,3,5,2,4,5,2,3,2,1,0,2,1,1,4,0,6,3,3,3,1,1,1,1,4,2,1,0,3,0,0,0,0,1,0,1,1,0,1,1,1,1,1,0,1,0,0,1,0,0,0,0,0,0,0,0,0,0,0,0,0,0,0,0],"tail_threshold":173,"tail_removal_rate":96.7741935483871,"tail_post_filtering_doc_counts":1,"global_removal_rate":77.00772264757548}