{"cluster_sizes":[1,2,3,4,5,6,7,8,9,10,11,12,13,14,15,16,17,18,19,20,21,24,28,29,31,35,36,38,43,47,49,50,52],"cluster_removal_rates":[86.4,63.51351351351351,77.55102040816327,86.95652173913044,87.5,87.5,100.0,100.0,100.0,100.0,100.0,100.0,100.0,100.0,50.0,100.0,100.0,100.0,100.0,100.0,100.0,100.0,100.0,100.0,100.0,100.0,100.0,100.0,100.0,100.0,100.0,100.0,100.0],"cluster_post_filtering_doc_counts":[51,54,11,3,1,1,0,0,0,0,0,0,0,0,1,0,0,0,0,0,0,0,0,0,0,0,0,0,0,0,0,0,0],"tail_threshold":54,"tail_removal_rate":100.0,"tail_post_filtering_doc_counts":0,"global_removal_rate":81.54311649016641}