{"cluster_sizes":[1,2,3,4,5,6,7,8,9,10,11,13,15,20,39],"cluster_removal_rates":[98.1981981981982,87.5,26.595744680851062,14.942528735632186,9.375,8.695652173913043,55.55555555555556,50.0,71.42857142857143,75.0,100.0,100.0,100.0,100.0,100.0],"cluster_post_filtering_doc_counts":[2,4,69,74,58,21,4,3,2,1,0,0,0,0,0],"tail_threshold":59,"tail_removal_rate":100.0,"tail_post_filtering_doc_counts":0,"global_removal_rate":46.27539503386004}