{"cluster_sizes":[1,2,3,4,5,6,7,8,9,10,11,12,13,14,15,16,17,18,19,20,21,22,23,24,25,26,27,28,29,30,31,32,33,34,35,36,37,38,39,40,41,42,43,44,45,46,47,48,49,50,51,52,53,54,55,56,57,58,59,60,61,62,63,64,65,66,67,68,69,70,71,72,73,74,75,76,77,78,79,80,81,83,84,85,86,88,89,91,92,93,94,95,100,102,104,105,106,107,108,109,111],"cluster_removal_rates":[99.85788425179865,97.41610209547818,97.82940996637114,98.56535600425079,97.34219269102991,97.47416762342137,94.32624113475178,97.38562091503267,97.40259740259741,99.4413407821229,98.4313725490196,96.0,96.29629629629629,98.1981981981982,98.09523809523809,89.0909090909091,88.09523809523809,90.625,86.13861386138613,81.30841121495327,77.51937984496125,77.3972602739726,63.90977443609023,65.94202898550725,62.5,54.400000000000006,61.15107913669065,61.71875,60.86956521739131,55.96330275229357,60.19417475728155,62.92134831460674,59.79381443298969,63.1578947368421,61.53846153846154,73.58490566037736,54.761904761904766,56.81818181818182,68.96551724137932,73.91304347826086,70.0,69.56521739130434,73.68421052631578,91.66666666666666,55.55555555555556,91.66666666666666,87.5,90.0,71.42857142857143,83.33333333333334,85.71428571428571,100.0,100.0,80.0,100.0,77.77777777777779,87.5,100.0,100.0,86.66666666666667,80.0,100.0,87.5,66.66666666666666,100.0,100.0,80.0,100.0,100.0,100.0,100.0,100.0,100.0,100.0,90.0,100.0,100.0,100.0,100.0,100.0,100.0,100.0,100.0,100.0,100.0,100.0,100.0,100.0,100.0,100.0,100.0,100.0,100.0,100.0,100.0,100.0,100.0,100.0,100.0,100.0,100.0],"cluster_post_filtering_doc_counts":[112,164,71,27,32,22,32,12,10,2,4,9,6,2,2,12,15,9,14,20,29,33,48,47,42,57,54,49,54,48,41,33,39,21,25,14,19,19,9,6,6,7,5,1,4,1,1,1,2,1,2,0,0,2,0,2,1,0,0,2,1,0,1,1,0,0,1,0,0,0,0,0,0,0,1,0,0,0,0,0,0,0,0,0,0,0,0,0,0,0,0,0,0,0,0,0,0,0,0,0,0],"tail_threshold":112,"tail_removal_rate":98.9795918367347,"tail_post_filtering_doc_counts":1,"global_removal_rate":98.66377901274926}