{"cluster_sizes":[1,2,3,4,5,6,7,8,9,10,11,12,13,14,15,16,17,18,19,20,21,22,23,24,25,26,27,28,29,30,31,32,33,34,35,36,37,38,39,40,41,42,43,44,45,47,48,49,52,54,55,56,57,59,60,62,63,65,67,68,69,70,71,72,74,75,76,79,81,82,84,87,92,96,102,105,111,112,119,120,122,125,137,154,155,158,159,160,161,163,164,178,179,184,189,194,197,214,254,410,436,495,516],"cluster_removal_rates":[98.99117276166457,99.7005988023952,99.3421052631579,94.6341463414634,96.52777777777779,98.27586206896551,98.80952380952381,96.875,98.11320754716981,100.0,100.0,93.75,100.0,92.85714285714286,93.33333333333333,100.0,83.33333333333334,55.00000000000001,75.0,58.97435897435898,50.0,52.85714285714286,50.0,56.25,64.28571428571429,70.83333333333334,74.60317460317461,88.88888888888889,78.94736842105263,55.55555555555556,83.33333333333334,63.63636363636363,66.66666666666666,100.0,100.0,84.61538461538461,57.89473684210527,87.5,87.5,50.0,75.0,100.0,100.0,100.0,100.0,100.0,100.0,100.0,100.0,100.0,100.0,100.0,100.0,100.0,100.0,100.0,100.0,100.0,100.0,100.0,100.0,100.0,100.0,100.0,100.0,100.0,100.0,100.0,100.0,100.0,100.0,100.0,100.0,100.0,100.0,100.0,100.0,100.0,100.0,100.0,100.0,100.0,100.0,100.0,100.0,100.0,100.0,100.0,100.0,100.0,100.0,100.0,100.0,100.0,100.0,100.0,100.0,100.0,100.0,100.0,100.0,100.0,100.0],"cluster_post_filtering_doc_counts":[88,2,2,11,5,2,1,2,1,0,0,1,0,1,1,0,3,9,9,16,26,33,40,35,30,14,16,2,4,4,1,4,4,0,0,2,8,1,1,1,1,0,0,0,0,0,0,0,0,0,0,0,0,0,0,0,0,0,0,0,0,0,0,0,0,0,0,0,0,0,0,0,0,0,0,0,0,0,0,0,0,0,0,0,0,0,0,0,0,0,0,0,0,0,0,0,0,0,0,0,0,0,0],"tail_threshold":533,"tail_removal_rate":100.0,"tail_post_filtering_doc_counts":0,"global_removal_rate":96.63783974585245}