{"cluster_sizes":[1,2,3,4,5,6,7,8,9,10,11,12,13,14,15,16,17,22,25,26,27,33,34,35,37,38,39,40,42,49,58,68,78,98],"cluster_removal_rates":[99.02534113060429,98.1651376146789,100.0,100.0,96.96969696969697,100.0,100.0,100.0,100.0,100.0,100.0,100.0,100.0,100.0,100.0,100.0,100.0,100.0,100.0,100.0,100.0,100.0,100.0,100.0,100.0,100.0,100.0,100.0,100.0,100.0,100.0,100.0,100.0,100.0],"cluster_post_filtering_doc_counts":[5,2,0,0,1,0,0,0,0,0,0,0,0,0,0,0,0,0,0,0,0,0,0,0,0,0,0,0,0,0,0,0,0,0],"tail_threshold":149,"tail_removal_rate":100.0,"tail_post_filtering_doc_counts":0,"global_removal_rate":99.03498190591074}