{"cluster_sizes":[1,2,3,4,5,6,7,8,9,10,11,12,13,14,15,16,17,18,19,20,21,22,23,25,27,30,31,36,37,40,41,43,44,47,50,51,52,53,54,64,69,75,76,83,96,110,113,129,139],"cluster_removal_rates":[93.65517241379311,94.35114503816794,90.3954802259887,84.61538461538461,91.13924050632912,96.07843137254902,97.43589743589743,96.42857142857143,100.0,100.0,100.0,100.0,100.0,100.0,100.0,100.0,100.0,100.0,100.0,100.0,100.0,100.0,100.0,100.0,100.0,100.0,100.0,100.0,100.0,100.0,100.0,100.0,100.0,100.0,100.0,100.0,100.0,100.0,100.0,100.0,100.0,100.0,100.0,100.0,100.0,100.0,100.0,100.0,100.0],"cluster_post_filtering_doc_counts":[138,37,17,16,7,2,1,1,0,0,0,0,0,0,0,0,0,0,0,0,0,0,0,0,0,0,0,0,0,0,0,0,0,0,0,0,0,0,0,0,0,0,0,0,0,0,0,0,0],"tail_threshold":164,"tail_removal_rate":100.0,"tail_post_filtering_doc_counts":0,"global_removal_rate":93.71051120045951}