{"cluster_sizes":[1,2,3,4,5,6,7,8,9,10,11,12,16,18,34,35],"cluster_removal_rates":[91.78082191780823,89.937106918239,89.33333333333333,84.40366972477065,82.6086956521739,81.25,77.19298245614034,93.33333333333333,80.0,87.5,80.0,100.0,100.0,100.0,100.0,100.0],"cluster_post_filtering_doc_counts":[66,32,16,17,16,12,13,2,2,1,1,0,0,0,0,0],"tail_threshold":43,"tail_removal_rate":100.0,"tail_post_filtering_doc_counts":0,"global_removal_rate":89.25120772946859}