{"cluster_sizes":[1,2,3,4,5,6,7,8,9,10,12,13,14,15,16,18,24],"cluster_removal_rates":[87.5,77.77777777777779,100.0,100.0,66.66666666666666,100.0,100.0,100.0,100.0,50.0,100.0,66.66666666666666,25.0,100.0,100.0,0.0,50.0],"cluster_post_filtering_doc_counts":[2,2,0,0,1,0,0,0,0,1,0,1,3,0,0,1,1],"tail_threshold":70,"tail_removal_rate":100.0,"tail_post_filtering_doc_counts":0,"global_removal_rate":80.32786885245902}