{"cluster_sizes":[1,2,3,4,5,6,7,8,9,10,11,12,13,14,15,16,17,18,19,20,21,23,24,28,29,30,31,35,36],"cluster_removal_rates":[96.81750372948783,88.17204301075269,66.05504587155964,76.66666666666667,60.0,83.33333333333334,88.88888888888889,100.0,100.0,100.0,90.0,87.5,92.85714285714286,83.33333333333334,100.0,100.0,66.66666666666666,100.0,50.0,66.66666666666666,100.0,100.0,100.0,100.0,100.0,100.0,100.0,100.0,100.0],"cluster_post_filtering_doc_counts":[192,22,37,7,10,3,2,0,0,0,1,1,1,1,0,0,2,0,2,1,0,0,0,0,0,0,0,0,0],"tail_threshold":40,"tail_removal_rate":100.0,"tail_post_filtering_doc_counts":0,"global_removal_rate":95.69005043558}