{"cluster_sizes":[1,2,3,4,5,6,7,8,9,10,12,16,18,19,22,23,24,31,32,37,41,50,62,198],"cluster_removal_rates":[97.97297297297297,98.14814814814815,100.0,100.0,100.0,100.0,66.66666666666666,100.0,100.0,100.0,100.0,100.0,100.0,100.0,100.0,100.0,100.0,50.0,100.0,100.0,100.0,100.0,100.0,100.0],"cluster_post_filtering_doc_counts":[3,1,0,0,0,0,1,0,0,0,0,0,0,0,0,0,0,1,0,0,0,0,0,0],"tail_threshold":278,"tail_removal_rate":100.0,"tail_post_filtering_doc_counts":0,"global_removal_rate":98.05194805194806}