{"cluster_sizes":[1,2,3,4,5,6,7,8,9,10,11,12,13,14,15,16,17,18,19,20,21,22,23,24,25,26,27,28,29,30,31,32,33,34,35,36,37,38,39,40,41,42,43,44,45,46,47,48,49,50,51,52,53,54,55,56,57,58,59,60,61,62,63,64,65,66,67,68,69,70,71,72,73,74,75,76,77,78,79,80,81,82,83,84,85,86,87,88,89,90,91,92,93,94,95,97,98,99,100,101,102,103,104,105,106,107,108,109,110,111,112,113,114,115,116,117,118,119,120,122,123,124,125],"cluster_removal_rates":[98.97130981931535,94.79371316306484,94.3091859596714,94.4592790387183,95.93513993780543,97.17927854624357,97.68198454656364,92.04194941394202,97.91099000908265,97.85637727759914,97.81718963165075,97.2181551976574,96.89213893967093,96.93654266958424,97.87798408488064,97.51381215469614,97.134670487106,97.68637532133675,96.41693811074919,98.10725552050474,99.71671388101983,99.47643979057592,100.0,98.94736842105263,94.73684210526315,98.0,96.80851063829788,98.82352941176471,98.79518072289156,100.0,98.76543209876543,100.0,100.0,100.0,97.24770642201835,98.9010989010989,98.09523809523809,95.65217391304348,98.68421052631578,100.0,100.0,100.0,100.0,100.0,100.0,100.0,100.0,100.0,95.83333333333334,100.0,100.0,100.0,100.0,100.0,100.0,80.0,100.0,100.0,100.0,100.0,100.0,100.0,100.0,100.0,100.0,100.0,100.0,100.0,100.0,100.0,100.0,100.0,100.0,100.0,100.0,100.0,100.0,100.0,100.0,100.0,100.0,100.0,100.0,100.0,100.0,100.0,100.0,100.0,83.33333333333334,100.0,100.0,100.0,100.0,100.0,100.0,100.0,100.0,100.0,100.0,100.0,100.0,100.0,100.0,100.0,100.0,100.0,100.0,100.0,0.0,100.0,100.0,100.0,100.0,100.0,100.0,100.0,100.0,100.0,100.0,100.0,100.0,100.0,100.0],"cluster_post_filtering_doc_counts":[891,689,381,249,183,104,57,129,23,20,16,19,17,14,8,9,10,9,11,6,1,2,0,2,6,2,3,1,1,0,1,0,0,0,3,1,2,3,1,0,0,0,0,0,0,0,0,0,1,0,0,0,0,0,0,2,0,0,0,0,0,0,0,0,0,0,0,0,0,0,0,0,0,0,0,0,0,0,0,0,0,0,0,0,0,0,0,0,1,0,0,0,0,0,0,0,0,0,0,0,0,0,0,0,0,0,0,0,1,0,0,0,0,0,0,0,0,0,0,0,0,0,0],"tail_threshold":126,"tail_removal_rate":99.25373134328358,"tail_post_filtering_doc_counts":1,"global_removal_rate":97.841451623783}