{"cluster_sizes":[1,2,3,4,5,6,7,8,9,10,11,12,13,14,15,16,17,18,19,20,21,22,23,24,25,26,27,28,29,30,32,33,34,36,37,38,39,40,41,42,43,49,50,51,53,54,63,66,78,79,98,110,149],"cluster_removal_rates":[91.0206025961653,58.05626598465473,66.66666666666666,58.16326530612245,46.3768115942029,55.319148936170215,67.56756756756756,61.904761904761905,60.86956521739131,45.0,33.33333333333333,80.0,50.0,17.77777777777778,1.6260162601626018,6.8493150684931505,28.57142857142857,27.27272727272727,25.0,63.63636363636363,50.0,85.71428571428571,63.63636363636363,75.0,80.0,88.88888888888889,100.0,100.0,80.0,100.0,75.0,50.0,100.0,100.0,50.0,50.0,100.0,100.0,100.0,100.0,100.0,100.0,100.0,100.0,100.0,100.0,100.0,0.0,100.0,100.0,100.0,100.0,0.0],"cluster_post_filtering_doc_counts":[754,164,45,41,37,21,12,8,9,11,6,2,4,37,121,68,10,8,9,4,3,1,4,2,2,1,0,0,1,0,1,1,0,0,1,1,0,0,0,0,0,0,0,0,0,0,0,1,0,0,0,0,1],"tail_threshold":247,"tail_removal_rate":100.0,"tail_post_filtering_doc_counts":0,"global_removal_rate":85.61679247233998}