{"cluster_sizes":[1,2,3,4,5,6,7,8,9,10,13,21,23,24,25],"cluster_removal_rates":[95.01604278074866,52.38095238095239,60.86956521739131,55.00000000000001,100.0,100.0,93.75,94.11764705882352,100.0,100.0,100.0,100.0,100.0,100.0,100.0],"cluster_post_filtering_doc_counts":[233,60,9,9,0,0,1,1,0,0,0,0,0,0,0],"tail_threshold":26,"tail_removal_rate":66.66666666666666,"tail_post_filtering_doc_counts":2,"global_removal_rate":93.61702127659575}