{"cluster_sizes":[1,2,4,5,9,14,15,16,17,18,19,20,21,22,23,24,25,26,27,28,29,30,31,32,33,34,35,36,37,38,39,43,52],"cluster_removal_rates":[76.92307692307693,41.66666666666667,100.0,100.0,0.0,0.0,0.0,0.0,0.0,0.0,11.11111111111111,4.166666666666666,3.0303030303030303,0.0,6.0606060606060606,2.941176470588235,0.0,9.090909090909092,20.0,0.0,0.0,0.0,0.0,0.0,0.0,0.0,0.0,0.0,0.0,0.0,0.0,0.0,0.0],"cluster_post_filtering_doc_counts":[6,7,0,0,1,1,1,3,4,9,16,23,32,35,31,33,17,10,4,3,3,1,4,3,2,1,1,1,2,1,2,1,1],"tail_threshold":55,"tail_removal_rate":100.0,"tail_post_filtering_doc_counts":0,"global_removal_rate":13.087248322147651}