{"cluster_sizes":[1,2,3,4,5,6,7,8,10,11,12,13,14,19,22],"cluster_removal_rates":[86.36363636363636,100.0,100.0,100.0,100.0,100.0,100.0,100.0,100.0,100.0,100.0,100.0,100.0,100.0,100.0],"cluster_post_filtering_doc_counts":[3,0,0,0,0,0,0,0,0,0,0,0,0,0,0],"tail_threshold":25,"tail_removal_rate":0.0,"tail_post_filtering_doc_counts":1,"global_removal_rate":91.66666666666666}