{"cluster_sizes":[1,2,3,4,5,6,7,8,9,10,11,12,13,14,15,16,17,18,20,21,22,23,24,28,29,31,32,35,36,37,39,41,43,44,48,53,56,59,60,65,66,108,114,142],"cluster_removal_rates":[98.65853658536585,97.12460063897763,95.39473684210526,49.53703703703704,56.25,58.536585365853654,84.31372549019608,91.17647058823529,80.95238095238095,100.0,100.0,100.0,100.0,100.0,100.0,100.0,100.0,100.0,100.0,100.0,100.0,100.0,100.0,100.0,100.0,100.0,100.0,100.0,100.0,100.0,100.0,50.0,100.0,100.0,100.0,100.0,100.0,100.0,100.0,100.0,100.0,100.0,100.0,100.0],"cluster_post_filtering_doc_counts":[33,9,7,109,70,34,8,3,4,0,0,0,0,0,0,0,0,0,0,0,0,0,0,0,0,0,0,0,0,0,0,1,0,0,0,0,0,0,0,0,0,0,0,0],"tail_threshold":147,"tail_removal_rate":100.0,"tail_post_filtering_doc_counts":0,"global_removal_rate":92.33737596471885}