{"cluster_sizes":[1,2,3,4,6,14,15,16,17,18,19,20,21,22,23,24,25,26,27,28,29,30,31,32,33,34,35,36],"cluster_removal_rates":[73.57664233576642,74.68354430379746,66.66666666666666,100.0,0.0,100.0,100.0,66.66666666666666,66.66666666666666,75.0,63.63636363636363,66.0,60.273972602739725,53.93258426966292,62.121212121212125,73.07692307692307,73.14814814814815,77.57009345794393,79.16666666666666,85.41666666666666,80.0,92.85714285714286,71.42857142857143,50.0,20.0,0.0,0.0,0.0],"cluster_post_filtering_doc_counts":[181,20,1,0,2,0,0,1,1,4,12,17,29,41,50,28,29,24,10,7,3,1,2,2,4,1,5,3],"tail_threshold":38,"tail_removal_rate":0.0,"tail_post_filtering_doc_counts":4,"global_removal_rate":70.68126520681265}