{"cluster_sizes":[1,2,3,4,5,6,7,8,9,10,11,12,13,14,15,16,21,23,24,25,34,35,36,37,38,40],"cluster_removal_rates":[89.74358974358975,100.0,80.41237113402062,77.68595041322314,75.86206896551724,77.77777777777779,75.0,100.0,50.0,33.33333333333333,75.0,63.63636363636363,60.0,28.57142857142857,60.0,0.0,100.0,100.0,100.0,100.0,100.0,100.0,100.0,100.0,100.0,100.0],"cluster_post_filtering_doc_counts":[12,0,19,54,14,2,1,0,3,2,1,4,2,5,2,1,0,0,0,0,0,0,0,0,0,0],"tail_threshold":41,"tail_removal_rate":100.0,"tail_post_filtering_doc_counts":0,"global_removal_rate":80.0978792822186}