{"cluster_sizes":[1,2,3,4,5,6,7,8,9,10,11,12,13,14,15,16,18,21,22,25,27,29,30,31,37,38,40,43,45,53,61,63,68,71,87,98],"cluster_removal_rates":[89.8176291793313,87.17948717948718,92.15686274509804,96.42857142857143,95.65217391304348,88.88888888888889,69.23076923076923,91.66666666666666,100.0,100.0,100.0,100.0,100.0,100.0,100.0,100.0,100.0,100.0,66.66666666666666,100.0,100.0,100.0,100.0,100.0,100.0,100.0,100.0,100.0,100.0,100.0,100.0,100.0,100.0,100.0,100.0,100.0],"cluster_post_filtering_doc_counts":[67,10,4,1,1,2,4,1,0,0,0,0,0,0,0,0,0,0,1,0,0,0,0,0,0,0,0,0,0,0,0,0,0,0,0,0],"tail_threshold":202,"tail_removal_rate":100.0,"tail_post_filtering_doc_counts":0,"global_removal_rate":90.16216216216216}