{"cluster_sizes":[1,2,3,4,5,6,7,8,9,10,12,13,14,17,18,19,22,24,25,26,27,33,38,39,40,41,45,55],"cluster_removal_rates":[45.370370370370374,75.55555555555556,84.21052631578947,80.0,91.66666666666666,100.0,100.0,100.0,100.0,100.0,100.0,100.0,100.0,100.0,100.0,100.0,100.0,0.0,100.0,100.0,100.0,100.0,100.0,100.0,100.0,100.0,100.0,100.0],"cluster_post_filtering_doc_counts":[354,11,3,3,1,0,0,0,0,0,0,0,0,0,0,0,0,1,0,0,0,0,0,0,0,0,0,0],"tail_threshold":424,"tail_removal_rate":100.0,"tail_post_filtering_doc_counts":0,"global_removal_rate":53.49127182044888}