{"cluster_sizes":[1,2,3,4,5,6,7,8,9,10,11,12,13,14,15,16,17,18,19,20,21,22,23,24,25,26,27,28,29,30,31,32,33,34,35,36,37,38,40,41,42,43,44,45,46,50,51,52,53,54,55,56,57,59],"cluster_removal_rates":[32.69604295997258,21.64924506387921,27.313311688311686,30.601503759398497,25.035260930888576,27.19465648854962,28.311258278145697,35.08771929824561,51.12359550561798,49.62406015037594,53.06122448979592,53.2608695652174,50.0,57.57575757575758,57.14285714285714,38.46153846153847,45.16129032258064,40.0,26.666666666666668,52.94117647058824,41.66666666666667,62.5,66.66666666666666,50.0,60.0,50.0,60.0,83.33333333333334,100.0,100.0,50.0,33.33333333333333,100.0,100.0,100.0,71.42857142857143,33.33333333333333,100.0,75.0,50.0,100.0,100.0,100.0,100.0,66.66666666666666,100.0,100.0,0.0,100.0,100.0,100.0,100.0,100.0,100.0],"cluster_post_filtering_doc_counts":[17672,6746,1791,923,1063,763,433,185,87,67,46,43,16,14,21,24,17,15,11,8,7,3,3,2,2,4,2,1,0,0,1,2,0,0,0,2,2,0,1,1,0,0,0,0,1,0,0,1,0,0,0,0,0,0],"tail_threshold":60,"tail_removal_rate":71.73913043478261,"tail_post_filtering_doc_counts":13,"global_removal_rate":30.13022107298437}