{"cluster_sizes":[1,2,3,4,5,6,7,8,9,10,11,12,13,14,15,16,17,18,19,20,21,22,23,24,25,26,27,28,29,30,31,32,33,34,35,36,37,38,39,40,41,42,43,44,45,46,47,48,49,50,51,52,53,54,55,56,57,58,59,60,61,62,63,64,65,66,67,68,69,70,71,72,73,74,75,76,77,78,79,80,81,82,83,84,85,86,87,88,89,90,91,92,93,94,95,96,97,98,99,100,101,102,103,104,105,106,107,108,109,110,111,112,113,114,115,116,117,118,119,120,121,122,123,124,125],"cluster_removal_rates":[78.85988894007579,64.90912938081023,57.003483587147564,51.402762338150495,49.61668545659526,49.391990832113066,47.0941782338576,46.489154512882266,44.992839710361245,45.98674869853289,46.16449655334944,46.9606877102375,46.263024741649154,46.99077692668438,46.922555603474834,46.38747945401272,46.867612293144205,48.57307029304731,48.99433270363374,47.94538029606942,47.13132795304475,49.452703806567555,48.79448909299656,49.73014649190439,48.165548098434,48.09311540366518,48.17435607132749,50.930729325602684,48.35054981672776,49.61267605633803,51.37996219281663,49.94133750488854,49.91769547325103,51.35019288469781,50.86895255988727,50.98716683119447,51.6743648960739,52.334748332322626,52.945113788487284,53.72124492557511,49.5964783565664,50.94768764215315,52.03996669442132,52.34375,57.171314741035864,56.79723502304147,56.17283950617284,57.28770595690747,54.557463672391016,56.75675675675676,60.202604920405214,60.432766615146825,58.132045088566834,62.35864297253635,61.64154103852596,58.97887323943662,62.475822050290134,61.254612546125465,61.240310077519375,58.011049723756905,56.50319829424307,58.498896247240616,62.247191011235955,58.45070422535211,62.34096692111959,61.224489795918366,63.53887399463807,59.523809523809526,60.47197640117994,57.22543352601156,58.47457627118644,62.69113149847095,63.78205128205128,60.86956521739131,61.3013698630137,63.970588235294116,63.898916967509024,58.644067796610166,63.6,61.13207547169811,63.43283582089553,56.79012345679012,57.80590717299579,60.46511627906976,57.009345794392516,61.92660550458715,62.34567901234568,62.5,61.702127659574465,65.55555555555556,61.458333333333336,61.07784431137725,65.24822695035462,69.67213114754098,60.46511627906976,64.1891891891892,65.89147286821705,67.16417910447761,63.114754098360656,63.91752577319587,68.51851851851852,73.03370786516854,70.12987012987013,66.66666666666666,65.0,73.49397590361446,70.76923076923077,60.526315789473685,73.52941176470588,62.5,66.19718309859155,70.12987012987013,63.52941176470588,63.63636363636363,75.0,68.08510638297872,58.333333333333336,75.0,70.1492537313433,82.35294117647058,73.91304347826086,70.3125,62.295081967213115,71.69811320754717,68.33333333333333],"cluster_post_filtering_doc_counts":[630511,305146,163416,121531,80442,55643,41812,35993,27272,22826,18275,15610,12532,10173,8615,7502,6293,5370,4590,4079,3603,3094,2676,2608,2317,2096,1831,1608,1550,1431,1286,1280,1217,1135,1046,993,837,786,703,684,687,647,576,549,430,375,355,337,344,320,275,256,260,233,229,233,194,210,200,228,204,188,168,177,148,152,136,136,134,148,147,122,113,108,113,98,100,122,91,103,98,105,100,85,92,83,61,75,72,62,74,65,49,37,51,53,44,44,45,35,34,24,23,28,35,22,19,30,18,33,24,23,31,20,14,15,25,16,20,12,18,19,23,15,19],"tail_threshold":126,"tail_removal_rate":82.35738571968267,"tail_post_filtering_doc_counts":934,"global_removal_rate":69.16769717627386}