{"cluster_sizes":[1,2,3,4,5,6,7,8,9,10,11,12,13,14,15,16,17,18,19,20,21,22,23,24,25,26,27,28,29,30,31,32,33,34,35,36,37,38,39,40,41,42,43,44,45,46,47,48,49,50,51,52,53,54,55,56,57,58,59,60,61,62,63,64,65,66,67,68,69,70,71,72,73,74,75,76,77,78,79,80,81,82,83,84,85,86,87,88,89,90,91,92,93,94,95,96,97,98,99,100,101,102,103,104,105,106,107,108,109,110,111,112,113,114,115,116,117,118,119,120,121,122,123,124,125,126,127,128,129,130,131,132,133,134,135,136,137,138,139,140,141],"cluster_removal_rates":[79.05928061852082,62.24107236609743,56.61942037156164,57.75143531606097,57.68273111326143,61.5376862475013,63.32283665857145,62.006263401421954,62.599623804999126,61.22477095818696,57.86378103119032,56.273887413357514,59.90582959641255,63.035843404606965,63.28082889141762,66.81886329562492,66.38399473077557,68.80758807588076,64.3855421686747,58.36360160581151,55.525334945099225,56.81306306306306,60.86436170212765,63.93686718284693,66.89831748354061,69.44967566436493,71.0590531966813,73.82920110192838,75.0,78.24597464885234,79.18745545260157,79.28197456993269,81.83506686478455,82.52392768521801,83.29718004338395,83.00676879230495,85.25398028809704,86.53295128939828,86.83399383531484,86.83088583609664,86.30423418714062,83.03519907674553,84.89616110761486,85.30744336569579,89.97772828507794,89.30762489044697,90.13824884792628,88.32599118942731,87.19898605830166,88.53092783505154,86.70360110803324,88.36065573770492,88.48080133555926,87.62376237623762,90.30418250950571,90.14598540145985,90.01956947162427,89.78102189781022,91.24767225325886,92.29287090558766,91.51785714285714,90.29345372460497,90.63231850117096,91.19047619047619,92.4812030075188,94.76190476190476,92.28915662650601,95.92760180995475,94.81327800829875,94.10714285714286,95.07299270072993,94.42231075697211,92.81045751633987,92.47311827956989,92.55014326647564,87.66666666666667,90.83333333333333,90.32258064516128,90.51724137931035,88.60759493670885,92.6086956521739,91.05263157894737,88.15165876777252,86.93467336683418,90.05524861878453,87.82051282051282,87.05035971223022,88.88888888888889,83.80281690140845,90.51094890510949,88.63636363636364,91.50326797385621,90.9090909090909,94.26229508196722,91.83673469387756,91.93548387096774,87.96992481203007,91.1504424778761,86.04651162790698,91.75257731958763,88.11881188118812,92.22222222222223,94.11764705882352,91.58878504672897,91.56626506024097,95.37037037037037,94.6236559139785,91.46341463414635,86.25,91.35802469135803,94.73684210526315,86.58536585365853,95.65217391304348,87.34177215189874,90.58823529411765,92.20779220779221,90.41095890410958,92.64705882352942,89.87341772151899,90.56603773584906,89.0909090909091,90.625,94.44444444444444,92.1875,95.1219512195122,83.72093023255815,91.83673469387756,90.69767441860465,90.47619047619048,95.74468085106383,90.69767441860465,88.23529411764706,83.72093023255815,81.03448275862068,84.90566037735849,80.0,86.66666666666667,93.47826086956522,83.72093023255815,97.22222222222221,85.1063829787234],"cluster_post_filtering_doc_counts":[660357,316447,180055,115974,71721,45794,31564,26933,19287,16887,16549,13500,8941,7157,6131,4869,4083,3453,3695,4356,4415,3835,2943,2422,1810,1460,1186,950,787,635,584,554,489,493,462,477,389,329,299,278,262,294,240,227,135,122,107,106,101,89,96,71,69,75,51,54,51,56,47,40,38,43,40,37,30,22,32,18,25,33,27,28,33,28,26,37,22,24,22,27,17,17,25,26,18,19,18,16,23,13,15,13,12,7,12,10,16,10,18,8,12,7,6,9,7,5,5,7,11,7,4,11,3,10,8,6,7,5,8,5,6,6,4,5,2,7,4,4,4,2,4,6,7,11,8,12,6,3,7,1,7],"tail_threshold":142,"tail_removal_rate":91.85544768069039,"tail_post_filtering_doc_counts":453,"global_removal_rate":71.31090844088172}