{"cluster_sizes":[1,2,3,4,5,6,7,8,9,10,11,12,13,14,15,16,17,18,19,20,21,22,23,24,25,26,27,28,29,30,31,32,33,34,35,36,37,39,40],"cluster_removal_rates":[100.0,82.72727272727273,82.15363511659808,31.57894736842105,40.816326530612244,41.17647058823529,58.139534883720934,70.96774193548387,69.04761904761905,60.86956521739131,61.111111111111114,60.0,100.0,75.0,62.5,100.0,75.0,87.5,76.92307692307693,91.66666666666666,66.66666666666666,70.0,84.61538461538461,84.61538461538461,85.71428571428571,100.0,100.0,100.0,75.0,100.0,80.0,100.0,50.0,100.0,75.0,100.0,100.0,100.0,0.0],"cluster_post_filtering_doc_counts":[0,57,1301,39,29,30,18,9,13,9,7,8,0,4,6,0,2,1,3,1,2,3,2,2,1,0,0,0,1,0,1,0,2,0,1,0,0,0,1],"tail_threshold":41,"tail_removal_rate":100.0,"tail_post_filtering_doc_counts":0,"global_removal_rate":81.26884573634061}