{"cluster_sizes":[1,2,3,4,5,6,7,8,9,12,22,30,35,37,39],"cluster_removal_rates":[80.88235294117648,50.0,14.285714285714285,15.384615384615385,20.833333333333336,16.0,33.33333333333333,25.0,50.0,100.0,100.0,100.0,100.0,0.0,100.0],"cluster_post_filtering_doc_counts":[13,13,90,77,38,21,4,3,2,0,0,0,0,1,0],"tail_threshold":72,"tail_removal_rate":100.0,"tail_post_filtering_doc_counts":0,"global_removal_rate":31.948051948051948}