{"cluster_sizes":[1,2,3,4,5,6,7,8,9,10,11,12,13,14,15,18,21,25,26,82,84,135],"cluster_removal_rates":[98.29867674858222,97.2972972972973,100.0,100.0,100.0,100.0,100.0,100.0,100.0,100.0,100.0,100.0,100.0,100.0,100.0,100.0,100.0,100.0,66.66666666666666,100.0,100.0,100.0],"cluster_post_filtering_doc_counts":[9,1,0,0,0,0,0,0,0,0,0,0,0,0,0,0,0,0,1,0,0,0],"tail_threshold":166,"tail_removal_rate":100.0,"tail_post_filtering_doc_counts":0,"global_removal_rate":98.42406876790831}