{"cluster_sizes":[1,2,3,4,5,6,7,8,9,10,11,12,13,14,15,16,17,18,19,20,21,22,23,24,25,26,27,28,29,30,31,32,33,34,35,36,37,38,39,40,41,42,43,44,45,46,48,49,50,51,52,53,55,56,57,58,60,63,64,65,66,67,68,69,70,71,72,73,76,77,78],"cluster_removal_rates":[97.63870303654143,57.238010657193605,42.54864736592312,48.148148148148145,64.57680250783699,68.1735985533454,89.39393939393939,83.15217391304348,77.01149425287356,88.23529411764706,89.13043478260869,94.87179487179486,98.11320754716981,100.0,100.0,97.2972972972973,100.0,100.0,92.85714285714286,95.23809523809523,100.0,100.0,100.0,100.0,100.0,90.0,100.0,86.66666666666667,100.0,100.0,100.0,100.0,100.0,100.0,100.0,100.0,80.0,100.0,100.0,100.0,100.0,100.0,100.0,100.0,100.0,100.0,100.0,100.0,100.0,100.0,100.0,100.0,100.0,50.0,100.0,100.0,66.66666666666666,100.0,100.0,100.0,100.0,100.0,100.0,100.0,50.0,66.66666666666666,100.0,100.0,100.0,100.0,100.0],"cluster_post_filtering_doc_counts":[1147,1926,2421,1260,226,176,21,31,40,14,10,4,1,0,0,1,0,0,1,1,0,0,0,0,0,1,0,2,0,0,0,0,0,0,0,0,1,0,0,0,0,0,0,0,0,0,0,0,0,0,0,0,0,1,0,0,1,0,0,0,0,0,0,0,1,2,0,0,0,0,0],"tail_threshold":79,"tail_removal_rate":95.23809523809523,"tail_post_filtering_doc_counts":3,"global_removal_rate":88.30435619426446}