{"cluster_sizes":[1,2,3,4,5,6,7,8,9,10,11,12],"cluster_removal_rates":[99.52048401626926,54.77577347097482,44.94810682200435,41.09637488947834,41.339593114241005,42.01626985817113,45.82380216383308,36.86992492722537,38.42324494564665,41.17728531855956,43.265541059094396,47.17810896652822],"cluster_post_filtering_doc_counts":[118060,59317,40260,29979,18742,13614,8763,8241,6061,4247,2957,2162],"tail_threshold":13,"tail_removal_rate":49.11148209979596,"tail_post_filtering_doc_counts":13717,"global_removal_rate":98.69624118722487}