{"cluster_sizes":[1,2,3,4,5,6,7,8,9,10,11,12,13,14,15,16,17,18,19,20,21,22,23,24,25,26,27,28,29,30,31,32,33,34,35,36,37,38,39,40,41,42,43,44,45,46,47,48,49,50,51,52,53,54,55,56,57,58,59,60,61,62,63,64,65,66,67,68,69,70,71,72,73,74,75,76,77,78,79,80,81,82,83,84,85,86,87,88,89,90,91,92,93,94,95,96,97,98,99,100,101,102],"cluster_removal_rates":[59.684181756318324,45.69410766246363,43.27156271376158,40.63810807219998,38.3592206795606,39.25919473901966,29.140769303366543,28.457152185827393,34.7997129920578,37.68481788676524,38.41729553334693,39.53940266282835,39.73158551810238,42.828077314343844,42.56576171050781,32.73427471116817,43.9444817550929,43.888491779842745,41.023017902813294,43.34526521314676,44.29678848283499,44.409519533004044,42.863827795975666,44.60539460539461,43.915630070308275,43.36734693877551,43.012309920347576,45.6752655538695,44.20600858369099,44.45497630331754,44.3010752688172,44.74576271186441,49.549549549549546,45.751633986928105,46.003016591251885,53.40557275541795,54.673721340388006,52.39005736137668,48.125,50.931677018633536,50.75757575757576,44.75,48.036253776435046,53.333333333333336,49.13494809688581,48.484848484848484,50.19305019305019,55.04201680672269,54.65116279069767,50.403225806451616,58.673469387755105,56.310679611650485,55.092592592592595,48.07692307692308,59.01639344262295,59.04255319148937,49.473684210526315,54.21052631578947,53.04878048780488,47.712418300653596,48.38709677419355,50.0,45.033112582781456,51.23456790123457,49.01960784313725,51.35135135135135,44.44444444444444,48.837209302325576,44.881889763779526,38.26086956521739,49.63503649635037,52.63157894736842,38.46153846153847,46.21848739495798,43.47826086956522,50.0,45.16129032258064,45.96774193548387,42.1875,39.6551724137931,46.788990825688074,46.49122807017544,38.297872340425535,40.0,39.50617283950617,34.375,36.11111111111111,40.963855421686745,40.0,45.45454545454545,39.39393939393939,42.30769230769231,58.490566037735846,52.94117647058824,54.166666666666664,57.14285714285714,53.191489361702125,45.23809523809524,58.333333333333336,56.75675675675676,64.44444444444444,40.74074074074074],"cluster_post_filtering_doc_counts":[433670,179166,91225,62552,43376,27894,52557,61353,26352,20736,15097,8401,5793,4496,4083,5764,2504,2355,2306,1741,1509,1238,1221,1109,1037,888,787,716,650,586,518,489,392,415,358,301,257,249,249,237,195,221,172,133,147,136,129,107,117,123,81,90,97,108,75,77,96,87,77,80,80,73,83,79,78,72,75,66,70,71,69,54,80,64,65,55,68,67,74,70,58,61,58,60,49,63,46,49,36,36,40,30,22,24,22,18,22,23,15,16,16,16],"tail_threshold":103,"tail_removal_rate":80.84220268394262,"tail_post_filtering_doc_counts":414,"global_removal_rate":50.11561842096671}