{"cluster_sizes":[1,2,3,4,5,6,7,8,9,10,11,12,13,14,15,16,17,18,19,20,21,22,23,24,25,26,27,28,29,30,31,32,33,34,35,36,37,38,39,40,41,42,43,44,45,46,47,48,49,50,51,52,53,54,55,56,57,58,59,60,61,62,63,64,65,66,67,68,69,70,71,72,73,74,75,76,77,78,79,80,81,82,83,84,85,86,87,88,89,90,91,92,93,94,95,96,97,98,99,100,101,102,103,104,105,106,107,108,109,110,111,112,113,114,115,116,117,118,119,120,121,122,123,124,125,126,127,128,129,130,131,132,133,134,135,136,137,138,139,140,141,142,143,144,145,146,147,148,149,150,151,152,153,154,155,156,157,158,159,160,161,162,163,164,165,166,167,168,169,170,171,172,173,174,175,176,177,178,179,180,181,182,183,184,185,186,187,188,189,190,191,192,193,194,195,196,197,198,199,200,201,202,203,204,205,206,207,208,209,210,211,212,213,214,215,216,217,218,219,220,221,222,223,224,225,226,227,228,229,230,231,232,233,234,235,236,237,238,239,240,241,242,243,244,245,246,247,248],"cluster_removal_rates":[99.97950294565001,99.95366577962828,99.94833299875934,99.95101316011042,99.95804066865833,99.95543995202299,99.95473904166401,99.9577398264847,99.96523768926583,99.96918302185088,99.97120918963628,99.96963686808473,99.97088352330937,99.96466739548823,99.97262483807103,99.96130185125115,99.95784938179094,99.95584797226384,99.94874041983249,99.92938788119511,99.85138997142114,99.78722909496791,99.77845255626654,99.8658691813914,99.8896942956193,99.89229085001942,99.92063952925692,99.91328226622345,99.94321279302198,99.94377347457436,99.9543239951279,99.95599958587846,99.96406755300036,99.95648263657199,99.96089284639913,99.96856532126242,99.9894607412612,99.96875854258602,99.95135111229048,99.96658551720846,99.9511665762344,99.90277380611953,99.91789819376025,99.92647058823529,99.92838215283248,99.93090211132437,99.97500208315974,99.96611605252012,99.95385325334564,99.97116770783278,99.97934950955086,99.97888736408741,99.95460735360872,99.9764982373678,99.97528728530828,99.98738488709475,99.95999466595546,99.98590358049056,99.98545666084932,99.9125364431487,100.0,99.96761133603239,100.0,99.98368944707225,99.98212370396854,99.98216833095577,100.0,99.98114274938715,99.98089050257978,99.98059382883757,100.0,100.0,99.97791031588248,100.0,99.97612225405922,100.0,100.0,99.97336174746937,100.0,99.94282447112636,99.96948428440648,100.0,100.0,100.0,99.96609020006781,99.9664654594232,99.96594005449592,100.0,99.92816091954023,100.0,100.0,100.0,100.0,100.0,100.0,99.95871180842279,100.0,100.0,100.0,100.0,100.0,100.0,100.0,99.9516674722088,100.0,100.0,100.0,100.0,99.94425863991081,100.0,99.93909866017052,100.0,100.0,100.0,100.0,100.0,100.0,99.86824769433466,99.93002099370189,99.93256911665543,100.0,100.0,100.0,99.92673992673993,100.0,100.0,100.0,100.0,99.92038216560509,99.9184339314845,100.0,100.0,100.0,100.0,100.0,99.91349480968859,100.0,100.0,100.0,100.0,100.0,100.0,100.0,100.0,100.0,100.0,100.0,100.0,100.0,100.0,100.0,100.0,100.0,100.0,100.0,100.0,100.0,99.87389659520807,100.0,100.0,100.0,100.0,100.0,100.0,100.0,100.0,99.85507246376811,100.0,100.0,100.0,100.0,100.0,100.0,100.0,100.0,100.0,100.0,100.0,100.0,100.0,100.0,100.0,100.0,99.83844911147011,100.0,100.0,100.0,100.0,99.81343283582089,100.0,100.0,100.0,100.0,100.0,100.0,100.0,99.80806142034548,100.0,100.0,100.0,100.0,100.0,100.0,100.0,100.0,100.0,100.0,100.0,100.0,100.0,100.0,100.0,100.0,100.0,100.0,100.0,100.0,99.76905311778292,100.0,100.0,100.0,100.0,100.0,100.0,100.0,100.0,100.0,100.0,100.0,100.0,100.0,100.0,100.0,100.0,100.0,100.0,99.7005988023952,100.0,100.0,100.0,100.0,100.0,100.0,100.0,99.73890339425587,100.0,100.0,100.0],"cluster_post_filtering_doc_counts":[11795,5115,2512,1536,842,639,454,340,221,169,118,109,81,85,56,68,63,61,62,80,143,183,170,98,70,61,41,42,25,25,18,17,13,15,13,10,3,8,11,7,9,17,13,11,10,9,3,4,5,3,2,2,4,2,2,1,3,1,1,6,0,2,0,1,1,1,0,1,1,1,0,0,1,0,1,0,0,1,0,2,1,0,0,0,1,1,1,0,2,0,0,0,0,0,0,1,0,0,0,0,0,0,0,1,0,0,0,0,1,0,1,0,0,0,0,0,0,2,1,1,0,0,0,1,0,0,0,0,1,1,0,0,0,0,0,1,0,0,0,0,0,0,0,0,0,0,0,0,0,0,0,0,0,0,0,0,0,1,0,0,0,0,0,0,0,0,1,0,0,0,0,0,0,0,0,0,0,0,0,0,0,0,0,1,0,0,0,0,1,0,0,0,0,0,0,0,1,0,0,0,0,0,0,0,0,0,0,0,0,0,0,0,0,0,0,0,0,1,0,0,0,0,0,0,0,0,0,0,0,0,0,0,0,0,0,0,1,0,0,0,0,0,0,0,1,0,0,0],"tail_threshold":249,"tail_removal_rate":99.99310812207813,"tail_post_filtering_doc_counts":6,"global_removal_rate":99.9705639934022}