{"cluster_sizes":[1,2,3,4,5,6,7,8,9,10,11,12,14,15,16,17,18,19,20,21,22,23,25,26,31,34,35,37,40,41],"cluster_removal_rates":[95.48126377663483,99.27536231884058,98.88888888888889,97.95918367346938,100.0,100.0,100.0,91.66666666666666,100.0,100.0,100.0,100.0,100.0,100.0,100.0,100.0,100.0,100.0,100.0,100.0,100.0,100.0,100.0,0.0,100.0,100.0,100.0,100.0,100.0,100.0],"cluster_post_filtering_doc_counts":[246,1,1,1,0,0,0,1,0,0,0,0,0,0,0,0,0,0,0,0,0,0,0,1,0,0,0,0,0,0],"tail_threshold":44,"tail_removal_rate":100.0,"tail_post_filtering_doc_counts":0,"global_removal_rate":95.69468267581475}