{"cluster_sizes":[1,2,3,4,5,6,7,8,9,10,11,12,13,14,15,16,18,20,21,22,24,26,29,30,33,35,36,39,60,61,83],"cluster_removal_rates":[83.40248962655602,63.63636363636363,65.3061224489796,80.0,100.0,100.0,100.0,100.0,100.0,100.0,100.0,100.0,100.0,100.0,100.0,100.0,100.0,100.0,100.0,100.0,100.0,100.0,100.0,100.0,100.0,100.0,100.0,100.0,100.0,100.0,100.0],"cluster_post_filtering_doc_counts":[80,40,17,3,0,0,0,0,0,0,0,0,0,0,0,0,0,0,0,0,0,0,0,0,0,0,0,0,0,0,0],"tail_threshold":200,"tail_removal_rate":100.0,"tail_post_filtering_doc_counts":0,"global_removal_rate":80.97826086956522}