{"cluster_sizes":[1,2,3,4,5,6,7,8,9,10,11,12,13,14,15,16,17,18,19,20,21,22,23,24,25,26,27,28,29,30,31,32,33,34,35,36,37,38,39,40,41,42,43,44,45,46,47,48,49,50,51,52,53,54,55,56,57,58,59,60,61,62,63,64,65,66,67,68,69,70,71,73,74,75,76,77,78,80,81,82,83,84,85,86,87,88,89,90,91,92,93,94,95,96,97,98,101,104,105,106,108,109,110,112,113,114,115,116,117,118,119,120,122,123,124,125,127,129,130,131,132,133,134,135,136,137,140,142,144,145,146],"cluster_removal_rates":[99.85621187875414,98.73331263582739,98.37743020026312,98.67256637168141,99.59839357429718,98.01812004530012,99.60411718131434,99.59266802443992,100.0,99.77973568281938,99.48186528497409,99.63235294117648,99.09365558912387,99.25373134328358,100.0,100.0,98.91304347826086,100.0,100.0,100.0,98.24561403508771,98.96907216494846,100.0,100.0,100.0,97.82608695652173,96.875,98.0,94.87179487179486,100.0,96.875,100.0,100.0,100.0,100.0,100.0,100.0,100.0,100.0,100.0,100.0,100.0,88.23529411764706,100.0,100.0,100.0,100.0,94.44444444444444,100.0,100.0,100.0,100.0,100.0,100.0,100.0,100.0,100.0,100.0,100.0,100.0,100.0,100.0,100.0,100.0,100.0,100.0,87.5,100.0,100.0,100.0,100.0,100.0,100.0,100.0,100.0,100.0,100.0,100.0,100.0,100.0,100.0,100.0,100.0,100.0,100.0,80.0,100.0,100.0,100.0,100.0,100.0,100.0,100.0,100.0,100.0,100.0,100.0,100.0,100.0,100.0,100.0,100.0,100.0,100.0,100.0,100.0,100.0,100.0,100.0,100.0,100.0,100.0,100.0,100.0,100.0,100.0,100.0,100.0,100.0,100.0,100.0,100.0,100.0,100.0,100.0,100.0,100.0,100.0,100.0,100.0,100.0],"cluster_post_filtering_doc_counts":[124,204,111,51,10,35,5,6,0,2,4,2,3,2,0,0,2,0,0,0,2,1,0,0,0,1,1,1,2,0,1,0,0,0,0,0,0,0,0,0,0,0,2,0,0,0,0,1,0,0,0,0,0,0,0,0,0,0,0,0,0,0,0,0,0,0,1,0,0,0,0,0,0,0,0,0,0,0,0,0,0,0,0,0,0,1,0,0,0,0,0,0,0,0,0,0,0,0,0,0,0,0,0,0,0,0,0,0,0,0,0,0,0,0,0,0,0,0,0,0,0,0,0,0,0,0,0,0,0,0,0],"tail_threshold":147,"tail_removal_rate":100.0,"tail_post_filtering_doc_counts":0,"global_removal_rate":99.54515611033327}