{"cluster_sizes":[1,2,3,4,5,6,7,8,9,10,11,12,13,14,15,16,17,18,19,21,22,23,24,25,26,27,32,34,35,36,37,38,39,40,41,44,45,55,57,63,65],"cluster_removal_rates":[90.81101907146986,94.28571428571428,45.50561797752809,68.25396825396825,69.0909090909091,85.0,80.0,86.36363636363636,85.71428571428571,92.85714285714286,83.33333333333334,100.0,100.0,100.0,100.0,88.88888888888889,100.0,100.0,100.0,100.0,100.0,50.0,100.0,100.0,100.0,100.0,100.0,100.0,100.0,100.0,100.0,100.0,100.0,100.0,100.0,100.0,100.0,100.0,100.0,100.0,100.0],"cluster_post_filtering_doc_counts":[477,10,97,20,17,9,4,3,4,1,2,0,0,0,0,1,0,0,0,0,0,1,0,0,0,0,0,0,0,0,0,0,0,0,0,0,0,0,0,0,0],"tail_threshold":118,"tail_removal_rate":100.0,"tail_post_filtering_doc_counts":0,"global_removal_rate":89.1025641025641}