{"cluster_sizes":[1,2,3,4,5,6,7,8,9,10,11,12,13,14,15,16,17,18,19,20,21,22,23,24,25,26,27,28,29,30,31,32,33,34,35,36,37,38,39,40,41,43,47,56,61],"cluster_removal_rates":[93.07116104868915,97.6,100.0,100.0,100.0,100.0,100.0,100.0,90.0,100.0,100.0,100.0,100.0,100.0,100.0,87.5,77.77777777777779,60.0,66.66666666666666,72.22222222222221,51.66666666666667,65.68627450980392,63.888888888888886,74.4,76.28865979381443,72.94117647058823,80.32786885245902,92.10526315789474,94.11764705882352,92.85714285714286,62.5,20.0,0.0,50.0,0.0,33.33333333333333,50.0,100.0,0.0,0.0,100.0,0.0,100.0,100.0,100.0],"cluster_post_filtering_doc_counts":[111,3,0,0,0,0,0,0,1,0,0,0,0,0,0,1,2,6,7,10,29,35,39,32,23,23,12,3,1,1,3,4,3,3,2,2,1,0,5,1,0,1,0,0,0],"tail_threshold":108,"tail_removal_rate":100.0,"tail_post_filtering_doc_counts":0,"global_removal_rate":86.83544303797468}