{"cluster_sizes":[1,2,3,5,6,7,10,16,17,18,19,20,21,22,23,24,25,26,27,28,29,30,31,32,33,34,35,36,37,42,43],"cluster_removal_rates":[72.91196388261851,75.0,0.0,50.0,0.0,100.0,0.0,100.0,57.14285714285714,69.56521739130434,65.38461538461539,65.21739130434783,60.0,60.0,62.5,70.54794520547945,76.0,71.83098591549296,69.51219512195121,77.19298245614034,76.92307692307693,61.53846153846154,30.0,20.0,0.0,0.0,20.0,0.0,0.0,0.0,0.0],"cluster_post_filtering_doc_counts":[120,24,10,1,1,0,1,0,3,7,9,16,28,46,60,43,36,40,25,13,6,5,7,4,5,3,4,1,2,1,1],"tail_threshold":50,"tail_removal_rate":50.0,"tail_post_filtering_doc_counts":1,"global_removal_rate":68.36055656382335}