{"cluster_sizes":[1,2,3,4,5,6,7,8,10,11,12],"cluster_removal_rates":[97.43589743589743,100.0,100.0,100.0,100.0,100.0,100.0,100.0,100.0,100.0,100.0],"cluster_post_filtering_doc_counts":[2,0,0,0,0,0,0,0,0,0,0],"tail_threshold":33,"tail_removal_rate":100.0,"tail_post_filtering_doc_counts":0,"global_removal_rate":98.63945578231292}