{"cluster_sizes":[1,2,3,4,5,6,7,8,9,10,11,12,13,14,15,16,17,18,19,20,21,22,23,24,27,28,29,31,34,37],"cluster_removal_rates":[96.88473520249221,94.92464253510241,50.0,50.0,23.4375,21.951219512195124,36.708860759493675,56.14035087719298,51.61290322580645,56.52173913043478,55.55555555555556,54.54545454545454,80.0,75.0,65.38461538461539,75.0,71.42857142857143,90.0,75.0,83.33333333333334,90.0,71.42857142857143,83.33333333333334,87.5,100.0,100.0,100.0,100.0,50.0,100.0],"cluster_post_filtering_doc_counts":[10,394,37,64,49,96,50,25,15,10,4,5,2,2,9,3,2,1,3,1,1,2,1,1,0,0,0,0,1,0],"tail_threshold":38,"tail_removal_rate":100.0,"tail_post_filtering_doc_counts":0,"global_removal_rate":91.0728446810921}