{"cluster_sizes":[1,2,3,4,5,6,7,8,9,10,11,12,13,16,20,22,24,25,26,27,31,33,34,35,36,37,39,41,44],"cluster_removal_rates":[95.14824797843666,98.08917197452229,18.65284974093264,29.80132450331126,52.112676056338024,83.33333333333334,40.0,39.130434782608695,66.66666666666666,100.0,100.0,100.0,100.0,100.0,100.0,100.0,100.0,100.0,100.0,100.0,100.0,100.0,100.0,100.0,100.0,100.0,100.0,0.0,100.0],"cluster_post_filtering_doc_counts":[18,3,314,106,34,4,9,14,3,0,0,0,0,0,0,0,0,0,0,0,0,0,0,0,0,0,0,1,0],"tail_threshold":46,"tail_removal_rate":100.0,"tail_post_filtering_doc_counts":0,"global_removal_rate":59.6169193934557}