{"cluster_sizes":[1,2,3,4,5,6,7,8,9,10,11,12,13,14,15,16,17,18,23,24,26,27,30,33,37,38,39,41,49,52,67],"cluster_removal_rates":[99.62859795728876,96.83544303797468,97.95918367346938,100.0,97.22222222222221,94.73684210526315,100.0,92.3076923076923,100.0,80.0,100.0,100.0,100.0,100.0,100.0,100.0,100.0,100.0,0.0,100.0,100.0,100.0,100.0,100.0,100.0,100.0,100.0,100.0,100.0,100.0,0.0],"cluster_post_filtering_doc_counts":[8,5,2,0,1,1,0,1,0,1,0,0,0,0,0,0,0,0,1,0,0,0,0,0,0,0,0,0,0,0,1],"tail_threshold":72,"tail_removal_rate":100.0,"tail_post_filtering_doc_counts":0,"global_removal_rate":99.18509895227008}