{"cluster_sizes":[1,2,3,4,5,6,7,8,9,11,12,13,14,15,16,17,20,22,25,80,99],"cluster_removal_rates":[55.76077396657871,54.72636815920397,32.95454545454545,40.476190476190474,45.45454545454545,58.333333333333336,66.66666666666666,50.0,100.0,100.0,66.66666666666666,0.0,0.0,100.0,100.0,100.0,100.0,0.0,100.0,100.0,100.0],"cluster_post_filtering_doc_counts":[503,91,177,75,18,5,2,1,0,0,1,1,1,0,0,0,0,1,0,0,0],"tail_threshold":120,"tail_removal_rate":100.0,"tail_post_filtering_doc_counts":0,"global_removal_rate":51.44124168514412}