{"cluster_sizes":[1,2,3,4,5,6,7,8,9,10,11,12,13,14,15,16,17,18,19,20,21,22,23,24,25,26,27,28,29,30,31,32,33,34,35,36,37,38,39,40,41,42,43,44,45,46,47,48,49,50,51,52,53,54,55,56,57,58,59,60,61,62,63,64,65,66,67,68,69,70,71,72,73,74,75,76,77,78,79,80,81,82,83,84,85,86,87,88,89,90,91,92,93,94,95,96,97,98,99,100,101,102,103],"cluster_removal_rates":[56.91953544942584,40.437719871735,36.86920568068004,36.204732197200244,36.04266501777709,38.12537934622388,37.712574850299404,38.37930297199059,35.7032457496136,41.887331256490135,44.70477975632615,45.19900497512438,41.500815660685156,42.415841584158414,43.41330918967859,43.16909294512878,44.21813403416557,41.76056338028169,43.21398834304746,43.10197086546701,41.14490161001789,44.3,43.18658280922432,38.15967523680649,38.47241867043847,39.660493827160494,44.377510040160644,44.49152542372881,40.0,44.81012658227848,43.1924882629108,42.02127659574468,42.16216216216216,38.73626373626374,36.21621621621622,33.2425068119891,39.08794788273616,37.76978417266187,40.50632911392405,44.09090909090909,51.707317073170735,46.73913043478261,52.53164556962025,50.58139534883721,50.0,57.89473684210527,59.06040268456376,53.987730061349694,52.29885057471264,62.893081761006286,52.38095238095239,51.23456790123457,58.778625954198475,61.32075471698113,60.15625,54.71698113207547,57.84313725490197,61.111111111111114,66.66666666666666,55.85585585585585,58.26086956521739,59.61538461538461,54.054054054054056,57.85123966942148,47.474747474747474,55.08474576271186,51.546391752577314,55.769230769230774,58.536585365853654,57.446808510638306,45.19230769230769,50.0,50.0,43.20987654320987,42.857142857142854,52.112676056338024,48.275862068965516,48.80952380952381,44.303797468354425,42.028985507246375,57.89473684210527,40.0,45.0,49.29577464788733,52.4390243902439,50.0,46.590909090909086,51.24999999999999,46.2962962962963,47.5,54.54545454545454,49.122807017543856,50.877192982456144,54.761904761904766,50.0,41.86046511627907,48.484848484848484,39.473684210526315,51.35135135135135,60.71428571428571,50.0,43.58974358974359,41.37931034482759],"cluster_post_filtering_doc_counts":[178164,95660,49165,33541,20687,14272,10402,8646,6656,4477,2950,2203,1793,1454,1250,1015,849,827,682,664,658,557,542,457,435,391,277,262,243,218,242,218,214,223,236,245,187,173,188,123,99,98,75,85,88,64,61,75,83,59,60,79,54,41,51,48,43,42,33,49,48,42,51,51,52,53,47,46,34,40,57,43,45,46,48,34,45,43,44,40,32,45,33,36,39,39,47,39,29,42,20,29,28,19,20,25,17,23,18,11,13,22,17],"tail_threshold":104,"tail_removal_rate":54.524361948955914,"tail_post_filtering_doc_counts":392,"global_removal_rate":47.70154821773841}