{"cluster_sizes":[1,2,3,4,5,6,7,8,9,10,11,12,13,14,15,16,17,18,19,20,21,22,23,24,25,26,27,29,30,31,33,34,35,36,37,38,39,40,41,43,45,46,47,49,53,54,57,58,60,61,64,69,95,101],"cluster_removal_rates":[99.90064580228515,98.8538681948424,59.79020979020979,67.02127659574468,67.28395061728395,94.54545454545455,95.23809523809523,86.11111111111111,100.0,100.0,100.0,100.0,100.0,100.0,100.0,100.0,100.0,100.0,100.0,100.0,100.0,100.0,100.0,100.0,100.0,100.0,100.0,100.0,100.0,100.0,100.0,100.0,100.0,100.0,100.0,100.0,100.0,100.0,100.0,100.0,100.0,100.0,100.0,100.0,100.0,100.0,100.0,100.0,100.0,100.0,100.0,100.0,100.0,100.0],"cluster_post_filtering_doc_counts":[2,4,115,62,53,6,2,5,0,0,0,0,0,0,0,0,0,0,0,0,0,0,0,0,0,0,0,0,0,0,0,0,0,0,0,0,0,0,0,0,0,0,0,0,0,0,0,0,0,0,0,0,0,0],"tail_threshold":176,"tail_removal_rate":100.0,"tail_post_filtering_doc_counts":0,"global_removal_rate":92.69151746404461}