{"cluster_sizes":[1,2,3,4,5,6,7,8,9,10,11,12,13,14,15,16,17,18,19,20,21,22,23,24,25,26,27,28,29,30,31],"cluster_removal_rates":[98.65361077111383,97.72943414170233,52.94117647058824,59.04761904761905,27.941176470588236,43.859649122807014,43.24324324324324,64.28571428571429,70.58823529411765,90.0,86.66666666666667,100.0,95.0,95.0,93.75,100.0,92.3076923076923,100.0,92.3076923076923,66.66666666666666,87.5,100.0,100.0,100.0,88.88888888888889,75.0,100.0,100.0,100.0,100.0,100.0],"cluster_post_filtering_doc_counts":[11,191,24,43,49,32,21,15,5,3,2,0,1,1,1,0,1,0,1,2,1,0,0,0,1,1,0,0,0,0,0],"tail_threshold":32,"tail_removal_rate":91.66666666666666,"tail_post_filtering_doc_counts":1,"global_removal_rate":95.86676145018788}