{"cluster_sizes":[1,2,3,4,5,6,7,8,9,10,11,12,13,14,15,16,17,18,19,20,21,22,23,24,25,26,27,28,29,30,31,32,33,34,35,36,37,38,39,40,41,42,43,44,45,46,47,48,49,50,51,52,53,54,55,56,57,58,59,60,62,63,64,65,67,68,69,70,71,72,73,74,75,77,78,79,80,81,83,84,86,87,88,90,91,92,93,94],"cluster_removal_rates":[98.98546624974198,93.52469959946596,96.70490602880156,98.125,98.3243566726511,98.96496815286623,99.11727616645649,98.91891891891892,98.83720930232558,99.38080495356037,96.88888888888889,97.82608695652173,99.11504424778761,100.0,98.07692307692307,98.9247311827957,98.59154929577466,97.77777777777777,100.0,100.0,100.0,93.65079365079364,92.85714285714286,93.75,96.07843137254902,95.1219512195122,97.82608695652173,94.5945945945946,92.5925925925926,100.0,100.0,100.0,100.0,100.0,100.0,94.73684210526315,100.0,100.0,90.9090909090909,100.0,100.0,100.0,100.0,100.0,81.81818181818183,100.0,100.0,100.0,100.0,100.0,100.0,100.0,100.0,100.0,100.0,100.0,100.0,100.0,100.0,100.0,100.0,100.0,100.0,100.0,100.0,100.0,100.0,100.0,100.0,100.0,100.0,100.0,100.0,100.0,100.0,100.0,100.0,75.0,100.0,100.0,100.0,0.0,100.0,100.0,100.0,100.0,100.0,100.0],"cluster_post_filtering_doc_counts":[1327,582,135,48,28,13,7,6,5,2,7,4,1,0,2,1,1,2,0,0,0,4,5,3,2,2,1,2,2,0,0,0,0,0,0,1,0,0,1,0,0,0,0,0,2,0,0,0,0,0,0,0,0,0,0,0,0,0,0,0,0,0,0,0,0,0,0,0,0,0,0,0,0,0,0,0,0,1,0,0,0,1,0,0,0,0,0,0],"tail_threshold":95,"tail_removal_rate":100.0,"tail_post_filtering_doc_counts":0,"global_removal_rate":98.5690383651361}