{"cluster_sizes":[1,2,3,4,5,6,7,8,9,10,11,13,14,15,16,17,18,19,20,21,22,23,24,25,26,27,28,29,30,31,32,33,34,35,36,37,38,39,40,54],"cluster_removal_rates":[83.0,50.0,77.77777777777779,75.0,100.0,100.0,100.0,100.0,100.0,100.0,100.0,100.0,100.0,50.0,100.0,100.0,63.63636363636363,57.14285714285714,52.38095238095239,58.2089552238806,63.63636363636363,63.63636363636363,68.4931506849315,67.14285714285714,64.60176991150442,79.54545454545455,71.66666666666667,75.75757575757575,72.72727272727273,44.44444444444444,40.0,0.0,33.33333333333333,25.0,0.0,0.0,0.0,0.0,0.0,100.0],"cluster_post_filtering_doc_counts":[68,16,2,1,0,0,0,0,0,0,0,0,0,1,0,0,4,9,20,28,32,44,46,46,40,18,17,8,3,5,3,2,2,3,3,3,3,2,2,0],"tail_threshold":56,"tail_removal_rate":0.0,"tail_post_filtering_doc_counts":2,"global_removal_rate":70.15851137146795}