{"cluster_sizes":[1,2,3,4,5,6,7,11,15,16,17,18,19,20,21,22,23,24,25,26,27,28,29,30,31,32,33,34,35,36,38,39,40,43],"cluster_removal_rates":[50.36496350364964,57.14285714285714,50.0,50.0,100.0,100.0,100.0,0.0,100.0,33.33333333333333,0.0,18.181818181818183,18.75,45.83333333333333,36.666666666666664,29.268292682926827,42.3728813559322,33.84615384615385,30.18867924528302,56.41025641025641,37.03703703703704,41.66666666666667,42.857142857142854,0.0,0.0,66.66666666666666,0.0,0.0,0.0,0.0,0.0,0.0,0.0,0.0],"cluster_post_filtering_doc_counts":[68,6,1,1,0,0,0,1,0,2,3,9,13,13,19,29,34,43,37,17,17,7,4,1,5,1,2,6,2,2,1,2,2,1],"tail_threshold":46,"tail_removal_rate":0.0,"tail_post_filtering_doc_counts":1,"global_removal_rate":39.44636678200692}