{"cluster_sizes":[1,2,6,11,20,21,22,23,24,26,28,29,31],"cluster_removal_rates":[76.66666666666667,100.0,100.0,100.0,100.0,100.0,100.0,100.0,83.33333333333334,0.0,100.0,100.0,100.0],"cluster_post_filtering_doc_counts":[7,0,0,0,0,0,0,0,1,1,0,0,0],"tail_threshold":33,"tail_removal_rate":0.0,"tail_post_filtering_doc_counts":1,"global_removal_rate":79.59183673469387}