{"cluster_sizes":[1,2,3,4,5,7,9,12,15,43,45],"cluster_removal_rates":[97.27272727272728,95.65217391304348,91.66666666666666,100.0,100.0,100.0,100.0,100.0,100.0,100.0,100.0],"cluster_post_filtering_doc_counts":[3,1,1,0,0,0,0,0,0,0,0],"tail_threshold":48,"tail_removal_rate":100.0,"tail_post_filtering_doc_counts":0,"global_removal_rate":96.95121951219512}