{"cluster_sizes":[1,2,3,4,5,6,7,8,9,10,11,12,13,14,15,16,17,18,19,20,21,22,23,24,25,26,27,28,29,30,31,32,33,34,35,36,37,38,39,40,41,42,43,44,45,46,47,48,49,50,51,52,53,54,55,56,57,58,59,60,61,62,63,64,65,66,67,68,69,70,71,72,73,74,75,76,77,78,79,80,81,82,83,84,85,86,87,88,89,90,91,92,93,94,95,96,97,98,99,100,101,102,103,104,105,107,108,109,110,111,112],"cluster_removal_rates":[99.69016189290161,99.04681973502788,97.92592592592592,95.9233261339093,97.4678289746783,95.88452088452088,96.10963748894783,94.64068209500608,92.5476603119584,94.64285714285714,97.38372093023256,97.86476868327402,99.05660377358491,98.14814814814815,95.83333333333334,96.52777777777779,97.6470588235294,97.36842105263158,92.92929292929293,90.35087719298247,97.46835443037975,98.64864864864865,98.36065573770492,95.3125,94.23076923076923,94.44444444444444,100.0,93.33333333333333,96.15384615384616,91.66666666666666,100.0,94.73684210526315,96.0,94.87179487179486,97.22222222222221,96.96969696969697,93.54838709677419,96.875,100.0,96.66666666666667,100.0,96.7741935483871,90.9090909090909,97.77777777777777,91.07142857142857,92.7536231884058,87.87878787878788,94.64285714285714,93.54838709677419,96.96969696969697,94.73684210526315,89.65517241379311,91.8918918918919,80.64516129032258,85.71428571428571,93.93939393939394,92.0,90.32258064516128,91.66666666666666,95.65217391304348,89.28571428571429,94.73684210526315,91.66666666666666,86.95652173913044,95.45454545454545,91.30434782608695,86.66666666666667,83.33333333333334,90.47619047619048,91.30434782608695,87.5,81.81818181818183,90.9090909090909,80.0,60.0,77.77777777777779,100.0,95.23809523809523,92.85714285714286,70.58823529411765,87.5,94.11764705882352,80.0,78.57142857142857,63.63636363636363,70.0,91.66666666666666,90.0,69.23076923076923,100.0,85.71428571428571,100.0,100.0,66.66666666666666,75.0,100.0,100.0,83.33333333333334,66.66666666666666,100.0,100.0,100.0,100.0,100.0,100.0,100.0,100.0,100.0,100.0,100.0,100.0],"cluster_post_filtering_doc_counts":[311,159,126,151,61,67,44,44,43,24,9,6,2,4,7,5,2,3,7,11,2,1,1,3,3,2,0,2,1,2,0,1,1,2,1,1,2,1,0,1,0,1,2,1,5,5,4,3,2,1,2,3,3,6,3,2,2,3,2,1,3,1,2,3,1,2,2,3,2,2,2,4,2,3,6,4,0,1,1,5,2,1,3,3,4,3,1,1,4,0,1,0,0,3,2,0,0,1,1,0,0,0,0,0,0,0,0,0,0,0,0],"tail_threshold":113,"tail_removal_rate":96.37681159420289,"tail_post_filtering_doc_counts":5,"global_removal_rate":99.09463527875513}