{"cluster_sizes":[1,2,3,4,5,6,7,8,9,10,11,12,13,14,15,16,17,18,19,20,21,22,23,24,25,26,27,28,29,30,31,32,33,34,35,36,37,38,39,40,41,42,43,44,45,46,47,48,49,50,51,52,53,54,55,56,57,58,59,60,61,62,63,64,65,66,67,68,69,70,71,72,73,74,75,76,77,78,79,80,81,82,83,84,85,86,87,88,89,90,91,92,93,94,95,96,97,98,99,100,101,102,103,104,105,106,107,108,109,110,111,112,113,114,115,116,117,118,119,120,121,122,123,124,125,126,127,128,129,130,131,132,133,134,135,136,137,138,139,140,141,142,143,144,145,146,147,148,149,150,151,152,153,154,155,156,157,158,159,160,161,162,163,164,165,166,167,168,169,170,171,172,173,174,175,176],"cluster_removal_rates":[77.40845940206096,60.63291238196621,55.91148839722903,52.66983882854682,50.33036261767022,50.822438369292385,51.32094541352017,50.216491869527566,48.77462983959157,48.940074857485094,49.51736715197021,50.74517423051223,49.36430335146914,49.555785792915884,51.02582977350405,52.663800845159024,52.07379373503548,53.27981360012642,53.27633441815139,54.48671360887056,54.40896269590719,55.146425495262704,55.378395375999524,56.053462084920724,56.09931735849334,56.8587807333788,57.1297906252264,57.69800292255236,57.30402623990138,58.016621640184994,57.97596374860446,59.17355824524891,58.712734510776734,58.954848446736264,59.184485330681255,59.07074360986929,58.48196553876416,59.550244826404985,59.91535273349269,60.01240922878941,59.072465211222024,58.50758403414721,57.447157135834836,58.09652166432484,58.83651752583643,60.812683817315175,61.40868678035272,62.26821745754524,62.363318564286004,63.21509815485719,63.63718289550759,63.382408456021146,62.90862944162436,63.07431390687634,63.367160206288474,63.94434703919462,63.785303826873694,63.75534860307073,63.61265079882621,64.38822989710991,63.311665118937064,64.09915891987606,64.23070999537964,64.57605589075898,65.26263214850579,65.3292181069959,64.67233888486604,65.12102383381249,64.91245327562463,64.60905349794238,64.94036409290646,65.23555834116786,64.41785753849562,65.00683682771195,65.6642197489936,65.71284507752426,65.80829756795423,66.65373172940112,66.46698244636389,66.30026436621678,66.47515081873026,65.1211486688603,66.47398843930635,67.38438210765732,65.59531348955035,65.52229092092418,66.83955739972338,66.9604285467427,68.54174131135794,68.0522346882472,68.2521268368136,70.14746911119968,68.49539406345957,68.45721424109932,68.22531535450196,68.98476067825715,67.39991201055874,68.94159767285745,70.06527121314427,71.1638418079096,69.11801870103615,69.25051334702259,69.73001038421599,69.58735262593784,69.6710350361059,70.29025191675794,69.63411120714491,68.86244921648287,68.92325649255909,68.98079763663219,70.65720456649183,71.16486314449395,69.89424983476536,70.20514490394008,69.14822266934944,70.64494680851064,70.58623040218133,68.95833333333333,69.96793729960812,70.76316732353996,68.80733944954129,70.88136853849014,70.39999999999999,71.21457489878541,70.53754616331555,71.28712871287128,69.95708154506438,70.59579939991427,69.50133570792521,70.06741573033707,70.48334115438762,71.52930806522697,69.77522716403635,73.04761904761905,69.68962172647915,70.89294523926985,70.3323558162268,70.75621364357482,71.53846153846153,72.62942080984111,71.73219978746015,71.53243847874721,71.82112068965517,70.45454545454545,69.66983771684387,71.30144605116796,71.7557251908397,70.31802120141343,71.8931475029036,72.83874923359902,71.05263157894737,72.05009887936717,71.17531188443861,72.58261933904528,71.98717948717949,72.10418094585333,72.39304812834224,71.84730743012952,72.13342599027102,71.38830162085976,74.24460431654676,72.65734265734267,71.55361050328227,72.62611275964392,73.64513734224202,70.40737893927748,71.86468646864687,72.2265321955004,72.8735632183908,70.2932098765432,72.99919159256265,72.76923076923076,70.37643207855973,75.29711375212223,71.55098543273351,73.10286677908938],"cluster_post_filtering_doc_counts":[27726795,11229707,5636453,4020869,2654484,1861712,1226258,1055496,839905,704195,529268,446693,357845,311604,253481,207680,173744,150788,127058,114602,97625,85403,74498,69904,59744,53131,47339,43423,38791,36675,31995,29818,27795,26108,24624,23987,21951,20074,18279,17401,16441,16331,15582,14613,13423,11592,10591,10154,9259,8732,8070,7760,7307,7185,6606,6375,5924,5760,5580,5434,5136,4866,4645,4462,4173,4044,3903,3761,3567,3612,3351,3328,3212,3071,2900,2720,2629,2578,2407,2422,2334,2332,2146,2151,2173,2119,1918,1912,1756,1737,1642,1498,1539,1515,1461,1445,1482,1388,1330,1276,1222,1198,1166,1135,1134,1085,1054,1073,1065,1050,951,906,911,915,920,883,863,894,843,816,850,783,740,711,718,696,700,686,685,666,629,646,632,566,625,590,607,553,518,534,532,509,523,533,542,516,481,504,484,443,473,424,439,448,437,407,413,413,401,406,358,391,390,369,355,385,341,358,354,385,334,354,362,291,332,319],"tail_threshold":177,"tail_removal_rate":74.63274811895378,"tail_post_filtering_doc_counts":50268,"global_removal_rate":69.2416516701182}