{"cluster_sizes":[1,2,3,4,5,6,7,8,9,10,11,12,13,14,15,16,17,18,19,20,21,22,23,24,25,26,27,28,29,30,31,32,33,34,35,36,37,38,39,40,41,42,43,44,45,46,47,48,49,50,51,52,53,54,55,56,57,58,59,60,61,62,63,64,65,66,67,68,69,70,71,72,73,74,75,76,77,78,79,80,81,83,84,85,86,87,89,90,93,94,95,96,97,98,99,100,101,102,103,104,105,106,107,108,109,110,111,112,113,114,115,116,117,118,119,120,121,122,124,125,126,127,128,129,131,132,133,134,135,136,137,138,140,142,143,145,147,149,150,151,152,155,157,160,162,163,168,169,170,172,173,175,176,177,178,179,180,181,182,183,184,185,187,192,195,199,200,201,204,205,207,211,212,213,215,217,219,230,231,232,236,238,239,246,248,268,269],"cluster_removal_rates":[98.69150246305419,96.54789962567585,93.72907153729072,90.58425881216804,88.68640850417616,88.67497168742922,87.92569659442725,92.98597194388778,97.85276073619632,99.62264150943396,97.79735682819384,99.46808510638297,97.84172661870504,99.13793103448276,100.0,100.0,98.63013698630137,100.0,98.36065573770492,98.0392156862745,100.0,100.0,95.55555555555556,100.0,100.0,100.0,100.0,90.625,96.7741935483871,94.44444444444444,90.32258064516128,88.88888888888889,79.06976744186046,89.28571428571429,91.8918918918919,94.11764705882352,91.66666666666666,84.0,95.83333333333334,90.47619047619048,76.47058823529412,87.5,94.11764705882352,72.72727272727273,66.66666666666666,63.63636363636363,100.0,76.92307692307693,100.0,88.88888888888889,77.77777777777779,83.33333333333334,100.0,100.0,100.0,75.0,75.0,100.0,100.0,100.0,100.0,100.0,100.0,100.0,100.0,100.0,85.71428571428571,100.0,94.44444444444444,91.66666666666666,100.0,87.5,100.0,83.33333333333334,88.88888888888889,57.14285714285714,100.0,75.0,0.0,100.0,100.0,80.0,100.0,0.0,100.0,100.0,100.0,100.0,100.0,100.0,100.0,100.0,100.0,100.0,100.0,100.0,100.0,100.0,100.0,100.0,100.0,100.0,100.0,100.0,100.0,100.0,100.0,100.0,100.0,100.0,100.0,100.0,100.0,100.0,100.0,100.0,100.0,100.0,100.0,100.0,100.0,100.0,100.0,100.0,100.0,100.0,100.0,100.0,100.0,100.0,100.0,100.0,100.0,100.0,100.0,100.0,100.0,100.0,100.0,100.0,100.0,100.0,100.0,100.0,100.0,100.0,100.0,100.0,100.0,100.0,100.0,100.0,100.0,100.0,100.0,100.0,100.0,100.0,100.0,100.0,100.0,100.0,100.0,100.0,100.0,100.0,100.0,100.0,100.0,100.0,100.0,100.0,100.0,100.0,100.0,100.0,100.0,100.0,100.0,100.0,100.0,100.0,100.0,100.0,100.0,100.0,100.0],"cluster_post_filtering_doc_counts":[510,249,206,195,149,100,78,35,7,1,5,1,3,1,0,0,1,0,1,1,0,0,2,0,0,0,0,3,1,2,3,3,9,3,3,1,2,4,1,2,4,1,1,3,4,4,0,3,0,1,2,1,0,0,0,1,1,0,0,0,0,0,0,0,0,0,1,0,1,1,0,2,0,1,1,3,0,1,1,0,0,1,0,1,0,0,0,0,0,0,0,0,0,0,0,0,0,0,0,0,0,0,0,0,0,0,0,0,0,0,0,0,0,0,0,0,0,0,0,0,0,0,0,0,0,0,0,0,0,0,0,0,0,0,0,0,0,0,0,0,0,0,0,0,0,0,0,0,0,0,0,0,0,0,0,0,0,0,0,0,0,0,0,0,0,0,0,0,0,0,0,0,0,0,0,0,0,0,0,0,0,0,0,0,0,0,0],"tail_threshold":272,"tail_removal_rate":100.0,"tail_post_filtering_doc_counts":0,"global_removal_rate":97.1980859921574}