{"cluster_sizes":[1,2,3,4,5,6,7,8,9,10,11,13,16,21,22,23,28,29,30,31,32,34,35,36,37,38,39,40,42,59,60,62],"cluster_removal_rates":[97.2027972027972,72.91666666666666,36.0,37.333333333333336,15.217391304347828,20.0,25.0,83.33333333333334,100.0,100.0,100.0,100.0,100.0,100.0,100.0,100.0,100.0,100.0,100.0,100.0,100.0,100.0,100.0,100.0,100.0,100.0,100.0,100.0,100.0,100.0,100.0,100.0],"cluster_post_filtering_doc_counts":[36,13,96,47,39,16,6,1,0,0,0,0,0,0,0,0,0,0,0,0,0,0,0,0,0,0,0,0,0,0,0,0],"tail_threshold":137,"tail_removal_rate":100.0,"tail_post_filtering_doc_counts":0,"global_removal_rate":84.89892984542212}