{"cluster_sizes":[1,2,3,4,5,6,7,8,9,10,11,12,13,14,15,16,18,21,22,30,32,33,35],"cluster_removal_rates":[40.845070422535215,35.471698113207545,22.950819672131146,31.818181818181817,50.0,69.23076923076923,61.53846153846154,57.14285714285714,100.0,14.285714285714285,29.411764705882355,26.08695652173913,33.33333333333333,60.0,50.0,100.0,100.0,100.0,100.0,100.0,100.0,100.0,100.0],"cluster_post_filtering_doc_counts":[336,171,282,45,13,8,5,3,0,12,12,17,6,2,1,0,0,0,0,0,0,0,0],"tail_threshold":46,"tail_removal_rate":100.0,"tail_post_filtering_doc_counts":0,"global_removal_rate":35.74947220267417}