{"cluster_sizes":[1,2,3,4,5,6,7,8,9,10,11,13,14,15,18,20,21,45,49,59,72],"cluster_removal_rates":[99.5104895104895,55.55555555555556,85.71428571428571,100.0,100.0,100.0,100.0,100.0,100.0,100.0,100.0,100.0,100.0,100.0,0.0,100.0,100.0,100.0,100.0,100.0,100.0],"cluster_post_filtering_doc_counts":[7,24,2,0,0,0,0,0,0,0,0,0,0,0,1,0,0,0,0,0,0],"tail_threshold":175,"tail_removal_rate":100.0,"tail_post_filtering_doc_counts":0,"global_removal_rate":97.8120978120978}