{"cluster_sizes":[1,2,3,4,5,6,7,8,10,12,18,19,20,21,22,23,24,25,26,27,28,29,30,31,32,33,34,35,36,37,38,39,40,41,42,44,45,47],"cluster_removal_rates":[78.3132530120482,100.0,13.402061855670103,15.909090909090908,27.27272727272727,0.0,50.0,100.0,0.0,100.0,0.0,0.0,41.66666666666667,26.666666666666668,17.073170731707318,29.03225806451613,34.285714285714285,26.53061224489796,32.432432432432435,30.303030303030305,16.666666666666664,26.666666666666668,0.0,25.0,25.0,0.0,0.0,0.0,0.0,25.0,50.0,0.0,0.0,50.0,0.0,0.0,0.0,0.0],"cluster_post_filtering_doc_counts":[36,0,84,37,8,2,3,0,1,0,2,6,14,22,34,22,23,36,25,23,15,11,6,3,3,2,1,1,1,3,1,1,3,1,6,1,1,1],"tail_threshold":48,"tail_removal_rate":0.0,"tail_post_filtering_doc_counts":1,"global_removal_rate":37.6770538243626}