{"cluster_sizes":[1,2,3,4,5,6,7,8,11,12,30],"cluster_removal_rates":[96.0,64.15094339622641,24.675324675324674,12.76595744680851,11.578947368421053,8.0,33.33333333333333,20.0,100.0,100.0,100.0],"cluster_post_filtering_doc_counts":[5,19,58,41,84,46,10,4,0,0,0],"tail_threshold":42,"tail_removal_rate":100.0,"tail_post_filtering_doc_counts":0,"global_removal_rate":43.43220338983051}