{"cluster_sizes":[1,2,3,4,5,6,7,8,9,10,11,12,13,14,15,16,17,18,19,20,22,23,32,33,34,35,36,37,38,39,40,41,42,44,46,47,55,58,63,82],"cluster_removal_rates":[99.64973730297724,100.0,35.43307086614173,52.94117647058824,72.91666666666666,90.0,95.0,50.0,75.0,81.81818181818183,100.0,100.0,100.0,100.0,100.0,100.0,100.0,100.0,100.0,100.0,100.0,100.0,100.0,100.0,100.0,100.0,100.0,100.0,100.0,80.0,0.0,100.0,0.0,100.0,0.0,100.0,100.0,100.0,100.0,100.0],"cluster_post_filtering_doc_counts":[2,0,164,32,13,1,1,8,4,2,0,0,0,0,0,0,0,0,0,0,0,0,0,0,0,0,0,0,0,1,1,0,1,0,1,0,0,0,0,0],"tail_threshold":97,"tail_removal_rate":100.0,"tail_post_filtering_doc_counts":0,"global_removal_rate":80.92485549132948}