{"cluster_sizes":[1,2,3,4,5,6,7,8,9,10,11,12,13,14,15,16,17,18,19,20,21,22,23,24,25,26,27,28,29,31,32,33,34,35,36,37,38,40,41,44,45,47,49,52,54,64,65],"cluster_removal_rates":[95.70093457943926,99.0228013029316,100.0,100.0,100.0,100.0,100.0,100.0,94.44444444444444,100.0,100.0,100.0,100.0,100.0,83.33333333333334,100.0,60.0,50.0,13.333333333333334,26.08695652173913,7.5,5.555555555555555,12.5,13.333333333333334,11.428571428571429,17.391304347826086,20.0,0.0,0.0,42.857142857142854,0.0,50.0,33.33333333333333,33.33333333333333,25.0,60.0,50.0,100.0,50.0,50.0,100.0,100.0,100.0,0.0,100.0,100.0,100.0],"cluster_post_filtering_doc_counts":[69,3,0,0,0,0,0,0,1,0,0,0,0,0,1,0,2,5,13,17,37,34,28,26,31,19,8,6,2,4,3,1,4,2,6,2,2,0,1,1,0,0,0,1,0,0,0],"tail_threshold":75,"tail_removal_rate":100.0,"tail_post_filtering_doc_counts":0,"global_removal_rate":87.42835307604126}