{"cluster_sizes":[1,2,3,4,5,6,7,8,9,10,11,12,13,14,17,20,34,35,36,37,39,44],"cluster_removal_rates":[86.94029850746269,64.33566433566433,28.000000000000004,72.72727272727273,66.66666666666666,43.47826086956522,75.0,85.71428571428571,100.0,100.0,100.0,100.0,100.0,100.0,100.0,100.0,100.0,100.0,100.0,100.0,100.0,100.0],"cluster_post_filtering_doc_counts":[35,51,54,9,6,13,3,1,0,0,0,0,0,0,0,0,0,0,0,0,0,0],"tail_threshold":98,"tail_removal_rate":100.0,"tail_post_filtering_doc_counts":0,"global_removal_rate":71.5702479338843}