{"cluster_sizes":[1,2,3,4,5,6,7,8,9,10,11,12,13,15,16,17,19,20,21,22,23,27,29,30,36,37,38,39,45,52,55,57,65,100,142],"cluster_removal_rates":[92.32505643340858,84.25196850393701,100.0,95.83333333333334,96.7741935483871,100.0,100.0,100.0,100.0,100.0,100.0,100.0,100.0,100.0,100.0,100.0,100.0,50.0,100.0,100.0,100.0,100.0,100.0,100.0,100.0,100.0,100.0,100.0,100.0,100.0,100.0,100.0,100.0,100.0,100.0],"cluster_post_filtering_doc_counts":[34,20,0,1,1,0,0,0,0,0,0,0,0,0,0,0,0,1,0,0,0,0,0,0,0,0,0,0,0,0,0,0,0,0,0],"tail_threshold":151,"tail_removal_rate":100.0,"tail_post_filtering_doc_counts":0,"global_removal_rate":92.578125}