{"cluster_sizes":[1,2,3,4,5,6,7,8,9,10,12,17,18,19,21,22,29,41],"cluster_removal_rates":[88.9423076923077,57.14285714285714,73.91304347826086,80.0,50.0,15.384615384615385,100.0,0.0,100.0,50.0,100.0,100.0,100.0,100.0,100.0,100.0,100.0,100.0],"cluster_post_filtering_doc_counts":[69,12,6,2,8,11,0,1,0,1,0,0,0,0,0,0,0,0],"tail_threshold":62,"tail_removal_rate":100.0,"tail_post_filtering_doc_counts":0,"global_removal_rate":84.93150684931507}