{"cluster_sizes":[1,2,3,4,5,6,7,15,16,17,18,19,20,21,22,23,24,25,26,27,28,29,30,31,32,33,34,35,36,37,38,39],"cluster_removal_rates":[73.64532019704434,74.4186046511628,42.857142857142854,100.0,100.0,100.0,100.0,100.0,0.0,25.0,43.75,60.0,36.95652173913043,44.5945945945946,56.84210526315789,54.807692307692314,58.333333333333336,56.58914728682171,65.8119658119658,65.75342465753424,43.75,65.51724137931035,66.66666666666666,50.0,50.0,0.0,0.0,0.0,0.0,0.0,0.0,0.0],"cluster_post_filtering_doc_counts":[107,11,4,0,0,0,0,0,1,6,9,10,29,41,41,47,55,56,40,25,27,10,3,3,1,2,4,4,1,5,3,1],"tail_threshold":40,"tail_removal_rate":0.0,"tail_post_filtering_doc_counts":2,"global_removal_rate":60.773085182534004}