{"cluster_sizes":[1,2,3,4,5,6,7],"cluster_removal_rates":[96.875,100.0,90.9090909090909,100.0,100.0,100.0,100.0],"cluster_post_filtering_doc_counts":[2,0,1,0,0,0,0],"tail_threshold":8,"tail_removal_rate":100.0,"tail_post_filtering_doc_counts":0,"global_removal_rate":97.22222222222221}