{"cluster_sizes":[1,2,3,4,5,6,7,8,9,10],"cluster_removal_rates":[60.0,22.857142857142858,25.688073394495415,18.571428571428573,26.82926829268293,38.46153846153847,30.76923076923077,50.0,25.0,60.0],"cluster_post_filtering_doc_counts":[16,27,81,57,30,16,9,1,3,2],"tail_threshold":119,"tail_removal_rate":100.0,"tail_post_filtering_doc_counts":0,"global_removal_rate":30.057803468208093}