{"cluster_sizes":[1,2,3,4,5,6,7,8,9,10,11,12,13,14,15,16,17,18,19,20,21,22,23,24,25,26,27,28,29,30,31,32,33,34,35,36,37,38,39,40,41,42,43,44,45,46,47,48,49,50,51,52,53,54,55,56,57,58,59,60,61,62,63,64,65,66,67,68,69,70,71,72,73,74,75,76,77,78,79,80,81,82,83,84,85,86,87,88,89,90,91,92,93,94,95,96,97,98,99,100,101,102,103,104,105,106,107,108,109,110,111,112,113,114,115,116,117,119,120,121,122,123,125,126,127,128,129,131,132,133,135,137,138,139,141,142,144,146,147,148,149,150,151,152,155,156,157,160,161,162,164,165,166,168,169,171,173,175],"cluster_removal_rates":[98.5770731425649,96.58912516055373,96.82029692000886,96.77809711087582,95.00117343346632,95.36211202283268,95.27750730282376,94.70108695652173,94.76950354609929,96.43243243243244,95.625,95.05988023952095,92.32323232323232,90.43977055449331,92.58426966292134,95.85365853658536,92.8374655647383,95.30386740331491,94.01993355481729,89.04109589041096,87.21461187214612,84.50704225352112,79.62962962962963,82.06896551724138,86.5079365079365,89.65517241379311,92.3076923076923,91.20879120879121,95.16129032258065,92.7536231884058,93.15068493150685,90.69767441860465,94.66666666666667,95.52238805970148,86.4406779661017,90.74074074074075,92.3076923076923,85.71428571428571,93.54838709677419,81.81818181818183,92.3076923076923,92.3076923076923,93.93939393939394,95.83333333333334,83.78378378378379,92.10526315789474,82.05128205128204,92.5,82.75862068965517,93.47826086956522,88.09523809523809,89.1891891891892,84.61538461538461,86.36363636363636,77.41935483870968,90.32258064516128,89.28571428571429,81.3953488372093,76.66666666666667,84.21052631578947,81.48148148148148,71.875,90.32258064516128,84.61538461538461,69.23076923076923,81.81818181818183,89.65517241379311,87.5,89.65517241379311,83.33333333333334,75.0,75.0,92.0,78.94736842105263,87.5,73.91304347826086,76.19047619047619,83.33333333333334,74.19354838709677,90.9090909090909,81.25,84.21052631578947,66.66666666666666,71.42857142857143,61.53846153846154,68.75,72.0,83.33333333333334,95.83333333333334,63.63636363636363,60.86956521739131,76.92307692307693,64.70588235294117,81.81818181818183,92.3076923076923,63.63636363636363,81.81818181818183,77.77777777777779,83.33333333333334,85.71428571428571,81.81818181818183,75.0,80.0,75.0,80.0,80.0,100.0,88.88888888888889,50.0,100.0,100.0,100.0,100.0,100.0,100.0,100.0,100.0,100.0,100.0,100.0,100.0,50.0,100.0,66.66666666666666,100.0,83.33333333333334,0.0,100.0,100.0,100.0,100.0,100.0,100.0,100.0,100.0,100.0,100.0,100.0,100.0,100.0,100.0,100.0,100.0,100.0,100.0,100.0,100.0,100.0,100.0,100.0,100.0,100.0,100.0,100.0,100.0,100.0,100.0,100.0],"cluster_post_filtering_doc_counts":[1725,717,287,213,213,130,97,78,59,33,35,33,38,50,33,17,26,17,18,24,28,33,33,26,17,12,7,8,3,5,5,8,4,3,8,5,3,5,2,6,3,3,2,2,6,3,7,3,5,3,5,4,4,6,7,3,3,8,7,6,5,9,3,4,8,6,3,4,3,4,5,4,2,4,3,6,5,4,8,2,3,3,10,8,10,5,7,4,1,8,9,3,6,4,1,4,2,2,1,1,2,2,1,1,1,1,0,1,3,0,0,0,0,0,0,0,0,0,0,0,0,1,0,1,0,1,1,0,0,0,0,0,0,0,0,0,0,0,0,0,0,0,0,0,0,0,0,0,0,0,0,0,0,0,0,0,0,0],"tail_threshold":176,"tail_removal_rate":98.88888888888889,"tail_post_filtering_doc_counts":2,"global_removal_rate":97.56554202457932}