{"cluster_sizes":[1,2,3,4,5,6,7,8,9,10,11,12,13,14,15,16,17,18,19,20,21,22,23,24,25,26,27,28,29,30,31,32,33,34,35,36,37,38,39,40,41,42,43,44,45,47,48,49,50,51,52,53,54,55,56,57,58,61,62,64],"cluster_removal_rates":[93.8793291221956,60.57692307692307,37.77089783281733,44.05594405594406,47.57281553398058,59.183673469387756,62.745098039215684,40.0,61.904761904761905,64.28571428571429,69.23076923076923,50.0,55.55555555555556,50.0,80.0,71.42857142857143,58.333333333333336,46.666666666666664,44.44444444444444,24.324324324324326,38.88888888888889,32.142857142857146,48.0,36.36363636363637,26.666666666666668,33.33333333333333,45.45454545454545,53.84615384615385,30.76923076923077,16.666666666666664,0.0,37.5,60.0,33.33333333333333,50.0,50.0,50.0,100.0,40.0,0.0,50.0,0.0,0.0,50.0,100.0,50.0,0.0,33.33333333333333,33.33333333333333,25.0,50.0,33.33333333333333,50.0,33.33333333333333,100.0,50.0,0.0,100.0,0.0,100.0],"cluster_post_filtering_doc_counts":[281,82,201,160,54,20,19,21,8,5,4,4,4,4,2,2,5,8,10,28,22,19,13,14,11,8,6,6,9,5,5,5,2,2,3,2,5,0,3,1,1,4,2,3,0,1,1,2,4,3,1,2,2,2,0,1,1,0,1,0],"tail_threshold":66,"tail_removal_rate":42.857142857142854,"tail_post_filtering_doc_counts":4,"global_removal_rate":82.02357563850687}