{"cluster_sizes":[1,2,3,4,5,6,7,8,9,10,11,12,13,14,15,16,17,18,19,20,21,22,23,24,25,26,27,28,29,30,31,32,33,34,35,36,37,38,39,40,41,42,43,44,45,46,47,48,49,50,51,52,53,54,55,56,57,58,59,60,61,62,63,64,65,66,67,68,69,70,71,72,74,75,76,77,78,79,80,81,82,83,84,85,86,87,88,89,90,91,92,93,94,95,96,97,98,100,101,102,103,104,105,106,108,109,110,111,113,114,115,116,117,119,120,121,123,125,126,129,132,133,134,135,136,140,143,146,147,149,155,156,159,160,161,162,163],"cluster_removal_rates":[99.10516460111212,96.4043321299639,94.69710918799484,94.71613265879708,91.82389937106919,89.13971934106162,84.3614248479583,88.6,87.1761658031088,86.80781758957656,83.92156862745098,84.14918414918415,82.13256484149855,82.96529968454259,80.37735849056604,81.45454545454545,82.82442748091603,76.10921501706484,75.57755775577559,68.59205776173285,70.56451612903226,63.78378378378379,64.62585034013605,57.35294117647059,56.14035087719298,71.29629629629629,76.63551401869158,77.77777777777779,87.67123287671232,91.13924050632912,92.85714285714286,94.91525423728814,95.52238805970148,100.0,94.64285714285714,97.05882352941177,96.96969696969697,98.24561403508771,100.0,100.0,96.96969696969697,100.0,100.0,89.47368421052632,100.0,100.0,100.0,100.0,100.0,100.0,100.0,100.0,100.0,100.0,100.0,100.0,100.0,100.0,100.0,100.0,85.71428571428571,100.0,100.0,100.0,100.0,100.0,100.0,100.0,100.0,100.0,100.0,100.0,100.0,100.0,100.0,100.0,100.0,100.0,100.0,80.0,100.0,100.0,100.0,100.0,100.0,100.0,100.0,100.0,100.0,100.0,100.0,100.0,100.0,100.0,50.0,100.0,100.0,100.0,100.0,100.0,100.0,100.0,100.0,100.0,100.0,100.0,100.0,100.0,100.0,100.0,100.0,100.0,100.0,75.0,100.0,100.0,100.0,100.0,100.0,100.0,100.0,100.0,100.0,100.0,0.0,100.0,100.0,100.0,100.0,100.0,100.0,100.0,100.0,100.0,100.0,100.0,100.0],"cluster_post_filtering_doc_counts":[626,498,288,188,182,178,180,114,99,81,82,68,62,54,52,51,45,70,74,87,73,67,52,58,50,31,25,16,9,7,5,3,3,0,3,2,2,1,0,0,1,0,0,2,0,0,0,0,0,0,0,0,0,0,0,0,0,0,0,0,1,0,0,0,0,0,0,0,0,0,0,0,0,0,0,0,0,0,0,1,0,0,0,0,0,0,0,0,0,0,0,0,0,0,1,0,0,0,0,0,0,0,0,0,0,0,0,0,0,0,0,0,0,1,0,0,0,0,0,0,0,0,0,0,1,0,0,0,0,0,0,0,0,0,0,0,0],"tail_threshold":164,"tail_removal_rate":100.0,"tail_post_filtering_doc_counts":0,"global_removal_rate":96.70324486002471}