{"cluster_sizes":[1,2,3,4,5,6,7,8,9,10,12,13,15,16,18,20,36],"cluster_removal_rates":[95.16129032258065,92.06349206349206,85.71428571428571,84.21052631578947,86.66666666666667,80.0,100.0,100.0,71.42857142857143,100.0,100.0,100.0,100.0,100.0,100.0,100.0,100.0],"cluster_post_filtering_doc_counts":[12,5,3,3,2,1,0,0,2,0,0,0,0,0,0,0,0],"tail_threshold":40,"tail_removal_rate":100.0,"tail_post_filtering_doc_counts":0,"global_removal_rate":93.03482587064677}