{"cluster_sizes":[1,2,3,4,5,6,7,8,9,10,11,12,13,14,15,16,17,19,20,21,22,26,30,41],"cluster_removal_rates":[99.43181818181817,98.57142857142858,96.55172413793103,100.0,100.0,100.0,100.0,100.0,100.0,100.0,100.0,100.0,100.0,100.0,100.0,100.0,100.0,100.0,100.0,100.0,100.0,100.0,100.0,100.0],"cluster_post_filtering_doc_counts":[2,1,1,0,0,0,0,0,0,0,0,0,0,0,0,0,0,0,0,0,0,0,0,0],"tail_threshold":42,"tail_removal_rate":100.0,"tail_post_filtering_doc_counts":0,"global_removal_rate":99.40915805022156}