{"cluster_sizes":[1,2,3,4,5,6,7,8,9,10,11,12,13,14,15,17,18,19,20,21,22,24,26,29,30,35,38,42,43,47,50,55,78,98,106,124,140,166,171,175],"cluster_removal_rates":[99.90108803165182,100.0,98.55072463768117,100.0,100.0,96.42857142857143,100.0,100.0,100.0,100.0,100.0,100.0,100.0,100.0,100.0,100.0,100.0,100.0,100.0,100.0,100.0,100.0,100.0,100.0,100.0,100.0,100.0,100.0,100.0,100.0,100.0,100.0,100.0,100.0,100.0,100.0,100.0,100.0,100.0,100.0],"cluster_post_filtering_doc_counts":[1,0,1,0,0,1,0,0,0,0,0,0,0,0,0,0,0,0,0,0,0,0,0,0,0,0,0,0,0,0,0,0,0,0,0,0,0,0,0,0],"tail_threshold":283,"tail_removal_rate":100.0,"tail_post_filtering_doc_counts":0,"global_removal_rate":99.79986657771848}