{"cluster_sizes":[1,2,3,4,5,6,7,8,9,10,12,13,14,15,18,22,26,27,28,29,32,33,34,39,48,50,54,59,102],"cluster_removal_rates":[95.0,95.45454545454545,93.54838709677419,80.0,100.0,100.0,100.0,100.0,100.0,100.0,100.0,100.0,100.0,100.0,100.0,100.0,100.0,100.0,100.0,100.0,100.0,100.0,100.0,100.0,100.0,100.0,100.0,100.0,100.0],"cluster_post_filtering_doc_counts":[21,2,2,3,0,0,0,0,0,0,0,0,0,0,0,0,0,0,0,0,0,0,0,0,0,0,0,0,0],"tail_threshold":105,"tail_removal_rate":100.0,"tail_post_filtering_doc_counts":0,"global_removal_rate":95.2136752136752}