{"cluster_sizes":[1,2,3,4,5,6,7,12,13,14,15,16,17,18,20,42],"cluster_removal_rates":[48.970251716247134,19.402985074626866,49.58775029446408,46.5,26.190476190476193,13.333333333333334,0.0,45.45454545454545,0.0,100.0,35.483870967741936,6.25,33.33333333333333,33.33333333333333,100.0,100.0],"cluster_post_filtering_doc_counts":[223,54,428,107,31,13,3,6,2,0,20,15,2,2,0,0],"tail_threshold":67,"tail_removal_rate":100.0,"tail_post_filtering_doc_counts":0,"global_removal_rate":46.263345195729535}