{"cluster_sizes":[1,2,3,4,5,6,7,8,9,10,11,12,13,14,15,16,17,19,20,24,25,26,27,39,46],"cluster_removal_rates":[91.03139013452915,96.66666666666667,95.65217391304348,100.0,100.0,100.0,100.0,100.0,100.0,100.0,100.0,100.0,100.0,100.0,100.0,100.0,100.0,100.0,100.0,100.0,100.0,100.0,100.0,100.0,100.0],"cluster_post_filtering_doc_counts":[20,1,1,0,0,0,0,0,0,0,0,0,0,0,0,0,0,0,0,0,0,0,0,0,0],"tail_threshold":407,"tail_removal_rate":100.0,"tail_post_filtering_doc_counts":0,"global_removal_rate":93.64161849710982}