{"cluster_sizes":[1,2,3,4,5,6,7,8,9,13,16,26,31,42,49,57],"cluster_removal_rates":[86.02150537634408,95.0,23.58490566037736,33.33333333333333,66.66666666666666,40.0,92.85714285714286,100.0,100.0,100.0,100.0,100.0,100.0,0.0,100.0,100.0],"cluster_post_filtering_doc_counts":[13,1,243,18,2,6,1,0,0,0,0,0,0,1,0,0],"tail_threshold":58,"tail_removal_rate":100.0,"tail_post_filtering_doc_counts":0,"global_removal_rate":42.88577154308617}