{"cluster_sizes":[1,2,3,4,5,6,7,8,9,10,11,12,13,14,15,16,17,18,19,20,21,22,23,24,25,26,27,28,29,30,31,32],"cluster_removal_rates":[99.2384023125886,99.75,99.81785063752277,99.8931623931624,100.0,100.0,100.0,100.0,98.11320754716981,100.0,100.0,100.0,100.0,100.0,96.15384615384616,100.0,100.0,100.0,100.0,100.0,100.0,100.0,100.0,100.0,100.0,100.0,100.0,100.0,100.0,66.66666666666666,100.0,100.0],"cluster_post_filtering_doc_counts":[274,13,3,1,0,0,0,0,2,0,0,0,0,0,1,0,0,0,0,0,0,0,0,0,0,0,0,0,0,1,0,0],"tail_threshold":33,"tail_removal_rate":97.87234042553192,"tail_post_filtering_doc_counts":1,"global_removal_rate":99.3480032599837}