{"cluster_sizes":[1,2,3,4,5,6,7,8,9,10,11,12,13,14,15,16,17,18,19,21,22,23,24,26,28,30,31,33,35,36,37],"cluster_removal_rates":[47.7326968973747,33.80447585394582,35.37604456824512,37.055837563451774,30.0,31.891891891891895,28.57142857142857,29.411764705882355,25.0,12.5,66.66666666666666,66.66666666666666,12.5,50.0,33.33333333333333,0.0,0.0,0.0,0.0,0.0,0.0,0.0,66.66666666666666,100.0,0.0,0.0,50.0,100.0,0.0,0.0,0.0],"cluster_post_filtering_doc_counts":[1314,562,232,124,91,126,75,24,12,7,1,1,7,2,2,2,4,1,2,1,1,3,1,0,1,1,1,0,2,2,4],"tail_threshold":38,"tail_removal_rate":16.666666666666664,"tail_post_filtering_doc_counts":5,"global_removal_rate":41.39169472502806}