{"cluster_sizes":[1,2,3,4,5,6,7,8,10,12,13,16,17,19,20,30,36,37,38],"cluster_removal_rates":[99.15966386554622,100.0,100.0,85.71428571428571,100.0,100.0,75.0,100.0,100.0,100.0,100.0,100.0,100.0,100.0,100.0,100.0,100.0,100.0,100.0],"cluster_post_filtering_doc_counts":[1,0,0,1,0,0,2,0,0,0,0,0,0,0,0,0,0,0,0],"tail_threshold":61,"tail_removal_rate":100.0,"tail_post_filtering_doc_counts":0,"global_removal_rate":97.96954314720813}