{"cluster_sizes":[1,2,3,4,5,6,7,8,9,10,11,12,13,14,15,16,17,18,19,20,21,22,23,24,25,26,27,28,30,31,32,33,36,37,38,39,40,41,42,43,46,47,51,52,59,64,66],"cluster_removal_rates":[96.79430097951915,100.0,72.23476297968398,63.87434554973822,74.33628318584071,86.0,100.0,67.44186046511628,69.23076923076923,81.25,100.0,100.0,100.0,100.0,100.0,100.0,100.0,100.0,100.0,100.0,100.0,100.0,100.0,100.0,100.0,100.0,100.0,75.0,100.0,100.0,100.0,100.0,100.0,100.0,100.0,100.0,100.0,100.0,100.0,100.0,100.0,100.0,100.0,100.0,100.0,100.0,100.0],"cluster_post_filtering_doc_counts":[108,0,123,69,29,7,0,14,4,3,0,0,0,0,0,0,0,0,0,0,0,0,0,0,0,0,0,1,0,0,0,0,0,0,0,0,0,0,0,0,0,0,0,0,0,0,0],"tail_threshold":69,"tail_removal_rate":100.0,"tail_post_filtering_doc_counts":0,"global_removal_rate":92.84143171365726}