{"cluster_sizes":[1,2,3,5,7,8,9,14,26],"cluster_removal_rates":[94.44444444444444,100.0,100.0,100.0,50.0,66.66666666666666,50.0,100.0,100.0],"cluster_post_filtering_doc_counts":[1,0,0,0,1,1,1,0,0],"tail_threshold":56,"tail_removal_rate":100.0,"tail_post_filtering_doc_counts":0,"global_removal_rate":89.74358974358975}