{"cluster_sizes":[1,2,3,4,5,6,7,8,9,10,11,12,13,14,15,16,17,18,19,20,21,22,23,24,25,26,27,28,29,30,31,32,33,34,35,36,37,38,39,40,41,42,43,44,45,46,47,48,49,50,51,52,53,54,55,56,57,58,59,60,61,62,63,64,65,66,67,69,70,71,72,73,74,75,77,78,80,82,84,85,86,87,88,89,91,93,94,95,96,97,101,102,103,105,106,108,109,110,112,113,114,115,116],"cluster_removal_rates":[96.37207702888583,88.89156047126713,82.94392523364486,76.1056105610561,71.38728323699422,72.98288508557457,66.89098250336474,66.09848484848484,67.72151898734177,82.87037037037037,89.84375,91.17647058823529,92.94117647058823,92.10526315789474,95.16129032258065,98.07692307692307,100.0,98.07692307692307,100.0,100.0,100.0,100.0,100.0,95.65217391304348,100.0,100.0,100.0,100.0,100.0,100.0,100.0,100.0,94.11764705882352,95.0,95.0,100.0,100.0,100.0,100.0,88.88888888888889,100.0,100.0,100.0,100.0,100.0,100.0,100.0,80.0,100.0,100.0,100.0,100.0,100.0,88.88888888888889,100.0,100.0,100.0,100.0,100.0,100.0,100.0,100.0,100.0,100.0,100.0,100.0,100.0,100.0,100.0,100.0,100.0,100.0,100.0,100.0,100.0,100.0,100.0,100.0,100.0,100.0,100.0,100.0,100.0,100.0,100.0,100.0,100.0,50.0,100.0,100.0,100.0,100.0,100.0,100.0,100.0,100.0,100.0,100.0,100.0,100.0,100.0,100.0,100.0],"cluster_post_filtering_doc_counts":[1688,462,365,362,297,221,246,179,102,37,13,9,6,6,3,1,0,1,0,0,0,0,0,1,0,0,0,0,0,0,0,0,1,1,1,0,0,0,0,1,0,0,0,0,0,0,0,1,0,0,0,0,0,1,0,0,0,0,0,0,0,0,0,0,0,0,0,0,0,0,0,0,0,0,0,0,0,0,0,0,0,0,0,0,0,0,0,1,0,0,0,0,0,0,0,0,0,0,0,0,0,0,0],"tail_threshold":121,"tail_removal_rate":100.0,"tail_post_filtering_doc_counts":0,"global_removal_rate":93.23733477387444}