{"cluster_sizes":[1,2,3,4,5,6,7,8,9,11,15,19,22,23,24,25,26,28,29],"cluster_removal_rates":[96.0,96.42857142857143,94.44444444444444,100.0,71.42857142857143,100.0,100.0,100.0,100.0,100.0,100.0,100.0,0.0,100.0,100.0,100.0,0.0,100.0,100.0],"cluster_post_filtering_doc_counts":[3,1,1,0,2,0,0,0,0,0,0,0,1,0,0,0,1,0,0],"tail_threshold":89,"tail_removal_rate":100.0,"tail_post_filtering_doc_counts":0,"global_removal_rate":94.33962264150944}