{"cluster_sizes":[1,2,3,4,5,6,7,8,9,11,12,13,14,15,16,17,21,24,26,35,36,43,45,51],"cluster_removal_rates":[92.38095238095238,78.68852459016394,50.0,13.761467889908257,27.77777777777778,48.0,60.0,100.0,100.0,0.0,100.0,100.0,100.0,100.0,100.0,100.0,100.0,100.0,100.0,100.0,100.0,100.0,100.0,100.0],"cluster_post_filtering_doc_counts":[64,13,34,188,52,13,2,0,0,1,0,0,0,0,0,0,0,0,0,0,0,0,0,0],"tail_threshold":334,"tail_removal_rate":100.0,"tail_post_filtering_doc_counts":0,"global_removal_rate":72.07001522070016}