{"cluster_sizes":[1,2,3,4,5,6,9,13,18,20,22,23,24,25,26,29],"cluster_removal_rates":[77.77777777777779,60.0,25.358851674641148,34.78260869565217,3.4482758620689653,28.57142857142857,0.0,100.0,100.0,0.0,66.66666666666666,100.0,100.0,80.0,100.0,100.0],"cluster_post_filtering_doc_counts":[8,6,156,15,28,5,1,0,0,1,1,0,0,1,0,0],"tail_threshold":76,"tail_removal_rate":0.0,"tail_post_filtering_doc_counts":1,"global_removal_rate":34.023668639053255}