{"cluster_sizes":[1,2,3,4,5,6,7,8,9,10,11,12,13,17,18,23,30,38,51],"cluster_removal_rates":[99.77272727272727,92.5,100.0,100.0,100.0,100.0,100.0,100.0,100.0,100.0,100.0,100.0,100.0,100.0,100.0,100.0,100.0,100.0,100.0],"cluster_post_filtering_doc_counts":[1,3,0,0,0,0,0,0,0,0,0,0,0,0,0,0,0,0,0],"tail_threshold":61,"tail_removal_rate":100.0,"tail_post_filtering_doc_counts":0,"global_removal_rate":99.28825622775801}