{"cluster_sizes":[1,2,3,4,5,6,7,8,9,10,11,12,13,14,15,16,17,18,19,20,21,22,23,24,25,26,27,28,29,30,31,32,33,34,35,36,37,38,39,40,41,43,44,46,47,48,52,54,56,58,60,61,65,69,72,76,92,102],"cluster_removal_rates":[57.99418604651163,30.162900683131898,37.250554323725055,39.33884297520661,55.172413793103445,49.18918918918919,54.81481481481482,55.55555555555556,59.09090909090909,40.909090909090914,32.967032967032964,36.440677966101696,50.0,53.333333333333336,55.319148936170215,43.75,48.148148148148145,30.434782608695656,35.0,50.0,42.857142857142854,35.714285714285715,20.0,18.181818181818183,36.36363636363637,27.77777777777778,15.625,8.333333333333332,22.727272727272727,6.666666666666667,14.285714285714285,20.0,22.22222222222222,6.25,36.36363636363637,14.285714285714285,37.5,0.0,25.0,11.11111111111111,0.0,0.0,0.0,100.0,100.0,100.0,100.0,100.0,100.0,100.0,100.0,100.0,100.0,100.0,0.0,100.0,100.0,100.0],"cluster_post_filtering_doc_counts":[1445,1329,566,367,104,94,61,36,27,52,61,75,47,35,21,18,14,16,13,2,4,9,16,9,7,13,27,22,17,14,12,12,14,15,7,6,5,2,6,8,3,1,1,0,0,0,0,0,0,0,0,0,0,0,1,0,0,0],"tail_threshold":113,"tail_removal_rate":100.0,"tail_post_filtering_doc_counts":0,"global_removal_rate":45.58320556669418}