{"cluster_sizes":[1,2,3,4,5,8,9,15,16,17,18,19,20,21,22,23,24,25,26,27,28,29,30,31,32,33,34,35,36,37,38,39,40,44,104],"cluster_removal_rates":[54.166666666666664,81.25,85.71428571428571,100.0,80.0,66.66666666666666,50.0,100.0,50.0,33.33333333333333,16.666666666666664,30.76923076923077,38.23529411764706,32.5,40.67796610169492,40.625,38.46153846153847,56.25,63.46153846153846,57.446808510638306,57.14285714285714,64.28571428571429,33.33333333333333,100.0,0.0,0.0,0.0,0.0,0.0,0.0,0.0,0.0,0.0,0.0,100.0],"cluster_post_filtering_doc_counts":[88,3,5,0,1,1,1,0,1,2,5,9,21,27,35,38,48,28,19,20,12,5,4,0,4,3,3,2,1,4,1,2,1,1,0],"tail_threshold":949,"tail_removal_rate":0.0,"tail_post_filtering_doc_counts":1,"global_removal_rate":50.12594458438288}