{"cluster_sizes":[1,2,3,4,5,6,7,8,9,10,11,12,13,14,16,20,21,22,24,25,31,33,38,42,47,86],"cluster_removal_rates":[90.9090909090909,86.29032258064517,71.62162162162163,75.0,78.125,100.0,92.85714285714286,100.0,100.0,100.0,100.0,100.0,100.0,100.0,100.0,100.0,100.0,100.0,100.0,100.0,100.0,100.0,100.0,100.0,100.0,100.0],"cluster_post_filtering_doc_counts":[35,17,21,16,7,0,1,0,0,0,0,0,0,0,0,0,0,0,0,0,0,0,0,0,0,0],"tail_threshold":303,"tail_removal_rate":100.0,"tail_post_filtering_doc_counts":0,"global_removal_rate":87.18626155878468}