{"cluster_sizes":[1,2,3,4,5,6,7,8,9,10,11,12,13,14,15,16,17,18,19,21,22,24,28,33,42,47,60,61,112],"cluster_removal_rates":[89.16030534351145,67.9245283018868,73.80952380952381,97.05882352941177,100.0,100.0,83.33333333333334,85.71428571428571,100.0,85.71428571428571,100.0,100.0,100.0,100.0,100.0,100.0,100.0,66.66666666666666,50.0,100.0,100.0,100.0,100.0,100.0,100.0,100.0,0.0,100.0,100.0],"cluster_post_filtering_doc_counts":[71,34,11,1,0,0,1,1,0,1,0,0,0,0,0,0,0,1,1,0,0,0,0,0,0,0,1,0,0],"tail_threshold":4737,"tail_removal_rate":100.0,"tail_post_filtering_doc_counts":0,"global_removal_rate":86.73139158576052}