{"cluster_sizes":[1,2,3,4,5,6,7,8,10,12,13,15,16,17,18,19,20,21,22,23,24,25,26,27,28,29,30,31,32,33,34,35,37,38,40,44],"cluster_removal_rates":[84.60317460317461,76.92307692307693,70.83333333333334,57.14285714285714,100.0,100.0,66.66666666666666,0.0,100.0,0.0,100.0,100.0,57.14285714285714,81.81818181818183,81.81818181818183,73.80952380952381,64.93506493506493,72.04301075268818,63.07692307692307,81.437125748503,78.53403141361257,84.28571428571429,83.03571428571429,83.65384615384616,80.88235294117648,75.67567567567568,94.44444444444444,85.71428571428571,50.0,0.0,0.0,0.0,0.0,0.0,0.0,0.0],"cluster_post_filtering_doc_counts":[97,18,7,3,0,0,1,1,0,1,0,0,3,2,4,11,27,26,48,31,41,22,19,17,13,9,1,1,2,3,3,3,3,3,2,1],"tail_threshold":50,"tail_removal_rate":33.33333333333333,"tail_post_filtering_doc_counts":2,"global_removal_rate":78.90818858560795}