{"cluster_sizes":[1,2,3,4,5,6,7,8,9,10,11,12,13,14,15,16,17,18,19,20,21,22,23,24,25,26,27,28,29,30,31,32,33,34,35,36,37,38,39,40,41,42,43,44,45,46,47,48,49,50,51,52,53,54,55,56,57,58,59,60,61,62,63,64,65,67,69,70,71,72,73,75,76,79,80,82,84,86,88,89,90,93,94,95,96,97,103,105,108,111,112,113,114,117,119,120,122,126,134,136,139,141,142,144,145,148,159,166,168,170,174,180,183,192,195],"cluster_removal_rates":[96.15558117387599,95.61435302645887,86.20457604306864,94.32404540763673,95.38950715421304,92.69776876267748,90.88235294117646,92.54237288135593,91.75257731958763,93.54838709677419,95.0,99.2248062015504,93.75,97.05882352941177,95.55555555555556,86.20689655172413,97.05882352941177,94.87179487179486,91.42857142857143,91.66666666666666,97.5,95.65217391304348,93.10344827586206,100.0,100.0,100.0,96.0,100.0,100.0,100.0,100.0,100.0,100.0,100.0,95.23809523809523,100.0,100.0,100.0,100.0,100.0,100.0,100.0,100.0,100.0,100.0,100.0,100.0,100.0,100.0,100.0,100.0,100.0,100.0,100.0,100.0,100.0,80.0,100.0,100.0,100.0,100.0,100.0,100.0,100.0,100.0,100.0,100.0,100.0,100.0,100.0,100.0,100.0,100.0,100.0,100.0,100.0,100.0,100.0,100.0,100.0,100.0,100.0,100.0,100.0,100.0,100.0,100.0,100.0,100.0,100.0,100.0,100.0,100.0,100.0,100.0,100.0,100.0,100.0,100.0,100.0,100.0,100.0,100.0,100.0,100.0,100.0,100.0,100.0,100.0,100.0,100.0,100.0,100.0,100.0,100.0],"cluster_post_filtering_doc_counts":[767,121,205,55,29,36,31,22,16,10,7,1,5,2,2,8,1,2,3,3,1,1,2,0,0,0,1,0,0,0,0,0,0,0,1,0,0,0,0,0,0,0,0,0,0,0,0,0,0,0,0,0,0,0,0,0,1,0,0,0,0,0,0,0,0,0,0,0,0,0,0,0,0,0,0,0,0,0,0,0,0,0,0,0,0,0,0,0,0,0,0,0,0,0,0,0,0,0,0,0,0,0,0,0,0,0,0,0,0,0,0,0,0,0,0],"tail_threshold":210,"tail_removal_rate":96.66666666666667,"tail_post_filtering_doc_counts":1,"global_removal_rate":95.32716827798795}