{"cluster_sizes":[1,2,3,4,5,6,7,8,9,10,11,12,13,14,15,16,17,18,19,20,21,22,23,24,25,26,27,28,29,30,31,32,33,34,35,36,37,38,39,40,41,42,43,44,45,46,47,49,50,51,52,54,55,57,58,59,60,62,65,67,70],"cluster_removal_rates":[93.95422484525695,79.95169082125604,85.82474226804123,89.92628992628993,90.97222222222221,98.75776397515527,98.11320754716981,97.2972972972973,100.0,95.1219512195122,100.0,100.0,96.15384615384616,100.0,93.33333333333333,100.0,92.3076923076923,100.0,100.0,100.0,92.85714285714286,100.0,100.0,100.0,90.9090909090909,100.0,100.0,100.0,100.0,100.0,100.0,100.0,100.0,100.0,100.0,100.0,100.0,100.0,100.0,100.0,100.0,100.0,100.0,100.0,100.0,100.0,100.0,100.0,100.0,100.0,100.0,100.0,100.0,100.0,100.0,100.0,100.0,100.0,100.0,100.0,100.0],"cluster_post_filtering_doc_counts":[840,166,55,41,13,2,2,2,0,2,0,0,1,0,1,0,1,0,0,0,1,0,0,0,1,0,0,0,0,0,0,0,0,0,0,0,0,0,0,0,0,0,0,0,0,0,0,0,0,0,0,0,0,0,0,0,0,0,0,0,0],"tail_threshold":73,"tail_removal_rate":94.11764705882352,"tail_post_filtering_doc_counts":1,"global_removal_rate":93.15674627227543}