{"cluster_sizes":[1,2,3,5,6,8,17,19,20,21,22,23,24,25,26,27,28,29,31,32,33,36,37,38],"cluster_removal_rates":[10.144927536231885,7.142857142857142,28.57142857142857,100.0,100.0,0.0,0.0,0.0,11.76470588235294,15.0,7.6923076923076925,8.571428571428571,8.695652173913043,29.411764705882355,10.0,20.0,66.66666666666666,33.33333333333333,0.0,0.0,0.0,0.0,0.0,0.0],"cluster_post_filtering_doc_counts":[62,78,5,0,0,1,2,6,15,17,24,32,21,12,18,4,1,2,1,1,1,3,1,2],"tail_threshold":39,"tail_removal_rate":0.0,"tail_post_filtering_doc_counts":2,"global_removal_rate":11.396011396011396}