{"cluster_sizes":[1,2,3,4,5,6,7,8,9,10,11,12,13,14,15,16,17,18,19,20,21,22,23,24,25,26,27,28,29,30,31,32,33,34,35,36,37,38,39,40,41,42,43,44,45,46,47,48,49,52,55,56,57,59,61,62,63,71,72,74,75,79,80,81,82,87,90,94,98,105,106,117,122,131,132,138,142,166,204,215,241,287,295],"cluster_removal_rates":[99.93319973279893,98.52095316351685,100.0,100.0,100.0,98.64864864864865,100.0,100.0,100.0,100.0,100.0,100.0,100.0,96.42857142857143,100.0,100.0,100.0,100.0,100.0,100.0,81.25,100.0,100.0,93.75,100.0,100.0,90.0,100.0,100.0,100.0,100.0,100.0,100.0,100.0,100.0,100.0,100.0,100.0,100.0,100.0,100.0,100.0,100.0,100.0,100.0,100.0,100.0,100.0,100.0,100.0,100.0,100.0,100.0,100.0,100.0,100.0,100.0,100.0,100.0,100.0,100.0,100.0,100.0,100.0,100.0,100.0,100.0,100.0,100.0,100.0,100.0,100.0,100.0,100.0,100.0,100.0,100.0,100.0,100.0,100.0,100.0,100.0,100.0],"cluster_post_filtering_doc_counts":[4,18,0,0,0,2,0,0,0,0,0,0,0,1,0,0,0,0,0,0,3,0,0,1,0,0,1,0,0,0,0,0,0,0,0,0,0,0,0,0,0,0,0,0,0,0,0,0,0,0,0,0,0,0,0,0,0,0,0,0,0,0,0,0,0,0,0,0,0,0,0,0,0,0,0,0,0,0,0,0,0,0,0],"tail_threshold":344,"tail_removal_rate":100.0,"tail_post_filtering_doc_counts":0,"global_removal_rate":99.71812458893169}