{"cluster_sizes":[1,2,13],"cluster_removal_rates":[53.65853658536586,53.57142857142857,0.0],"cluster_post_filtering_doc_counts":[19,13,1],"tail_threshold":21,"tail_removal_rate":100.0,"tail_post_filtering_doc_counts":0,"global_removal_rate":53.52112676056338}