{"cluster_sizes":[1,2,3,4,5,6,7,8,9,11,14,16,17,18,19,20,21,22,23,24,25,26,27,28,29,30,31,32,33,34,35,36,37,38,39,41],"cluster_removal_rates":[75.06702412868633,77.44510978043913,59.50413223140496,54.90196078431373,57.89473684210527,40.0,100.0,100.0,100.0,100.0,100.0,0.0,33.33333333333333,60.0,38.095238095238095,34.61538461538461,36.734693877551024,42.857142857142854,52.38095238095239,57.971014492753625,72.41379310344827,65.45454545454545,56.666666666666664,62.5,64.28571428571429,66.66666666666666,20.0,50.0,0.0,0.0,0.0,0.0,0.0,0.0,20.0,0.0],"cluster_post_filtering_doc_counts":[93,113,49,23,8,3,0,0,0,0,0,1,4,4,13,17,31,36,30,29,16,19,13,9,5,4,4,2,3,3,4,1,3,2,4,2],"tail_threshold":55,"tail_removal_rate":100.0,"tail_post_filtering_doc_counts":0,"global_removal_rate":66.11008039579468}