{"cluster_sizes":[1,2,3,4,5,6,7,8,18,22],"cluster_removal_rates":[19.047619047619047,29.850746268656714,35.294117647058826,50.0,33.33333333333333,100.0,0.0,0.0,100.0,100.0],"cluster_post_filtering_doc_counts":[102,47,11,1,2,0,1,1,0,0],"tail_threshold":46,"tail_removal_rate":100.0,"tail_post_filtering_doc_counts":0,"global_removal_rate":25.339366515837103}