{"cluster_sizes":[1,2,3,4,5,6,7,8,9,10,11,14,18,20,21,22,31,32],"cluster_removal_rates":[91.75257731958763,52.24586288416076,96.15384615384616,100.0,100.0,100.0,100.0,100.0,100.0,100.0,100.0,100.0,0.0,100.0,100.0,100.0,100.0,100.0],"cluster_post_filtering_doc_counts":[24,202,1,0,0,0,0,0,0,0,0,0,1,0,0,0,0,0],"tail_threshold":34,"tail_removal_rate":100.0,"tail_post_filtering_doc_counts":0,"global_removal_rate":70.99236641221374}