{"cluster_sizes":[1,2,3,4,5,6,9,16,17,18,19,20,21,22,23,24,25,26,27,28,29,30,31,32,33,34,35,36,37,38,39,41,42],"cluster_removal_rates":[74.88921713441654,58.92857142857143,29.411764705882355,30.0,4.545454545454546,0.0,0.0,66.66666666666666,57.14285714285714,88.88888888888889,81.08108108108108,72.85714285714285,69.47368421052632,67.76315789473685,78.77094972067039,80.31088082901555,77.67857142857143,84.44444444444444,79.6116504854369,83.78378378378379,87.75510204081633,83.33333333333334,85.71428571428571,25.0,0.0,100.0,0.0,0.0,0.0,0.0,0.0,0.0,0.0],"cluster_post_filtering_doc_counts":[170,46,12,7,21,6,1,1,3,2,7,19,29,49,38,38,50,21,21,12,6,3,1,3,2,0,3,3,8,1,1,1,2],"tail_threshold":43,"tail_removal_rate":33.33333333333333,"tail_post_filtering_doc_counts":2,"global_removal_rate":73.68185880250223}