{"cluster_sizes":[1,2,3,4,5,6,7,10,15,24,75],"cluster_removal_rates":[87.71929824561403,94.73684210526315,85.71428571428571,100.0,66.66666666666666,0.0,66.66666666666666,100.0,0.0,100.0,100.0],"cluster_post_filtering_doc_counts":[7,1,1,0,1,1,1,0,1,0,0],"tail_threshold":83,"tail_removal_rate":100.0,"tail_post_filtering_doc_counts":0,"global_removal_rate":87.5}