{"cluster_sizes":[1,2,3,4,5,6,7,8,9,10,11,12,13,14,15,16,17,18,19,21,22,23,24,32,34,37,38,40,41,42,53,60,66,79,85,106],"cluster_removal_rates":[99.79508196721312,99.27536231884058,97.72727272727273,100.0,97.05882352941177,100.0,100.0,92.85714285714286,100.0,100.0,100.0,100.0,100.0,100.0,100.0,100.0,80.0,100.0,100.0,100.0,100.0,100.0,100.0,100.0,100.0,100.0,100.0,100.0,100.0,100.0,100.0,100.0,100.0,100.0,100.0,100.0],"cluster_post_filtering_doc_counts":[1,1,2,0,1,0,0,1,0,0,0,0,0,0,0,0,1,0,0,0,0,0,0,0,0,0,0,0,0,0,0,0,0,0,0,0],"tail_threshold":173,"tail_removal_rate":100.0,"tail_post_filtering_doc_counts":0,"global_removal_rate":99.3041749502982}