{"cluster_sizes":[1,2,3,4,5,6,7,8,9,10,11,12,13,14,17,18,19,20,21,22,24,25,26,27,29,30,31,34,37,39,46,55,89,173],"cluster_removal_rates":[97.8021978021978,98.46153846153847,98.71794871794873,100.0,100.0,100.0,100.0,100.0,100.0,100.0,100.0,100.0,100.0,100.0,100.0,100.0,100.0,75.0,100.0,75.0,66.66666666666666,100.0,100.0,100.0,100.0,100.0,100.0,100.0,50.0,100.0,100.0,100.0,100.0,100.0],"cluster_post_filtering_doc_counts":[10,2,1,0,0,0,0,0,0,0,0,0,0,0,0,0,0,1,0,1,1,0,0,0,0,0,0,0,1,0,0,0,0,0],"tail_threshold":222,"tail_removal_rate":100.0,"tail_post_filtering_doc_counts":0,"global_removal_rate":98.09203142536475}