{"cluster_sizes":[1,2,3,4,5,6,7,8,9,10,11,12,13,14,15,16,17,18,19,20,21,22,24,26,29,30,31,32,34,35,36,37,39,40],"cluster_removal_rates":[98.90747234960885,72.04968944099379,80.0,83.87096774193549,87.17948717948718,70.0,62.5,80.0,100.0,100.0,88.88888888888889,60.0,100.0,87.5,66.66666666666666,75.0,100.0,40.0,100.0,100.0,100.0,100.0,100.0,0.0,100.0,100.0,100.0,100.0,50.0,100.0,100.0,100.0,100.0,100.0],"cluster_post_filtering_doc_counts":[81,45,13,5,5,9,3,2,0,0,1,2,0,1,3,1,0,3,0,0,0,0,0,1,0,0,0,0,1,0,0,0,0,0],"tail_threshold":53,"tail_removal_rate":87.5,"tail_post_filtering_doc_counts":1,"global_removal_rate":97.7449356605937}