{"cluster_sizes":[1,2,3,4,5,6,7,8,9,10,11,12,13,14,16,17,18,19,21,25,35,37,39],"cluster_removal_rates":[51.02040816326531,62.121212121212125,67.74193548387096,75.0,100.0,100.0,100.0,100.0,100.0,100.0,100.0,100.0,100.0,100.0,100.0,100.0,0.0,100.0,100.0,66.66666666666666,100.0,100.0,100.0],"cluster_post_filtering_doc_counts":[144,25,10,7,0,0,0,0,0,0,0,0,0,0,0,0,1,0,0,1,0,0,0],"tail_threshold":40,"tail_removal_rate":100.0,"tail_post_filtering_doc_counts":0,"global_removal_rate":60.91476091476091}