{"cluster_sizes":[1,2,3,4,5,6,7,8,9,10,11,12,13,14,15,16,17,18,19,20,21,22,23,24,25,30,31,32,33,37,38,41,44,46,64,65,68,72],"cluster_removal_rates":[96.24413145539906,73.68421052631578,71.42857142857143,100.0,60.0,0.0,50.0,33.33333333333333,0.0,50.0,100.0,50.0,66.66666666666666,50.0,50.0,80.0,100.0,75.0,50.0,66.66666666666666,66.66666666666666,100.0,0.0,0.0,0.0,0.0,33.33333333333333,0.0,0.0,50.0,0.0,100.0,0.0,100.0,100.0,0.0,0.0,100.0],"cluster_post_filtering_doc_counts":[8,5,2,0,2,2,2,2,2,1,0,1,1,1,1,1,0,1,1,1,1,0,2,2,2,1,2,1,1,1,1,0,1,0,0,1,1,0],"tail_threshold":79,"tail_removal_rate":0.0,"tail_post_filtering_doc_counts":1,"global_removal_rate":83.54430379746836}