{"cluster_sizes":[1,2,3,4,5,6,7,8,9,10,11,12,13,14,15,16,17,18,19,20,21,22,23,24,25,26,27,28,29,30,31,32,33,34,35,36,37,38,39,40,41,42,43,44,45,46,47,48,49,50,51,52,53,54,55,56,57,58,59,60,61,62,63,64,65,66,67,68,69,70,71,72,73,74,75,76,77,78,79,80,81,82,83,84,85,86,87,88,89,90,91,92,93,94,95,96,97,98,99,100,101,102,103,104,105,106,107,108,109,110,111,112,113,114,115,116,117,118,119,120,121,122,123,124,125,126,127,128,129,130,131,132,133,134,135,136,137,138,139,140,141,142,143,144,145,146,147,148,149,150,151,152,153,154,156,157,158,159,160,161,162,163,164,165,166,167,168,169,170,171,172,173,174,175,176,177,179,180,181,182,183,184,185,187,188,189,190,192,193,194,195,196,197,198,199,200,202,203,204,206,207,208,210,212,213,215,216,217,218,219,220,221,222,224,225,226,227,229,230,233,234,236,237,238,239,240,241,243,244,245,246,247,248,250,252,254,256,258,261,263,264,265,267,273,276,277,278,279,280,282,284,286,287,288,290,291,292,294,295,296,297,298,299],"cluster_removal_rates":[99.3825189693705,98.20911528150134,96.2717416738164,94.11157024793388,94.38911488287278,94.90218209179835,94.67692307692307,94.05344373353405,93.2425353588266,95.37037037037037,96.51898734177216,97.38387613454351,96.56903765690376,96.41693811074919,94.78138222849083,94.70899470899471,94.46564885496184,95.05376344086022,92.76485788113695,91.2621359223301,92.03821656050955,92.28070175438596,92.61538461538461,91.5915915915916,89.54248366013073,92.15686274509804,90.23569023569024,91.48148148148148,90.57377049180327,93.95348837209302,91.8552036199095,92.88888888888889,93.38235294117648,95.61128526645768,97.06601466992664,96.875,96.98492462311557,97.5975975975976,96.5034965034965,96.72897196261682,92.43243243243244,94.83870967741936,93.83561643835617,90.74074074074075,90.27777777777779,87.05882352941177,89.8876404494382,82.22222222222221,83.5820895522388,90.9090909090909,80.35714285714286,90.9090909090909,92.7536231884058,89.0909090909091,88.23529411764706,78.72340425531915,78.26086956521739,82.6923076923077,82.6923076923077,94.5945945945946,86.8421052631579,75.0,89.28571428571429,86.95652173913044,86.27450980392157,88.88888888888889,87.6923076923077,89.39393939393939,89.55223880597015,86.95652173913044,89.39393939393939,87.93103448275862,93.75,97.77777777777777,89.47368421052632,77.77777777777779,90.32258064516128,80.55555555555556,84.84848484848484,80.0,86.20689655172413,75.0,73.52941176470588,88.88888888888889,85.71428571428571,82.35294117647058,91.30434782608695,69.56521739130434,73.07692307692307,83.87096774193549,81.81818181818183,72.72727272727273,82.6086956521739,73.68421052631578,88.88888888888889,79.3103448275862,100.0,69.56521739130434,90.9090909090909,78.94736842105263,90.9090909090909,88.88888888888889,53.84615384615385,87.5,81.25,75.0,86.95652173913044,100.0,71.42857142857143,86.95652173913044,88.88888888888889,77.77777777777779,87.5,100.0,100.0,100.0,88.88888888888889,83.33333333333334,62.5,83.33333333333334,83.33333333333334,66.66666666666666,100.0,88.88888888888889,100.0,100.0,100.0,80.0,100.0,100.0,80.0,100.0,100.0,80.0,100.0,87.5,100.0,100.0,100.0,100.0,100.0,100.0,100.0,100.0,100.0,100.0,90.0,100.0,100.0,100.0,100.0,100.0,100.0,100.0,80.0,100.0,100.0,100.0,100.0,100.0,100.0,100.0,100.0,100.0,100.0,100.0,100.0,75.0,100.0,100.0,80.0,100.0,100.0,100.0,100.0,100.0,66.66666666666666,100.0,100.0,100.0,100.0,100.0,100.0,100.0,100.0,100.0,100.0,100.0,100.0,100.0,100.0,100.0,100.0,100.0,100.0,100.0,100.0,100.0,100.0,100.0,100.0,100.0,100.0,100.0,100.0,100.0,100.0,100.0,100.0,100.0,100.0,100.0,100.0,100.0,100.0,100.0,100.0,100.0,100.0,100.0,100.0,100.0,100.0,100.0,100.0,100.0,100.0,100.0,100.0,100.0,66.66666666666666,100.0,100.0,100.0,100.0,100.0,100.0,100.0,100.0,100.0,100.0,100.0,100.0,100.0,100.0,100.0,100.0,100.0,100.0,100.0,100.0,100.0,100.0,100.0,100.0,100.0,100.0,100.0,100.0,100.0,100.0,100.0,100.0],"cluster_post_filtering_doc_counts":[909,501,478,513,400,271,173,158,129,75,55,49,41,33,37,30,29,23,28,36,25,22,24,28,32,20,29,23,23,13,18,16,18,14,12,12,12,8,10,7,14,8,9,10,7,11,9,16,11,6,11,6,5,6,4,10,10,9,9,2,5,8,6,6,7,6,8,7,7,9,7,7,3,1,6,12,3,7,5,6,4,9,9,3,4,6,2,7,7,5,6,6,4,5,2,6,0,7,1,4,1,1,6,2,3,4,3,0,4,3,2,2,1,0,0,0,1,2,3,1,2,1,0,1,0,0,0,1,0,0,1,0,0,1,0,1,0,0,0,0,0,0,0,0,0,0,1,0,0,0,0,0,0,0,1,0,0,0,0,0,0,0,0,0,0,0,0,1,0,0,1,0,0,0,0,0,1,0,0,0,0,0,0,0,0,0,0,0,0,0,0,0,0,0,0,0,0,0,0,0,0,0,0,0,0,0,0,0,0,0,0,0,0,0,0,0,0,0,0,0,0,0,0,0,0,0,0,0,0,0,1,0,0,0,0,0,0,0,0,0,0,0,0,0,0,0,0,0,0,0,0,0,0,0,0,0,0,0,0,0,0,0,0],"tail_threshold":300,"tail_removal_rate":100.0,"tail_post_filtering_doc_counts":0,"global_removal_rate":97.98284384014575}