{"cluster_sizes":[1,2,3,4,5,6,7,8,9,11,12,13,14,15,16,17,20,22,28,30,35,45,88],"cluster_removal_rates":[82.84518828451883,96.72131147540983,100.0,100.0,100.0,100.0,100.0,100.0,100.0,75.0,100.0,100.0,100.0,100.0,100.0,100.0,100.0,100.0,100.0,100.0,100.0,100.0,100.0],"cluster_post_filtering_doc_counts":[41,2,0,0,0,0,0,0,0,1,0,0,0,0,0,0,0,0,0,0,0,0,0],"tail_threshold":219,"tail_removal_rate":100.0,"tail_post_filtering_doc_counts":0,"global_removal_rate":88.80407124681933}