{"cluster_sizes":[1,2,3,4,5,6,7,8,9,10,11,12,13,14,15,16,17,18,19,20,21,22,23,24,26,27,29,31,32,33,34,36,37,38,39,40,44,45,46,52,54,55,60,62,65,67,72],"cluster_removal_rates":[98.55421686746988,96.52777777777779,98.68421052631578,100.0,92.5925925925926,100.0,87.5,100.0,100.0,83.33333333333334,100.0,100.0,100.0,80.0,100.0,50.0,50.0,100.0,0.0,75.0,100.0,100.0,100.0,100.0,100.0,100.0,100.0,100.0,100.0,100.0,100.0,100.0,100.0,100.0,100.0,100.0,100.0,100.0,100.0,100.0,0.0,100.0,0.0,0.0,100.0,100.0,100.0],"cluster_post_filtering_doc_counts":[18,5,1,0,4,0,1,0,0,1,0,0,0,1,0,1,1,0,1,1,0,0,0,0,0,0,0,0,0,0,0,0,0,0,0,0,0,0,0,0,1,0,1,1,0,0,0],"tail_threshold":88,"tail_removal_rate":50.0,"tail_post_filtering_doc_counts":1,"global_removal_rate":97.68683274021353}