{"cluster_sizes":[1,2,3,4,5,6,7,8,9,10,11,12,13,14,15,16,17,18,19,20,21,22,23,24,25,26,27,28,29,30,31,32,33,34,35,36,37,38,39,40,41,42,43,44,45,46,47,48,49,50,51,52,53,54,55,56,57,58,59,60,61,62,63,64,65,66,67,68,69,70,71,72,73,74,75,76,77,78,79,80,81,82,83,84,85,86,87,88,89,90,91,92,93,94,95,96,97,98,99,100,101,102,103,104,105,106,107,108,109,110,111,112,113,114,115,116,117,118,119,120,121,122,123,124,125,126,127,128,129,130,131,132,133,134,135,136,137],"cluster_removal_rates":[58.397427666215066,53.31479879385505,46.57065179984858,42.89472402201978,41.63265306122449,55.561684133112706,43.83389261744966,40.89278597050618,37.68222467230185,38.25305434629968,40.87067453356721,41.26023495906016,35.20283750831301,36.235955056179776,36.48180242634315,32.15130023640662,28.33906071019473,27.99321376635967,28.5676741130092,28.402684563758392,30.17583664208735,29.92270887007729,28.17391304347826,24.977538185085354,22.05128205128205,24.230554001119195,22.540666150271107,23.7603305785124,32.213740458015266,38.41059602649007,51.470588235294116,54.89510489510489,54.9520766773163,63.20754716981132,56.916996047430835,60.07067137809188,62.96296296296296,61.49732620320856,53.888888888888886,55.27950310559007,44.15584415584416,57.99999999999999,53.52112676056338,55.55555555555556,55.55555555555556,54.807692307692314,56.30252100840336,51.546391752577314,50.53763440860215,60.46511627906976,52.94117647058824,65.71428571428571,53.086419753086425,52.054794520547944,60.29411764705882,64.1025641025641,55.769230769230774,58.490566037735846,57.692307692307686,59.64912280701754,59.09090909090909,67.3469387755102,86.11111111111111,58.536585365853654,58.06451612903226,58.69565217391305,67.56756756756756,68.18181818181817,67.74193548387096,60.0,72.72727272727273,55.88235294117647,71.05263157894737,70.96774193548387,67.64705882352942,62.5,53.125,66.66666666666666,58.139534883720934,54.054054054054056,61.29032258064516,66.66666666666666,61.76470588235294,79.3103448275862,63.1578947368421,66.66666666666666,74.19354838709677,64.28571428571429,80.0,60.0,52.94117647058824,84.21052631578947,62.5,86.36363636363636,91.30434782608695,81.25,70.37037037037037,55.55555555555556,61.111111111111114,64.70588235294117,78.57142857142857,66.66666666666666,58.333333333333336,70.58823529411765,68.42105263157895,61.53846153846154,66.66666666666666,85.71428571428571,68.75,60.0,85.71428571428571,61.111111111111114,50.0,83.33333333333334,60.0,66.66666666666666,60.0,35.714285714285715,85.71428571428571,100.0,77.77777777777779,80.0,66.66666666666666,69.23076923076923,33.33333333333333,77.77777777777779,25.0,71.42857142857143,60.0,83.33333333333334,66.66666666666666,66.66666666666666,44.44444444444444,100.0,50.0,63.63636363636363,57.14285714285714],"cluster_post_filtering_doc_counts":[158755,55582,31051,23444,14729,9668,6695,5932,5087,4397,3708,3300,2923,2270,2199,2583,3128,2971,2718,2667,2462,1904,1652,1670,1672,1354,1000,738,444,279,165,129,141,117,109,113,80,72,83,72,86,63,66,60,48,47,52,47,46,34,48,24,38,35,27,28,23,22,22,23,18,16,5,17,13,19,12,14,10,14,9,15,11,9,11,12,15,10,18,17,12,11,13,6,14,12,8,10,3,10,8,3,6,3,2,3,8,8,7,6,3,5,5,5,6,5,3,2,5,4,2,7,6,2,2,3,4,9,1,0,2,3,2,4,2,2,6,4,2,1,5,1,5,0,3,4,6],"tail_threshold":138,"tail_removal_rate":77.24867724867724,"tail_post_filtering_doc_counts":172,"global_removal_rate":52.188982365829276}