{"cluster_sizes":[1,2,3,4,5,7,8,9,10,14,19,35],"cluster_removal_rates":[100.0,85.71428571428571,85.71428571428571,100.0,100.0,100.0,100.0,100.0,100.0,100.0,100.0,100.0],"cluster_post_filtering_doc_counts":[0,1,1,0,0,0,0,0,0,0,0,0],"tail_threshold":63,"tail_removal_rate":100.0,"tail_post_filtering_doc_counts":0,"global_removal_rate":96.49122807017544}