{"cluster_sizes":[1,2,3,4,5,6,7,8,9,10,11,13,14,15,22,23,24,28,29,32,58],"cluster_removal_rates":[98.83248730964466,85.61151079136691,90.9090909090909,100.0,90.0,62.5,80.0,100.0,100.0,100.0,66.66666666666666,100.0,100.0,100.0,100.0,100.0,100.0,100.0,100.0,100.0,100.0],"cluster_post_filtering_doc_counts":[23,20,3,0,1,3,1,0,0,0,1,0,0,0,0,0,0,0,0,0,0],"tail_threshold":60,"tail_removal_rate":66.66666666666666,"tail_post_filtering_doc_counts":1,"global_removal_rate":97.5909090909091}