{"cluster_sizes":[1,2,3,4,5,6,7,8,9,10,11,12,13,14,15,16,17,19,21,22,27,32,33,35,36,39,60,69],"cluster_removal_rates":[70.37037037037037,97.77777777777777,97.82608695652173,99.61977186311786,100.0,100.0,100.0,100.0,100.0,100.0,100.0,0.0,100.0,100.0,100.0,100.0,100.0,100.0,100.0,100.0,100.0,100.0,100.0,100.0,100.0,100.0,100.0,100.0],"cluster_post_filtering_doc_counts":[56,1,1,1,0,0,0,0,0,0,0,1,0,0,0,0,0,0,0,0,0,0,0,0,0,0,0,0],"tail_threshold":80,"tail_removal_rate":100.0,"tail_post_filtering_doc_counts":0,"global_removal_rate":94.8542024013722}