{"cluster_sizes":[1,2,3,4,5,6,7,8,9,10,11,12,13,14,15,16,17,18,19,20,22,23,24,25,26,27,29,32,34,36,37,38,39,40,42,48,51,53,56,61,63,81,90,132,147],"cluster_removal_rates":[98.8467083133109,96.484375,97.79411764705883,98.71794871794873,100.0,100.0,100.0,100.0,95.0,100.0,100.0,100.0,100.0,100.0,100.0,100.0,100.0,100.0,100.0,100.0,100.0,100.0,100.0,100.0,100.0,100.0,100.0,100.0,100.0,100.0,100.0,100.0,100.0,100.0,100.0,100.0,100.0,100.0,100.0,100.0,100.0,100.0,100.0,100.0,100.0],"cluster_post_filtering_doc_counts":[24,9,3,1,0,0,0,0,1,0,0,0,0,0,0,0,0,0,0,0,0,0,0,0,0,0,0,0,0,0,0,0,0,0,0,0,0,0,0,0,0,0,0,0,0],"tail_threshold":153,"tail_removal_rate":100.0,"tail_post_filtering_doc_counts":0,"global_removal_rate":98.66244280183034}