{"cluster_sizes":[1,2,3,4,5,6,8,10,11,14],"cluster_removal_rates":[98.9795918367347,100.0,100.0,100.0,100.0,100.0,100.0,100.0,100.0,100.0],"cluster_post_filtering_doc_counts":[1,0,0,0,0,0,0,0,0,0],"tail_threshold":15,"tail_removal_rate":100.0,"tail_post_filtering_doc_counts":0,"global_removal_rate":99.25925925925925}