{"cluster_sizes":[1,2,3,4,5,10,16,17,18,19,20,21,22,23,24,25,26,27,28,29,30,31,32,33,34,35,36,37,38,39,42],"cluster_removal_rates":[80.65934065934066,69.67213114754098,38.46153846153847,80.0,50.0,100.0,100.0,66.66666666666666,33.33333333333333,57.14285714285714,51.02040816326531,58.9041095890411,58.490566037735846,59.23076923076923,64.75409836065575,70.50359712230215,76.72413793103449,71.62162162162163,78.43137254901961,82.5,66.66666666666666,85.71428571428571,25.0,0.0,0.0,0.0,0.0,14.285714285714285,0.0,0.0,0.0],"cluster_post_filtering_doc_counts":[88,37,8,1,1,0,0,1,6,12,24,30,44,53,43,41,27,21,11,7,4,1,3,1,1,4,1,6,2,1,1],"tail_threshold":48,"tail_removal_rate":0.0,"tail_post_filtering_doc_counts":2,"global_removal_rate":69.5322376738306}