{"cluster_sizes":[1,2,3,4,6,15,16,17,18,19,20,21,22,23,24,25,26,27,28,29,30,31,32,33,34,35,36,37,38,39,41,44],"cluster_removal_rates":[50.35971223021583,52.38095238095239,0.0,50.0,33.33333333333333,0.0,0.0,0.0,27.27272727272727,21.428571428571427,20.0,26.31578947368421,27.083333333333332,47.14285714285714,44.26229508196721,53.84615384615385,48.64864864864865,62.5,44.44444444444444,53.84615384615385,0.0,0.0,0.0,50.0,0.0,0.0,0.0,0.0,0.0,0.0,0.0,0.0],"cluster_post_filtering_doc_counts":[69,10,3,1,2,1,1,3,8,11,12,28,35,37,34,18,19,6,10,6,2,2,2,1,3,5,1,4,1,2,1,1],"tail_threshold":49,"tail_removal_rate":0.0,"tail_post_filtering_doc_counts":1,"global_removal_rate":41.37931034482759}