{"cluster_sizes":[1,2,3,4,5,15,19,20,21,22,23,24,25,26,27,29,30],"cluster_removal_rates":[93.87755102040816,90.9090909090909,100.0,100.0,33.33333333333333,100.0,100.0,100.0,100.0,87.5,100.0,85.71428571428571,100.0,100.0,100.0,100.0,100.0],"cluster_post_filtering_doc_counts":[3,1,0,0,2,0,0,0,0,1,0,1,0,0,0,0,0],"tail_threshold":44,"tail_removal_rate":0.0,"tail_post_filtering_doc_counts":1,"global_removal_rate":92.10526315789474}