{"cluster_sizes":[1,2,3,4,5,6,7,8,9,10,11,12,13,14,15,16,17,18,19,20,21,22,23,24,25,26,27,28,29,31,32,33,34,35,36,37,38,39,40,41,42,44,45,46,47,48,49,51,53,56,58,64,65,69,75,93,96,124,150,153,155,165,236,243,494,711,807,901,1044,1228],"cluster_removal_rates":[97.29144095341279,51.11940298507462,50.326797385620914,62.0253164556962,70.93023255813954,63.23529411764706,85.71428571428571,94.11764705882352,100.0,90.0,100.0,70.0,93.75,100.0,100.0,81.81818181818183,85.71428571428571,100.0,100.0,100.0,100.0,100.0,100.0,100.0,100.0,50.0,100.0,100.0,50.0,66.66666666666666,100.0,100.0,100.0,100.0,50.0,100.0,100.0,100.0,100.0,100.0,100.0,50.0,100.0,100.0,100.0,100.0,66.66666666666666,100.0,100.0,100.0,100.0,100.0,100.0,100.0,100.0,0.0,100.0,100.0,100.0,100.0,100.0,100.0,100.0,100.0,100.0,100.0,100.0,100.0,100.0,100.0],"cluster_post_filtering_doc_counts":[25,131,76,30,25,25,4,1,0,2,0,3,1,0,0,2,1,0,0,0,0,0,0,0,0,1,0,0,1,1,0,0,0,0,1,0,0,0,0,0,0,1,0,0,0,0,1,0,0,0,0,0,0,0,0,1,0,0,0,0,0,0,0,0,0,0,0,0,0,0],"tail_threshold":1371,"tail_removal_rate":100.0,"tail_post_filtering_doc_counts":0,"global_removal_rate":81.83306055646482}