{"cluster_sizes":[1,2,3,4,5,6,7,8,9,10,11,12,13,14,15,16,17,18,19,20,21,22,23,24,25,26,27,28,31,33,35,38,49,56,70,73,80,83,170],"cluster_removal_rates":[95.6043956043956,77.77777777777779,87.62886597938144,87.96992481203007,79.54545454545455,76.0,78.125,92.5925925925926,93.33333333333333,93.33333333333333,92.85714285714286,100.0,100.0,100.0,85.71428571428571,100.0,100.0,100.0,100.0,100.0,100.0,100.0,100.0,100.0,100.0,100.0,100.0,100.0,100.0,100.0,100.0,100.0,100.0,100.0,100.0,100.0,100.0,100.0,100.0],"cluster_post_filtering_doc_counts":[32,64,24,16,18,12,7,2,1,1,1,0,0,0,1,0,0,0,0,0,0,0,0,0,0,0,0,0,0,0,0,0,0,0,0,0,0,0,0],"tail_threshold":218,"tail_removal_rate":100.0,"tail_post_filtering_doc_counts":0,"global_removal_rate":89.27501497902935}