{"cluster_sizes":[1,2,3,4,5,6,7,8,9,10,11,12,13,14,15,16,17,18,20,21,22,24,25,30,31,32,34,35,36,37,38,39,40,42,43,47,52,55,58,62,63,64,98,155],"cluster_removal_rates":[93.7888198757764,98.44961240310077,96.20253164556962,96.72131147540983,80.35714285714286,93.93939393939394,44.51219512195122,67.24137931034483,33.33333333333333,59.42028985507246,85.71428571428571,62.5,60.0,50.0,87.5,100.0,100.0,100.0,100.0,100.0,100.0,100.0,100.0,100.0,100.0,100.0,100.0,100.0,100.0,100.0,100.0,100.0,100.0,100.0,100.0,100.0,100.0,100.0,100.0,100.0,100.0,100.0,100.0,100.0],"cluster_post_filtering_doc_counts":[50,2,3,2,11,2,91,19,76,28,2,3,2,5,1,0,0,0,0,0,0,0,0,0,0,0,0,0,0,0,0,0,0,0,0,0,0,0,0,0,0,0,0,0],"tail_threshold":240,"tail_removal_rate":100.0,"tail_post_filtering_doc_counts":0,"global_removal_rate":82.09764918625679}