{"cluster_sizes":[1,2,3,4,5,6,7,8,9,10,11,12,13,14,15,16,17,18,19,20,21,22,23,24,25,26,27,28,29,30,31,32,33,34,35,36,37,38,39,40,41,42,43,44,45,46,47,48,49,50,51,52,53,54,55,56,57,58,59,60,61,62,63,64,65,66,67,68,69,70,71,72,73,74,75,76,77,78,79,80,81,82,83,84,85,86,87,88,89,90,91,92,96,97,98,101,102,106,108,109,110,111,115],"cluster_removal_rates":[50.82339579784213,40.14336917562724,43.958333333333336,48.346636259977195,51.026856240126385,57.43589743589743,73.98373983739837,68.93203883495146,74.91638795986621,69.58762886597938,63.53591160220995,55.12820512820513,56.41025641025641,52.892561983471076,47.42268041237113,46.42857142857143,49.494949494949495,48.38709677419355,38.59649122807017,40.32258064516129,42.93785310734463,48.36601307189542,44.0,48.25174825174825,38.9937106918239,32.758620689655174,30.107526881720432,34.862385321100916,34.44444444444444,45.0,36.95652173913043,50.877192982456144,41.269841269841265,33.33333333333333,41.46341463414634,31.25,42.10526315789473,37.5,52.94117647058824,28.57142857142857,27.27272727272727,44.44444444444444,42.857142857142854,25.0,50.0,25.0,33.33333333333333,55.55555555555556,25.0,50.0,50.0,50.0,100.0,40.0,0.0,50.0,100.0,66.66666666666666,33.33333333333333,80.0,100.0,0.0,50.0,80.0,50.0,50.0,33.33333333333333,40.0,0.0,50.0,71.42857142857143,60.0,50.0,100.0,20.0,0.0,75.0,33.33333333333333,50.0,60.0,33.33333333333333,0.0,75.0,80.0,66.66666666666666,100.0,60.0,60.0,100.0,100.0,50.0,0.0,50.0,0.0,0.0,0.0,100.0,100.0,100.0,100.0,100.0,100.0,100.0],"cluster_post_filtering_doc_counts":[2598,1336,538,453,310,166,64,64,75,59,66,70,51,57,51,45,50,48,70,74,101,79,98,74,97,78,65,71,59,33,29,28,37,24,24,22,11,10,8,10,8,5,4,3,2,3,4,4,3,2,1,2,0,3,2,1,0,1,2,1,0,1,1,1,1,2,2,3,1,1,2,2,1,0,4,1,1,2,2,2,2,1,1,1,2,0,2,2,0,0,1,1,1,1,1,1,0,0,0,0,0,0,0],"tail_threshold":117,"tail_removal_rate":73.33333333333333,"tail_post_filtering_doc_counts":4,"global_removal_rate":49.06923237816356}