{"cluster_sizes":[1,2,3,4,5,6,7,8,9,10,11,12,13,14,15,16,17,18,19,20,21,23,25,26,27,28,29,30,33,34,35,37,38,41,42,44,45,46,49,50,51,53,56,61,62,64,65,67,68,113],"cluster_removal_rates":[95.32133676092545,94.3313953488372,95.88477366255144,91.66666666666666,86.53846153846155,97.82608695652173,95.34883720930233,100.0,76.92307692307693,100.0,90.9090909090909,100.0,100.0,100.0,100.0,100.0,100.0,100.0,100.0,100.0,100.0,100.0,100.0,100.0,100.0,50.0,100.0,0.0,100.0,100.0,100.0,100.0,100.0,100.0,100.0,100.0,100.0,100.0,100.0,0.0,100.0,100.0,0.0,50.0,100.0,100.0,100.0,100.0,100.0,100.0],"cluster_post_filtering_doc_counts":[91,39,10,9,7,1,2,0,3,0,1,0,0,0,0,0,0,0,0,0,0,0,0,0,0,1,0,1,0,0,0,0,0,0,0,0,0,0,0,1,0,0,1,1,0,0,0,0,0,0],"tail_threshold":116,"tail_removal_rate":100.0,"tail_post_filtering_doc_counts":0,"global_removal_rate":94.87648673376029}