{"cluster_sizes":[1,2,3,4,5,6,7,8,9,10,11,12,13,14,15,16,17,18,19,20,21,22,23,24,25,26,27,28,29,30,31,32,33,34,35,36,37,38,39,40,41,42,43,44,45,46,47,48,49,50,51,53,54,55,56,57,58,59,61,64,66,67,68,69,72,75,85],"cluster_removal_rates":[86.21200889547814,79.60526315789474,73.02052785923753,73.07032590051458,73.4375,70.38123167155426,65.04065040650406,67.13483146067416,62.41379310344828,60.256410256410255,64.83516483516483,51.369863013698634,48.34437086092716,54.761904761904766,47.706422018348626,47.93388429752066,50.0,48.717948717948715,47.540983606557376,48.818897637795274,51.21951219512195,50.79365079365079,47.008547008547005,54.86725663716814,44.537815126050425,49.166666666666664,50.92592592592593,49.54128440366973,44.642857142857146,49.549549549549546,56.470588235294116,58.87850467289719,65.3061224489796,56.25,59.70149253731343,46.666666666666664,51.06382978723404,66.66666666666666,52.63157894736842,25.0,50.0,50.0,50.0,37.5,77.77777777777779,66.66666666666666,0.0,66.66666666666666,66.66666666666666,100.0,66.66666666666666,100.0,50.0,100.0,100.0,100.0,75.0,100.0,0.0,100.0,100.0,0.0,100.0,0.0,100.0,100.0,100.0],"cluster_post_filtering_doc_counts":[744,186,184,157,102,101,129,117,109,93,64,71,78,57,57,63,60,80,64,65,80,62,62,51,66,61,53,55,62,56,37,44,34,28,27,24,23,9,9,12,5,3,4,5,2,1,2,1,1,0,1,0,1,0,0,0,1,0,1,0,0,1,0,1,0,0,0],"tail_threshold":87,"tail_removal_rate":92.85714285714286,"tail_post_filtering_doc_counts":1,"global_removal_rate":72.86955160810706}