{"cluster_sizes":[1,2,3,4,5,6,8,9,10,11,12,13,14,15,16,17,18,19,20,21,22,23,24,25,26,27,28,29,30,31,32,33,34,35,37,39,40,41,42,43,49,53,56,65,113,243],"cluster_removal_rates":[70.27027027027027,50.877192982456144,71.9298245614035,80.0,94.44444444444444,86.66666666666667,87.5,100.0,100.0,100.0,100.0,100.0,66.66666666666666,66.66666666666666,20.0,0.0,6.451612903225806,0.0,2.941176470588235,8.51063829787234,8.0,0.0,6.666666666666667,0.0,0.0,0.0,0.0,0.0,0.0,0.0,25.0,25.0,0.0,0.0,100.0,100.0,100.0,50.0,100.0,100.0,100.0,100.0,100.0,100.0,100.0,100.0],"cluster_post_filtering_doc_counts":[99,84,16,4,1,2,1,0,0,0,0,0,1,1,4,13,29,34,33,43,23,25,14,7,3,3,1,2,3,2,3,6,1,1,0,0,0,1,0,0,0,0,0,0,0,0],"tail_threshold":692,"tail_removal_rate":100.0,"tail_post_filtering_doc_counts":0,"global_removal_rate":50.27027027027027}