{"cluster_sizes":[1,2,3,4,5,6,7,8,9,13,25,29,36,37,40],"cluster_removal_rates":[60.97560975609756,100.0,90.9090909090909,100.0,100.0,100.0,100.0,100.0,100.0,100.0,100.0,100.0,100.0,100.0,100.0],"cluster_post_filtering_doc_counts":[32,0,1,0,0,0,0,0,0,0,0,0,0,0,0],"tail_threshold":1008,"tail_removal_rate":100.0,"tail_post_filtering_doc_counts":0,"global_removal_rate":73.17073170731707}