{"cluster_sizes":[1,2,3,4,5,6,7,8,9,10,11,12,13,14,15,22,25,29,39,46],"cluster_removal_rates":[98.11320754716981,100.0,100.0,100.0,100.0,100.0,100.0,100.0,100.0,100.0,100.0,66.66666666666666,100.0,100.0,100.0,100.0,100.0,100.0,100.0,100.0],"cluster_post_filtering_doc_counts":[3,0,0,0,0,0,0,0,0,0,0,1,0,0,0,0,0,0,0,0],"tail_threshold":180,"tail_removal_rate":100.0,"tail_post_filtering_doc_counts":0,"global_removal_rate":98.64406779661017}