{"cluster_sizes":[1,2,3,4,5,6,7,8,12,14,15,16,17,18,19,20,21,22,23,24,25,26,27,28,29,30,31,32,33,34,35,36,37,38,42,46,54,61],"cluster_removal_rates":[72.2863741339492,55.833333333333336,48.148148148148145,72.72727272727273,66.66666666666666,33.33333333333333,50.0,100.0,0.0,0.0,33.33333333333333,50.0,0.0,33.33333333333333,31.25,39.473684210526315,53.2258064516129,55.69620253164557,53.333333333333336,50.76923076923077,57.72357723577236,51.9607843137255,65.27777777777779,75.0,62.5,50.0,0.0,16.666666666666664,0.0,0.0,0.0,0.0,0.0,0.0,0.0,0.0,100.0,100.0],"cluster_post_filtering_doc_counts":[120,53,14,3,2,2,1,0,1,1,2,1,1,6,11,23,29,35,49,64,52,49,25,9,9,6,1,5,2,3,3,3,3,1,2,1,0,0],"tail_threshold":69,"tail_removal_rate":100.0,"tail_post_filtering_doc_counts":0,"global_removal_rate":59.11602209944752}