{"cluster_sizes":[1,2,3,5,16,17,18,19,20,21,22,23,24,25,26,27,28,29,30,33,34,35,36,37,38,39,41,43,50],"cluster_removal_rates":[35.2112676056338,31.25,50.0,100.0,0.0,0.0,33.33333333333333,0.0,15.384615384615385,16.129032258064516,14.814814814814813,11.904761904761903,22.22222222222222,14.285714285714285,31.57894736842105,31.57894736842105,33.33333333333333,40.0,0.0,0.0,0.0,0.0,0.0,0.0,0.0,0.0,0.0,0.0,100.0],"cluster_post_filtering_doc_counts":[46,11,1,0,3,1,2,9,11,26,23,37,35,24,13,13,8,3,1,1,2,5,3,4,1,2,2,1,0],"tail_threshold":164,"tail_removal_rate":0.0,"tail_post_filtering_doc_counts":1,"global_removal_rate":22.10242587601078}