{"cluster_sizes":[1,2,3,4,5,6,7,8,12,13,22,36,42,43],"cluster_removal_rates":[82.5,7.960199004975125,5.223880597014925,0.0,50.0,20.0,50.0,0.0,100.0,50.0,100.0,100.0,0.0,100.0],"cluster_post_filtering_doc_counts":[7,185,127,1,3,4,1,1,0,1,0,0,1,0],"tail_threshold":49,"tail_removal_rate":100.0,"tail_post_filtering_doc_counts":0,"global_removal_rate":16.834170854271356}