{"cluster_sizes":[1,2,3,4,5,6,7,8,9,10,11,12,13,14,15,16,17,18,19,20,21,22,23,24,25,26,27,28,29,30,31,32,33,34,35,36,37,38,39,40,41,42,43,44,45,46,47,48,49,50,51,52,53,54,55,56,57,58,59,60,61,62,63,64,65,66,67,68,69,70,71,72,73,74,75,76,77,78,79,80,81,82,83,84,85,86,87,88,89,90,91,92,93,94,95,96,97,98,99,100,101,102,103,104,105,106,107,108,109,110,111,112,113,114,115,116,117,118,119,120,121,122,123,124,125,126,127,128,129,130,131,132,133,134,135,136,137,138,139,140,141,142,143,144,145,146,147,148,149,150,151,152,153,154,155,156,157,158,159,160,161,162,163,164,165,166,167,168,169,170,171,172,173,174,175,176,177,178,179,180,181,182,183,184,185,186,187,188,189,190,191,192,193,194,195,196,197,198],"cluster_removal_rates":[99.75066828092972,99.10452563094302,98.9394766684867,98.93352763885669,99.1253245865792,99.03896443514645,99.04676794757223,98.86218358476093,99.22111639982691,98.69440141624253,98.5200845665962,98.59796705222573,98.64803965750339,98.4504132231405,98.54368932038835,97.62550881953868,97.0281124497992,98.13311688311688,97.45042492917847,96.54427645788337,98.00235017626322,98.84169884169884,98.0392156862745,98.27089337175792,97.59450171821305,96.98581560283688,97.88583509513742,97.59825327510917,96.74185463659147,97.65625,98.57549857549857,97.04301075268818,96.7948717948718,96.71641791044776,96.97986577181209,96.0431654676259,98.92857142857143,98.88888888888889,98.36734693877551,96.7741935483871,96.60194174757282,96.46464646464646,98.38709677419355,99.375,97.5,98.55072463768117,99.3006993006993,95.8904109589041,96.57534246575342,95.41284403669725,97.87234042553192,92.15686274509804,95.0,95.1923076923077,96.96969696969697,97.11538461538461,96.55172413793103,95.83333333333334,96.73913043478261,95.41284403669725,98.95833333333334,95.95959595959596,92.6829268292683,92.85714285714286,95.55555555555556,98.61111111111111,92.20779220779221,94.8051948051948,91.78082191780823,95.23809523809523,98.64864864864865,92.42424242424242,91.93548387096774,96.72131147540983,90.625,100.0,95.45454545454545,95.74468085106383,95.0,91.11111111111111,95.83333333333334,89.0909090909091,90.2439024390244,96.0,97.5609756097561,93.02325581395348,97.36842105263158,82.35294117647058,97.22222222222221,98.0,100.0,94.44444444444444,86.20689655172413,95.65217391304348,100.0,90.9090909090909,92.3076923076923,100.0,96.875,100.0,100.0,96.875,100.0,87.5,95.65217391304348,100.0,84.21052631578947,100.0,100.0,100.0,100.0,95.23809523809523,95.0,100.0,100.0,100.0,93.33333333333333,83.33333333333334,100.0,100.0,94.44444444444444,100.0,100.0,100.0,100.0,100.0,100.0,100.0,100.0,100.0,100.0,100.0,100.0,93.33333333333333,100.0,100.0,100.0,100.0,95.0,92.85714285714286,100.0,100.0,100.0,100.0,100.0,100.0,100.0,100.0,88.88888888888889,100.0,100.0,100.0,100.0,100.0,100.0,100.0,100.0,100.0,100.0,100.0,100.0,80.0,100.0,100.0,100.0,100.0,100.0,100.0,100.0,85.71428571428571,100.0,100.0,100.0,100.0,100.0,100.0,100.0,100.0,100.0,100.0,100.0,100.0,100.0,100.0,100.0,100.0,100.0,100.0,100.0,100.0,100.0,100.0,100.0,100.0,100.0,100.0,100.0,100.0],"cluster_post_filtering_doc_counts":[2288,1002,505,322,192,147,96,89,54,59,49,40,30,30,24,35,37,23,27,32,17,9,14,12,14,17,10,11,13,9,5,11,10,11,9,11,3,3,4,7,7,7,3,1,4,2,1,6,5,5,3,8,5,5,3,3,4,4,3,5,1,4,6,6,4,1,6,4,6,4,1,5,5,2,6,0,2,2,2,4,2,6,4,1,1,3,1,6,1,1,0,2,4,1,0,2,2,0,1,0,0,1,0,2,1,0,3,0,0,0,0,1,1,0,0,0,1,2,0,0,1,0,0,0,0,0,0,0,0,0,0,0,0,1,0,0,0,0,1,1,0,0,0,0,0,0,0,0,1,0,0,0,0,0,0,0,0,0,0,0,0,1,0,0,0,0,0,0,0,1,0,0,0,0,0,0,0,0,0,0,0,0,0,0,0,0,0,0,0,0,0,0,0,0,0,0,0,0],"tail_threshold":199,"tail_removal_rate":99.17287014061208,"tail_post_filtering_doc_counts":10,"global_removal_rate":99.54436575928966}