{"cluster_sizes":[1,2,3,4,5,6,7,8,9,10,11,12,13,14,15,16,17,18,19,20,21,22,23,24,25,26,27,28,29,30,31,32,33,34,35,36,37,38,39,40,41,42,43,44,45,46,47,48,49,50,51,52,53,54,55,56,57,58,59,60,61,62,63,64,65,66,67,68,69,70,71,72,73,74,75,76,77,78,79,80,81,82,83,84,85,86,87,88,89,90,91,92,93,94,95,96,97,98,99,100,101,102,103,104,105,106,107,108,109,110,111,112,113,114,115,116,117,118,119,120,121,122,123,124,125,126,127,128,129,130,131,132,133,134,135,136,137,138,139,140,141,142,143,144,145,146,147,148,149,150,151,152,153,154,155,156,157,158,159,160,161,162,163,164,165,166,167,168,169,170,171,172,173,174,175,176,177,178],"cluster_removal_rates":[99.8864997562317,99.70323015269018,99.58950105307525,99.5087350375269,99.38997216283771,99.38005721849004,99.31884901040327,99.22028096344498,99.19917907921463,99.08088000306799,99.04582083010216,99.02332619333032,99.01689180906617,98.91749319998901,98.91932728944948,98.7443095599393,98.70911025771527,98.76384899466557,98.71877001921845,98.54152260011317,98.46076386391425,98.56384639400562,98.4514031485284,98.45042221641856,98.59692660112628,98.5593884751078,98.49858927851672,98.73150105708245,98.61010268644331,98.66795574175529,98.52318121292821,98.58847683818811,98.2870022539444,98.45108266160898,98.26346255042975,98.54342744110771,98.25487012987013,98.28982898289829,98.0082584406121,97.8622327790974,97.55458515283843,97.94091316025067,98.27127659574468,97.98198198198197,97.32972136222911,97.28546409807356,97.35528942115769,97.265625,96.75898644667059,97.3780487804878,96.91629955947137,97.1106412966878,97.7726574500768,96.58848614072495,96.80851063829788,95.50118389897395,96.26865671641791,96.16390584132519,95.73712255772647,95.3405017921147,96.78423236514523,95.05334626576139,92.9769392033543,94.7310647639956,94.71910112359551,94.93243243243244,95.60570071258907,95.41511771995044,94.82758620689656,94.55958549222798,94.76439790575915,93.41397849462365,92.50764525993884,93.48127600554785,92.5,93.71980676328504,95.05988023952095,93.41216216216216,93.1740614334471,92.73301737756714,94.55535390199637,91.87620889748548,91.796875,91.98218262806236,92.02586206896551,94.39655172413794,93.0327868852459,93.24324324324324,92.3076923076923,94.20600858369099,91.48936170212765,90.78014184397163,92.0,90.42821158690177,91.91374663072777,90.51724137931035,89.83957219251337,91.78082191780823,93.93939393939394,92.96636085626912,91.0891089108911,94.94949494949495,92.85714285714286,92.7007299270073,95.4225352112676,93.33333333333333,94.98069498069498,94.54545454545455,96.35036496350365,96.32352941176471,94.96124031007753,96.21212121212122,95.56451612903226,95.09433962264151,94.48818897637796,95.11111111111111,95.02762430939227,96.6824644549763,96.96969696969697,94.66019417475728,98.88888888888889,94.70588235294117,94.89795918367348,95.85798816568047,97.5,95.65217391304348,96.15384615384616,96.5909090909091,96.44670050761421,97.35449735449735,98.28571428571429,97.31182795698925,97.84946236559139,98.46938775510205,97.22222222222221,98.34254143646409,98.06451612903226,97.16312056737588,95.42483660130719,96.35036496350365,97.74436090225564,95.1219512195122,97.6923076923077,97.9020979020979,97.52066115702479,98.38709677419355,98.50746268656717,98.27586206896551,98.4,99.20634920634922,97.27272727272728,96.36363636363636,96.8,98.51851851851852,97.05882352941177,97.67441860465115,97.9020979020979,98.61111111111111,96.8,98.36065573770492,97.41379310344827,99.04761904761905,98.87640449438202,96.62921348314607,100.0,98.88888888888889,98.9247311827957,97.9381443298969,100.0,96.62921348314607,98.9010989010989,100.0,100.0,100.0,97.67441860465115,97.84946236559139,98.95833333333334,98.91304347826086],"cluster_post_filtering_doc_counts":[10546,5163,3175,2467,1889,1363,1007,943,757,719,566,497,401,394,329,331,279,241,220,232,214,184,181,178,147,147,149,126,134,124,122,110,114,98,99,81,86,76,82,81,84,69,52,56,69,62,53,56,55,43,49,41,29,48,39,57,45,44,48,52,31,51,67,48,47,45,37,37,42,42,40,49,49,47,54,39,33,39,40,46,30,42,42,36,37,26,34,30,34,27,40,39,34,38,30,33,38,30,20,23,27,15,20,20,13,18,13,15,10,10,13,10,11,13,14,11,9,7,6,11,2,9,10,7,4,8,7,6,7,5,3,5,4,3,5,3,3,4,7,5,3,6,3,3,3,2,2,2,2,1,3,4,4,2,4,3,3,2,4,2,3,1,1,3,0,1,1,2,0,3,1,0,0,0,2,2,1,1],"tail_threshold":179,"tail_removal_rate":99.54633830200908,"tail_post_filtering_doc_counts":63,"global_removal_rate":99.73169751477468}