{"cluster_sizes":[1,2,3,4,5,6,7,8,9,10,11,12,13,14,15,16,17,18,19,20,21,22,23,24,25,26,27,28,29,30,31,32,33,34,35,36,37,38,39,40,41,42,43,44,45,46,47,48,49,50,51,52,53,54,55,56,57,58,59,60,61,62,63,64,65,66,67,68,69,70,71,72,73,74,75,76,77,78,79,80,81,82,83,84,85,86,87,88,89,90,91,92,93,94,95,96,97,98,99,100,101,102,103,104,105,106,107,108,109,110,111,112,113,114,115,116,117,118,119,120,121,122,123,124,125,126,127,128,129,130,131,132,133,134,135,136,137,138,139,140,141,142,143,144,145,146,147,148,149,150,151,152,153,154,155,156,157,158,159,160,161,162,163,164,165,166,167,168,169,170,171,172,173,174,175,176,177,178,179,180,181,182,183,184,185,186,187,188,189,190,191,192,193,194,195,196,197,198,199,200,201,202,203,204,205,206,207,208,209,210,211,212,213,214,215,216,217,218,219,220,221,222,223,224,225,226,227,228],"cluster_removal_rates":[99.82235167246323,99.55294025166062,99.34699322544044,99.56692681132515,99.49331296953686,99.72745087733787,99.64401569732829,99.63115060106026,99.731787016225,99.70928891144848,99.77323643516748,99.78220485555057,99.66276261222258,99.74238755216652,99.59851572480078,99.63147478332081,99.66758553591698,99.73234329131411,99.75101151571741,99.73013816925734,99.76435569887138,99.73997536608732,99.56027293404094,99.60837475523422,99.75434286716968,99.7717329275252,99.8110037799244,99.78270317253369,99.61290322580645,99.63702359346642,99.66072943172179,99.75456776656667,99.7250481165796,99.7920997920998,99.80188211986132,99.62092494313875,99.70262233035956,99.57691145361136,99.78715856686769,99.84591679506933,99.85795454545455,99.6822033898305,99.40828402366864,99.60212201591511,99.40209267563527,99.60443037974683,99.58333333333333,99.48805460750853,99.60435212660732,99.71671388101983,99.67284623773173,99.63811821471653,99.88249118683902,99.6124031007752,99.72789115646259,99.87546699875467,99.59349593495935,99.32614555256065,99.55947136563876,99.60159362549801,99.69879518072288,99.34640522875817,99.66777408637874,99.68895800933126,99.2818671454219,99.18962722852513,99.64539007092199,99.65811965811966,99.32318104906938,99.1652754590985,99.14675767918088,99.67105263157895,99.65635738831615,99.59758551307847,99.78991596638656,99.0909090909091,99.05882352941177,99.47368421052632,99.23273657289002,97.46835443037975,99.41690962099126,98.68073878627969,98.31460674157303,99.13544668587896,98.30985915492958,99.40119760479041,99.6875,98.45201238390094,99.3920972644377,99.6551724137931,99.29078014184397,98.92086330935251,98.96193771626297,98.17518248175182,98.4251968503937,98.96193771626297,98.53479853479854,99.2156862745098,98.75,99.54954954954955,100.0,99.12280701754386,99.52380952380952,99.54954954954955,99.52380952380952,100.0,99.53917050691244,100.0,99.50248756218906,100.0,99.47643979057592,100.0,100.0,100.0,100.0,100.0,99.375,98.94736842105263,99.35483870967742,98.86363636363636,99.33774834437085,100.0,100.0,98.58156028368793,99.24812030075188,100.0,100.0,100.0,99.40476190476191,99.3975903614458,100.0,100.0,100.0,99.30555555555556,100.0,100.0,98.1981981981982,100.0,99.13793103448276,100.0,100.0,100.0,100.0,100.0,99.01960784313727,100.0,100.0,97.40259740259741,98.79518072289156,98.83720930232558,100.0,98.85057471264368,98.7012987012987,98.80952380952381,97.61904761904762,98.57142857142858,96.55172413793103,100.0,100.0,100.0,98.4375,98.36065573770492,98.64864864864865,100.0,98.48484848484848,98.46153846153847,97.26027397260275,100.0,100.0,100.0,98.78048780487805,98.64864864864865,98.07692307692307,94.54545454545455,96.62921348314607,98.27586206896551,100.0,100.0,100.0,100.0,100.0,100.0,100.0,100.0,98.36065573770492,100.0,100.0,100.0,97.87234042553192,100.0,100.0,100.0,100.0,100.0,100.0,100.0,100.0,100.0,100.0,100.0,100.0,100.0,100.0,100.0,100.0,100.0,100.0,97.43589743589743,100.0,100.0,100.0,97.43589743589743,100.0,100.0,100.0,100.0,100.0,97.61904761904762,100.0,100.0,100.0,100.0,100.0,100.0,100.0,100.0,100.0,100.0],"cluster_post_filtering_doc_counts":[10276,3981,2751,1248,982,363,293,247,142,126,83,68,74,50,66,54,41,31,24,25,19,19,29,26,14,12,9,10,15,14,12,9,10,8,8,15,11,14,6,4,3,6,10,6,8,5,5,6,4,3,3,3,1,3,2,1,3,5,3,3,2,4,2,2,4,5,2,2,4,5,5,2,2,2,1,4,4,2,3,10,2,5,6,3,6,2,1,5,2,1,2,3,3,5,4,3,4,2,3,1,0,2,1,1,1,0,1,0,1,0,1,0,0,0,0,0,1,2,1,2,1,0,0,2,1,0,0,0,1,1,0,0,0,1,0,0,2,0,1,0,0,0,0,0,1,0,0,2,1,1,0,1,1,1,2,1,3,0,0,0,1,1,1,0,1,1,2,0,0,0,1,1,1,3,3,1,0,0,0,0,0,0,0,0,1,0,0,0,1,0,0,0,0,0,0,0,0,0,0,0,0,0,0,0,0,0,0,1,0,0,0,1,0,0,0,0,0,1,0,0,0,0,0,0,0,0,0,0],"tail_threshold":229,"tail_removal_rate":99.86783611678482,"tail_post_filtering_doc_counts":11,"global_removal_rate":99.7410037302555}