{"cluster_sizes":[1,2,3,4,5,6,7,8,9,10,11,12,13,14,15,16,17,18,19,20,21,22,23,24,25,26,27,28,29,30,31,32,33,34,35,36,37,38,39,40,41,42,43,44,45,46,47,48,49,50,51,52,53,54,55,56,57,58,59,60,61,62,63,64,65,66,67,68,69,70,71,72,73,74,75,76,77,78,79,80,81,82,83,84,85,86,87,88,89,90,91,92,93,94,95,96,97,98,99,100,101,102,103,104,105,106,107,108,109,110,111,112,113,114,115,116,117,118,119,120,121,122,123,124,125,126,127,128,129,130,131,132,133,134,135,136,137,138,139,140,141,142,143,144,145,146,147,148,149,150,151,152,153,154,155,156,157,158,159,160,161,162,163,164,165,166,167,168,169,170,171,172,173,174,175,176,177,178,179,180,181,182,183,184,185,186,187,188,189,190,191,192,193,194,195,196,197,198],"cluster_removal_rates":[79.74087142408372,63.965758642036064,63.09075562496105,61.463235843101586,59.443284077378046,59.02049042435483,56.63296084221587,56.01871933735034,57.98812800506461,56.20123371052739,54.79771733918688,52.55755357009944,47.84814814814815,50.4378785576276,49.89725698879672,50.06405743239344,48.87739563837851,50.07444428649453,48.48901689377983,49.06221155621193,48.56866517383123,49.202009580558475,48.250821652658516,49.2457582551413,48.439635173356216,48.760330578512395,48.18570318570319,49.4169656586366,48.58884132627149,49.63952282157676,49.43561934514161,50.36533131771227,50.8498198381943,52.675429146017386,52.62959756051651,53.722936805943924,53.24878310186219,52.68453082057323,52.385892116182575,53.8657998606919,52.84438775510204,54.209768233599576,53.801500778705936,54.98599227682289,55.41895826593336,55.81949765857812,55.554560114674786,55.886432997318046,56.1659734984041,55.60699588477366,55.51176792556103,56.013938848920866,56.31316206014855,55.820269102579935,56.238627501949566,55.26245670130562,56.25442697265902,55.55724958072877,56.049028971665074,56.4330797863732,54.82599005657466,56.53685674547984,56.55753040224509,55.96013798390188,56.501610305958124,57.02933985330073,55.24691358024691,55.31866636425493,56.092889633708396,57.47453210139777,56.91036554832248,56.919060052219315,55.31022917831191,56.53134493233913,56.703166617342404,57.17312348668281,58.808120497707925,55.92724910685287,56.74466620784584,57.364061937342456,55.906389301634476,56.207418622255865,56.60007833920877,56.76751592356688,57.58835758835759,56.118143459915615,56.16500453309157,55.6455240665767,57.00575815738963,55.52788844621514,55.183084063950496,57.446808510638306,57.365202890494714,59.91808074897601,56.516789982925445,60.07172743574417,56.32678132678133,56.8602425015954,55.927835051546396,57.83532536520585,57.49656121045392,58.10055865921788,61.17824773413897,58.11559778305622,56.27943485086342,59.26544240400668,61.334552102376605,62.46624662466247,58.23986194995686,60.92592592592593,61.47934678194045,61.63342830009497,64.07185628742515,57.7449947312961,58.920704845814974,59.329140461215935,62.41534988713319,64.44188722669736,59.76267529665588,62.6410835214447,59.73871733966746,60.7741935483871,62.8361858190709,61.398963730569946,58.201058201058196,61.973684210526315,58.00561797752809,62.638888888888886,61.096605744125334,62.42603550295858,63.25925925925926,61.58357771260997,64.58015267175573,63.81679389312978,64.4122383252818,64.84375,63.63636363636363,59.33682373472949,62.29802513464991,63.951473136915084,62.31617647058824,64.37768240343348,62.6,64.32748538011695,64.77732793522267,63.095238095238095,65.76200417536533,60.76233183856502,66.2420382165605,65.56701030927834,63.716814159292035,63.3177570093458,61.20331950207469,62.12471131639723,64.42786069651741,67.2209026128266,62.13592233009708,62.61904761904762,67.99007444168734,64.32038834951457,67.17557251908397,65.37585421412301,63.08724832214765,66.90997566909975,63.888888888888886,66.84073107049609,70.75208913649024,66.38418079096046,62.972972972972975,66.0,63.48773841961853,64.18338108882521,64.97005988023952,65.1595744680851,68.32844574780059,75.2542372881356,71.42857142857143,62.19081272084806,61.58940397350994,66.76737160120845,67.54966887417218,59.66666666666667,70.0374531835206,67.3992673992674,62.172284644194754,63.04347826086957,70.44673539518901,67.75510204081633,68.67924528301886,70.78189300411523,64.03162055335969,69.50354609929079,65.89147286821705,70.39999999999999,65.05576208178438,66.14173228346458,65.41666666666667,64.01673640167364],"cluster_post_filtering_doc_counts":[5034796,2515225,1202085,851649,623304,489624,356569,307222,230938,192987,163093,172097,154891,114149,99237,86530,76210,66729,59915,55186,48922,43478,39836,36674,32449,29078,26674,23685,21258,19419,17157,15760,14459,13178,12583,11585,10469,9641,8721,7948,7394,6994,6526,5945,5512,5189,4961,4770,4532,4315,4064,3913,3588,3579,3367,3358,3088,2915,2761,2692,2635,2500,2322,2298,2161,2109,2030,1970,1834,1795,1721,1650,1599,1574,1463,1415,1258,1357,1257,1184,1187,1157,1108,1086,1020,1040,967,986,896,893,869,820,767,685,764,668,711,676,684,635,618,600,514,529,557,488,423,417,484,422,401,404,360,401,373,388,333,309,373,331,339,304,304,298,316,289,299,269,298,254,248,262,232,237,221,225,216,233,210,208,205,166,187,183,174,186,164,175,159,167,164,157,187,164,143,138,156,157,129,147,129,152,165,136,143,127,105,119,137,119,134,125,117,131,108,73,94,107,116,110,98,121,80,89,101,102,86,79,83,71,91,86,88,74,94,86,83,86],"tail_threshold":199,"tail_removal_rate":74.04684154754439,"tail_post_filtering_doc_counts":12001,"global_removal_rate":70.69957130177367}