{"cluster_sizes":[1,2,3,4,5,6,7,8,9,10,11,12,13,14,15,16,17,18,19,20,21,22,23,24,25,26,27,28,29,30,31,32,34,35,36,37,38,39,40,41,42,43,44,45,46,47,49,54,57,60,71,73,78,79],"cluster_removal_rates":[98.43353090601185,93.42465753424658,96.66666666666667,84.71337579617835,96.35036496350365,99.14529914529915,95.65217391304348,92.53731343283582,91.30434782608695,76.31578947368422,94.73684210526315,78.94736842105263,100.0,100.0,87.5,100.0,81.81818181818183,64.70588235294117,88.88888888888889,50.0,100.0,100.0,100.0,75.0,75.0,100.0,50.0,33.33333333333333,100.0,60.0,50.0,100.0,50.0,100.0,100.0,100.0,60.0,100.0,100.0,25.0,100.0,33.33333333333333,100.0,0.0,25.0,50.0,100.0,50.0,100.0,100.0,100.0,100.0,100.0,100.0],"cluster_post_filtering_doc_counts":[37,24,6,24,5,1,4,5,4,9,1,4,0,0,1,0,2,6,1,1,0,0,0,1,1,0,1,2,0,2,1,0,1,0,0,0,2,0,0,3,0,2,0,2,3,1,0,1,0,0,0,0,0,0],"tail_threshold":83,"tail_removal_rate":75.0,"tail_post_filtering_doc_counts":1,"global_removal_rate":95.76789992014906}