{"cluster_sizes":[1,2,3,4,5,6,7,8,9,10,11,12,13,14,15,16,17,18,19,20,21,22,23,24,25,26,27,28,29,30,31,32,33,34,35,36,37,38,39,40,41,42,43,45,47,48,52,63],"cluster_removal_rates":[76.67493796526055,71.05263157894737,93.02325581395348,95.83333333333334,87.8048780487805,86.66666666666667,100.0,100.0,100.0,75.0,80.0,100.0,33.33333333333333,100.0,66.66666666666666,100.0,100.0,66.66666666666666,42.857142857142854,56.86274509803921,59.523809523809526,68.67469879518072,71.09375,68.88888888888889,70.33898305084746,80.20833333333334,87.5,79.41176470588235,77.77777777777779,90.0,50.0,66.66666666666666,25.0,0.0,0.0,50.0,33.33333333333333,25.0,33.33333333333333,100.0,100.0,50.0,0.0,0.0,100.0,100.0,100.0,100.0],"cluster_post_filtering_doc_counts":[188,33,3,4,5,6,0,0,0,1,1,0,2,0,1,0,0,6,16,22,34,26,37,42,35,19,8,7,4,1,5,1,3,3,3,2,2,3,2,0,0,2,1,1,0,0,0,0],"tail_threshold":77,"tail_removal_rate":100.0,"tail_post_filtering_doc_counts":0,"global_removal_rate":74.94078635717669}