{"cluster_sizes":[1,2,3,4,5,6,7,8,9,10,11,12,13,14,15,16,17,18,19,20,21,22,23,24,25,26,27,28,29,30,31,32,33,34,35,36,37,38,39,40,41,42,43,44,45,46,47,48,49,51,52,54,55,57,58,59,60,61,62,63,64,65,66,67,68,69,70,71,72,73,74,75,78,80,83,89,94,95,98,99,104,107,108,111,113,121,122,124,139,141,150],"cluster_removal_rates":[94.43052074631022,84.05017921146953,82.38916256157636,77.71639042357275,74.75490196078431,78.16455696202532,78.66108786610879,78.53658536585367,76.82119205298014,76.51515151515152,77.77777777777779,78.30188679245283,79.76190476190477,74.39024390243902,74.66666666666667,76.47058823529412,87.5,68.42105263157895,78.57142857142857,70.0,68.18181818181817,65.0,47.05882352941176,63.63636363636363,45.45454545454545,83.33333333333334,50.0,68.75,69.23076923076923,71.42857142857143,62.5,58.333333333333336,66.66666666666666,91.66666666666666,88.88888888888889,75.0,100.0,50.0,62.5,100.0,85.71428571428571,100.0,75.0,66.66666666666666,0.0,75.0,66.66666666666666,75.0,100.0,100.0,100.0,0.0,100.0,66.66666666666666,100.0,66.66666666666666,100.0,100.0,100.0,33.33333333333333,100.0,50.0,100.0,100.0,50.0,100.0,100.0,100.0,100.0,100.0,0.0,0.0,100.0,100.0,100.0,0.0,100.0,0.0,100.0,100.0,100.0,100.0,100.0,100.0,50.0,100.0,100.0,100.0,100.0,100.0,0.0],"cluster_post_filtering_doc_counts":[200,267,143,121,103,69,51,44,35,31,24,23,17,21,19,12,6,12,6,6,7,7,9,4,6,2,5,5,4,6,3,5,3,1,1,3,0,2,3,0,1,0,1,2,1,1,1,1,0,0,0,1,0,1,0,1,0,0,0,2,0,1,0,0,1,0,0,0,0,0,1,1,0,0,0,1,0,1,0,0,0,0,0,0,1,0,0,0,0,0,1],"tail_threshold":153,"tail_removal_rate":100.0,"tail_post_filtering_doc_counts":0,"global_removal_rate":85.565985643291}