{"cluster_sizes":[1,2,3,4,5,6,7,8,9,10,11,12,13,14,15,16,17,18,19,20,21,22,23,24,25,26,27,28,29,30,31,32,33,34,35,36,37,38,39,40,41,42,43,44,45,46,47,48,49,50,51,52,53,54,55,56,57,58,59,60,61,62,63,64,65,66,67,68,69,70,71,72,73,74,75,76,77,78,79,80,81,82,83,84,85,86,87,88,89,90,91,92,93,94,95,96,97,98,99,100,101,102,103,104,105,106,107,108,109,110,111,112,113,114,115,116,117,118,119,120,121,122,123,124,125,126,127,128,129,130,131,132,133,134,135,136,137,138,139,140,141,142,143,144,145,146,147,148,149,150,151,152,153,154,155,156,157,158,159,160,161,162,163,164,165,166,167,168,169,170,171,172,173,174,175,176,177,178,179,180,181,182,183,184,185,186,187,188,189,190,191,192,193,194,195,196,197,198,199,200,201,202,203,204,205,206,207,208,209,210,211,212,213,214,215,216,217,218,219,220,221,222,223,224,225,226,227,228,229,230,231,232,233,234,235],"cluster_removal_rates":[99.7106298440747,99.07475582602217,98.62021279889369,98.3682680911172,98.09811973200779,97.85161844743627,97.56516093126797,97.70373947100165,97.55210056235528,97.20449220328028,97.2358069317457,97.73576097105509,97.1971205391331,96.67296786389414,96.74439067311923,96.80409856062454,97.12674543501612,96.38061879743141,95.89969501863776,95.23986612123466,95.47608789314951,95.38043478260869,95.5410549211528,95.05055880787653,94.81765834932821,95.19368723098995,94.37194127243067,94.03669724770643,94.82758620689656,94.54713493530498,95.59426229508196,95.89322381930184,95.45957918050941,96.14485981308411,94.12484700122398,95.73732718894009,94.41176470588235,94.85294117647058,94.3615257048093,96.75767918088737,94.76439790575915,95.6140350877193,94.6257197696737,93.62549800796812,92.88617886178862,96.0,94.72573839662446,94.1398865784499,95.23809523809523,97.28601252609603,96.14604462474645,94.51219512195121,95.44626593806922,95.74468085106383,97.85123966942149,96.4968152866242,95.13677811550151,96.36075949367088,95.57661927330173,95.50748752079868,94.83985765124555,94.66911764705883,95.15789473684211,92.34234234234235,93.46733668341709,92.14092140921409,93.2394366197183,88.79781420765028,91.16719242902208,90.54545454545455,91.35338345864662,92.42424242424242,86.57407407407408,91.62561576354679,86.01036269430051,89.39393939393939,83.42245989304813,89.24731182795699,93.95973154362416,86.53846153846155,88.43537414965986,87.85714285714286,83.91608391608392,87.8048780487805,86.95652173913044,81.15942028985508,88.33333333333333,81.14754098360656,83.05084745762711,91.25,83.33333333333334,84.78260869565217,87.09677419354838,86.31578947368422,89.1566265060241,88.04347826086956,84.5360824742268,88.57142857142857,91.93548387096774,95.23809523809523,85.33333333333334,90.0,98.38709677419355,93.22033898305084,86.66666666666667,91.48936170212765,94.54545454545455,93.47826086956522,91.8918918918919,89.13043478260869,90.9090909090909,97.5609756097561,90.69767441860465,97.87234042553192,89.36170212765957,100.0,93.54838709677419,90.47619047619048,94.73684210526315,94.11764705882352,88.57142857142857,86.66666666666667,92.6829268292683,89.65517241379311,93.93939393939394,92.5,100.0,100.0,95.65217391304348,100.0,96.66666666666667,100.0,92.3076923076923,100.0,88.88888888888889,100.0,93.10344827586206,96.55172413793103,92.5925925925926,100.0,100.0,96.29629629629629,95.45454545454545,95.83333333333334,100.0,80.0,92.0,96.0,95.83333333333334,90.9090909090909,100.0,100.0,93.75,100.0,94.11764705882352,100.0,89.47368421052632,100.0,100.0,100.0,85.71428571428571,100.0,100.0,100.0,100.0,100.0,100.0,100.0,100.0,100.0,100.0,93.75,100.0,100.0,100.0,100.0,100.0,100.0,87.5,100.0,94.73684210526315,100.0,100.0,100.0,94.73684210526315,100.0,100.0,100.0,91.66666666666666,91.66666666666666,100.0,100.0,100.0,100.0,100.0,83.33333333333334,85.71428571428571,100.0,93.75,100.0,100.0,100.0,100.0,100.0,100.0,100.0,100.0,83.33333333333334,93.33333333333333,100.0,100.0,100.0,100.0,100.0,81.81818181818183,100.0,100.0,100.0,100.0,100.0,100.0,100.0,92.85714285714286,100.0,100.0,100.0,100.0,100.0,100.0,100.0,100.0,100.0,100.0,100.0,100.0],"cluster_post_filtering_doc_counts":[3321,2086,1337,1005,792,675,525,428,370,346,260,194,183,176,148,131,107,124,121,128,105,102,82,93,81,67,69,65,51,59,43,40,41,33,48,37,38,35,34,19,30,25,28,32,35,17,25,31,24,13,19,27,25,24,13,22,32,23,28,27,29,29,23,34,26,29,24,41,28,26,23,20,29,17,27,21,31,20,9,21,17,17,23,15,15,26,14,23,20,7,16,14,12,13,9,11,15,8,5,3,11,6,1,4,6,4,3,3,3,5,4,1,4,1,5,0,2,4,2,2,4,4,3,3,2,3,0,0,1,0,1,0,2,0,4,0,2,1,2,0,0,1,1,1,0,4,2,1,1,3,0,0,1,0,1,0,2,0,0,0,3,0,0,0,0,0,0,0,0,0,0,1,0,0,0,0,0,0,2,0,1,0,0,0,1,0,0,0,1,1,0,0,0,0,0,2,1,0,1,0,0,0,0,0,0,0,0,1,1,0,0,0,0,0,2,0,0,0,0,0,0,0,1,0,0,0,0,0,0,0,0,0,0,0,0],"tail_threshold":236,"tail_removal_rate":99.38097917839055,"tail_post_filtering_doc_counts":11,"global_removal_rate":99.15073494742632}