{"cluster_sizes":[1,2,3,4,5,6,7,8,9,10,11,12,13,15,16,17,25],"cluster_removal_rates":[99.74842767295597,92.85714285714286,87.5,72.72727272727273,75.0,85.71428571428571,100.0,87.5,100.0,100.0,80.0,100.0,100.0,100.0,100.0,100.0,100.0],"cluster_post_filtering_doc_counts":[2,3,2,3,2,2,0,1,0,0,1,0,0,0,0,0,0],"tail_threshold":30,"tail_removal_rate":100.0,"tail_post_filtering_doc_counts":0,"global_removal_rate":98.2532751091703}