{"cluster_sizes":[1,2,3,4,5,6,7,8,9,10,11,12,13,14,16,17,19,21,22,24,25,29,32,39,44,53],"cluster_removal_rates":[99.64539007092199,100.0,96.15384615384616,100.0,100.0,100.0,100.0,100.0,100.0,100.0,100.0,100.0,100.0,100.0,100.0,100.0,100.0,100.0,100.0,100.0,100.0,100.0,100.0,100.0,100.0,100.0],"cluster_post_filtering_doc_counts":[1,0,1,0,0,0,0,0,0,0,0,0,0,0,0,0,0,0,0,0,0,0,0,0,0,0],"tail_threshold":54,"tail_removal_rate":100.0,"tail_post_filtering_doc_counts":0,"global_removal_rate":99.54545454545455}