{"cluster_sizes":[1,2,3,4,6,7],"cluster_removal_rates":[83.33333333333334,25.0,100.0,100.0,100.0,50.0],"cluster_post_filtering_doc_counts":[1,3,0,0,0,1],"tail_threshold":10,"tail_removal_rate":100.0,"tail_post_filtering_doc_counts":0,"global_removal_rate":70.58823529411765}