{"cluster_sizes":[1,2,3,4,5,6,7,8,9,10,11,12,13,14,15,16,17,18,19,20,21,22,23,24,25,26,27,28,29,30,31,32,33,34,35,36,37,38,39,40,41,42,43,44,45,46,47,48,49,50,51,52,53,54,55,56,58,59,60,61,62,63,64,66,67,68,69,70,71,72,73,74,75,76,77,78,80,81,82,85,87,88,93,94,95,98,99,101,102,104,107],"cluster_removal_rates":[96.37920363111203,91.0950038829925,81.26361655773421,80.49180327868852,72.48520710059172,68.39863713798978,64.7780925401322,56.98412698412698,59.14489311163895,67.03296703296702,75.47169811320755,89.42307692307693,91.42857142857143,93.97590361445783,91.17647058823529,100.0,91.66666666666666,91.30434782608695,92.5925925925926,100.0,100.0,95.0,100.0,100.0,82.35294117647058,100.0,100.0,100.0,100.0,100.0,100.0,100.0,100.0,100.0,100.0,100.0,100.0,100.0,100.0,100.0,100.0,100.0,100.0,100.0,100.0,100.0,100.0,100.0,100.0,100.0,100.0,100.0,100.0,100.0,100.0,100.0,0.0,100.0,100.0,100.0,100.0,100.0,100.0,100.0,100.0,100.0,100.0,100.0,100.0,100.0,100.0,100.0,100.0,100.0,100.0,100.0,100.0,100.0,100.0,100.0,100.0,100.0,100.0,100.0,100.0,100.0,100.0,100.0,100.0,66.66666666666666,100.0],"cluster_post_filtering_doc_counts":[1053,344,430,238,279,371,373,271,172,90,39,11,6,5,3,0,3,2,2,0,0,1,0,0,3,0,0,0,0,0,0,0,0,0,0,0,0,0,0,0,0,0,0,0,0,0,0,0,0,0,0,0,0,0,0,0,1,0,0,0,0,0,0,0,0,0,0,0,0,0,0,0,0,0,0,0,0,0,0,0,0,0,0,0,0,0,0,0,0,1,0],"tail_threshold":109,"tail_removal_rate":97.72727272727273,"tail_post_filtering_doc_counts":1,"global_removal_rate":91.20186475751017}