{"cluster_sizes":[1,2,3,4,5,6,7,8,9,10,11,12,13,14,15,17,18,20,22,23,24,25,26,29,30,33,34,35,36,37,49,52,243],"cluster_removal_rates":[87.11656441717791,98.0392156862745,95.65217391304348,100.0,95.65217391304348,100.0,92.3076923076923,100.0,90.0,100.0,100.0,100.0,100.0,100.0,100.0,100.0,100.0,100.0,100.0,100.0,100.0,100.0,100.0,100.0,100.0,100.0,100.0,100.0,0.0,100.0,100.0,100.0,100.0],"cluster_post_filtering_doc_counts":[42,2,3,0,1,0,1,0,1,0,0,0,0,0,0,0,0,0,0,0,0,0,0,0,0,0,0,0,1,0,0,0,0],"tail_threshold":299,"tail_removal_rate":100.0,"tail_post_filtering_doc_counts":0,"global_removal_rate":91.96850393700787}