{"cluster_sizes":[1,2,3,4,5,6,7,8,9,10,11,12,13,14,16,17,18,19,20,21,22,23,24,25,26,27,28,29,30,31,32,33,34,35,37,38,39,40,41,42,50,60,89,125,166,2199],"cluster_removal_rates":[99.76303317535546,100.0,91.52542372881356,96.7741935483871,100.0,100.0,100.0,80.0,100.0,100.0,100.0,100.0,50.0,100.0,20.0,33.33333333333333,16.666666666666664,16.666666666666664,0.0,3.571428571428571,6.0606060606060606,12.195121951219512,0.0,17.24137931034483,4.761904761904762,14.285714285714285,0.0,0.0,25.0,0.0,0.0,33.33333333333333,0.0,33.33333333333333,60.0,50.0,33.33333333333333,66.66666666666666,0.0,50.0,100.0,100.0,100.0,100.0,100.0,100.0],"cluster_post_filtering_doc_counts":[1,0,5,1,0,0,0,1,0,0,0,0,1,0,4,2,5,10,27,27,31,36,30,24,20,6,9,3,3,3,1,2,6,2,2,1,2,1,2,1,0,0,0,0,0,0],"tail_threshold":48936,"tail_removal_rate":100.0,"tail_post_filtering_doc_counts":0,"global_removal_rate":72.52298263534217}