{"cluster_sizes":[1,2,3,4,5,6,7,8,9,10,11,12,13,14,15,16,17,18,19,20,21,22,23,24,25,26,27,28,29,30,31,32,33,34,35,36,37,38,39,40,41,42,43,44,45,46,47,48,49,50,51,52,53,54,55,56,57,58,59,60,61,62,63,64,65,66,67,68,69,70,71,72,73,74,75,76,77,78,79,80,81,82,83,84,85,86,87,88,89,90,91,92,93,94,95,96,97,98,99,100,101,102,103,104,105,106,107,108,109,110,111,112,113,114,115,116,117,118,119,120,121,122,123,124,125,126,127,128,129,130,131,132,133,134,135,136,137,138,139,140,141,142,143,144,145,146,147,148,149,150,151,152,153,154,155,156,157,158,159,160,161,162,163,164,165,166,167,168,169,170,171,172,173,174,175,176,177,178,179,180,181,182,183,184,185,186,187,188,189,190,191,192,193,194,195,196,197,198,199,200,201,202,203,204,205,206,207,208,209],"cluster_removal_rates":[99.74985334069953,98.89229499048245,98.4214608330672,97.48844981814607,96.8170717059695,96.79177377892032,95.91242025675356,95.78414839797638,95.49444119368052,95.56329497274379,94.72696565959843,95.74799643811221,96.13996112191057,96.96210460382085,97.46019711902957,97.93336145086461,97.64585465711362,98.22771213748658,98.3204134366925,99.106529209622,98.24980111376293,98.1998199819982,98.55670103092784,98.43290891283057,98.56972586412395,98.95697522816167,99.09909909909909,98.57397504456328,99.06542056074767,99.40357852882704,97.5359342915811,98.39679358717434,99.18032786885246,98.80952380952381,99.2156862745098,99.4773519163763,99.6415770609319,99.31856899488926,99.46236559139786,99.25373134328358,99.53271028037383,99.50980392156863,99.644128113879,99.27272727272727,99.6,97.6958525345622,99.02912621359224,100.0,97.67441860465115,97.6878612716763,98.17073170731707,99.25925925925925,98.47328244274809,98.4251968503937,100.0,98.57142857142858,95.0,97.03703703703704,99.14529914529915,99.24242424242425,100.0,98.07692307692307,93.33333333333333,100.0,96.3302752293578,100.0,100.0,98.7012987012987,93.18181818181817,96.20253164556962,98.75,100.0,95.52238805970148,98.4126984126984,95.23809523809523,97.46835443037975,98.48484848484848,100.0,98.50746268656717,98.78048780487805,96.07843137254902,95.55555555555556,95.34883720930233,95.83333333333334,90.19607843137256,91.66666666666666,91.30434782608695,92.45283018867924,90.56603773584906,97.05882352941177,96.42857142857143,94.11764705882352,96.66666666666667,93.10344827586206,96.66666666666667,97.22222222222221,95.91836734693877,95.23809523809523,100.0,97.36842105263158,100.0,96.42857142857143,100.0,100.0,100.0,100.0,96.66666666666667,100.0,100.0,100.0,100.0,100.0,100.0,100.0,100.0,95.83333333333334,100.0,100.0,100.0,100.0,95.0,100.0,100.0,100.0,100.0,100.0,100.0,100.0,100.0,100.0,100.0,100.0,95.23809523809523,100.0,95.65217391304348,100.0,83.33333333333334,100.0,100.0,100.0,91.66666666666666,100.0,100.0,100.0,100.0,100.0,100.0,100.0,100.0,100.0,100.0,100.0,100.0,91.66666666666666,100.0,100.0,100.0,100.0,100.0,75.0,100.0,100.0,100.0,100.0,100.0,100.0,100.0,100.0,100.0,100.0,100.0,100.0,100.0,100.0,100.0,100.0,100.0,100.0,100.0,100.0,100.0,100.0,100.0,100.0,100.0,100.0,100.0,100.0,100.0,100.0,100.0,100.0,100.0,100.0,100.0,100.0,100.0,100.0,100.0,100.0,100.0,100.0,100.0,100.0,100.0,100.0,100.0,100.0,100.0],"cluster_post_filtering_doc_counts":[2196,1449,1038,1022,795,624,519,450,385,293,281,191,139,97,67,49,46,33,26,13,22,20,14,16,12,8,6,8,5,3,12,8,4,6,4,3,2,4,3,4,2,2,1,2,1,5,2,0,4,4,3,1,2,2,0,2,6,4,1,1,0,2,6,0,4,0,0,1,6,3,1,0,3,1,3,2,1,0,1,1,2,2,2,2,5,3,4,4,5,1,1,2,1,2,1,1,2,1,0,1,0,1,0,0,0,0,1,0,0,0,0,0,0,0,0,1,0,0,0,0,1,0,0,0,0,0,0,0,0,0,0,0,1,0,1,0,1,0,0,0,1,0,0,0,0,0,0,0,0,0,0,0,0,1,0,0,0,0,0,2,0,0,0,0,0,0,0,0,0,0,0,0,0,0,0,0,0,0,0,0,0,0,0,0,0,0,0,0,0,0,0,0,0,0,0,0,0,0,0,0,0,0,0,0,0,0,0,0,0],"tail_threshold":210,"tail_removal_rate":100.0,"tail_post_filtering_doc_counts":0,"global_removal_rate":99.19866278353008}