{"cluster_sizes":[1,2,3,4,5,6,7,8,9,10,11,12,13,14,15,16,17,18,19,20,21,22,23,24,25,26,27,28,29,30,31,32,33,34,35,36,37,38,39,40,41,42,43,44,45,46,47,48,49,50,51,52,53,54,55,56,57,58,59,60,61,62,63,64,65,66,67,68,69,70,71,72,73,74,75,76,77,78,79,80,81,82,83,84,85,86,87,88,89,90,91,92,93,94,95,96,97,98,99,100,101,102,103,104,105,106,107,108,109,110,111,112,113,114,115,116,117,118,119,120,121,122,123,124,125,126,127,128,129,130,131,132,133,134,135,136,137,138,139,140,141,142,143,144,145,146,147],"cluster_removal_rates":[91.73381226035644,86.69959823486795,86.52290300430893,86.58781603801256,84.1095990993196,84.5608360288629,83.77481000516491,83.68054517739188,83.52054334440422,83.35767089531807,82.88482867316561,83.347881555093,82.84979506549868,83.16054645867649,83.15144766146993,82.16471188169301,79.48717948717949,80.22909147967991,80.15843078083742,80.80000000000001,81.09595597032782,81.48552703440743,82.18482057796126,83.35944844876214,83.03262955854127,83.95552025416998,82.18197135636058,82.44729605866178,82.60196179659268,83.1995719636169,84.3205574912892,84.3262001156738,85.18072289156626,87.89037603569152,87.73466833541927,89.38106796116504,89.68152866242039,90.57456423499032,86.67642752562226,86.42297650130548,86.34577603143418,84.09756097560975,84.03361344537815,80.9271523178808,80.02793296089385,76.17728531855957,74.71098265895954,80.53977272727273,79.76539589442815,80.4093567251462,79.61783439490446,79.01049475262369,77.77777777777779,77.54749568221071,78.0448717948718,78.29716193656094,78.1305114638448,76.6778523489933,73.76425855513308,76.05893186003682,77.28055077452667,73.83720930232558,74.53027139874739,74.7323340471092,71.61290322580646,74.2663656884876,72.44655581947742,73.1829573934837,72.14611872146118,69.76744186046511,72.64150943396226,74.17061611374407,69.40298507462687,73.56948228882834,69.57928802588997,69.05537459283387,68.97689768976898,70.2054794520548,66.40625,67.54716981132076,73.98373983739837,64.78260869565217,63.74045801526718,69.51219512195121,61.111111111111114,62.5,67.33668341708542,67.0103092783505,61.78010471204188,64.36170212765957,68.94736842105263,68.42105263157895,68.67469879518072,71.27659574468085,65.86826347305389,64.77987421383648,66.91176470588235,73.88059701492537,67.33333333333333,71.62162162162163,70.99236641221374,72.09302325581395,72.65625,70.47619047619048,67.96116504854369,76.34408602150538,78.75,74.71264367816092,77.6595744680851,79.72972972972973,83.07692307692308,89.6103896103896,80.28169014084507,82.43243243243244,76.38888888888889,85.96491228070175,81.25,97.95918367346938,80.59701492537313,67.3469387755102,76.92307692307693,89.36170212765957,87.5,86.53846153846155,84.0909090909091,79.16666666666666,90.0,82.5,91.42857142857143,88.09523809523809,82.92682926829268,78.94736842105263,83.33333333333334,84.0909090909091,90.625,88.37209302325581,89.28571428571429,90.9090909090909,87.5,89.65517241379311,96.29629629629629,84.21052631578947,79.16666666666666,92.3076923076923,80.0,81.81818181818183,84.21052631578947],"cluster_post_filtering_doc_counts":[176004,60582,27086,18291,12985,8687,6597,5460,4416,3647,2932,2480,2134,1738,1513,1399,1424,1260,1052,912,790,678,561,531,442,404,423,383,337,314,270,271,246,190,196,175,162,146,182,156,139,163,133,144,143,172,175,137,138,134,128,140,132,130,137,130,124,139,138,130,132,135,122,118,132,114,116,107,122,130,116,109,123,97,94,95,94,87,86,86,64,81,95,75,91,78,65,64,73,67,59,66,52,54,57,56,45,35,49,42,38,36,35,31,33,22,17,22,21,15,11,8,14,13,17,8,12,1,13,16,9,5,6,7,7,10,5,7,3,5,7,8,6,7,3,5,3,3,4,3,1,6,5,2,6,6,3],"tail_threshold":148,"tail_removal_rate":91.57487347424829,"tail_post_filtering_doc_counts":283,"global_removal_rate":89.42476644754798}