{"cluster_sizes":[1,2,3,4,5,6,7,8,9,10,11,12,13,14,15,16,17,18,19,20,21,22,23,24,25,26,27,28,29,30,31,32,33,34,35,36,37,38,39,40,41,42,43,44,45,46,47,48,49,50,51,52,53,54,55,56],"cluster_removal_rates":[99.38655383946951,88.9545267207034,93.18857822724569,98.74739039665971,98.14677538917717,98.35766423357664,99.57865168539325,99.76415094339622,98.66666666666667,99.67320261437908,98.46743295019157,96.5,99.25925925925925,100.0,100.0,97.02970297029702,96.29629629629629,96.51162790697676,96.7741935483871,96.61016949152543,100.0,100.0,94.87179487179486,97.82608695652173,100.0,100.0,100.0,100.0,100.0,100.0,100.0,100.0,100.0,100.0,100.0,95.0,95.0,87.5,90.9090909090909,94.11764705882352,100.0,100.0,100.0,100.0,100.0,100.0,100.0,100.0,100.0,100.0,100.0,100.0,100.0,100.0,100.0,100.0],"cluster_post_filtering_doc_counts":[1186,804,229,24,25,18,3,1,5,1,4,7,1,0,0,3,4,3,2,2,0,0,2,1,0,0,0,0,0,0,0,0,0,0,0,1,1,2,1,1,0,0,0,0,0,0,0,0,0,0,0,0,0,0,0,0],"tail_threshold":57,"tail_removal_rate":99.54337899543378,"tail_post_filtering_doc_counts":1,"global_removal_rate":98.90172512044761}