{"cluster_sizes":[1,2,3,4,5,6,7,8,9,10,11,12,13,14,15,16,17,18,19,20,21,22,23,24,25,26,27,28,29,30,31,32,33,34,35,36,37,38,39,40,41,42,43,44,45,46,47],"cluster_removal_rates":[96.12109277507933,62.46131528046421,65.0549972303553,61.87895212285456,61.828065230521446,60.46875000000001,58.167870036101085,61.12956810631229,63.73205741626794,71.84241019698725,70.5691056910569,68.14988290398126,69.38775510204081,68.82716049382715,76.92307692307693,74.3455497382199,82.31292517006803,75.71428571428571,82.08955223880598,79.27927927927928,82.02247191011236,89.8989898989899,80.24691358024691,82.14285714285714,81.03448275862068,76.78571428571429,85.71428571428571,88.63636363636364,90.38461538461539,89.13043478260869,90.9090909090909,90.56603773584906,87.75510204081633,92.3076923076923,90.56603773584906,94.73684210526315,68.62745098039215,92.10526315789474,94.11764705882352,92.5925925925926,86.66666666666667,81.25,90.0,100.0,100.0,66.66666666666666,92.3076923076923],"cluster_post_filtering_doc_counts":[14143,7763,4416,2954,1896,1265,927,585,379,243,181,136,105,101,57,49,26,34,24,23,16,10,16,10,11,13,5,5,5,5,5,5,6,3,5,2,16,3,2,2,2,3,1,0,0,4,1],"tail_threshold":48,"tail_removal_rate":90.71925754060325,"tail_post_filtering_doc_counts":40,"global_removal_rate":91.6213352339102}