{"cluster_sizes":[1,2,3,4,5,6,7,8,9,10,11,12,13,14,15,16,17,18,19,20,21,22,23,24,25,26,27,28,29,30,31,32,33,34,35,36,37,38,39,40,41,42,43,44,45,46,47,48,49,50,51,52,53,54,55,56,57,58,59,60,61,62,63,64,65,66,67,68],"cluster_removal_rates":[80.8475795846463,35.799419089907516,36.392038879888915,36.06282889491309,30.836598294537914,35.84285490687119,36.741808040901695,36.43189131212013,38.387096774193544,39.356605065023956,43.11649016641452,43.91534391534391,44.800000000000004,38.44856661045531,38.74709976798144,52.35109717868338,52.40174672489083,65.4471544715447,63.05418719211823,59.66850828729282,51.33333333333333,69.82758620689656,53.98230088495575,56.666666666666664,63.04347826086957,53.75,54.761904761904766,56.97674418604651,45.744680851063826,44.73684210526316,35.374149659863946,28.04878048780488,25.615763546798032,22.22222222222222,22.37442922374429,24.747474747474747,24.46808510638298,24.778761061946902,24.242424242424242,39.62264150943396,36.95652173913043,54.54545454545454,50.0,40.909090909090914,66.66666666666666,93.33333333333333,35.714285714285715,68.75,50.0,56.25,63.63636363636363,62.5,47.368421052631575,63.63636363636363,60.0,77.77777777777779,42.857142857142854,70.0,50.0,62.5,50.0,20.0,40.0,75.0,80.0,66.66666666666666,66.66666666666666,55.55555555555556],"cluster_post_filtering_doc_counts":[30876,19230,10994,8019,6002,4099,2722,1778,1337,886,752,530,345,365,264,152,109,85,75,73,73,35,52,39,34,37,38,37,51,63,95,118,151,154,170,149,142,85,75,32,29,15,15,13,6,1,9,5,5,7,4,3,10,4,6,2,4,3,2,3,4,4,3,1,1,2,1,4],"tail_threshold":69,"tail_removal_rate":71.04247104247105,"tail_post_filtering_doc_counts":75,"global_removal_rate":64.50001959938851}