{"cluster_sizes":[1,2,3,4,5,6,7,8,9,10,11,12,13,14,15,16,17,18,19,20,21,22,23,24,25,26,27,28,29,30,31,32,33,34,35,36,37,38,39,40,41,42,43,44,45,46,47,48,49,50,51,52,53,54,55,56,57,58,59,60,61,62,63,64,65,66,67,68,69,70,71,72,73,74,75,76,77,78,79,80,81,82,83,84,85,86,87,88,89,90,91,92,93,94,95,96,97,98,99,100,101,102,103,104,105,106,107,108,109,110,111,112,113,114,115,116,117,118,119,120,121,122,123,124,125,126,127,128,129,130,131,132,133,134,135,136,137,138,139,140,141,142,143,144,145,146,147,148,149,150,151,152,153,154,155,156,157,158,159,160,161,162,163,164,165,166,167,168,169,170,171,172],"cluster_removal_rates":[84.56421526220717,69.365369083011,66.43535692358519,63.58589587963447,61.04372097182318,60.52092177597105,59.46508799614043,56.58036186821911,58.52447297395871,58.578604462504025,57.277289291274215,58.62840180141714,58.2834218555769,57.368602864975706,57.29909905130721,58.226998668063004,57.374925014997004,56.94526539780116,55.97831095818869,56.67941851568477,56.46796699458092,55.93483972674724,54.70226733088133,55.90170038475859,54.88478224125303,55.76016592294639,56.45597164215772,56.856564713207256,56.0797686364225,56.17640267836528,55.34850926672039,55.28897419492429,55.681224986949715,55.974729241877256,56.68335419274093,57.379889384953685,57.74134790528234,56.904497060225644,58.038243626062325,58.27777256080383,59.1063829787234,59.69539785895597,57.87316132143718,59.70149253731343,60.8793686583991,61.308892592031505,61.56957928802589,62.37952808241941,60.901725959845024,61.37752268098501,61.65009940357853,61.898760764545266,60.647844167213826,62.33111976185024,62.10500124409057,62.92827212225782,60.89544513457557,61.874481614597734,60.10491441192711,61.772853185595565,61.55954919281146,61.012812690665044,62.095238095238095,61.415596617601,61.33378241832267,64.03418803418803,62.055045871559635,64.81553398058253,62.82843894899537,62.59445843828715,63.102725366876314,63.04347826086957,63.54609929078015,62.642256308758036,65.09964230965764,64.25974025974025,65.70981210855949,62.035541195476576,62.315270935960584,63.92326732673267,65.46134663341647,63.976377952755904,65.71981923821821,65.83725622057834,65.20488856937455,64.41155743481325,63.348416289592755,61.979166666666664,63.10599835661462,64.35331230283911,66.01694915254237,65.9963436928702,65.70135746606334,63.52261790182868,66.94300518134715,66.89655172413794,66.28982528263104,65.68825910931174,65.74850299401199,65.64551422319475,66.66666666666666,66.34844868735084,67.98418972332016,65.16556291390728,66.7529107373868,65.06024096385542,65.625,66.66666666666666,65.59633027522935,65.4494382022472,69.61077844311377,70.56074766355141,64.46700507614213,66.21621621621621,69.08127208480566,65.9090909090909,69.62962962962963,68.65079365079364,67.86389413988658,69.55684007707129,66.73553719008265,62.75605214152699,70.84188911704312,68.30265848670757,70.31963470319634,66.95842450765865,69.1415313225058,69.24882629107981,69.88505747126436,70.11494252873564,67.24137931034483,70.57416267942584,68.09045226130654,73.76237623762376,70.08310249307479,70.92391304347827,75.57251908396947,72.49283667621776,72.62872628726286,75.48209366391184,72.62569832402235,70.94972067039106,66.27565982404691,70.3225806451613,69.1588785046729,76.1437908496732,73.37883959044369,71.75324675324676,65.95744680851064,76.67844522968198,69.96336996336996,76.37130801687763,70.56737588652481,76.49006622516556,74.35897435897436,72.89377289377289,77.734375,74.03100775193798,71.21771217712177,75.30364372469636,74.88584474885845,70.34220532319392,72.28915662650603,75.11961722488039,73.61702127659574,74.56896551724138,70.53571428571429,77.16535433070865,76.22950819672131,76.10619469026548,78.13953488372093,73.02904564315352],"cluster_post_filtering_doc_counts":[3346601,1341549,703043,505466,365951,276198,201647,210026,142147,114374,98246,81392,66447,58003,48296,41085,35528,32778,28659,25479,23055,20964,19459,17765,16015,14078,12407,11087,10175,9490,8866,8386,7641,7317,6922,6396,5800,5424,4740,4443,3844,3652,3494,3132,2776,2554,2375,2264,2220,2086,1929,1814,1798,1645,1523,1504,1511,1379,1445,1380,1262,1278,1194,1232,1148,1052,1034,906,962,891,880,833,771,755,683,688,657,705,612,583,554,549,531,508,484,505,486,511,449,452,401,372,379,379,319,336,328,339,286,314,287,282,243,263,257,261,231,223,225,246,203,189,210,200,175,195,164,158,170,158,161,200,142,155,130,151,133,131,131,104,133,123,127,106,108,107,96,96,101,89,98,104,115,92,99,73,78,87,96,66,82,56,83,71,70,74,57,67,78,61,55,78,69,52,62,59,66,58,58,54,47,65],"tail_threshold":173,"tail_removal_rate":80.40877082498426,"tail_post_filtering_doc_counts":6844,"global_removal_rate":76.89218507762367}