{"cluster_sizes":[1,2,3,4,5,6,7,8,9,10,11,12,13,14,15,16,17,18,19,20,21,22,24,26,27,28,30,33,36,37,38,41,50,55,82,94,109],"cluster_removal_rates":[97.71293375394322,95.0354609929078,97.67441860465115,93.33333333333333,100.0,89.28571428571429,100.0,92.85714285714286,100.0,100.0,100.0,100.0,100.0,100.0,100.0,100.0,100.0,100.0,100.0,100.0,100.0,100.0,100.0,100.0,100.0,50.0,100.0,100.0,100.0,100.0,100.0,100.0,100.0,100.0,100.0,100.0,100.0],"cluster_post_filtering_doc_counts":[29,14,3,5,0,3,0,1,0,0,0,0,0,0,0,0,0,0,0,0,0,0,0,0,0,1,0,0,0,0,0,0,0,0,0,0,0],"tail_threshold":190,"tail_removal_rate":100.0,"tail_post_filtering_doc_counts":0,"global_removal_rate":97.12820512820512}