{"cluster_sizes":[1,2,3,4,5,6,7,8,9,10,11,12,13,14,15,17,19,20,21,22,23,24,25,26,27,28,29,30,31,32,37,38,39,41,43,44,45,47],"cluster_removal_rates":[94.02560455192034,98.64864864864865,100.0,100.0,96.29629629629629,100.0,100.0,100.0,100.0,100.0,80.0,100.0,100.0,100.0,100.0,100.0,0.0,75.0,100.0,100.0,100.0,100.0,77.77777777777779,66.66666666666666,100.0,100.0,50.0,100.0,100.0,100.0,100.0,100.0,100.0,100.0,100.0,100.0,100.0,100.0],"cluster_post_filtering_doc_counts":[42,2,0,0,1,0,0,0,0,0,1,0,0,0,0,0,1,1,0,0,0,0,2,1,0,0,1,0,0,0,0,0,0,0,0,0,0,0],"tail_threshold":108,"tail_removal_rate":100.0,"tail_post_filtering_doc_counts":0,"global_removal_rate":95.44658493870402}