{"cluster_sizes":[1,2,3,4,5,6,7,9,10,11,12,14,40],"cluster_removal_rates":[64.0,81.48148148148148,78.57142857142857,83.33333333333334,100.0,100.0,66.66666666666666,0.0,18.75,22.22222222222222,20.0,100.0,0.0],"cluster_post_filtering_doc_counts":[90,5,3,1,0,0,1,2,13,7,4,0,1],"tail_threshold":43,"tail_removal_rate":100.0,"tail_post_filtering_doc_counts":0,"global_removal_rate":62.75659824046921}