{"cluster_sizes":[1,2,3,4,5,6,7,8,9,10,11,12,13,14,15,16,17,18,19,20,21,22,23,24,25,26,27,28,29,30,31,32,33,34,35,36,37,38,39,40,41,42,43,44,45,46,47,48,49,50,51,52,53,54,55,56,57],"cluster_removal_rates":[99.9908200520372,99.9346308493056,99.88371805339074,99.88354218102204,99.90169919955062,99.94815070860699,99.88211717552753,99.62006079027356,99.57527135441245,99.87581496429681,99.95953055443141,99.84164687252573,99.77388355002826,99.66465459423206,99.76190476190476,99.64601769911503,100.0,99.87421383647799,99.38556067588326,99.83766233766234,100.0,99.60552268244575,100.0,99.8015873015873,100.0,98.81305637982196,99.33333333333333,100.0,99.23664122137404,99.58677685950413,99.56521739130434,100.0,100.0,100.0,100.0,100.0,100.0,100.0,100.0,100.0,100.0,100.0,99.21875,100.0,100.0,100.0,100.0,100.0,100.0,100.0,100.0,100.0,100.0,100.0,100.0,100.0,100.0],"cluster_post_filtering_doc_counts":[315,53,47,25,14,6,10,20,18,4,1,4,4,5,3,4,0,1,4,1,0,2,0,1,0,4,2,0,2,1,1,0,0,0,0,0,0,0,0,0,0,0,1,0,0,0,0,0,0,0,0,0,0,0,0,0,0],"tail_threshold":58,"tail_removal_rate":99.86305121884416,"tail_post_filtering_doc_counts":5,"global_removal_rate":99.98469693346293}