{"cluster_sizes":[1,2,3,4,5,6,7,8,9,10,14,15,16,17,18,19,20,21,22,23,24,25,26,27,28,29,30,31,32,33,34,35,36,38,39,40,41,42,43,49,53],"cluster_removal_rates":[68.25095057034221,62.637362637362635,30.0,20.0,80.0,16.666666666666664,16.666666666666664,60.0,100.0,0.0,100.0,100.0,33.33333333333333,50.0,52.17391304347826,51.35135135135135,50.70422535211267,52.459016393442624,56.42857142857143,63.793103448275865,65.68627450980392,70.87912087912088,74.46808510638297,81.25,81.42857142857143,65.21739130434783,75.0,87.5,50.0,25.0,0.0,0.0,20.0,0.0,0.0,0.0,0.0,0.0,100.0,0.0,100.0],"cluster_post_filtering_doc_counts":[167,68,7,4,1,5,5,2,0,1,0,0,2,5,11,18,35,58,61,63,70,53,36,21,13,8,4,1,1,3,2,9,4,4,1,5,1,3,0,1,0],"tail_threshold":55,"tail_removal_rate":66.66666666666666,"tail_post_filtering_doc_counts":1,"global_removal_rate":64.55101081335214}