{"cluster_sizes":[1,2,3,4,5,6,7,8,9,10,11,12,13,14,15,16,17,18,19,20,21,22,23,24,25,26,27,28,29,30,31,32,33,34,35,36,37,38,39,40,41,42,43,44,45,46,47,48,49,50,51,52,53,54,55,56,57,58,59,60,61,62,63,64,65,66,67,68,69,70,71,72,73,74,75,76,77,78,79,80,81,82,83,84,85,86,87,88,89,90,91,92,93,94,95,96,97,98,99,100,101,102,104,105,106,108,109,110,111,112,113,114,115,116,117,118,119,120,121,122,123,124,125,126,127,129,131,132,133,135,137,138,139,140,141,143,144],"cluster_removal_rates":[99.85370931290265,99.70861409579311,99.78108581436076,99.759954815024,99.71047128840277,99.78581627796288,99.75378121702427,99.09960607765898,98.4540276647681,98.44810863239573,98.9440337909187,98.8795518207283,98.27213822894169,98.45814977973568,98.13664596273291,97.9020979020979,98.7012987012987,96.15384615384616,96.92307692307692,95.18716577540107,89.67391304347827,88.38383838383838,87.04663212435233,88.58695652173914,87.28323699421965,91.30434782608695,93.02325581395348,96.5909090909091,96.62921348314607,96.84210526315789,97.40259740259741,97.97979797979798,96.5909090909091,97.72727272727273,98.34710743801654,98.31932773109243,97.54098360655738,99.16666666666667,98.7012987012987,100.0,95.65217391304348,97.5609756097561,97.72727272727273,96.875,100.0,100.0,100.0,100.0,100.0,95.0,100.0,100.0,100.0,100.0,100.0,100.0,100.0,100.0,85.71428571428571,94.11764705882352,100.0,100.0,100.0,100.0,100.0,100.0,100.0,100.0,100.0,100.0,100.0,100.0,100.0,75.0,100.0,100.0,100.0,100.0,100.0,100.0,100.0,100.0,100.0,100.0,100.0,100.0,100.0,100.0,100.0,100.0,100.0,100.0,100.0,100.0,100.0,100.0,100.0,100.0,100.0,100.0,100.0,100.0,100.0,100.0,100.0,100.0,100.0,100.0,100.0,100.0,100.0,100.0,100.0,100.0,100.0,100.0,100.0,100.0,100.0,100.0,100.0,100.0,100.0,100.0,100.0,100.0,100.0,100.0,100.0,100.0,100.0,100.0,100.0,100.0,100.0,100.0,100.0],"cluster_post_filtering_doc_counts":[156,64,25,17,18,9,7,16,19,16,10,8,8,7,6,6,3,9,6,9,19,23,25,21,22,10,6,3,3,3,2,2,3,2,2,2,3,1,1,0,2,1,1,1,0,0,0,0,0,1,0,0,0,0,0,0,0,0,1,1,0,0,0,0,0,0,0,0,0,0,0,0,0,2,0,0,0,0,0,0,0,0,0,0,0,0,0,0,0,0,0,0,0,0,0,0,0,0,0,0,0,0,0,0,0,0,0,0,0,0,0,0,0,0,0,0,0,0,0,0,0,0,0,0,0,0,0,0,0,0,0,0,0,0,0,0,0],"tail_threshold":145,"tail_removal_rate":100.0,"tail_post_filtering_doc_counts":0,"global_removal_rate":99.66117088165433}