{"cluster_sizes":[1,2,3,4,5,6,7,8,9,10,11,14,15,16,21,23,24,29,31,33,42],"cluster_removal_rates":[98.61111111111111,94.73684210526315,100.0,85.71428571428571,100.0,100.0,100.0,100.0,100.0,100.0,100.0,100.0,100.0,0.0,100.0,100.0,100.0,100.0,100.0,100.0,100.0],"cluster_post_filtering_doc_counts":[1,1,0,1,0,0,0,0,0,0,0,0,0,1,0,0,0,0,0,0,0],"tail_threshold":55,"tail_removal_rate":100.0,"tail_post_filtering_doc_counts":0,"global_removal_rate":97.33333333333334}