{"cluster_sizes":[1,2,3,4,5,6,7,8,9,10,11,12,13,14,15,16,17,18,19,20,21,22,23,24,25,26,27,28,29,30,31,32,33,34,35,36,37,38,39,40,41,42,43,44,45,46,47,48,49,50,51,52,53,54,55,56,57,58,59,60,61,62,63,64,65,66,68,69,70,71,72,73,74,75,77,79,80,81,82,84,85,86,92,93,98,99,101,107,108,110,112,115,116,118,127,136],"cluster_removal_rates":[99.78317673875577,99.44471269917914,99.3127147766323,99.7208653175157,99.38574938574939,98.56630824372759,97.22814498933901,95.66265060240964,95.27363184079603,94.80874316939891,93.9209726443769,95.84664536741214,96.21848739495799,95.18072289156626,97.20670391061452,95.48387096774194,95.26627218934911,97.93103448275862,97.79411764705883,96.875,98.75,97.95918367346938,97.43589743589743,100.0,94.11764705882352,94.11764705882352,100.0,100.0,90.9090909090909,100.0,100.0,100.0,100.0,92.3076923076923,100.0,100.0,100.0,100.0,100.0,100.0,100.0,100.0,100.0,100.0,83.33333333333334,92.85714285714286,80.0,100.0,90.0,87.5,100.0,100.0,100.0,100.0,100.0,100.0,100.0,100.0,100.0,100.0,100.0,100.0,100.0,100.0,100.0,100.0,100.0,100.0,100.0,100.0,100.0,80.0,100.0,100.0,100.0,100.0,100.0,100.0,100.0,100.0,100.0,100.0,100.0,100.0,100.0,100.0,100.0,100.0,100.0,100.0,100.0,100.0,100.0,100.0,100.0,100.0],"cluster_post_filtering_doc_counts":[39,23,14,4,5,8,13,18,19,19,20,13,9,8,5,7,8,3,3,3,1,1,1,0,1,1,0,0,1,0,0,0,0,1,0,0,0,0,0,0,0,0,0,0,1,1,1,0,1,1,0,0,0,0,0,0,0,0,0,0,0,0,0,0,0,0,0,0,0,0,0,1,0,0,0,0,0,0,0,0,0,0,0,0,0,0,0,0,0,0,0,0,0,0,0,0],"tail_threshold":138,"tail_removal_rate":100.0,"tail_post_filtering_doc_counts":0,"global_removal_rate":99.18427644678528}