{"cluster_sizes":[1,2,3,4,5,6,7,8,9,10,11,12,13,14,15,16,17,18,19,20,21,22,23,24,25,26,27,28,29,30,31,32,33,34,35,36,37,38,39,40,41,42,43,44,45,46,47,48,49,50,51,52,53,54,55,56,57,58,59,60,61,62,63,64,65,66,67,68,69,70,71,72,73,74,75,76,77,78,79,80,81,82,83,85,86,87,88,89,90,91,92,93,94,95,96,97,98,99,100,101,102,103,105,106,108,109,110,112,114,115,116,118,119,120,122,123,124,126,127,128,129,130,133,134,135,137,138,139,140,141,142,144,145,146,147,148,149,150,151,152,155,158,161,162,163,165,171,174,178,186,193,194,195,196,198,200,205,206,209,214],"cluster_removal_rates":[99.10933936684084,98.52958203079774,97.80621572212065,98.16822429906541,97.67171129220024,97.22448979591837,96.95431472081218,98.24253075571178,94.5823927765237,99.49109414758269,96.85314685314685,98.4375,97.1291866028708,93.45238095238095,93.24324324324324,89.68253968253968,88.37209302325581,85.45454545454545,92.5233644859813,91.66666666666666,92.22222222222223,87.32394366197182,94.11764705882352,91.30434782608695,95.71428571428572,91.93548387096774,88.70967741935483,98.18181818181819,89.13043478260869,95.94594594594594,98.80952380952381,98.76543209876543,97.10144927536231,96.92307692307692,95.83333333333334,97.5,95.1219512195122,100.0,85.71428571428571,84.61538461538461,90.47619047619048,92.85714285714286,85.71428571428571,90.0,81.81818181818183,100.0,100.0,71.42857142857143,76.92307692307693,75.0,63.63636363636363,80.0,91.66666666666666,90.0,81.81818181818183,100.0,88.88888888888889,100.0,100.0,100.0,100.0,100.0,100.0,100.0,100.0,100.0,100.0,83.33333333333334,100.0,100.0,100.0,100.0,50.0,80.0,85.71428571428571,83.33333333333334,100.0,100.0,100.0,100.0,100.0,0.0,100.0,100.0,100.0,100.0,100.0,100.0,66.66666666666666,100.0,100.0,100.0,100.0,100.0,100.0,100.0,100.0,100.0,100.0,100.0,100.0,100.0,100.0,100.0,100.0,100.0,100.0,100.0,100.0,100.0,100.0,100.0,100.0,100.0,100.0,100.0,100.0,100.0,100.0,0.0,66.66666666666666,100.0,0.0,100.0,0.0,0.0,100.0,40.0,100.0,100.0,100.0,100.0,100.0,0.0,0.0,100.0,33.33333333333333,0.0,33.33333333333333,100.0,50.0,0.0,100.0,100.0,0.0,100.0,100.0,100.0,100.0,100.0,100.0,100.0,100.0,100.0,100.0,100.0,100.0,100.0,100.0,100.0],"cluster_post_filtering_doc_counts":[496,127,84,49,40,34,24,10,24,2,9,4,6,11,10,13,10,16,8,8,7,9,4,6,3,5,7,1,5,3,1,1,2,2,2,1,2,0,4,2,2,1,3,1,4,0,0,4,3,3,4,2,1,1,2,0,1,0,0,0,0,0,0,0,0,0,0,1,0,0,0,0,1,1,1,1,0,0,0,0,0,1,0,0,0,0,0,0,1,0,0,0,0,0,0,0,0,0,0,0,0,0,0,0,0,0,0,0,0,0,0,0,0,0,0,0,0,0,0,1,1,0,1,0,2,2,0,3,0,0,0,0,0,2,1,0,2,1,2,0,1,1,0,0,1,0,0,0,0,0,0,0,0,0,0,0,0,0,0,0],"tail_threshold":228,"tail_removal_rate":95.0,"tail_post_filtering_doc_counts":4,"global_removal_rate":98.59300537078595}