{"cluster_sizes":[1,2,3,4,5,6,7,8,9,10,11,12,13,14,15,16,17,18,19,20,21,22,23,24,25,26,27,28,29,30,31,32,33,34,35,36,37,38,39,40,41,42,43,44,45,46,47,48,49,50,51,52,53,54,55,56,57,58,59,60,61,62,63,64,65,66,67,68,69,70,71,72,73,74,75,76,77,78,79,80,81,82,83,84,85,86,87,88,89,90,91,92,93,94,95,96,97,98,99,100,101,102,103,104,105,106,107,108,109,110,111,112,113,114,115,116,117,118,119,121,122,123,124,125,126,127,128,129,130,131,132,133,134,135,137,138,140,141,142,143,146,147,148,149,150,151,152,153,154,155,156,157,160,162,165,166,167,169,170,171,172,173,174,176,177,178,179,180,182,185,186,187,189,190,191,198,199,200,202,203,206,207,211,214,215,220,227,228,229,232,238,243,245,246,249,252,254,257,260,264,269,272,274,276,278,279,280,281],"cluster_removal_rates":[91.43548965682172,77.60961148385084,68.370511153346,69.98137268949706,76.80256064690026,77.86606129398412,76.80297397769516,75.81967213114754,73.65939893930465,74.26666666666667,73.5080058224163,71.49009474590869,65.8158614402917,68.98669396110543,71.21212121212122,76.00644122383254,78.4394250513347,81.69014084507043,82.86445012787725,80.73878627968337,73.71007371007371,72.52747252747253,74.87437185929649,65.53524804177546,69.38775510204081,70.1863354037267,67.8082191780822,69.32270916334662,72.84482758620689,68.8118811881188,77.05882352941177,73.38709677419355,76.92307692307693,80.0,87.5,80.64516129032258,82.14285714285714,84.4155844155844,82.6086956521739,81.03448275862068,91.22807017543859,84.61538461538461,85.18518518518519,86.11111111111111,91.8918918918919,84.375,92.3076923076923,93.93939393939394,82.6086956521739,86.36363636363636,91.66666666666666,93.33333333333333,100.0,95.23809523809523,95.0,91.30434782608695,78.57142857142857,91.66666666666666,75.0,100.0,78.57142857142857,90.9090909090909,86.66666666666667,100.0,92.3076923076923,80.0,92.3076923076923,100.0,100.0,83.33333333333334,80.0,80.0,87.5,100.0,71.42857142857143,81.81818181818183,80.0,100.0,100.0,85.71428571428571,75.0,100.0,100.0,100.0,88.88888888888889,100.0,100.0,80.0,100.0,100.0,75.0,100.0,100.0,100.0,100.0,100.0,83.33333333333334,100.0,50.0,100.0,100.0,75.0,100.0,80.0,100.0,100.0,83.33333333333334,66.66666666666666,100.0,75.0,100.0,100.0,100.0,100.0,100.0,100.0,100.0,100.0,100.0,100.0,100.0,100.0,100.0,100.0,100.0,100.0,100.0,100.0,100.0,100.0,100.0,100.0,100.0,100.0,100.0,100.0,100.0,100.0,100.0,100.0,100.0,100.0,100.0,100.0,100.0,100.0,100.0,100.0,100.0,100.0,100.0,100.0,0.0,100.0,100.0,100.0,100.0,50.0,100.0,100.0,100.0,100.0,100.0,100.0,100.0,100.0,100.0,100.0,50.0,100.0,100.0,100.0,100.0,100.0,100.0,100.0,100.0,100.0,100.0,100.0,100.0,100.0,100.0,100.0,100.0,100.0,100.0,100.0,100.0,100.0,100.0,100.0,100.0,100.0,100.0,100.0,100.0,100.0,100.0,100.0,100.0,100.0,100.0,100.0,100.0,100.0,100.0,100.0],"cluster_post_filtering_doc_counts":[5730,4305,3162,2095,1377,780,624,531,447,386,364,331,375,303,228,149,105,91,67,73,107,125,100,132,105,96,94,77,63,63,39,33,27,19,11,18,15,12,12,11,5,8,8,5,3,5,3,2,4,3,2,2,0,1,1,2,3,2,3,0,3,1,2,0,1,2,1,0,0,1,2,2,1,0,2,2,1,0,0,1,2,0,0,0,1,0,0,1,0,0,1,0,0,0,0,0,1,0,1,0,0,1,0,1,0,0,1,1,0,1,0,0,0,0,0,0,0,0,0,0,0,0,0,0,0,0,0,0,0,0,0,0,0,0,0,0,0,0,0,0,0,0,0,0,0,0,0,0,0,0,0,0,1,0,0,0,0,1,0,0,0,0,0,0,0,0,0,0,1,0,0,0,0,0,0,0,0,0,0,0,0,0,0,0,0,0,0,0,0,0,0,0,0,0,0,0,0,0,0,0,0,0,0,0,0,0,0,0],"tail_threshold":286,"tail_removal_rate":95.52238805970148,"tail_post_filtering_doc_counts":6,"global_removal_rate":82.98321994787506}