{"cluster_sizes":[1,2,3,4,5,6,7,8,9,10,11,12,13,14,15,16,17,18,19,20,21,22,23,24,25,26,27,28,29,30,31,32,33,34,35,36,37,38,39,40,41,42,43,44,45,46,47,48,49,50,51,52,53,54,55,56,57,58,59,60,61,62,63,64,65,66,67,68,69,70,71,72,74,75,76,77,78,79,80,81,82,83,84,85,86,87,88,89,90,91,92,93,94,95,96,97,98,99,100,101,102,103,104,105,106,107,108,110,111,112,113,114,115,116,117,118,119,120,121,122,123,124,125,126,127,128,129,130,132,133,134,135,136,137,138,139,141,142,144,145,146,147,148,149,150,151,152,153,154,155,156,157,158,160,161,162,163,165,167,168,170,171,172,173,174,176,177,179,180,182,185,186,187,188,189,191,192,193,194,196,198,200,201,205,206,207,208,209,210,211,213,214,215,216,218,219,220,222,224,225,226,227,229,231,232,233,234,235,238,240,241,243,244,245,247,248,251,252,255,258,272,273],"cluster_removal_rates":[99.9551108847472,99.88627935723115,99.81993432899058,99.72997299729973,99.89437549511486,99.88317757009347,99.94015559545183,99.698568198945,99.8998998998999,100.0,99.68253968253968,100.0,99.8003992015968,99.74226804123711,99.69788519637463,99.32432432432432,100.0,99.54545454545455,100.0,100.0,100.0,100.0,100.0,99.21259842519686,100.0,99.1869918699187,99.00990099009901,100.0,100.0,100.0,100.0,100.0,100.0,100.0,100.0,100.0,98.1981981981982,100.0,100.0,96.42857142857143,96.875,100.0,96.7741935483871,96.875,100.0,100.0,100.0,100.0,100.0,100.0,88.88888888888889,95.23809523809523,100.0,100.0,100.0,100.0,100.0,100.0,100.0,100.0,100.0,100.0,100.0,100.0,100.0,100.0,100.0,100.0,100.0,100.0,100.0,100.0,100.0,100.0,100.0,100.0,100.0,100.0,100.0,100.0,100.0,100.0,100.0,100.0,100.0,100.0,100.0,100.0,100.0,100.0,100.0,100.0,100.0,100.0,100.0,100.0,100.0,100.0,100.0,100.0,100.0,100.0,100.0,100.0,100.0,100.0,100.0,100.0,100.0,100.0,100.0,100.0,100.0,100.0,100.0,100.0,100.0,100.0,100.0,100.0,100.0,100.0,100.0,100.0,100.0,100.0,100.0,100.0,100.0,100.0,100.0,100.0,100.0,100.0,100.0,100.0,100.0,100.0,100.0,100.0,100.0,100.0,100.0,100.0,100.0,100.0,100.0,100.0,100.0,100.0,100.0,100.0,100.0,100.0,100.0,100.0,100.0,100.0,100.0,100.0,100.0,100.0,100.0,100.0,100.0,100.0,100.0,100.0,100.0,100.0,100.0,100.0,100.0,100.0,100.0,100.0,100.0,100.0,100.0,100.0,100.0,100.0,100.0,100.0,100.0,100.0,100.0,100.0,100.0,100.0,100.0,100.0,100.0,100.0,100.0,100.0,100.0,100.0,100.0,100.0,100.0,100.0,100.0,100.0,100.0,100.0,100.0,100.0,100.0,100.0,100.0,100.0,100.0,100.0,100.0,100.0,100.0,100.0,100.0,100.0,100.0,100.0],"cluster_post_filtering_doc_counts":[52,23,17,15,4,3,1,4,1,0,2,0,1,1,1,2,0,1,0,0,0,0,0,1,0,1,1,0,0,0,0,0,0,0,0,0,2,0,0,2,2,0,1,1,0,0,0,0,0,0,2,1,0,0,0,0,0,0,0,0,0,0,0,0,0,0,0,0,0,0,0,0,0,0,0,0,0,0,0,0,0,0,0,0,0,0,0,0,0,0,0,0,0,0,0,0,0,0,0,0,0,0,0,0,0,0,0,0,0,0,0,0,0,0,0,0,0,0,0,0,0,0,0,0,0,0,0,0,0,0,0,0,0,0,0,0,0,0,0,0,0,0,0,0,0,0,0,0,0,0,0,0,0,0,0,0,0,0,0,0,0,0,0,0,0,0,0,0,0,0,0,0,0,0,0,0,0,0,0,0,0,0,0,0,0,0,0,0,0,0,0,0,0,0,0,0,0,0,0,0,0,0,0,0,0,0,0,0,0,0,0,0,0,0,0,0,0,0,0,0,0,0],"tail_threshold":274,"tail_removal_rate":100.0,"tail_post_filtering_doc_counts":0,"global_removal_rate":99.91595146493046}