{"cluster_sizes":[1,2,3,4,5,6,7,8,9,10,11,12,13,14,15,16,17,18,19,20,21,22,23,24,25,26,27,28,29,30,31,32,33,34,35,36,37,38,39,40,41,42,43,44,45,46,47,48,49,50,51,52,53,54,55,56,57,58,59,60,61,62,63,64,65,66,67,68,69,70,71,72,73,74,75,76,77,78,79,80,81,82,83,84,85,86,87,88,89,90,91,92,93,94,95,96,97,98,99,100,101,102,103],"cluster_removal_rates":[68.71103303856512,62.32286221999276,59.93176591046282,60.01044447447129,61.13986662417932,61.9115934520884,62.122647983425594,61.05223903788185,61.49407361197754,61.99980294734472,62.20299839511488,63.84208463949843,63.638990560585626,66.29280693883655,68.53662795774032,69.526583403268,70.55859333118903,70.3546580688953,69.51192333407622,71.3834067829086,71.78629125317332,69.9867374005305,70.61268472906403,71.83310991957104,72.93335939026774,73.61344537815127,74.05727923627686,73.992673992674,73.94778902503995,73.39369158878505,74.96224705527031,76.31822386679002,75.93669250645995,76.6579243162233,75.65182511030886,77.11159737417942,76.3,77.36344537815127,77.85467128027682,79.39124920735574,78.95086321381142,78.54251012145748,80.3623188405797,77.77777777777779,80.68459657701712,79.71145175834084,82.71827182718272,80.38461538461539,82.97872340425532,81.86638388123012,81.46240988671472,80.45197740112995,82.49118683901293,81.85993111366246,82.72189349112426,83.16195372750641,81.3200498132005,82.52299605781866,83.59046283309958,80.18741633199464,77.76073619631902,81.5668202764977,81.20184899845917,80.87248322147651,78.88707037643208,78.26797385620915,80.06932409012131,81.20567375886525,79.8507462686567,80.41044776119402,85.1923076923077,81.37651821862349,79.32489451476793,81.20950323974083,78.8546255506608,82.5910931174089,81.6872427983539,81.10047846889952,83.710407239819,81.15942028985508,81.95876288659794,83.65650969529086,76.98863636363636,81.72043010752688,84.63949843260188,83.33333333333334,83.95904436860067,86.43533123028391,84.58781362007169,85.51724137931035,83.88429752066115,82.92682926829268,82.62711864406779,80.14981273408239,79.18552036199095,87.61467889908256,87.25099601593625,87.192118226601,80.75117370892019,82.67326732673267,83.14606741573034,81.86274509803921,76.70454545454545],"cluster_post_filtering_doc_counts":[1645820,636929,314631,219006,135365,86020,57955,50132,34566,26998,19312,14764,11325,9016,7207,6173,5492,5241,4104,2987,2445,2263,1909,1681,1385,1256,1087,1065,978,911,829,768,745,623,607,523,474,431,384,325,317,318,271,292,237,225,192,204,168,171,180,173,149,158,146,131,150,133,117,148,145,120,122,114,129,133,115,106,108,105,77,92,98,87,96,86,89,79,72,78,70,59,81,68,49,48,47,43,43,42,39,42,41,53,46,27,32,26,41,35,30,37,41],"tail_threshold":104,"tail_removal_rate":81.24871425632585,"tail_post_filtering_doc_counts":1823,"global_removal_rate":65.67111793493113}