{"cluster_sizes":[1,2,3,4,5,6,7,8,9,10,11,12,13,14,15,16,17,18,19,20,21,22,23,24,25,26,27,28,29,30,31,32,33,34,35,36,37,38,39,40,41,42,43,44,45,46,47,48,49,50,51,52,53,54,55,56,57,58,59,60,61,62,63,64,65,66,67,68,69,70,71,72,73,74],"cluster_removal_rates":[99.62557512295731,96.92702221063155,97.22669832923417,97.76297599597838,97.36888265216629,97.87234042553192,98.20119920053297,97.53138075313808,96.62322274881517,96.45390070921985,97.23101265822784,99.0405117270789,97.26688102893891,98.52320675105484,96.69211195928753,96.89737470167064,98.7460815047022,98.29931972789116,98.8,98.09885931558935,96.15384615384616,96.29629629629629,97.80701754385966,98.33333333333333,98.00995024875621,97.12643678160919,96.75324675324676,95.9731543624161,98.24561403508771,98.01980198019803,98.4251968503937,97.52066115702479,98.38709677419355,97.57575757575758,97.42268041237114,97.82608695652173,94.56521739130434,97.38562091503267,97.14285714285714,97.05882352941177,96.7741935483871,98.01980198019803,98.48484848484848,96.875,95.74468085106383,97.14285714285714,96.66666666666667,89.65517241379311,96.29629629629629,100.0,100.0,100.0,100.0,100.0,100.0,100.0,100.0,100.0,100.0,100.0,100.0,100.0,92.85714285714286,90.9090909090909,92.85714285714286,100.0,100.0,100.0,86.66666666666667,94.44444444444444,90.0,90.0,100.0,100.0],"cluster_post_filtering_doc_counts":[1534,707,327,178,150,87,54,59,57,50,35,9,17,7,13,13,4,5,3,5,9,8,5,4,4,5,5,6,2,2,2,3,2,4,5,4,10,4,4,3,3,2,1,2,2,1,1,3,1,0,0,0,0,0,0,0,0,0,0,0,0,0,1,1,1,0,0,0,2,1,1,1,0,0],"tail_threshold":75,"tail_removal_rate":98.97119341563786,"tail_post_filtering_doc_counts":5,"global_removal_rate":99.28556568052261}