{"cluster_sizes":[1,2,3,4,5,6,7,8,9,10,11,12,13,14,15,16,17,18,19,20,21,22,23,24,25,26,27,28,29,30,31,32,33,34,35,36,37,38,39,40,41,42,43,44,47,48,49,52],"cluster_removal_rates":[86.15684575389947,98.96118097320941,77.16535433070865,85.41666666666666,80.0,86.48648648648648,92.3076923076923,88.23529411764706,88.46153846153845,88.88888888888889,100.0,60.0,40.0,10.526315789473683,5.88235294117647,9.345794392523365,28.000000000000004,29.166666666666668,34.65346534653465,37.5,41.63090128755365,37.919463087248324,44.35695538057743,47.2972972972973,46.198830409356724,53.813559322033896,56.14035087719298,60.0,57.14285714285714,36.84210526315789,62.5,47.05882352941176,10.0,47.61904761904761,38.88888888888889,30.0,36.36363636363637,10.0,33.33333333333333,66.66666666666666,66.66666666666666,50.0,50.0,0.0,0.0,100.0,100.0,100.0],"cluster_post_filtering_doc_counts":[639,38,29,14,7,5,3,4,3,2,0,2,6,102,240,97,36,34,66,90,136,185,212,195,184,109,75,38,21,12,3,9,9,11,11,7,7,9,8,2,1,1,1,2,1,0,0,0],"tail_threshold":60,"tail_removal_rate":69.23076923076923,"tail_post_filtering_doc_counts":4,"global_removal_rate":77.5025278058645}