{"cluster_sizes":[1,2,3,4,5,6,7,8,9,10,11,12,13,14,15,16,17,18,19,20,21,22,23,24,25,26,27,28,29,30,31,32,33,34,36,37,38,39,42],"cluster_removal_rates":[95.84295612009238,78.8663720859363,72.08791208791209,57.14285714285714,52.94117647058824,53.65853658536586,58.82352941176471,76.66666666666667,72.22222222222221,91.30434782608695,83.87096774193549,84.21052631578947,65.0,85.0,62.5,83.33333333333334,90.9090909090909,72.72727272727273,57.14285714285714,73.33333333333333,81.25,75.0,87.5,60.0,100.0,85.71428571428571,83.33333333333334,100.0,100.0,100.0,0.0,100.0,100.0,100.0,100.0,100.0,100.0,100.0,100.0],"cluster_post_filtering_doc_counts":[18,1387,254,27,24,19,7,7,5,2,5,3,7,3,6,3,1,3,3,4,3,1,1,2,0,1,1,0,0,0,1,0,0,0,0,0,0,0,0],"tail_threshold":45,"tail_removal_rate":100.0,"tail_post_filtering_doc_counts":0,"global_removal_rate":78.57738591683547}