{"cluster_sizes":[1,2,3,4,5,6,7,8,9,10,11,12,13,14,15,16,17,18,19,20,21,22,23,24,25,26,27,28,29,30,31,32,33,34,35,36,37,38,39,40,41,42,43],"cluster_removal_rates":[99.81112026275383,95.87671803415245,96.53317393903168,97.80608634111819,97.29601518026566,96.69811320754717,97.38072965388214,97.48878923766816,97.74223894637818,97.72079772079772,97.04016913319239,97.80821917808218,97.75280898876404,97.59615384615384,94.68085106382979,92.81767955801105,96.26865671641791,97.26027397260275,92.66055045871559,89.69072164948454,92.63157894736842,94.36619718309859,94.5945945945946,97.43589743589743,98.46153846153847,94.54545454545455,94.73684210526315,95.23809523809523,96.7741935483871,91.42857142857143,94.11764705882352,86.8421052631579,96.29629629629629,97.82608695652173,93.87755102040816,80.55555555555556,93.33333333333333,91.11111111111111,83.87096774193549,97.14285714285714,96.7741935483871,92.3076923076923,91.30434782608695],"cluster_post_filtering_doc_counts":[743,396,174,62,57,56,28,28,24,16,14,8,6,5,10,13,5,4,8,10,7,4,4,2,1,3,3,2,1,3,2,5,2,1,3,7,4,4,5,1,1,2,2],"tail_threshold":44,"tail_removal_rate":95.1276102088167,"tail_post_filtering_doc_counts":21,"global_removal_rate":99.58392929876577}