{"cluster_sizes":[1,2,3,4,5,6,7,8,9,10,11,12,13,14,15,16,17,18,19,20,21,22,23,24,25,26,27,28,29,30,31,32,33,34,35,36,37,38,39,40,41,42,43,44,45,46,47,48,49,50,51,52,53,54,55,56,57,58,59,60,61,62,63,64,65,66,67,68,69,70,71,72,73,74,75,76,77,78,79,80,81,82,83,84,85,86,87,88,89,90],"cluster_removal_rates":[42.77143260344155,37.67868266840135,39.66609390074718,41.35691648723381,42.2023935981871,45.37502547727427,46.490819626744525,47.43651503681784,46.02243117707035,48.78754557555414,50.448102964980855,53.09721685349827,52.46505717916137,53.9595849262698,55.590756615728665,55.40029417944946,53.386601106330666,53.67647058823529,53.48110681344838,53.81248947988554,52.282934131736525,54.253112033195016,55.50606285572878,59.12582781456953,58.07103667340456,55.53185004571777,53.94151303242213,51.0517529215359,48.38387204265245,51.37318255250404,49.42914707857622,49.64299135663284,51.89359783588819,56.98757763975155,56.86492495831017,56.91394658753709,55.27795128044972,57.15214564369311,50.892267019167214,50.29392553886349,52.09537572254336,53.125,56.90335305719921,62.171837708830544,66.9836956521739,66.9054441260745,65.53323029366305,69.6485623003195,74.33155080213903,68.71880199667221,69.51219512195121,70.64056939501779,71.70172084130019,69.71428571428572,69.98050682261209,74.6268656716418,74.01960784313727,70.66666666666667,75.54479418886199,76.35574837310195,76.62037037037037,72.20843672456576,74.44444444444444,70.32085561497327,75.31806615776081,71.900826446281,71.11111111111111,74.64788732394366,75.0,76.58862876254182,69.25675675675676,78.15384615384615,70.03257328990227,75.98566308243727,74.31506849315068,77.22419928825623,72.66435986159169,67.3076923076923,70.3971119133574,74.47698744769873,72.0524017467249,74.6938775510204,79.18367346938776,78.099173553719,72.58883248730965,76.19047619047619,76.59574468085107,78.37837837837837,74.17582417582418,76.878612716763],"cluster_post_filtering_doc_counts":[2181751,791343,342699,203176,122424,64322,42520,30552,23823,17698,12551,9707,7482,5901,4766,4245,3792,3465,3127,2744,2550,2205,1798,1543,1452,1459,1449,1466,1549,1505,1506,1340,1067,831,776,726,716,659,743,761,663,555,437,317,243,231,223,190,144,188,175,165,148,159,154,119,106,132,101,109,101,112,92,111,97,102,104,90,80,70,91,71,92,67,75,64,79,85,82,61,64,62,51,53,54,50,44,40,47,40],"tail_threshold":91,"tail_removal_rate":75.03260397043907,"tail_post_filtering_doc_counts":1723,"global_removal_rate":42.03965157148501}