{"cluster_sizes":[1,2,3,4,5,6,7,8,9,10,11,12,13,14,15,16,17,18,19,20,21,22,23,24,25,26,27,28,29,30,31,32,33,35,36,37,38,39,41,42,43,45,46,47,48,49,50,53,56,58,62,63,71,72,75,76,103,111,113,117,120,172,188],"cluster_removal_rates":[96.83885890516576,78.69177403369673,75.42087542087542,76.79180887372013,92.72727272727272,96.80851063829788,92.7536231884058,79.1044776119403,85.96491228070175,92.6829268292683,96.15384615384616,84.375,84.21052631578947,70.58823529411765,70.0,95.0,100.0,100.0,100.0,100.0,90.0,100.0,100.0,71.42857142857143,100.0,100.0,50.0,85.71428571428571,85.71428571428571,66.66666666666666,60.0,0.0,100.0,100.0,100.0,100.0,100.0,100.0,100.0,100.0,100.0,100.0,100.0,100.0,100.0,100.0,100.0,100.0,100.0,100.0,100.0,100.0,100.0,100.0,100.0,100.0,100.0,100.0,100.0,100.0,100.0,100.0,100.0],"cluster_post_filtering_doc_counts":[205,215,146,68,12,6,5,14,8,3,1,5,3,5,3,1,0,0,0,0,1,0,0,2,0,0,1,1,1,1,2,2,0,0,0,0,0,0,0,0,0,0,0,0,0,0,0,0,0,0,0,0,0,0,0,0,0,0,0,0,0,0,0],"tail_threshold":199,"tail_removal_rate":100.0,"tail_post_filtering_doc_counts":0,"global_removal_rate":92.33836206896552}