{"cluster_sizes":[1,2,3,4,5,6,7,8,9,10,11,12,13,14,15,16,17,18,19,20,21,22,23,24,25,26,28,29,30,32,33,36,37,38,40,41],"cluster_removal_rates":[97.38858640855011,94.34167573449402,90.20172910662824,87.32394366197182,76.47058823529412,97.87234042553192,97.95918367346938,92.0,100.0,100.0,100.0,88.23529411764706,93.33333333333333,100.0,100.0,100.0,100.0,87.5,100.0,100.0,100.0,75.0,100.0,100.0,100.0,100.0,100.0,100.0,100.0,100.0,100.0,100.0,100.0,100.0,100.0,100.0],"cluster_post_filtering_doc_counts":[259,52,34,9,16,1,1,2,0,0,0,2,1,0,0,0,0,1,0,0,0,1,0,0,0,0,0,0,0,0,0,0,0,0,0,0],"tail_threshold":61,"tail_removal_rate":100.0,"tail_post_filtering_doc_counts":0,"global_removal_rate":96.73641608542151}