{"cluster_sizes":[1,2,3,4,5,6,7,8,9,10,11,12,13,14,15,16,17,18,19,20,21,22,23,24,25,26,27,28,29,30,31,32,33,34,35,36,37,38,39,40,41,42,43,44,45,47,48,49,50,52,53,55,56,57,58,59,60,61,65,66,68,73,74,77,78,80,81,88],"cluster_removal_rates":[99.57414282594453,96.74234945705824,97.68421052631578,98.99244332493703,100.0,100.0,100.0,100.0,100.0,97.95918367346938,100.0,100.0,96.66666666666667,100.0,100.0,100.0,100.0,100.0,100.0,100.0,100.0,87.5,92.85714285714286,100.0,100.0,100.0,100.0,100.0,100.0,100.0,100.0,100.0,100.0,100.0,100.0,100.0,100.0,100.0,100.0,100.0,100.0,100.0,100.0,100.0,100.0,100.0,100.0,100.0,100.0,100.0,100.0,100.0,100.0,100.0,100.0,100.0,100.0,100.0,100.0,100.0,100.0,100.0,100.0,100.0,100.0,100.0,100.0,100.0],"cluster_post_filtering_doc_counts":[39,33,11,4,0,0,0,0,0,1,0,0,1,0,0,0,0,0,0,0,0,1,1,0,0,0,0,0,0,0,0,0,0,0,0,0,0,0,0,0,0,0,0,0,0,0,0,0,0,0,0,0,0,0,0,0,0,0,0,0,0,0,0,0,0,0,0,0],"tail_threshold":89,"tail_removal_rate":100.0,"tail_post_filtering_doc_counts":0,"global_removal_rate":99.27275633341324}