{"cluster_sizes":[1,2,3,4,5,6,7,8,16,17,18,19,20,21,22,23,24,25,26,27,28,29,30,31,32,33,34,35,36,37,39,40,41,42,48,52,53,55],"cluster_removal_rates":[79.87866531850354,58.536585365853654,77.27272727272727,64.28571428571429,0.0,100.0,100.0,50.0,85.71428571428571,76.92307692307693,68.75,72.1311475409836,67.96116504854369,68.42105263157895,72.72727272727273,76.10062893081762,77.8688524590164,75.39682539682539,75.24752475247524,72.27272727272728,74.50980392156863,83.33333333333334,71.42857142857143,76.92307692307693,66.66666666666666,50.0,50.0,0.0,0.0,0.0,20.0,0.0,0.0,50.0,100.0,100.0,100.0,100.0],"cluster_post_filtering_doc_counts":[199,68,10,5,2,0,0,1,1,3,10,17,33,54,66,76,81,93,75,61,39,13,12,3,3,1,2,3,2,3,4,4,2,1,0,0,0,0],"tail_threshold":57,"tail_removal_rate":25.0,"tail_post_filtering_doc_counts":3,"global_removal_rate":74.74076043605425}