{"cluster_sizes":[1,2,3,4,5,6,7,8,9,10,11,12,13,14,15,18,22,23,24,25,26,27,28,29,31,32,33,34,35,36,37,38,39,40,45,46,49],"cluster_removal_rates":[83.80292532717475,59.154929577464785,67.12328767123287,43.103448275862064,82.85714285714286,86.95652173913044,71.42857142857143,100.0,100.0,100.0,100.0,100.0,100.0,100.0,100.0,100.0,100.0,100.0,100.0,100.0,100.0,100.0,100.0,100.0,100.0,100.0,100.0,100.0,100.0,100.0,100.0,100.0,100.0,100.0,100.0,100.0,100.0],"cluster_post_filtering_doc_counts":[1052,87,24,33,6,3,2,0,0,0,0,0,0,0,0,0,0,0,0,0,0,0,0,0,0,0,0,0,0,0,0,0,0,0,0,0,0],"tail_threshold":59,"tail_removal_rate":100.0,"tail_post_filtering_doc_counts":0,"global_removal_rate":82.73494492919468}