{"cluster_sizes":[1,2,3,4,5,6,7,10,15],"cluster_removal_rates":[39.84375,33.33333333333333,19.708029197080293,15.0,11.11111111111111,50.0,100.0,100.0,100.0],"cluster_post_filtering_doc_counts":[77,14,110,17,8,1,0,0,0],"tail_threshold":34,"tail_removal_rate":100.0,"tail_post_filtering_doc_counts":0,"global_removal_rate":29.283489096573206}