{"cluster_sizes":[1,2,3,4,5,6,7,8,9,10],"cluster_removal_rates":[83.31380360909304,42.10526315789473,25.0,81.81818181818183,100.0,75.0,76.92307692307693,77.27272727272727,66.66666666666666,100.0],"cluster_post_filtering_doc_counts":[712,55,18,2,0,4,6,5,1,0],"tail_threshold":11,"tail_removal_rate":100.0,"tail_post_filtering_doc_counts":0,"global_removal_rate":82.09188224799287}