{"cluster_sizes":[1,2,3,4,5,6,7,8,9,10,11,12,13,14,16,17,19,20,22,25,26,30,31,33,35,43,60],"cluster_removal_rates":[96.22641509433963,36.666666666666664,93.75,91.30434782608695,100.0,100.0,100.0,100.0,100.0,100.0,100.0,100.0,100.0,100.0,100.0,100.0,100.0,100.0,100.0,100.0,100.0,100.0,50.0,100.0,100.0,100.0,100.0],"cluster_post_filtering_doc_counts":[2,38,2,2,0,0,0,0,0,0,0,0,0,0,0,0,0,0,0,0,0,0,1,0,0,0,0],"tail_threshold":165,"tail_removal_rate":100.0,"tail_post_filtering_doc_counts":0,"global_removal_rate":84.58904109589042}