{"cluster_sizes":[1,2,3,4,5,6,7,8,9,10,11,14,15,16,17,18,29,30,31,32,38,40],"cluster_removal_rates":[89.96491228070175,50.72463768115942,75.0,92.85714285714286,80.0,100.0,100.0,100.0,100.0,100.0,100.0,100.0,100.0,100.0,100.0,100.0,100.0,100.0,100.0,100.0,66.66666666666666,100.0],"cluster_post_filtering_doc_counts":[143,34,4,1,3,0,0,0,0,0,0,0,0,0,0,0,0,0,0,0,1,0],"tail_threshold":59,"tail_removal_rate":100.0,"tail_post_filtering_doc_counts":0,"global_removal_rate":88.212927756654}