{"cluster_sizes":[1,2,3,4,5,6,7,8,9,10,11,12,13,14,15,16,17,18,19,20,21,22,23,24,25,26,27,28,29,30,31,32,33,34,35,36,37,38,39,40,41],"cluster_removal_rates":[75.1004016064257,93.4595798854233,92.74310595065312,94.28571428571428,100.0,100.0,100.0,92.3076923076923,93.75,100.0,93.75,95.45454545454545,100.0,100.0,90.0,100.0,100.0,85.18518518518519,95.23809523809523,98.0,87.5,92.10526315789474,81.74603174603175,77.46478873239437,81.29496402877699,68.88888888888889,68.0327868852459,71.69811320754717,52.38095238095239,63.888888888888886,52.38095238095239,45.0,36.36363636363637,33.33333333333333,50.0,20.0,33.33333333333333,25.0,40.0,25.0,0.0],"cluster_post_filtering_doc_counts":[124,411,50,2,0,0,0,1,1,0,1,1,0,0,2,0,0,4,1,1,9,6,23,32,26,42,39,30,30,13,10,11,7,4,3,8,2,3,3,3,1],"tail_threshold":42,"tail_removal_rate":22.22222222222222,"tail_post_filtering_doc_counts":7,"global_removal_rate":89.78814034301087}