{"cluster_sizes":[1,2,3,4,5,6,7,8,9,10,11,12,13,14,15,16,17,18,19,20,21,22,23,24,25,26,27,28,29,30,32,33,34,35,36,37,38,39,40,41,43,44,45,46,47,48,50,51,52,55,57,60,64,69,73,74,75,76,77,81,93,100],"cluster_removal_rates":[96.81008902077151,99.83870967741936,99.33554817275747,100.0,99.37888198757764,100.0,100.0,100.0,100.0,93.54838709677419,100.0,100.0,100.0,100.0,90.9090909090909,100.0,100.0,100.0,100.0,100.0,90.9090909090909,100.0,100.0,100.0,87.5,100.0,100.0,100.0,100.0,80.0,100.0,100.0,100.0,100.0,100.0,100.0,100.0,100.0,100.0,100.0,100.0,100.0,100.0,100.0,100.0,100.0,100.0,100.0,100.0,100.0,100.0,100.0,100.0,100.0,100.0,100.0,100.0,100.0,100.0,100.0,100.0,100.0],"cluster_post_filtering_doc_counts":[86,1,2,0,1,0,0,0,0,2,0,0,0,0,1,0,0,0,0,0,1,0,0,0,1,0,0,0,0,1,0,0,0,0,0,0,0,0,0,0,0,0,0,0,0,0,0,0,0,0,0,0,0,0,0,0,0,0,0,0,0,0],"tail_threshold":102,"tail_removal_rate":100.0,"tail_post_filtering_doc_counts":0,"global_removal_rate":97.87845303867402}