{"cluster_sizes":[1,2,3,4,5,6,7,8,9,10,11,12,13,14,15,16,17,18,19,20,21,22,23,24,25,26,27,28,29,30,32,34,35,36,37,38,39,40,41,42,44,45,48,51,52,55,60,61,63,74,79,94,108],"cluster_removal_rates":[96.630615640599,86.84807256235828,98.57142857142858,98.4375,98.71794871794873,97.33333333333334,100.0,97.22222222222221,97.67441860465115,100.0,100.0,100.0,100.0,100.0,100.0,100.0,100.0,100.0,100.0,100.0,100.0,100.0,100.0,100.0,100.0,100.0,100.0,100.0,100.0,100.0,100.0,100.0,0.0,100.0,100.0,100.0,100.0,100.0,100.0,100.0,100.0,100.0,100.0,100.0,100.0,100.0,100.0,100.0,100.0,100.0,100.0,100.0,100.0],"cluster_post_filtering_doc_counts":[81,58,3,2,2,2,0,1,1,0,0,0,0,0,0,0,0,0,0,0,0,0,0,0,0,0,0,0,0,0,0,0,1,0,0,0,0,0,0,0,0,0,0,0,0,0,0,0,0,0,0,0,0],"tail_threshold":122,"tail_removal_rate":100.0,"tail_post_filtering_doc_counts":0,"global_removal_rate":96.0377853581737}