{"cluster_sizes":[1,2,3,4,5,6,7,8,9,10,11,12,13,14,15,16,17,18,19,20,21,22,23,24,25,26,27,28,29,30,31,32,33,34,35,36,37,38,39,41,42,45,46,47,49,50,51,52,58,59,61,62,69,72,74,83,85,96,101,103,106,118,123,125,139,143,149,152],"cluster_removal_rates":[99.85688729874776,98.9776046738072,97.94050343249427,98.22695035460993,97.07317073170731,99.23664122137404,98.59154929577466,98.63013698630137,100.0,100.0,100.0,100.0,97.05882352941177,100.0,100.0,100.0,100.0,100.0,100.0,100.0,100.0,100.0,100.0,100.0,100.0,100.0,100.0,100.0,100.0,100.0,100.0,100.0,100.0,100.0,66.66666666666666,100.0,100.0,100.0,100.0,100.0,100.0,100.0,100.0,100.0,100.0,100.0,100.0,100.0,100.0,100.0,100.0,100.0,100.0,100.0,100.0,100.0,100.0,100.0,100.0,100.0,100.0,100.0,100.0,100.0,100.0,100.0,100.0,0.0],"cluster_post_filtering_doc_counts":[8,21,9,5,6,1,1,1,0,0,0,0,1,0,0,0,0,0,0,0,0,0,0,0,0,0,0,0,0,0,0,0,0,0,1,0,0,0,0,0,0,0,0,0,0,0,0,0,0,0,0,0,0,0,0,0,0,0,0,0,0,0,0,0,0,0,0,1],"tail_threshold":163,"tail_removal_rate":100.0,"tail_post_filtering_doc_counts":0,"global_removal_rate":99.41638370118847}