{"cluster_sizes":[1,2,3,4,9,10,15,16,17,18,19,20,21,22,23,24,25,26,27,28,29,30,31,32,33,34,35,36,37,38,39,40,41,46],"cluster_removal_rates":[75.7396449704142,74.04580152671755,44.44444444444444,33.33333333333333,100.0,100.0,100.0,100.0,77.77777777777779,70.0,64.70588235294117,57.692307692307686,75.72815533980582,73.10344827586206,79.12087912087912,73.79679144385027,79.47368421052632,76.50602409638554,80.76923076923077,78.57142857142857,74.35897435897436,76.47058823529412,55.55555555555556,50.0,25.0,0.0,33.33333333333333,0.0,0.0,0.0,0.0,0.0,0.0,0.0],"cluster_post_filtering_doc_counts":[123,34,10,2,0,0,0,0,2,6,12,33,25,39,38,49,39,39,20,18,10,4,4,4,3,1,2,6,2,3,1,1,1,1],"tail_threshold":48,"tail_removal_rate":66.66666666666666,"tail_post_filtering_doc_counts":1,"global_removal_rate":74.18886198547216}