{"cluster_sizes":[1,2,3,4,5,6,7,8,9,12,13,14,15,18,19,20,21,22,23,24,25,26,27,29,47],"cluster_removal_rates":[99.07407407407408,100.0,100.0,87.5,100.0,100.0,100.0,100.0,100.0,100.0,100.0,100.0,100.0,100.0,100.0,100.0,100.0,100.0,100.0,100.0,100.0,100.0,100.0,100.0,0.0],"cluster_post_filtering_doc_counts":[2,0,0,1,0,0,0,0,0,0,0,0,0,0,0,0,0,0,0,0,0,0,0,0,1],"tail_threshold":48,"tail_removal_rate":100.0,"tail_post_filtering_doc_counts":0,"global_removal_rate":98.79518072289156}