{"cluster_sizes":[1,2,3,4,5,6,7,8,9,10,11,12,13,14,15,16,17,18,19,20,21,22,23,24,25,26,27,28,29,30,31,32,33,34,35,36,37,38,39,40,41,42,43,44,45,46,47,48,49,50,51,52,53,54,55,56,57,58,59,60,61,62,63,64,65,66,67,68,69,70,71,72,73,74,75,76,77,78,79,80,81,82,83,84,85,86,87,88,89,90,91,92,93,94,95,96,97,98,99,100,101,102,103,104,105,106,107,108,109,111,112,113,114,116,117,118,119,120,121,122,123,124,125,127,128,129,130,131,132,135,138,139,141,142,144,146,147,148,149,151,152,153,154,155,157,159,160,161,162,163,165,166,170,171,174,176,183,185,187,189,190,192,201],"cluster_removal_rates":[98.4179126108065,97.4132863021752,96.6516419832582,95.8271787296898,94.14664202094886,93.65808823529412,93.00225733634312,87.90896159317212,89.52205882352942,89.77556109725685,91.42011834319527,94.1747572815534,96.1352657004831,95.23809523809523,99.73821989528795,96.57534246575342,96.94656488549617,100.0,98.9795918367347,94.5054945054945,96.96969696969697,96.05263157894737,97.95918367346938,96.55172413793103,97.67441860465115,97.36842105263158,92.10526315789474,97.14285714285714,97.5,100.0,100.0,88.57142857142857,96.96969696969697,100.0,100.0,95.0,100.0,90.47619047619048,100.0,100.0,94.11764705882352,93.33333333333333,100.0,88.23529411764706,100.0,100.0,100.0,85.71428571428571,95.0,100.0,100.0,87.5,90.47619047619048,95.23809523809523,84.61538461538461,89.47368421052632,93.75,94.73684210526315,87.5,88.88888888888889,100.0,90.0,80.0,33.33333333333333,81.81818181818183,90.9090909090909,90.9090909090909,90.9090909090909,100.0,85.71428571428571,75.0,75.0,88.88888888888889,100.0,75.0,100.0,90.9090909090909,85.71428571428571,92.3076923076923,88.88888888888889,100.0,100.0,88.88888888888889,93.33333333333333,87.5,91.66666666666666,87.5,88.88888888888889,100.0,83.33333333333334,80.0,80.0,83.33333333333334,100.0,100.0,75.0,85.71428571428571,100.0,100.0,100.0,100.0,80.0,100.0,50.0,80.0,100.0,66.66666666666666,100.0,100.0,100.0,66.66666666666666,100.0,0.0,100.0,50.0,100.0,66.66666666666666,100.0,0.0,66.66666666666666,100.0,100.0,100.0,100.0,100.0,100.0,100.0,100.0,100.0,100.0,100.0,100.0,100.0,100.0,100.0,100.0,100.0,100.0,100.0,100.0,100.0,50.0,50.0,100.0,100.0,100.0,100.0,100.0,100.0,100.0,100.0,100.0,100.0,100.0,100.0,100.0,100.0,100.0,100.0,100.0,100.0,100.0,100.0],"cluster_post_filtering_doc_counts":[655,264,156,113,95,69,62,85,57,41,29,18,8,10,1,5,4,0,1,5,2,3,1,2,1,1,3,1,1,0,0,4,1,0,0,1,0,2,0,0,1,1,0,2,0,0,0,3,1,0,0,2,2,1,2,2,1,1,2,1,0,2,2,2,2,1,1,1,0,1,2,2,1,0,3,0,1,1,1,1,0,0,1,1,1,1,1,1,0,1,1,2,1,0,0,1,1,0,0,0,0,1,0,2,1,0,2,0,0,0,1,0,1,0,1,0,1,0,3,1,0,0,0,0,0,0,0,0,0,0,0,0,0,0,0,0,0,0,0,0,0,1,1,0,0,0,0,0,0,0,0,0,0,0,0,0,0,0,0,0,0,0,0],"tail_threshold":207,"tail_removal_rate":89.70588235294117,"tail_post_filtering_doc_counts":7,"global_removal_rate":97.37090447963668}