{"cluster_sizes":[1,2,3,4,5,6,7,8,9,10,11,12,13,14,15,16,17,18,19,20,21,22,23,24,25,26,27,29,30,31,32,33,35,37,40,54],"cluster_removal_rates":[84.20074349442379,37.82051282051282,79.03225806451613,24.305555555555554,26.153846153846157,100.0,87.5,100.0,100.0,100.0,90.0,100.0,57.14285714285714,60.0,25.0,0.0,0.0,6.666666666666667,0.0,0.0,11.11111111111111,0.0,0.0,50.0,0.0,0.0,40.0,0.0,0.0,50.0,0.0,0.0,0.0,33.33333333333333,100.0,100.0],"cluster_post_filtering_doc_counts":[85,97,13,109,48,0,2,0,0,0,1,0,3,2,3,12,20,28,17,24,16,14,12,2,3,3,3,1,2,1,2,1,1,2,0,0],"tail_threshold":73,"tail_removal_rate":100.0,"tail_post_filtering_doc_counts":0,"global_removal_rate":57.431340872374804}