{"cluster_sizes":[1,2,3,4,5,6,7,8,9,10,11,12,13,14,15,16,17,18,19],"cluster_removal_rates":[81.86035722570169,25.49019607843137,6.862745098039216,15.0,21.73913043478261,19.047619047619047,52.94117647058824,46.15384615384615,81.81818181818183,83.33333333333334,100.0,80.0,75.0,60.0,66.66666666666666,66.66666666666666,50.0,0.0,83.33333333333334],"cluster_post_filtering_doc_counts":[782,38,190,17,18,17,8,7,2,1,0,1,2,2,3,1,1,2,1],"tail_threshold":21,"tail_removal_rate":100.0,"tail_post_filtering_doc_counts":0,"global_removal_rate":76.89706193193828}