{"cluster_sizes":[1,2,3,4,5,6,9,10,14,17,20,22,33,39,40,41],"cluster_removal_rates":[62.874251497005986,66.66666666666666,18.6046511627907,23.076923076923077,0.0,33.33333333333333,100.0,100.0,100.0,100.0,100.0,100.0,100.0,0.0,0.0,100.0],"cluster_post_filtering_doc_counts":[62,3,140,10,8,2,0,0,0,0,0,0,0,1,1,0],"tail_threshold":44,"tail_removal_rate":100.0,"tail_post_filtering_doc_counts":0,"global_removal_rate":40.73107049608355}