{"cluster_sizes":[1,2,3,4,5,6,7,8,9,10,11,12,13,14,15,16,17,18,19,20,21,22,23,24,25,26,27,28,29,30,31,32,34,35,36,37,38,39,40,41,42],"cluster_removal_rates":[87.8727634194831,96.96969696969697,100.0,100.0,100.0,100.0,100.0,99.70588235294117,100.0,100.0,100.0,96.875,100.0,98.38709677419355,100.0,98.79518072289156,99.06542056074767,94.0,84.33734939759037,75.51020408163265,52.94117647058824,61.904761904761905,46.42857142857143,50.602409638554214,45.56962025316456,45.33333333333333,50.0,52.38095238095239,75.0,60.0,83.33333333333334,25.0,0.0,0.0,14.285714285714285,100.0,0.0,0.0,50.0,0.0,0.0],"cluster_post_filtering_doc_counts":[61,1,0,0,0,0,0,1,0,0,0,1,0,1,0,1,1,6,13,12,24,32,45,41,43,41,24,10,2,2,1,3,3,3,6,0,2,2,1,3,1],"tail_threshold":43,"tail_removal_rate":40.0,"tail_post_filtering_doc_counts":3,"global_removal_rate":83.8107098381071}