{"cluster_sizes":[1,2,3,4,5,6,7,8,9,10,11,13,14,15,19,22,32,35,36,42,53,71,85,107],"cluster_removal_rates":[77.71084337349397,85.8974358974359,27.11864406779661,83.33333333333334,100.0,100.0,100.0,100.0,100.0,100.0,100.0,100.0,100.0,100.0,100.0,100.0,100.0,100.0,100.0,100.0,100.0,100.0,100.0,100.0],"cluster_post_filtering_doc_counts":[111,11,129,1,0,0,0,0,0,0,0,0,0,0,0,0,0,0,0,0,0,0,0,0],"tail_threshold":275,"tail_removal_rate":100.0,"tail_post_filtering_doc_counts":0,"global_removal_rate":68.61768368617683}