{"cluster_sizes":[1,2,3,4,5,6,9,10,11,15,16,17,18,19,20,21,22,23,24,25,26,27,28,29,30,31,32,33,34,35,36,37,38,52,53],"cluster_removal_rates":[53.218210361067506,54.83870967741935,88.88888888888889,91.66666666666666,83.33333333333334,100.0,100.0,100.0,0.0,100.0,33.33333333333333,50.0,7.142857142857142,25.0,33.33333333333333,23.333333333333332,39.6551724137931,47.5,38.028169014084504,59.74025974025974,68.75,64.70588235294117,73.91304347826086,47.05882352941176,66.66666666666666,28.57142857142857,50.0,33.33333333333333,0.0,0.0,0.0,50.0,50.0,100.0,0.0],"cluster_post_filtering_doc_counts":[298,14,1,1,1,0,0,0,1,0,2,1,13,12,22,23,35,42,44,31,15,12,6,9,1,5,1,2,1,5,6,1,1,0,1],"tail_threshold":68,"tail_removal_rate":50.0,"tail_post_filtering_doc_counts":1,"global_removal_rate":51.16465863453815}