{"cluster_sizes":[1,2,3,4,5,6,7,9,17,18,19,20,21,22,23,24,25,26,27,28,29,30,31,33,34,35,36,37,39,40,41,42,43,47],"cluster_removal_rates":[60.0,20.0,40.0,42.857142857142854,0.0,33.33333333333333,100.0,100.0,0.0,50.0,0.0,4.545454545454546,9.523809523809524,18.421052631578945,12.5,16.27906976744186,18.75,20.689655172413794,22.22222222222222,27.27272727272727,0.0,100.0,0.0,0.0,0.0,0.0,0.0,0.0,0.0,0.0,0.0,0.0,0.0,0.0],"cluster_post_filtering_doc_counts":[20,16,3,4,3,2,0,0,2,1,10,21,19,31,35,36,26,23,7,8,1,0,5,1,1,1,5,2,3,3,2,2,2,1],"tail_threshold":119,"tail_removal_rate":0.0,"tail_post_filtering_doc_counts":1,"global_removal_rate":22.04724409448819}