{"cluster_sizes":[1,2,3,4,5,6,7,8,9,10,11,12,13,14,15,17,18,19,20,21,22,23,25,26,27,28,29,30,32,33,35,36,39,40,41,46,50,60,70,76,77,120],"cluster_removal_rates":[90.28241724870938,81.14104595879556,88.69047619047619,84.63949843260188,67.77777777777779,64.28571428571429,62.96296296296296,83.33333333333334,90.9090909090909,88.88888888888889,100.0,100.0,85.71428571428571,100.0,100.0,100.0,100.0,100.0,100.0,100.0,100.0,100.0,100.0,66.66666666666666,0.0,100.0,100.0,100.0,100.0,100.0,100.0,100.0,100.0,100.0,100.0,100.0,100.0,0.0,100.0,100.0,100.0,100.0],"cluster_post_filtering_doc_counts":[320,119,57,49,29,20,10,2,1,1,0,0,1,0,0,0,0,0,0,0,0,0,0,1,1,0,0,0,0,0,0,0,0,0,0,0,0,1,0,0,0,0],"tail_threshold":122,"tail_removal_rate":83.33333333333334,"tail_post_filtering_doc_counts":1,"global_removal_rate":87.7669127918579}