{"cluster_sizes":[1,2,3,4,5,6,7,8,9,10,11,13,14,16,17,18,23,31,34,35,38,39,41,44,107,139],"cluster_removal_rates":[99.13344887348353,97.40259740259741,100.0,100.0,100.0,100.0,100.0,100.0,100.0,100.0,100.0,100.0,100.0,100.0,100.0,100.0,100.0,100.0,100.0,100.0,100.0,100.0,100.0,100.0,100.0,100.0],"cluster_post_filtering_doc_counts":[5,2,0,0,0,0,0,0,0,0,0,0,0,0,0,0,0,0,0,0,0,0,0,0,0,0],"tail_threshold":1407,"tail_removal_rate":100.0,"tail_post_filtering_doc_counts":0,"global_removal_rate":99.14634146341463}