{"cluster_sizes":[1,2,3,4,5,6,7,8,10,11,13,16,18,19,20,23,24,25,35,37,38,39,44,45,52,189,2856],"cluster_removal_rates":[99.30795847750865,100.0,100.0,100.0,100.0,100.0,100.0,75.0,100.0,100.0,100.0,100.0,100.0,100.0,100.0,0.0,100.0,100.0,100.0,100.0,100.0,100.0,100.0,100.0,100.0,100.0,100.0],"cluster_post_filtering_doc_counts":[2,0,0,0,0,0,0,1,0,0,0,0,0,0,0,1,0,0,0,0,0,0,0,0,0,0,0],"tail_threshold":2934,"tail_removal_rate":100.0,"tail_post_filtering_doc_counts":0,"global_removal_rate":99.01477832512316}