{"cluster_sizes":[1,2,3,4,5,6,7,8,9,10,11,12,13,14,15,16,17,18,19,20,21,22,23,24,25,26,27,28,29,30,31,32,33,34,35,36,37,38,39,40,41,42,43,51,53,61,66,74,78,137],"cluster_removal_rates":[85.69332355099047,83.90243902439025,85.22727272727273,92.3913043478261,94.54545454545455,95.91836734693877,100.0,97.5,100.0,100.0,100.0,100.0,100.0,100.0,100.0,66.66666666666666,77.77777777777779,77.41935483870968,61.36363636363637,54.21686746987952,52.94117647058824,52.352941176470594,54.054054054054056,60.317460317460316,60.59322033898306,68.4931506849315,64.24242424242425,73.63636363636363,67.3076923076923,57.14285714285714,64.70588235294117,42.857142857142854,33.33333333333333,50.0,11.11111111111111,0.0,0.0,14.285714285714285,25.0,0.0,0.0,0.0,0.0,100.0,0.0,100.0,100.0,100.0,100.0,100.0],"cluster_post_filtering_doc_counts":[195,33,13,7,3,2,0,1,0,0,0,0,0,0,0,4,2,7,17,38,48,81,85,100,93,69,59,29,17,12,6,4,6,3,8,5,4,6,3,2,1,1,1,0,1,0,0,0,0,0],"tail_threshold":163,"tail_removal_rate":100.0,"tail_post_filtering_doc_counts":0,"global_removal_rate":74.38345266507558}