{"cluster_sizes":[1,2,3,4,5,6,7,8,9,10,11,12,13,14,15,16,17,18,19,20,21,22,23,24,25,26,27,28,29,30,31,32,33,34,35,36,37,38,39,40,41,42,44,45,46,47,50,52,54,57,59,60,64,65,71,73,77,105,111,122,152,166,182,189,208],"cluster_removal_rates":[98.56473345049795,99.24242424242425,99.04153354632588,99.40828402366864,100.0,98.98989898989899,98.57142857142858,98.50746268656717,97.22222222222221,97.14285714285714,100.0,94.44444444444444,85.71428571428571,100.0,100.0,100.0,100.0,100.0,100.0,100.0,75.0,100.0,100.0,100.0,100.0,66.66666666666666,100.0,100.0,100.0,100.0,100.0,100.0,75.0,100.0,100.0,100.0,100.0,100.0,100.0,100.0,100.0,100.0,100.0,100.0,100.0,100.0,100.0,100.0,100.0,100.0,100.0,100.0,100.0,100.0,100.0,100.0,100.0,100.0,100.0,100.0,100.0,100.0,100.0,100.0,100.0],"cluster_post_filtering_doc_counts":[49,5,3,1,0,1,1,1,1,1,0,1,3,0,0,0,0,0,0,0,2,0,0,0,0,2,0,0,0,0,0,0,1,0,0,0,0,0,0,0,0,0,0,0,0,0,0,0,0,0,0,0,0,0,0,0,0,0,0,0,0,0,0,0,0],"tail_threshold":252,"tail_removal_rate":100.0,"tail_post_filtering_doc_counts":0,"global_removal_rate":98.63377609108159}