{"cluster_sizes":[1,2,3,4,5,15,16,17,18,19,20,21,22,23,24,25,26,27,28,29,30,31,32,33,34,35,36,37,38,42],"cluster_removal_rates":[63.2258064516129,92.53731343283582,91.30434782608695,100.0,100.0,100.0,100.0,100.0,88.88888888888889,73.68421052631578,53.84615384615385,50.0,54.054054054054056,56.451612903225815,44.06779661016949,70.3125,67.9245283018868,64.0,52.38095238095239,75.0,66.66666666666666,20.0,66.66666666666666,0.0,0.0,0.0,0.0,50.0,0.0,100.0],"cluster_post_filtering_doc_counts":[57,5,4,0,0,0,0,0,1,5,18,27,34,27,33,19,17,9,10,2,2,4,1,4,2,3,4,1,2,0],"tail_threshold":43,"tail_removal_rate":100.0,"tail_post_filtering_doc_counts":0,"global_removal_rate":63.89578163771712}