{"cluster_sizes":[1,2,3,4,5,6,7,8,9,10,11,12,13,14,16,20,21,22,23,24,25,26,27,28,29,39],"cluster_removal_rates":[97.39583333333334,98.07692307692307,100.0,100.0,100.0,100.0,100.0,100.0,100.0,100.0,100.0,100.0,100.0,100.0,100.0,100.0,100.0,100.0,100.0,100.0,100.0,100.0,100.0,100.0,100.0,100.0],"cluster_post_filtering_doc_counts":[5,1,0,0,0,0,0,0,0,0,0,0,0,0,0,0,0,0,0,0,0,0,0,0,0,0],"tail_threshold":53,"tail_removal_rate":100.0,"tail_post_filtering_doc_counts":0,"global_removal_rate":98.51851851851852}