{"cluster_sizes":[1,2,3,4,5,6,7,8,10,15,17,22,35,37],"cluster_removal_rates":[76.19047619047619,95.83333333333334,13.095238095238097,100.0,100.0,100.0,100.0,100.0,100.0,100.0,100.0,100.0,100.0,100.0],"cluster_post_filtering_doc_counts":[100,2,146,0,0,0,0,0,0,0,0,0,0,0],"tail_threshold":47,"tail_removal_rate":100.0,"tail_post_filtering_doc_counts":0,"global_removal_rate":62.594268476621416}