{"cluster_sizes":[1,2,3,4,5,6,7,8,9,10,11,12,13,14,15,16,17,18,19,20,21,22,23,24,25,26,27,28,29,30,31,32,33,34,35,36,37,38,39,40,41,42,43,44,45,46,47,48,49,50,51,52,53,54,55,56,57,58,59,60,61,62,63,64,65,66,67,68,69,70,71,72,73,74,75,76,77,78,79,80,81,82,83,84,85,86,87,88,89,90,91,92,93,94,95,96,97,98,99,100,101,102,103,104,105,106,107,108,109,110,111,112,113,114,115,116,117,118],"cluster_removal_rates":[87.51587231742121,66.11050170313493,55.680370584829184,54.42424242424242,53.6848792884371,53.072128227960825,56.724738675958186,69.8237885462555,69.55882352941177,69.98468606431854,67.7710843373494,67.16171617161716,72.54237288135593,75.53571428571428,74.63768115942028,72.14854111405835,69.30379746835443,70.1492537313433,72.61904761904762,72.76595744680851,71.83098591549296,75.86206896551724,75.0,77.41935483870968,79.62962962962963,74.78991596638656,76.13636363636364,87.20930232558139,73.33333333333333,88.88888888888889,85.24590163934425,85.0,69.35483870967742,76.25,73.33333333333333,70.4225352112676,60.63829787234043,75.0,84.50704225352112,83.33333333333334,79.6875,81.25,81.25,76.66666666666667,70.27027027027027,63.41463414634146,68.0,76.19047619047619,80.64516129032258,63.46153846153846,68.75,82.22222222222221,82.05128205128204,78.78787878787878,72.41379310344827,81.08108108108108,81.48148148148148,86.36363636363636,92.0,75.86206896551724,81.48148148148148,62.5,81.81818181818183,81.25,84.61538461538461,70.0,94.11764705882352,88.23529411764706,89.47368421052632,71.42857142857143,76.0,64.51612903225806,80.64516129032258,80.76923076923077,77.41935483870968,77.27272727272727,73.33333333333333,89.47368421052632,70.37037037037037,58.620689655172406,70.58823529411765,85.71428571428571,65.71428571428571,50.0,70.0,78.26086956521739,81.48148148148148,56.25,72.72727272727273,68.18181818181817,72.22222222222221,76.92307692307693,50.0,66.66666666666666,86.66666666666667,62.5,75.0,68.42105263157895,100.0,46.15384615384615,75.0,33.33333333333333,50.0,87.5,40.0,33.33333333333333,100.0,100.0,100.0,60.0,80.0,66.66666666666666,100.0,50.0,100.0,100.0,100.0,100.0],"cluster_post_filtering_doc_counts":[9930,5870,3827,2256,1458,1054,621,274,207,196,214,199,162,137,105,105,97,80,69,64,60,42,32,35,22,30,21,11,20,8,9,9,19,19,20,21,37,16,11,10,13,9,9,7,11,15,16,10,6,19,10,8,7,7,8,7,5,3,2,7,5,9,4,3,2,6,1,4,2,6,6,11,6,5,7,5,8,2,8,12,5,3,12,16,9,5,5,7,6,7,5,3,11,7,2,6,3,6,0,7,1,4,1,1,3,4,0,0,0,2,1,1,0,1,0,0,0,0],"tail_threshold":119,"tail_removal_rate":86.25954198473282,"tail_post_filtering_doc_counts":18,"global_removal_rate":78.18264489373546}