{"cluster_sizes":[1,2,3,4,5,6,8,9,10,12,13,17,19,34,37,59,60,61,64,66,67],"cluster_removal_rates":[98.30508474576271,100.0,91.66666666666666,100.0,100.0,100.0,100.0,100.0,66.66666666666666,100.0,100.0,100.0,100.0,100.0,100.0,0.0,0.0,0.0,0.0,0.0,0.0],"cluster_post_filtering_doc_counts":[2,0,1,0,0,0,0,0,1,0,0,0,0,0,0,1,1,1,1,1,2],"tail_threshold":72,"tail_removal_rate":0.0,"tail_post_filtering_doc_counts":1,"global_removal_rate":92.81437125748504}