{"cluster_sizes":[1,2,3,4,5,6,7,8,9,10,11,12,13,14,15,16,17,18,19,20,22,23,25,26,27,29,30,34,35,39,40,44,52,76,396,471],"cluster_removal_rates":[98.70836165873556,99.53051643192488,98.1981981981982,98.21428571428571,96.66666666666667,100.0,100.0,100.0,100.0,100.0,100.0,85.71428571428571,100.0,100.0,100.0,100.0,75.0,100.0,100.0,0.0,100.0,100.0,0.0,100.0,0.0,100.0,100.0,100.0,100.0,100.0,100.0,100.0,100.0,100.0,100.0,100.0],"cluster_post_filtering_doc_counts":[19,1,2,1,1,0,0,0,0,0,0,1,0,0,0,0,1,0,0,1,0,0,1,0,1,0,0,0,0,0,0,0,0,0,0,0],"tail_threshold":475,"tail_removal_rate":100.0,"tail_post_filtering_doc_counts":0,"global_removal_rate":98.57283464566929}