{"cluster_sizes":[1,2,3,4,5,6,7,8,9,10,11,12,13,14,15,16,17,18,19,20,21,22,23,24,25,27,28,31,33,37,40,41,49,53,89,102,110,123,255,1087],"cluster_removal_rates":[98.7987987987988,100.0,96.42857142857143,100.0,92.3076923076923,100.0,100.0,100.0,100.0,100.0,100.0,50.0,100.0,100.0,100.0,66.66666666666666,100.0,100.0,100.0,100.0,100.0,100.0,66.66666666666666,100.0,100.0,100.0,100.0,100.0,100.0,100.0,100.0,100.0,100.0,100.0,100.0,100.0,100.0,100.0,100.0,100.0],"cluster_post_filtering_doc_counts":[4,0,1,0,1,0,0,0,0,0,0,1,0,0,0,1,0,0,0,0,0,0,1,0,0,0,0,0,0,0,0,0,0,0,0,0,0,0,0,0],"tail_threshold":6583,"tail_removal_rate":100.0,"tail_post_filtering_doc_counts":0,"global_removal_rate":98.2}