{"cluster_sizes":[1,2,3,4,5,6,7,8,9,10,11,12,13,14,15,16,17,19,20,22,23,31,33,34,35,36,37,38,43,49,55,62,79,82,84,100,108,119,147,168,215],"cluster_removal_rates":[95.25368248772504,63.297872340425535,66.07142857142857,83.72093023255815,88.46153846153845,95.65217391304348,100.0,100.0,100.0,100.0,100.0,100.0,100.0,100.0,100.0,100.0,100.0,0.0,100.0,100.0,100.0,100.0,66.66666666666666,100.0,100.0,100.0,100.0,100.0,100.0,100.0,100.0,100.0,100.0,100.0,100.0,100.0,100.0,100.0,100.0,100.0,100.0],"cluster_post_filtering_doc_counts":[87,69,38,7,3,1,0,0,0,0,0,0,0,0,0,0,0,1,0,0,0,0,1,0,0,0,0,0,0,0,0,0,0,0,0,0,0,0,0,0,0],"tail_threshold":216,"tail_removal_rate":100.0,"tail_post_filtering_doc_counts":0,"global_removal_rate":91.1727078891258}