{"cluster_sizes":[1,2,3,4,5,6,7,8,9,10,11,12,13,14,15,16,17,18,19,20,21,22,23,24,25,26,27,28,29,30,31,32,33,34,35,36,37,38,39,41,43,44,48,50,51,52,54,55,56,57,64,71,75,77,85,109],"cluster_removal_rates":[97.68570362075401,99.51377633711506,99.6551724137931,98.79518072289156,98.76543209876543,100.0,100.0,100.0,97.36842105263158,100.0,100.0,100.0,100.0,100.0,100.0,100.0,100.0,100.0,100.0,100.0,100.0,100.0,100.0,100.0,100.0,100.0,100.0,100.0,100.0,100.0,50.0,100.0,100.0,100.0,100.0,100.0,100.0,100.0,100.0,100.0,100.0,100.0,100.0,100.0,100.0,100.0,100.0,100.0,100.0,100.0,100.0,50.0,100.0,100.0,100.0,100.0],"cluster_post_filtering_doc_counts":[62,3,1,2,1,0,0,0,1,0,0,0,0,0,0,0,0,0,0,0,0,0,0,0,0,0,0,0,0,0,1,0,0,0,0,0,0,0,0,0,0,0,0,0,0,0,0,0,0,0,0,1,0,0,0,0],"tail_threshold":119,"tail_removal_rate":100.0,"tail_post_filtering_doc_counts":0,"global_removal_rate":98.29464708668877}