{"cluster_sizes":[1,2,3,4,5,6,11,14,16,17,18,19,20,21,22,23,24,25,26,27,28,29,30,31,32,33,34,35,36,37,38,39,40,42],"cluster_removal_rates":[81.54158215010142,66.66666666666666,62.5,0.0,33.33333333333333,100.0,100.0,100.0,100.0,75.0,60.0,65.38461538461539,61.904761904761905,60.526315789473685,60.37735849056604,60.431654676258994,68.70748299319727,70.80745341614907,69.06474820143885,72.15189873417721,88.52459016393442,75.0,75.0,81.81818181818183,40.0,60.0,0.0,0.0,0.0,0.0,0.0,0.0,0.0,0.0],"cluster_post_filtering_doc_counts":[91,16,3,1,2,0,0,0,0,2,6,9,16,30,42,55,46,47,43,22,7,9,4,2,3,2,4,5,2,1,1,2,1,1],"tail_threshold":69,"tail_removal_rate":50.0,"tail_post_filtering_doc_counts":1,"global_removal_rate":71.1340206185567}