{"cluster_sizes":[1,2,3,4,5,6,7,8,9,10,11,12,13,14,16,17,18,19,20,21,22,23,24,25,26,27,28,29,30,31,32,34,35,36,37,38,40,41,42,43,44],"cluster_removal_rates":[89.25233644859813,77.15736040609137,55.55555555555556,61.111111111111114,100.0,100.0,80.0,100.0,100.0,100.0,100.0,100.0,100.0,100.0,100.0,100.0,42.857142857142854,91.66666666666666,60.0,76.59574468085107,66.66666666666666,69.90291262135922,64.8,65.65656565656566,71.875,79.59183673469387,90.625,90.0,71.42857142857143,80.0,33.33333333333333,0.0,0.0,0.0,0.0,0.0,0.0,0.0,0.0,100.0,0.0],"cluster_post_filtering_doc_counts":[115,45,20,7,0,0,1,0,0,0,0,0,0,0,0,0,4,2,18,11,26,31,44,34,18,10,3,1,2,1,2,1,3,2,4,3,1,2,1,0,1],"tail_threshold":52,"tail_removal_rate":66.66666666666666,"tail_post_filtering_doc_counts":1,"global_removal_rate":80.36984352773825}