{"cluster_sizes":[1,2,3,4,5,6,7,8,9,10,11,12,13,14,15,16,17,18,19,20,21,22,23,24,25,26,27,28,29,30,31,32,33,34,35,36,37,38,39,40,41,42,43,44,45,46,47,48,49,50,51,52,53,54,55,56,57,58,59,60,61,62,63,64,65,66,67,68,69,70,71,72,73,74,75,76,77,78,79,80,81,82,83,84,85,86,87,88,89,90,91,92,93,94,95,96,97,98,99,100,101,102,103,104,105,106,107,108,109,110,111,112,113,114,115,116,117,118,119,120,121,122,123,124,125,126,127,128,129,130,131,132,133,134,135,136,137,138,139,140,141,142,143,144,145,146,147,148,149,150,151,152,153,154,155,156,157,158,159,160,161,162,163,164,165,167,168,169,170,171,173,174,175,176,177,178,179,180,181],"cluster_removal_rates":[99.92848014080083,99.875067977718,99.84237366713027,99.91220796956543,99.82332155477032,99.81971153846155,99.7948717948718,99.76385104450499,99.79301423027167,99.70967741935483,99.6437054631829,99.90821477742084,99.87812309567336,99.7308209959623,99.59742351046698,99.82486865148861,99.5995995995996,99.90825688073394,99.59100204498978,99.60079840319361,99.88876529477196,100.0,99.85272459499264,99.47552447552448,99.23518164435946,99.50248756218906,100.0,100.0,99.30555555555556,98.66220735785953,99.25925925925925,99.07692307692308,100.0,99.42196531791907,99.72527472527473,100.0,100.0,99.04153354632588,100.0,99.32885906040269,99.15611814345992,99.56521739130434,99.5575221238938,100.0,99.28571428571429,100.0,99.07407407407408,100.0,100.0,100.0,100.0,97.26027397260275,100.0,97.33333333333334,100.0,100.0,100.0,100.0,98.0392156862745,100.0,100.0,100.0,100.0,98.18181818181819,100.0,100.0,100.0,100.0,100.0,97.61904761904762,100.0,100.0,100.0,100.0,100.0,100.0,100.0,100.0,100.0,100.0,100.0,100.0,100.0,100.0,100.0,100.0,94.11764705882352,100.0,100.0,100.0,100.0,93.75,100.0,100.0,100.0,100.0,100.0,100.0,100.0,92.85714285714286,100.0,100.0,100.0,100.0,100.0,100.0,100.0,100.0,100.0,100.0,100.0,100.0,100.0,100.0,100.0,100.0,100.0,100.0,100.0,100.0,100.0,100.0,100.0,87.5,100.0,100.0,100.0,100.0,100.0,100.0,100.0,100.0,100.0,100.0,100.0,100.0,100.0,100.0,100.0,100.0,100.0,100.0,100.0,100.0,100.0,100.0,100.0,100.0,100.0,100.0,100.0,100.0,100.0,100.0,100.0,100.0,100.0,100.0,100.0,100.0,100.0,100.0,100.0,100.0,100.0,100.0,100.0,100.0,100.0,100.0,100.0,100.0,100.0,100.0,100.0,100.0,100.0,100.0,100.0],"cluster_post_filtering_doc_counts":[230,85,51,18,25,18,14,13,8,9,9,2,2,4,5,2,4,1,4,4,1,0,1,3,4,2,0,0,2,4,2,3,0,2,1,0,0,3,0,2,2,1,1,0,1,0,1,0,0,0,0,2,0,2,0,0,0,0,1,0,0,0,0,1,0,0,0,0,0,1,0,0,0,0,0,0,0,0,0,0,0,0,0,0,0,0,1,0,0,0,0,1,0,0,0,0,0,0,0,1,0,0,0,0,0,0,0,0,0,0,0,0,0,0,0,0,0,0,0,0,0,0,0,1,0,0,0,0,0,0,0,0,0,0,0,0,0,0,0,0,0,0,0,0,0,0,0,0,0,0,0,0,0,0,0,0,0,0,0,0,0,0,0,0,0,0,0,0,0,0,0,0,0,0,0,0,0,0,0],"tail_threshold":182,"tail_removal_rate":99.61089494163424,"tail_post_filtering_doc_counts":2,"global_removal_rate":99.89140035056045}