{"cluster_sizes":[1,2,3,4,5,6,7,8,9,11,12,15,16,17,20,25,29,30,34,44],"cluster_removal_rates":[32.71028037383177,38.095238095238095,66.66666666666666,80.0,100.0,0.0,33.33333333333333,66.66666666666666,50.0,100.0,0.0,0.0,0.0,100.0,100.0,100.0,100.0,0.0,100.0,100.0],"cluster_post_filtering_doc_counts":[72,13,1,2,0,2,2,1,1,0,3,1,1,0,0,0,0,1,0,0],"tail_threshold":52,"tail_removal_rate":100.0,"tail_post_filtering_doc_counts":0,"global_removal_rate":40.828402366863905}