{"cluster_sizes":[1,2,3,4,5,6,7,9,12,14,15,18,34,49],"cluster_removal_rates":[79.48717948717949,94.44444444444444,100.0,100.0,44.44444444444444,100.0,100.0,100.0,100.0,0.0,100.0,100.0,100.0,100.0],"cluster_post_filtering_doc_counts":[8,1,0,0,5,0,0,0,0,1,0,0,0,0],"tail_threshold":51,"tail_removal_rate":100.0,"tail_post_filtering_doc_counts":0,"global_removal_rate":84.84848484848484}