{"cluster_sizes":[1,2,3,4,5,6,7,8,9,10,11,12,13,14,15,16,17,18,19,20,21,22,23,24,25,26,27,28,29,30,31,32,33,34,35,36,37,38,39,40,42,44,45,46,47,48,50,52,54,55,60,62,63,65,66,71,72,74,75,80,81],"cluster_removal_rates":[99.64653450130628,98.4313725490196,96.99248120300751,98.72881355932203,98.5355648535565,93.16770186335404,98.85057471264368,97.14285714285714,95.71428571428572,94.33962264150944,100.0,96.15384615384616,100.0,100.0,100.0,94.11764705882352,100.0,48.148148148148145,61.53846153846154,27.586206896551722,34.285714285714285,12.195121951219512,24.489795918367346,20.689655172413794,35.483870967741936,65.21739130434783,17.647058823529413,63.63636363636363,20.0,60.0,0.0,50.0,71.42857142857143,50.0,66.66666666666666,77.77777777777779,93.33333333333333,72.72727272727273,85.71428571428571,75.0,100.0,100.0,100.0,100.0,100.0,100.0,100.0,100.0,100.0,66.66666666666666,50.0,100.0,100.0,100.0,100.0,100.0,100.0,100.0,100.0,100.0,100.0],"cluster_post_filtering_doc_counts":[69,16,16,6,7,11,1,2,3,3,0,1,0,0,0,1,0,14,5,21,23,36,37,46,20,8,14,4,4,2,5,2,2,1,4,4,1,3,1,1,0,0,0,0,0,0,0,0,0,1,1,0,0,0,0,0,0,0,0,0,0],"tail_threshold":83,"tail_removal_rate":88.0,"tail_post_filtering_doc_counts":3,"global_removal_rate":98.27242812608243}