{"cluster_sizes":[1,2,3,4,5,6,7,8,9,10,11,14,17,20,21,23],"cluster_removal_rates":[97.01492537313433,48.275862068965516,85.71428571428571,100.0,100.0,87.5,100.0,87.5,100.0,100.0,100.0,0.0,100.0,100.0,0.0,0.0],"cluster_post_filtering_doc_counts":[4,60,5,0,0,1,0,1,0,0,0,1,0,0,1,1],"tail_threshold":37,"tail_removal_rate":100.0,"tail_post_filtering_doc_counts":0,"global_removal_rate":78.2991202346041}