{"cluster_sizes":[1,2,3,4,5,6,11,19,20,21,22,23,24,25,26,27,29,30],"cluster_removal_rates":[54.347826086956516,20.0,4.545454545454546,16.666666666666664,0.0,100.0,100.0,100.0,100.0,50.0,100.0,80.0,100.0,66.66666666666666,100.0,100.0,100.0,100.0],"cluster_post_filtering_doc_counts":[21,16,21,5,4,0,0,0,0,1,0,1,0,1,0,0,0,0],"tail_threshold":37,"tail_removal_rate":100.0,"tail_post_filtering_doc_counts":0,"global_removal_rate":43.54838709677419}