{"cluster_sizes":[1,2,3,8,10,37],"cluster_removal_rates":[6.0606060606060606,20.0,75.0,100.0,0.0,100.0],"cluster_post_filtering_doc_counts":[31,20,3,0,1,0],"tail_threshold":59,"tail_removal_rate":100.0,"tail_post_filtering_doc_counts":0,"global_removal_rate":25.675675675675674}