{"cluster_sizes":[1,2,3,4,5,6,7,8,10,13,15,16,18,21,26,28],"cluster_removal_rates":[57.14285714285714,72.72727272727273,14.814814814814813,60.0,80.0,57.14285714285714,50.0,100.0,66.66666666666666,50.0,100.0,100.0,100.0,100.0,100.0,0.0],"cluster_post_filtering_doc_counts":[24,12,23,2,2,3,2,0,1,1,0,0,0,0,0,1],"tail_threshold":42,"tail_removal_rate":100.0,"tail_post_filtering_doc_counts":0,"global_removal_rate":57.48502994011976}