{"cluster_sizes":[1,2,3,4,5,6,7,8,9,10,11,12,13,14,15,16,17,18,19,20,21,22,23,24,25,26,27,28,29,30,31,32,33,34,35,36,37,38,39,40,41,43,45,47,50,57,58,59,60,76,78,81,83,103,116,121,126,129,131,144,148,156,168],"cluster_removal_rates":[88.00843627598674,71.05263157894737,55.0921435499515,52.85935085007728,47.72727272727273,60.24096385542169,59.89010989010989,74.11764705882354,73.68421052631578,72.6027397260274,80.0,87.5,88.88888888888889,100.0,100.0,84.61538461538461,94.73684210526315,100.0,100.0,100.0,100.0,100.0,100.0,100.0,100.0,100.0,100.0,100.0,100.0,100.0,100.0,100.0,100.0,100.0,100.0,100.0,100.0,66.66666666666666,100.0,80.0,50.0,0.0,100.0,100.0,100.0,100.0,100.0,100.0,100.0,100.0,100.0,100.0,100.0,100.0,100.0,100.0,100.0,100.0,100.0,100.0,100.0,100.0,100.0],"cluster_post_filtering_doc_counts":[398,407,463,305,253,99,73,22,20,20,9,6,2,0,0,2,1,0,0,0,0,0,0,0,0,0,0,0,0,0,0,0,0,0,0,0,0,1,0,1,1,1,0,0,0,0,0,0,0,0,0,0,0,0,0,0,0,0,0,0,0,0,0],"tail_threshold":170,"tail_removal_rate":100.0,"tail_post_filtering_doc_counts":0,"global_removal_rate":73.43869487637012}