{"cluster_sizes":[1,2,3,4,5,6,7,8,9,10,11,12,13,14,15,16,17,18,19,20,21,22,23,24,25,26,27,28,29,30,31,32,33,34,35,36,37,38,39,40,41,42,43,44,45,46,47,48,49,50,51,52,53,54,55,56,57,58,59,60,61,62,63,64,65,66,67,68,69,70,71,72,73,74,75,76,77,78,79,80,81,82,83,84,85,86,87,88,89,90,91,92,93,94,95,96,97,98,99,100,101,102,103,104,105,106,107,108,109,110,111,112,113,114,115,116,117,118,119,120],"cluster_removal_rates":[64.69880281936476,47.53299791365644,42.69895456665885,39.96629446748922,38.71031931828823,40.64800423576833,34.74077828677448,33.13019214579572,39.90796803100024,40.452476828135055,40.68832883632815,40.13349306862913,38.75285803367283,39.21254571968157,38.83100732347658,39.593564775613885,40.581935744594865,39.20323576740748,38.514178810555336,39.46340342410663,42.03212290502793,42.534900228724666,43.603801169590646,45.17666563050461,44.073584489975765,44.964419249788925,43.425036198499406,45.51164215686275,46.10884594929977,46.54933755190825,47.195743737530485,50.144508670520224,50.73904179408767,51.208669074742986,51.604197901049474,53.68519675202998,52.7185134205093,53.35474660956459,54.3354943273906,54.01943462897526,57.47955747955748,57.926221335992025,57.490326147042566,57.05882352941176,57.943925233644855,56.32411067193676,59.671052631578945,58.536585365853654,59.55993930197268,62.017336485421595,60.04601226993865,60.342146189735615,61.993517017828204,63.57560568086884,59.96592844974447,61.43572621035058,60.94570928196147,61.111111111111114,61.54580152671756,63.032705649157585,62.422997946611915,60.06674082313682,61.64383561643836,61.96840826245443,61.961722488038276,61.43386897404203,62.817258883248726,60.20806241872562,58.79945429740792,64.16666666666667,61.08663729809104,60.3905160390516,57.36434108527132,56.57894736842105,59.65732087227414,60.777957860615885,63.10517529215359,55.512572533849124,59.84848484848485,60.12396694214877,59.59595959595959,54.824561403508774,55.863539445628994,56.31929046563193,53.81062355658198,54.88126649076517,55.7919621749409,58.58585858585859,59.74683544303797,60.35502958579882,58.507462686567166,57.66016713091921,63.06620209059234,61.05263157894737,57.14285714285714,57.299270072992705,60.78431372549019,64.70588235294117,56.46551724137932,63.39285714285714,63.0,59.58549222797927,66.87116564417178,66.2420382165605,65.89595375722543,58.282208588957054,64.1891891891892,57.82312925170068,60.29411764705882,64.375,62.41610738255034,61.78343949044586,63.793103448275865,64.55696202531645,59.04761904761905,65.41353383458647,65.83333333333333,57.6271186440678,71.66666666666667,53.65853658536586],"cluster_post_filtering_doc_counts":[1614705,780337,425003,294954,209444,139000,136474,126295,62030,49983,41326,34980,29466,25428,22134,17835,14703,13979,12489,10537,8301,7286,6172,5291,5077,4563,4298,3557,3040,2703,2382,2070,1933,1756,1614,1483,1374,1307,1127,1041,884,844,769,730,675,663,613,578,533,482,521,510,469,436,470,462,446,420,403,373,366,359,336,313,318,312,293,306,302,258,265,284,275,264,259,242,221,230,212,193,200,206,207,197,200,171,187,164,159,134,139,152,106,111,123,117,100,78,101,82,74,78,54,53,59,68,53,62,54,57,56,60,42,56,43,46,41,50,34,57],"tail_threshold":121,"tail_removal_rate":72.33878091872792,"tail_post_filtering_doc_counts":2505,"global_removal_rate":53.92378074128408}