{"cluster_sizes":[1,2,3,4,5,6,8,10],"cluster_removal_rates":[100.0,27.27272727272727,18.181818181818183,20.0,33.33333333333333,28.57142857142857,100.0,100.0],"cluster_post_filtering_doc_counts":[0,24,9,8,2,5,0,0],"tail_threshold":24,"tail_removal_rate":0.0,"tail_post_filtering_doc_counts":1,"global_removal_rate":27.941176470588236}