{"cluster_sizes":[1,2,3,4,5,6,7,8,9,10,11,12,13,14,15,16,20,34,36,37,38,40,60,84,104,132],"cluster_removal_rates":[70.04608294930875,48.57142857142857,38.144329896907216,43.037974683544306,47.72727272727273,44.44444444444444,32.25806451612903,27.77777777777778,28.57142857142857,100.0,80.0,66.66666666666666,66.66666666666666,100.0,100.0,66.66666666666666,33.33333333333333,100.0,50.0,66.66666666666666,100.0,100.0,0.0,0.0,100.0,100.0],"cluster_post_filtering_doc_counts":[65,54,60,45,23,15,21,13,5,0,1,1,1,0,0,1,2,0,1,1,0,0,1,1,0,0],"tail_threshold":365,"tail_removal_rate":100.0,"tail_post_filtering_doc_counts":0,"global_removal_rate":53.09200603318251}