{"cluster_sizes":[1,2,3,4,5,6],"cluster_removal_rates":[50.0,35.714285714285715,33.33333333333333,75.0,28.57142857142857,100.0],"cluster_post_filtering_doc_counts":[10,18,22,1,5,0],"tail_threshold":28,"tail_removal_rate":100.0,"tail_post_filtering_doc_counts":0,"global_removal_rate":41.05263157894737}