{"cluster_sizes":[1,2,3,4,5,6,7,8,9,10,12,13,31,40],"cluster_removal_rates":[99.77477477477478,98.9795918367347,100.0,100.0,100.0,100.0,100.0,100.0,100.0,100.0,100.0,100.0,100.0,100.0],"cluster_post_filtering_doc_counts":[1,1,0,0,0,0,0,0,0,0,0,0,0,0],"tail_threshold":42,"tail_removal_rate":100.0,"tail_post_filtering_doc_counts":0,"global_removal_rate":99.66159052453469}