{"cluster_sizes":[1,2,3,4,5,6,7,8,9,10,11,12,13,14,15,16,17,18,19,20,21,22,23,24,25,26,27,28,29,30,31,32,33,34,35,36,37,38,39,40,41,42,43,49,53,54],"cluster_removal_rates":[98.97923266455474,98.89779559118237,95.06172839506173,98.00664451827242,96.96969696969697,100.0,100.0,100.0,100.0,100.0,100.0,100.0,83.33333333333334,100.0,88.88888888888889,90.9090909090909,50.0,27.27272727272727,70.58823529411765,15.0,50.0,28.26086956521739,51.61290322580645,43.75,46.15384615384615,46.55172413793103,53.57142857142857,59.09090909090909,31.57894736842105,28.57142857142857,25.0,0.0,0.0,33.33333333333333,50.0,100.0,20.0,0.0,0.0,0.0,0.0,100.0,0.0,100.0,100.0,100.0],"cluster_post_filtering_doc_counts":[29,11,28,6,5,0,0,0,0,0,0,0,2,0,1,1,4,8,5,17,11,33,30,36,35,31,13,9,13,5,3,4,2,2,1,0,4,1,5,2,3,0,1,0,0,0],"tail_threshold":84,"tail_removal_rate":100.0,"tail_post_filtering_doc_counts":0,"global_removal_rate":93.70641562064156}