{"cluster_sizes":[1,2,3,4,5,6,7,8,9,10,11,12,13,14,15,16,17,18,19,20,21,22,23,24,25,26,27,28,29,30,31,32,33,34,35,36,37,38,39,40,41,42,43,44,45,46,47,48,49,50,51,52,53,54,55,56,57,58,59,60,61,62,63,64,65,66,67,68,69,70,71,72,73,74,75,76,77,78,79,80,81,82,83,84,85,86,87,88,89,90,91,92,93,94,95,96,97,98,99,100,101],"cluster_removal_rates":[96.62746750976522,90.15460050540781,90.54773603997533,89.94586814603342,89.57504782885964,90.89994731548445,90.61383173959238,89.99175443782379,89.95714625823348,90.76504143289749,91.17664742664743,91.61890634481828,89.67149561314017,90.8862201547444,91.79848320693391,91.60061280223806,91.65598975016015,90.98367734692116,90.80112721417069,91.22015623280889,91.2044675720269,91.0779111979894,90.98604796990124,92.09721551585386,91.82081973159231,91.98705748001522,91.06086221470837,90.04833040421792,88.66635249764373,88.37376891664664,88.32351365827532,88.91875746714456,89.8742554599603,89.96716526815031,90.39748130657222,91.51366789065688,91.11314704535044,93.39384770549673,92.44837758112095,94.27048634243837,91.5702479338843,91.64535379369138,91.4577530176416,91.61290322580645,91.5576694411415,89.68824940047962,90.86161879895562,90.74299634591961,90.09370816599733,90.28571428571428,87.01854493580599,90.05763688760807,90.0481540930979,89.1640866873065,87.06739526411657,86.56,86.14357262103506,85.46042003231018,81.78752107925801,83.8006230529595,80.96118299445472,79.57166392092257,82.02676864244742,82.44575936883629,82.29885057471265,83.00492610837439,84.0,86.71679197994987,84.71502590673575,87.53541076487252,91.83098591549296,89.51841359773371,90.20771513353115,93.43065693430657,91.77215189873418,90.625,88.80597014925374,87.73234200743495,91.32075471698113,86.74698795180723,77.7327935222672,82.39700374531836,77.45454545454545,77.85234899328859,79.44250871080139,76.15384615384615,80.08130081300813,79.02621722846442,84.4155844155844,78.0701754385965,78.19905213270142,82.85714285714286,85.56701030927834,88.3495145631068,84.40860215053763,90.22988505747126,89.47368421052632,89.1156462585034,93.43065693430657,89.76377952755905,84.11214953271028],"cluster_post_filtering_doc_counts":[268363,78349,36338,25427,17982,11400,7774,6433,5062,3934,2935,2486,2531,1920,1514,1261,1042,1044,914,798,693,639,575,491,451,421,423,453,481,484,436,371,306,275,244,208,194,131,128,86,102,98,92,78,71,86,70,76,74,68,91,69,62,70,71,84,83,90,108,104,103,124,94,89,77,69,64,53,59,44,29,37,33,18,26,27,30,33,23,33,55,47,62,66,59,62,49,56,36,50,46,30,28,24,29,17,16,16,9,13,17],"tail_threshold":102,"tail_removal_rate":93.25951825951826,"tail_post_filtering_doc_counts":694,"global_removal_rate":95.21916174125363}