{"cluster_sizes":[1,2,3,4,5,6,7,8,9,10,12,13,14,15,16,17,18,23,26,32,36,37,38,39,45],"cluster_removal_rates":[97.9004199160168,72.72727272727273,94.28571428571428,100.0,100.0,100.0,100.0,100.0,100.0,100.0,100.0,100.0,100.0,100.0,100.0,100.0,100.0,100.0,100.0,100.0,100.0,100.0,100.0,100.0,100.0],"cluster_post_filtering_doc_counts":[35,24,2,0,0,0,0,0,0,0,0,0,0,0,0,0,0,0,0,0,0,0,0,0,0],"tail_threshold":71,"tail_removal_rate":100.0,"tail_post_filtering_doc_counts":0,"global_removal_rate":96.75531914893617}