{"cluster_sizes":[1,2,3,4,5,6,7,8,9,11,14,15,16,17,18,19,20,21,24,25,26,27,30,33,35,36,37,39,43,47],"cluster_removal_rates":[87.71093905102244,76.54867256637168,75.51020408163265,95.65217391304348,70.0,50.0,77.77777777777779,100.0,100.0,100.0,0.0,100.0,100.0,100.0,100.0,100.0,100.0,100.0,100.0,100.0,100.0,100.0,100.0,100.0,100.0,100.0,100.0,100.0,100.0,100.0],"cluster_post_filtering_doc_counts":[619,53,12,1,6,7,2,0,0,0,1,0,0,0,0,0,0,0,0,0,0,0,0,0,0,0,0,0,0,0],"tail_threshold":55,"tail_removal_rate":100.0,"tail_post_filtering_doc_counts":0,"global_removal_rate":87.07834101382488}