{"cluster_sizes":[1,2,3,4,5,6,7,8,9,10,11,12,13,14,15,16,17,18,19,20,21,22,23,24,25,26,27,29,31,33,34,35,37,39,40,41,42,44,48,64,65,75,81],"cluster_removal_rates":[65.68730325288563,82.81938325991189,78.01418439716312,76.10062893081762,85.24590163934425,92.85714285714286,85.41666666666666,77.5,94.5945945945946,100.0,100.0,100.0,100.0,92.3076923076923,100.0,100.0,100.0,100.0,50.0,100.0,100.0,100.0,100.0,100.0,100.0,66.66666666666666,100.0,100.0,100.0,100.0,100.0,100.0,100.0,100.0,100.0,100.0,100.0,100.0,100.0,100.0,100.0,100.0,100.0],"cluster_post_filtering_doc_counts":[327,39,31,38,9,3,7,9,2,0,0,0,0,1,0,0,0,0,1,0,0,0,0,0,0,1,0,0,0,0,0,0,0,0,0,0,0,0,0,0,0,0,0],"tail_threshold":102,"tail_removal_rate":100.0,"tail_post_filtering_doc_counts":0,"global_removal_rate":74.17218543046357}