{"cluster_sizes":[1,2,3,4,5,6,7,8,9,10,11,12,13,14,15,16,17,18,19,20,21,22,23,24,25,26,27,28,29,30,32,33,34,36,37,38,39,40,41,42,43,44,50,51,52,55,56,57,58,60,63,65,72,74,80,84,90],"cluster_removal_rates":[99.7005988023952,100.0,99.40119760479041,100.0,100.0,100.0,100.0,100.0,100.0,100.0,100.0,100.0,90.0,100.0,100.0,100.0,100.0,100.0,100.0,100.0,83.33333333333334,100.0,100.0,100.0,100.0,100.0,100.0,100.0,100.0,100.0,100.0,100.0,100.0,100.0,100.0,100.0,100.0,100.0,100.0,100.0,100.0,100.0,100.0,100.0,100.0,100.0,100.0,100.0,100.0,100.0,100.0,100.0,100.0,100.0,100.0,100.0,100.0],"cluster_post_filtering_doc_counts":[4,0,1,0,0,0,0,0,0,0,0,0,1,0,0,0,0,0,0,0,1,0,0,0,0,0,0,0,0,0,0,0,0,0,0,0,0,0,0,0,0,0,0,0,0,0,0,0,0,0,0,0,0,0,0,0,0],"tail_threshold":635,"tail_removal_rate":100.0,"tail_post_filtering_doc_counts":0,"global_removal_rate":99.68805704099822}