{"cluster_sizes":[1,2,3,4,5,6,7,8,9,10,11,12,13,14,15,16,17,18,19,22,23,24,27,28,35,36,43,44,45,65,73,75,78,81,91,96,104,149,154,201,205,221,254,261],"cluster_removal_rates":[96.96239151398264,92.07119741100324,94.11764705882352,95.45454545454545,97.20670391061452,92.3076923076923,97.87234042553192,98.64864864864865,94.54545454545455,95.83333333333334,96.42857142857143,100.0,94.73684210526315,88.88888888888889,100.0,85.71428571428571,100.0,100.0,100.0,100.0,100.0,100.0,100.0,100.0,100.0,100.0,100.0,100.0,100.0,100.0,100.0,100.0,100.0,100.0,100.0,100.0,100.0,100.0,100.0,100.0,0.0,100.0,100.0,100.0],"cluster_post_filtering_doc_counts":[63,49,18,10,5,11,2,1,3,2,1,0,1,1,0,1,0,0,0,0,0,0,0,0,0,0,0,0,0,0,0,0,0,0,0,0,0,0,0,0,1,0,0,0],"tail_threshold":276,"tail_removal_rate":100.0,"tail_post_filtering_doc_counts":0,"global_removal_rate":95.69865105624841}