{"cluster_sizes":[1,2,3,4,5,6,7,8,9,10,11,12,13,14,15,16,17,18,19,20,21,22,23,24,25,27,28,29,30,31,32,33,34,35,36,37,38,39,40,41,42,43,47,49,51,52,54,56,57,59,60,65,66,68,69,70,71,72,73,74,75,76,77,79,80,81,82,83,84,87,90,91,92,93,95,96,99,102,110,113,120,122,130,141,145,150,174,182,221,224,232,244,250,260,302,306,321,323],"cluster_removal_rates":[76.76857185053908,55.866177818515126,67.80973451327434,71.6,73.53951890034365,74.67532467532467,77.88461538461539,67.21311475409836,78.72340425531915,68.0,65.71428571428571,41.05263157894737,50.0,61.64383561643836,58.46153846153847,57.14285714285714,90.0,92.0,77.27272727272727,92.3076923076923,88.88888888888889,90.0,100.0,85.71428571428571,100.0,0.0,66.66666666666666,33.33333333333333,80.0,100.0,66.66666666666666,100.0,100.0,0.0,80.0,100.0,66.66666666666666,100.0,100.0,100.0,100.0,0.0,100.0,100.0,100.0,50.0,100.0,100.0,100.0,100.0,100.0,100.0,100.0,100.0,100.0,0.0,0.0,50.0,100.0,40.0,0.0,75.0,100.0,0.0,50.0,100.0,0.0,50.0,100.0,100.0,100.0,100.0,100.0,100.0,0.0,100.0,100.0,0.0,100.0,50.0,100.0,100.0,100.0,100.0,50.0,100.0,100.0,100.0,100.0,100.0,100.0,100.0,100.0,100.0,100.0,100.0,100.0,100.0],"cluster_post_filtering_doc_counts":[1573,963,291,142,77,39,23,40,20,16,12,56,40,28,27,15,2,2,5,1,1,1,0,1,0,3,1,2,1,0,1,0,0,1,1,0,1,0,0,0,0,1,0,0,0,1,0,0,0,0,0,0,0,0,0,1,1,1,0,3,2,1,0,1,1,0,1,1,0,0,0,0,0,0,1,0,0,1,0,1,0,0,0,0,1,0,0,0,0,0,0,0,0,0,0,0,0,0],"tail_threshold":325,"tail_removal_rate":100.0,"tail_post_filtering_doc_counts":0,"global_removal_rate":71.16361788617887}