{"cluster_sizes":[1,2,3,4,5,6,7,8,9,10,11,12,13,14,15,16,17,18,19,20,21,22,23,24,25,26,27,28,29,30,31,32,33,34,35,36,37,38,39,40,41,42,43,44,45,46,47,48,49,50,51,52,53,54,55,56,57,58,59,60,61,62,63,64,65,66,67,68,69,70,71,72,73,74,75,76,77,78,79,80,81,82,83,84,85,86,87,88,90,91,92,93,94,95,96,97,98,99,100,101,102,103,105,106,108,109,110,111,112,115,116,117,119,124,125,127,129,130,132,133,138,139,140,142,146,147,153,156,160],"cluster_removal_rates":[95.0655926352129,97.51526637186775,98.49937473947477,98.40510366826156,96.15384615384616,96.6867469879518,99.16839916839916,97.52808988764045,97.20496894409938,98.30508474576271,95.85798816568047,96.22641509433963,96.15384615384616,100.0,99.15254237288136,98.94736842105263,98.36065573770492,94.11764705882352,95.06172839506173,100.0,98.07692307692307,100.0,100.0,97.22222222222221,96.0,100.0,96.15384615384616,100.0,95.65217391304348,94.73684210526315,85.0,100.0,94.44444444444444,95.23809523809523,100.0,100.0,100.0,100.0,95.0,100.0,94.11764705882352,100.0,100.0,100.0,100.0,100.0,100.0,100.0,100.0,100.0,100.0,100.0,100.0,100.0,100.0,100.0,100.0,100.0,100.0,100.0,100.0,100.0,100.0,100.0,100.0,100.0,100.0,100.0,100.0,100.0,100.0,100.0,100.0,100.0,100.0,100.0,100.0,100.0,100.0,100.0,100.0,100.0,100.0,100.0,100.0,100.0,100.0,100.0,100.0,100.0,100.0,100.0,100.0,100.0,100.0,100.0,100.0,100.0,100.0,100.0,100.0,100.0,100.0,100.0,100.0,100.0,100.0,100.0,100.0,100.0,100.0,100.0,100.0,100.0,100.0,100.0,100.0,100.0,100.0,100.0,100.0,100.0,100.0,100.0,100.0,100.0,100.0,100.0,100.0],"cluster_post_filtering_doc_counts":[1072,118,36,30,45,22,4,11,9,4,7,8,5,0,1,1,1,4,4,0,1,0,0,1,1,0,1,0,1,1,3,0,1,1,0,0,0,0,1,0,1,0,0,0,0,0,0,0,0,0,0,0,0,0,0,0,0,0,0,0,0,0,0,0,0,0,0,0,0,0,0,0,0,0,0,0,0,0,0,0,0,0,0,0,0,0,0,0,0,0,0,0,0,0,0,0,0,0,0,0,0,0,0,0,0,0,0,0,0,0,0,0,0,0,0,0,0,0,0,0,0,0,0,0,0,0,0,0,0],"tail_threshold":164,"tail_removal_rate":100.0,"tail_post_filtering_doc_counts":0,"global_removal_rate":96.1299450701881}