{"cluster_sizes":[1,2,3,4,5,6,7,8,9,10,11,12,13,14,15,16,17,18,19,20,21,22,23,24,25,26,28,29,31,34,35,36,39,40,42,44,48,50,52,59,70,95,101,121,126,132,138],"cluster_removal_rates":[98.56670341786108,98.93048128342245,99.2094861660079,98.3739837398374,81.81818181818183,97.05882352941177,96.55172413793103,91.30434782608695,91.30434782608695,89.47368421052632,87.5,91.66666666666666,100.0,100.0,100.0,50.0,100.0,80.0,100.0,80.0,83.33333333333334,87.5,100.0,75.0,75.0,100.0,83.33333333333334,100.0,100.0,100.0,100.0,100.0,100.0,100.0,100.0,100.0,100.0,100.0,100.0,100.0,100.0,100.0,100.0,100.0,100.0,100.0,100.0],"cluster_post_filtering_doc_counts":[13,4,2,2,34,2,1,2,2,2,1,1,0,0,0,2,0,1,0,1,1,1,0,2,1,0,1,0,0,0,0,0,0,0,0,0,0,0,0,0,0,0,0,0,0,0,0],"tail_threshold":181,"tail_removal_rate":100.0,"tail_post_filtering_doc_counts":0,"global_removal_rate":96.46347138203815}