{"cluster_sizes":[1,2,3,4,5,6,7,8,9,10,11,12,13,14,15,16,17,20,21,26,31,32,38,46,48],"cluster_removal_rates":[99.55357142857143,98.4126984126984,95.65217391304348,100.0,92.3076923076923,100.0,100.0,100.0,100.0,100.0,66.66666666666666,100.0,100.0,100.0,100.0,100.0,100.0,100.0,100.0,100.0,0.0,100.0,100.0,100.0,100.0],"cluster_post_filtering_doc_counts":[2,1,1,0,1,0,0,0,0,0,1,0,0,0,0,0,0,0,0,0,1,0,0,0,0],"tail_threshold":252,"tail_removal_rate":100.0,"tail_post_filtering_doc_counts":0,"global_removal_rate":98.8562091503268}