{"cluster_sizes":[1,2,3,4,5,6,7,8,9,10,11,12,14,15,16,17,18,19,20,21,22,23,24,25,26,27,28,29,30,33,34,37,38,39,42,44,46,52,53,62,74,78,124],"cluster_removal_rates":[99.05913978494624,99.15966386554622,100.0,98.27586206896551,100.0,100.0,100.0,91.66666666666666,100.0,100.0,100.0,100.0,100.0,100.0,100.0,100.0,100.0,100.0,100.0,100.0,33.33333333333333,100.0,100.0,83.33333333333334,83.33333333333334,33.33333333333333,100.0,66.66666666666666,100.0,66.66666666666666,100.0,100.0,100.0,100.0,100.0,100.0,100.0,100.0,100.0,100.0,100.0,100.0,100.0],"cluster_post_filtering_doc_counts":[14,3,0,1,0,0,0,1,0,0,0,0,0,0,0,0,0,0,0,0,2,0,0,1,1,2,0,1,0,1,0,0,0,0,0,0,0,0,0,0,0,0,0],"tail_threshold":269,"tail_removal_rate":100.0,"tail_post_filtering_doc_counts":0,"global_removal_rate":98.73239436619718}