{"cluster_sizes":[1,2,3,4,5,6,7,8,9,10,11,12,13,14,15,16,17,18,19,20,21,22,23,24,26,29,31,32,36,37,38,39,40,43,47,50,56,58,63,65,84,86,91,92,93,117,151],"cluster_removal_rates":[98.83177570093457,95.92760180995475,95.36423841059603,90.0,91.2621359223301,94.33962264150944,87.5,97.14285714285714,92.0,96.15384615384616,96.42857142857143,96.15384615384616,90.9090909090909,100.0,91.66666666666666,100.0,100.0,87.5,80.0,75.0,100.0,100.0,50.0,50.0,100.0,100.0,100.0,0.0,100.0,66.66666666666666,83.33333333333334,100.0,100.0,100.0,100.0,100.0,100.0,100.0,100.0,0.0,100.0,100.0,100.0,100.0,100.0,100.0,0.0],"cluster_post_filtering_doc_counts":[20,9,7,12,9,3,8,1,2,1,1,1,1,0,1,0,0,1,1,1,0,0,1,1,0,0,0,1,0,1,1,0,0,0,0,0,0,0,0,1,0,0,0,0,0,0,1],"tail_threshold":233,"tail_removal_rate":100.0,"tail_post_filtering_doc_counts":0,"global_removal_rate":96.78264122708568}