{"cluster_sizes":[1,2,3,4,5,6,8,9,11,12,13,14,16,17,18,19,20,21,22,23,24,25,26,27,28,29,30,31,33,34,36,37,38,39,40,41,42,43,44,45,47,48,55,63,100],"cluster_removal_rates":[79.16666666666666,84.61538461538461,80.0,25.0,50.0,50.0,0.0,100.0,100.0,100.0,100.0,100.0,0.0,33.33333333333333,33.33333333333333,54.54545454545454,23.076923076923077,30.76923076923077,26.190476190476193,26.785714285714285,31.666666666666664,20.408163265306122,37.5,21.73913043478261,29.411764705882355,37.5,85.71428571428571,0.0,0.0,0.0,0.0,0.0,0.0,0.0,0.0,0.0,0.0,0.0,25.0,0.0,0.0,0.0,0.0,50.0,100.0],"cluster_post_filtering_doc_counts":[20,2,1,3,1,1,1,0,0,0,0,0,1,2,6,5,10,18,31,41,41,39,30,18,12,5,1,2,1,1,1,3,2,1,1,2,1,1,3,1,2,3,1,1,0],"tail_threshold":187,"tail_removal_rate":100.0,"tail_post_filtering_doc_counts":0,"global_removal_rate":40.6015037593985}