{"cluster_sizes":[1,2,3,4,5,6,7,8,9,10,11,12,13,14,15,16,17,18,19,20,21,22,23,24,25,26,27,28,29,30,31,32,33,34,35,36,37,38,39,40,41,42,43,44,45,46,47,48,49,50,51,52,53,54,55,56,57,58,59,60,61,62,63,64,65,66,67,68,69,70,71,72,73,74,75,76,77,78,79,80,81,82,83,84,85,86,87,88,89,90,91,92,93,94,95,96,97,98,99,100,101,102,103,104,105,106,107,108,109,110,111,112,113,114,115,116,117,118,119,121,122,124,125,126,127,128,129,130,131,132,133,135,136,140,142,143,145,146,147,149,150,152,154,155,157,158,159,160,161,162,163,165,166,170,171,172],"cluster_removal_rates":[99.59024585248851,92.44975896825893,98.79828326180258,98.63945578231292,98.27320382362011,99.10331384015595,99.20382165605095,98.82571075401731,97.72296015180265,99.04420549581839,98.33024118738405,97.95081967213115,96.41791044776119,98.08429118773945,99.2248062015504,98.06201550387597,98.63636363636363,99.52153110047847,98.11320754716981,99.31972789115646,99.33333333333333,100.0,98.47328244274809,98.59154929577466,98.38709677419355,99.14529914529915,98.76543209876543,98.63013698630137,100.0,100.0,97.36842105263158,100.0,100.0,98.73417721518987,100.0,98.4126984126984,97.77777777777777,100.0,100.0,100.0,100.0,100.0,100.0,96.15384615384616,100.0,100.0,100.0,91.66666666666666,100.0,100.0,100.0,100.0,100.0,100.0,100.0,100.0,100.0,100.0,100.0,100.0,100.0,100.0,100.0,85.71428571428571,100.0,100.0,100.0,100.0,100.0,100.0,100.0,100.0,100.0,100.0,100.0,100.0,100.0,100.0,100.0,100.0,100.0,100.0,100.0,100.0,100.0,100.0,100.0,100.0,100.0,100.0,100.0,100.0,100.0,100.0,100.0,100.0,100.0,100.0,100.0,100.0,100.0,100.0,100.0,100.0,100.0,100.0,100.0,100.0,100.0,100.0,100.0,100.0,100.0,66.66666666666666,100.0,100.0,100.0,100.0,100.0,100.0,100.0,100.0,100.0,100.0,100.0,100.0,100.0,100.0,100.0,100.0,100.0,100.0,100.0,100.0,100.0,100.0,100.0,100.0,100.0,100.0,100.0,100.0,100.0,100.0,100.0,100.0,100.0,100.0,100.0,100.0,66.66666666666666,100.0,100.0,100.0,100.0,100.0],"cluster_post_filtering_doc_counts":[656,1206,98,64,56,23,15,19,24,8,9,10,12,5,2,5,3,1,3,1,1,0,2,2,2,1,1,1,0,0,2,0,0,1,0,1,1,0,0,0,0,0,0,1,0,0,0,1,0,0,0,0,0,0,0,0,0,0,0,0,0,0,0,1,0,0,0,0,0,0,0,0,0,0,0,0,0,0,0,0,0,0,0,0,0,0,0,0,0,0,0,0,0,0,0,0,0,0,0,0,0,0,0,0,0,0,0,0,0,0,0,0,0,1,0,0,0,0,0,0,0,0,0,0,0,0,0,0,0,0,0,0,0,0,0,0,0,0,0,0,0,0,0,0,0,0,0,0,0,0,1,0,0,0,0,0],"tail_threshold":173,"tail_removal_rate":100.0,"tail_post_filtering_doc_counts":0,"global_removal_rate":98.91060121195615}