{"cluster_sizes":[1,2,3,4,5,6,7,8,10,12,13,14,19,24,25,37,39],"cluster_removal_rates":[36.07427055702917,61.111111111111114,64.28571428571429,75.0,100.0,100.0,100.0,100.0,100.0,100.0,100.0,100.0,100.0,100.0,100.0,100.0,100.0],"cluster_post_filtering_doc_counts":[241,7,5,2,0,0,0,0,0,0,0,0,0,0,0,0,0],"tail_threshold":43,"tail_removal_rate":100.0,"tail_post_filtering_doc_counts":0,"global_removal_rate":41.51376146788991}