{"cluster_sizes":[1,2,3,4,5,6,7,8,10,11,12,13,15,16,17,34],"cluster_removal_rates":[100.0,96.15384615384616,100.0,93.33333333333333,60.0,100.0,100.0,100.0,100.0,100.0,100.0,0.0,100.0,100.0,100.0,100.0],"cluster_post_filtering_doc_counts":[0,1,0,1,2,0,0,0,0,0,0,1,0,0,0,0],"tail_threshold":46,"tail_removal_rate":100.0,"tail_post_filtering_doc_counts":0,"global_removal_rate":98.39228295819936}