{"cluster_sizes":[1,2,3,4,5,7,9,16],"cluster_removal_rates":[80.7017543859649,85.0,100.0,100.0,100.0,0.0,100.0,100.0],"cluster_post_filtering_doc_counts":[11,3,0,0,0,1,0,0],"tail_threshold":37,"tail_removal_rate":100.0,"tail_post_filtering_doc_counts":0,"global_removal_rate":83.69565217391305}