{"cluster_sizes":[1,2,3,4,5,6,7,8,9,10,11,12,13,14,15,16,17,18,19,20,21,22,23,24,25,26,27,28,29,30,31,32,33,34,35,36,37,38,39,40,41,42,44,45,47,50,52,54,55,56,57,59,60,64,73,77,80,81,87,91,92,95,104,110,135,136,148,157,174,182,183,184,185,186],"cluster_removal_rates":[98.09001512859304,96.72514619883042,88.19226750261234,87.06467661691542,91.11111111111111,93.33333333333333,97.22222222222221,98.61111111111111,96.7741935483871,100.0,93.02325581395348,91.42857142857143,94.11764705882352,100.0,100.0,100.0,94.44444444444444,100.0,92.3076923076923,100.0,100.0,100.0,100.0,100.0,100.0,85.71428571428571,100.0,100.0,100.0,66.66666666666666,100.0,0.0,100.0,100.0,100.0,100.0,100.0,100.0,100.0,100.0,100.0,100.0,100.0,50.0,100.0,100.0,100.0,100.0,100.0,100.0,100.0,100.0,100.0,100.0,100.0,100.0,100.0,100.0,100.0,100.0,100.0,100.0,100.0,100.0,100.0,100.0,100.0,100.0,100.0,100.0,100.0,100.0,100.0,100.0],"cluster_post_filtering_doc_counts":[101,140,113,52,24,10,3,1,2,0,3,3,2,0,0,0,1,0,1,0,0,0,0,0,0,1,0,0,0,1,0,1,0,0,0,0,0,0,0,0,0,0,0,1,0,0,0,0,0,0,0,0,0,0,0,0,0,0,0,0,0,0,0,0,0,0,0,0,0,0,0,0,0,0],"tail_threshold":192,"tail_removal_rate":100.0,"tail_post_filtering_doc_counts":0,"global_removal_rate":96.18067087346397}