{"cluster_sizes":[1,2,3,4,5,6,7,8,9,10,11,12,13,15,16,17,18,19,20,21,25,26,30,33,34,35,37,38,43,50,62],"cluster_removal_rates":[82.8404527199708,32.67326732673268,27.43362831858407,42.5,60.0,93.33333333333333,100.0,80.0,100.0,100.0,100.0,100.0,100.0,100.0,100.0,100.0,100.0,100.0,100.0,100.0,100.0,100.0,100.0,100.0,100.0,0.0,100.0,100.0,100.0,100.0,100.0],"cluster_post_filtering_doc_counts":[470,272,164,46,10,1,0,1,0,0,0,0,0,0,0,0,0,0,0,0,0,0,0,0,0,1,0,0,0,0,0],"tail_threshold":63,"tail_removal_rate":100.0,"tail_post_filtering_doc_counts":0,"global_removal_rate":72.8169014084507}