{"cluster_sizes":[1,2,3,4,5,6,7,8,10,11,14,15,16,17,18,19,20,21,22,23,24,25,26,27,28,29,30,31,32,33,35,36,37,38,39,41,42,49],"cluster_removal_rates":[64.02753872633392,72.18045112781954,91.48936170212765,100.0,97.5609756097561,100.0,100.0,100.0,100.0,100.0,100.0,81.81818181818183,95.65217391304348,88.57142857142857,77.77777777777779,81.48148148148148,75.0,72.72727272727273,69.36936936936937,59.25925925925925,59.78260869565217,66.27906976744185,62.5,45.45454545454545,60.0,66.66666666666666,33.33333333333333,50.0,75.0,0.0,0.0,0.0,0.0,25.0,33.33333333333333,0.0,0.0,100.0],"cluster_post_filtering_doc_counts":[418,37,8,0,1,0,0,0,0,0,0,2,1,4,10,15,22,24,34,44,37,29,24,24,10,2,4,4,1,2,4,2,2,3,2,1,2,0],"tail_threshold":60,"tail_removal_rate":100.0,"tail_post_filtering_doc_counts":0,"global_removal_rate":69.2521877486078}