{"cluster_sizes":[1,2,3,4,5,6,7,8,11,14,15,17,18,19,20,21,22,23,24,25,26,27,28,29,30,31,32,33,34,35,36,37,38,39,41,42,61],"cluster_removal_rates":[75.86206896551724,57.89473684210527,100.0,60.0,42.857142857142854,0.0,42.857142857142854,0.0,0.0,0.0,100.0,100.0,25.0,25.0,40.0,45.45454545454545,29.629629629629626,40.57971014492754,46.03174603174603,44.827586206896555,48.4375,67.64705882352942,58.333333333333336,75.0,77.77777777777779,0.0,50.0,33.33333333333333,0.0,0.0,0.0,0.0,0.0,0.0,0.0,0.0,0.0],"cluster_post_filtering_doc_counts":[35,8,0,2,4,2,4,2,1,1,0,0,3,12,12,18,38,41,34,32,33,11,10,2,2,3,1,2,2,3,4,3,2,2,1,1,1],"tail_threshold":64,"tail_removal_rate":50.0,"tail_post_filtering_doc_counts":1,"global_removal_rate":51.244509516837475}