{"cluster_sizes":[1,2,3,4,5,6,7,8,9,10,11,12,13,14,15,16,17,18,19,20,21,22,23,24,25,27,28,29,30,34,35,37,38,39,46,48,62,72,79],"cluster_removal_rates":[99.54927884615384,98.67256637168141,97.17514124293785,92.10526315789474,90.1639344262295,98.0,100.0,96.66666666666667,100.0,85.0,94.73684210526315,100.0,100.0,100.0,100.0,100.0,100.0,100.0,100.0,100.0,50.0,100.0,100.0,100.0,66.66666666666666,100.0,100.0,100.0,100.0,100.0,100.0,100.0,100.0,100.0,100.0,100.0,100.0,100.0,100.0],"cluster_post_filtering_doc_counts":[15,6,5,6,6,1,0,1,0,3,1,0,0,0,0,0,0,0,0,0,1,0,0,0,1,0,0,0,0,0,0,0,0,0,0,0,0,0,0],"tail_threshold":87,"tail_removal_rate":100.0,"tail_post_filtering_doc_counts":0,"global_removal_rate":98.93984789121917}