{"cluster_sizes":[1,2,3,4,5,6,7,8,9,10,11,12,13,14,15,16,17,18,19,20,21,22,23,24,25,26,27,28,29,30,31,32,33,34,35,36,37,38,39,40,41,42,43,44,45,46,47,48,49,50,51,52,53,54,55,56,57,58,59,60,61,62,63,64,65,66,67,68,69,70,71,72,73,74,75,76,77,78,79,80,81,82,83,84,85,86,87,88,89,90,91,92,93,94,95,96,97,98,99,100,101,102,103,104,105,106,107,108,109,110,111,112,113,114,115,116,117,118,119,120,121,122,123,124,125,126,127,128,129,130,131,132,133,134,135,136,137,138,139,140,141,142,143,144,145,146,147,148,149,150,151,152,153,154,155,156,157,158,159,160,161,162,163,164,165,166,167,168,169,170,171,172,173,174,175,176,177,178,179,180,181,182,183,184,185,186,187,188,189,190,191,192,193,194,195,196,197,198,199,201],"cluster_removal_rates":[75.84837698004449,70.47645721795521,72.23273828591398,72.10532791928141,69.65788759163726,75.13577858790269,68.52748849600387,68.64431919311777,68.75677629201301,71.31216046803176,68.96551724137932,70.40579710144928,70.00720980533526,72.75112443778112,72.3589001447178,74.97579864472411,79.47674418604652,78.4503631961259,82.13566151779717,84.34610303830911,81.81818181818183,75.35885167464114,79.72477064220183,82.45989304812834,81.62762022194822,83.93977415307403,83.53253652058433,87.25637181409296,85.35773710482529,87.42038216560509,87.69497400346621,86.13678373382625,89.00343642611683,87.65432098765432,87.8003696857671,88.79456706281834,86.61710037174721,87.16356107660455,86.3849765258216,89.15094339622641,91.28329297820824,90.0,90.81632653061224,92.06798866855524,89.86928104575163,87.85714285714286,89.81132075471699,88.25910931174089,85.35564853556485,89.51965065502183,85.77777777777777,90.82568807339449,88.51063829787233,94.09282700421942,90.21739130434783,88.4393063583815,92.93478260869566,89.10891089108911,87.6923076923077,88.10810810810811,91.47727272727273,87.73006134969326,83.75,89.3854748603352,82.73809523809523,78.84615384615384,77.57575757575758,64.74358974358975,64.81481481481481,61.32596685082873,57.14285714285714,65.06024096385542,52.5,52.98507462686567,52.0,44.05594405594406,51.8796992481203,50.0,53.2258064516129,51.93798449612403,59.67741935483871,57.03703703703704,53.608247422680414,68.22429906542055,61.702127659574465,74.68354430379746,62.5,69.44444444444444,77.94117647058823,76.11940298507463,72.6027397260274,68.75,79.62962962962963,88.88888888888889,84.21052631578947,85.24590163934425,83.63636363636363,79.59183673469387,86.27450980392157,88.46153846153845,75.86206896551724,89.1891891891892,96.15384615384616,87.17948717948718,84.84848484848484,86.95652173913044,85.0,83.33333333333334,85.71428571428571,83.33333333333334,79.16666666666666,85.71428571428571,72.72727272727273,87.5,88.23529411764706,100.0,77.27272727272727,83.33333333333334,81.25,100.0,100.0,96.15384615384616,90.0,75.0,100.0,78.94736842105263,94.44444444444444,91.66666666666666,88.88888888888889,100.0,84.61538461538461,80.0,84.61538461538461,91.66666666666666,88.88888888888889,83.33333333333334,89.47368421052632,77.77777777777779,78.57142857142857,100.0,85.71428571428571,75.0,85.71428571428571,100.0,91.66666666666666,93.33333333333333,77.77777777777779,100.0,100.0,75.0,55.55555555555556,80.0,55.55555555555556,100.0,77.77777777777779,91.66666666666666,100.0,92.85714285714286,71.42857142857143,100.0,69.23076923076923,100.0,72.72727272727273,83.33333333333334,85.71428571428571,100.0,90.9090909090909,92.3076923076923,100.0,100.0,80.0,33.33333333333333,80.0,83.33333333333334,100.0,100.0,75.0,83.33333333333334,100.0,60.0,85.71428571428571,100.0,100.0,100.0,100.0,100.0,75.0,100.0,75.0,100.0,100.0,50.0,50.0,66.66666666666666,75.0,75.0,60.0,100.0,75.0,50.0],"cluster_post_filtering_doc_counts":[96955,27407,9535,6801,4470,3342,2599,2114,1729,1373,1224,1021,832,727,573,517,353,356,266,237,268,309,221,164,149,128,124,85,88,79,71,75,64,70,66,66,72,62,58,46,36,43,36,28,31,34,27,29,35,24,32,20,27,14,18,20,13,22,24,22,15,20,26,19,29,33,37,55,57,70,75,58,76,63,72,80,64,67,58,62,50,58,45,34,36,20,27,22,15,16,20,20,11,5,6,9,9,10,7,6,7,4,1,5,5,3,3,4,3,4,5,4,6,3,2,0,5,4,3,0,0,1,2,4,0,4,1,1,2,0,4,3,2,1,2,2,2,2,3,0,1,3,1,0,1,1,2,0,0,3,4,1,4,0,2,1,0,1,2,0,4,0,3,1,1,0,1,1,0,0,1,2,1,1,0,0,1,1,0,2,1,0,0,0,0,0,1,0,1,0,0,2,2,1,1,1,2,0,1,1],"tail_threshold":202,"tail_removal_rate":88.26219512195121,"tail_post_filtering_doc_counts":77,"global_removal_rate":74.54204410284564}