{"cluster_sizes":[1,2,3,4,5,6,7,8,9,10,11,12,13,14,15,16,17,18,19,20,21,22,23,24,25,26,27,28,29,30,31,32,33,34,35,36,37,38,39,40,41,42,43,44,45,46,47,48,49,50,51,52,53,54,55,56,57,58,59,60,61,62,63,64,65,66,67,68,69,70,71,72,73,74,75,76,77,78,79,80,81,82,83,84,85,86,87,88,89,90,91,92,93,94,95,96,97,98,99,100,102,103,104,105,106,107,108,109,110,111,112,113,114,116,118,119,120,121,123,125,126,131,132,133,134,135,136,138,139,142,143,146,150,151,153],"cluster_removal_rates":[94.64363013569721,92.61807363332095,94.65452045376418,96.14370468029004,97.14522134877947,96.345116836429,95.62624254473161,94.88847583643123,96.07843137254902,95.44740973312402,95.80838323353294,94.02173913043478,90.84967320261438,90.9090909090909,94.4954128440367,94.97206703910615,92.51336898395722,94.73684210526315,94.26751592356688,94.16666666666667,90.0,91.24087591240875,95.45454545454545,94.05940594059405,92.62295081967213,96.7741935483871,94.44444444444444,94.36619718309859,91.66666666666666,93.65079365079364,97.95918367346938,97.61904761904762,95.34883720930233,97.91666666666666,91.8918918918919,100.0,94.73684210526315,97.5609756097561,100.0,88.57142857142857,87.5,88.09523809523809,93.93939393939394,90.2439024390244,86.11111111111111,100.0,97.67441860465115,96.29629629629629,91.83673469387756,92.72727272727272,89.47368421052632,97.82608695652173,94.11764705882352,90.2439024390244,84.61538461538461,100.0,95.34883720930233,96.7741935483871,87.5,88.37209302325581,93.02325581395348,87.5,94.11764705882352,92.5,87.5,81.63265306122449,75.0,82.05128205128204,88.57142857142857,88.09523809523809,91.17647058823529,88.23529411764706,83.33333333333334,78.57142857142857,85.0,80.0,81.25,92.0,83.33333333333334,69.56521739130434,81.48148148148148,88.0,81.57894736842105,86.20689655172413,65.0,78.94736842105263,85.71428571428571,83.33333333333334,81.81818181818183,72.72727272727273,100.0,73.33333333333333,66.66666666666666,100.0,77.77777777777779,77.77777777777779,83.33333333333334,100.0,100.0,66.66666666666666,50.0,100.0,50.0,100.0,100.0,100.0,100.0,100.0,100.0,100.0,100.0,100.0,100.0,100.0,100.0,100.0,100.0,100.0,100.0,50.0,100.0,100.0,100.0,100.0,100.0,100.0,100.0,100.0,100.0,100.0,100.0,100.0,100.0,100.0,100.0],"cluster_post_filtering_doc_counts":[2846,794,311,117,69,61,44,55,30,29,21,22,28,19,12,9,14,9,9,7,14,12,5,6,9,3,3,4,5,4,1,1,2,1,3,0,2,1,0,4,3,5,2,4,5,0,1,2,4,4,4,1,2,4,6,0,2,1,4,5,3,4,2,3,6,9,10,7,4,5,3,4,5,6,3,6,3,2,3,7,5,3,7,4,7,4,3,4,2,3,0,4,2,0,2,2,1,0,0,1,1,0,2,0,0,0,0,0,0,0,0,0,0,0,0,0,0,0,0,1,0,0,0,0,0,0,0,0,0,0,0,0,0,0,0],"tail_threshold":158,"tail_removal_rate":100.0,"tail_post_filtering_doc_counts":0,"global_removal_rate":94.42047608526275}