{"cluster_sizes":[1,2,3,4,5,6,7,8,9,10,11,12,13,14,15,16,17,18,19,20,21,22,23,24,26,28,30,31,35,36,37,39,43,49,50,51,54,57,67,72,90,103,115,158],"cluster_removal_rates":[93.57664233576642,86.36363636363636,93.75,96.51741293532339,94.02985074626866,100.0,100.0,100.0,92.3076923076923,100.0,100.0,100.0,100.0,100.0,100.0,85.71428571428571,100.0,100.0,100.0,100.0,100.0,100.0,100.0,50.0,100.0,100.0,100.0,100.0,100.0,100.0,100.0,100.0,100.0,100.0,100.0,100.0,100.0,100.0,100.0,100.0,100.0,100.0,100.0,100.0],"cluster_post_filtering_doc_counts":[44,21,6,7,8,0,0,0,1,0,0,0,0,0,0,1,0,0,0,0,0,0,0,1,0,0,0,0,0,0,0,0,0,0,0,0,0,0,0,0,0,0,0,0],"tail_threshold":161,"tail_removal_rate":100.0,"tail_post_filtering_doc_counts":0,"global_removal_rate":93.87474191328286}