{"cluster_sizes":[1,2,3,4,5,6,7,8,10,12,17,20,34,64],"cluster_removal_rates":[97.47899159663865,78.94736842105263,100.0,100.0,75.0,66.66666666666666,100.0,100.0,100.0,100.0,100.0,0.0,100.0,100.0],"cluster_post_filtering_doc_counts":[3,4,0,0,1,1,0,0,0,0,0,1,0,0],"tail_threshold":88,"tail_removal_rate":100.0,"tail_post_filtering_doc_counts":0,"global_removal_rate":94.01197604790418}