{"cluster_sizes":[1,2,3,4,5,6,7,8,9,10,12,13,14,19,21,23,25,26,27,40,49,70,71,122,124,158,1396],"cluster_removal_rates":[98.83720930232558,100.0,100.0,100.0,100.0,100.0,100.0,100.0,100.0,100.0,100.0,100.0,100.0,100.0,100.0,0.0,100.0,100.0,100.0,100.0,100.0,100.0,100.0,100.0,100.0,100.0,100.0],"cluster_post_filtering_doc_counts":[2,0,0,0,0,0,0,0,0,0,0,0,0,0,0,2,0,0,0,0,0,0,0,0,0,0,0],"tail_threshold":1698,"tail_removal_rate":100.0,"tail_post_filtering_doc_counts":0,"global_removal_rate":98.57142857142858}