{"cluster_sizes":[1,2,3,4,5,6,7,8,9,11,12,13,14,22,26,27,33,40,41,98,172],"cluster_removal_rates":[76.53846153846153,77.35849056603774,80.0,33.33333333333333,55.55555555555556,100.0,100.0,100.0,100.0,100.0,100.0,100.0,100.0,100.0,100.0,100.0,100.0,100.0,100.0,100.0,100.0],"cluster_post_filtering_doc_counts":[61,12,4,18,4,0,0,0,0,0,0,0,0,0,0,0,0,0,0,0,0],"tail_threshold":223,"tail_removal_rate":100.0,"tail_post_filtering_doc_counts":0,"global_removal_rate":75.12562814070351}