{"cluster_sizes":[1,2,3,4,5,6,7,8,9,10,11,12,13,14,15,16,17,18,19,20,21,22,23,24,25,26,27,28,29,30,31,33,34,35,36,37,38,39,42],"cluster_removal_rates":[80.76347305389223,47.28033472803347,36.36363636363637,31.818181818181817,64.28571428571429,77.77777777777779,100.0,78.57142857142857,100.0,100.0,100.0,100.0,100.0,83.33333333333334,75.0,85.71428571428571,85.71428571428571,53.84615384615385,60.0,31.57894736842105,12.5,9.090909090909092,5.0,3.0303030303030303,19.047619047619047,11.11111111111111,4.761904761904762,0.0,0.0,0.0,0.0,0.0,0.0,0.0,0.0,0.0,0.0,0.0,0.0],"cluster_post_filtering_doc_counts":[257,126,42,15,5,4,0,3,0,0,0,0,0,1,1,2,2,6,6,13,21,30,38,32,17,16,20,12,11,3,2,2,1,3,3,5,3,2,1],"tail_threshold":43,"tail_removal_rate":0.0,"tail_post_filtering_doc_counts":3,"global_removal_rate":65.89595375722543}