{"cluster_sizes":[1,2,3,4,5,6,7,8,9,10,11,12,13,15,17,18,19,22,24,26,33,34,35,39,54],"cluster_removal_rates":[38.80597014925373,72.97297297297297,79.59183673469387,58.65384615384615,55.223880597014926,50.0,0.0,100.0,100.0,50.0,100.0,100.0,100.0,100.0,100.0,100.0,100.0,100.0,100.0,100.0,100.0,100.0,100.0,100.0,100.0],"cluster_post_filtering_doc_counts":[164,10,10,43,30,10,2,0,0,2,0,0,0,0,0,0,0,0,0,0,0,0,0,0,0],"tail_threshold":62,"tail_removal_rate":100.0,"tail_post_filtering_doc_counts":0,"global_removal_rate":52.45614035087719}