{"cluster_sizes":[1,2,3,4,5,6,7,8,9,10,11,12,13,14,15,16,17,18,19,20,21,22,23,24,25,26,27,29,30,33,35,44,53,68,81,122,252,358,461],"cluster_removal_rates":[99.52153110047847,82.53968253968253,100.0,100.0,100.0,100.0,100.0,100.0,100.0,75.0,75.0,0.0,33.33333333333333,11.76470588235294,4.0,3.0303030303030303,2.127659574468085,0.0,6.0606060606060606,4.545454545454546,0.0,14.285714285714285,0.0,40.0,0.0,33.33333333333333,0.0,50.0,100.0,100.0,100.0,0.0,100.0,100.0,100.0,100.0,100.0,100.0,100.0],"cluster_post_filtering_doc_counts":[1,11,0,0,0,0,0,0,0,1,1,1,4,15,24,32,46,37,31,21,7,6,5,3,3,2,1,1,0,0,0,1,0,0,0,0,0,0,0],"tail_threshold":775,"tail_removal_rate":100.0,"tail_post_filtering_doc_counts":0,"global_removal_rate":58.69918699186992}