{"cluster_sizes":[1,2,3,4,5,6,7,8,9,22],"cluster_removal_rates":[99.78260869565217,93.33333333333333,100.0,83.33333333333334,100.0,100.0,100.0,100.0,100.0,100.0],"cluster_post_filtering_doc_counts":[1,1,0,1,0,0,0,0,0,0],"tail_threshold":25,"tail_removal_rate":100.0,"tail_post_filtering_doc_counts":0,"global_removal_rate":99.4059405940594}