{"cluster_sizes":[1,2,3,4,5,6,8,9,16,17,18,19,20,21,22,23,24,25,26,27,28,29,30,32,33,34,35,36,37,38,39,40,42],"cluster_removal_rates":[60.0,33.33333333333333,40.0,80.0,100.0,0.0,100.0,100.0,0.0,0.0,0.0,0.0,0.0,11.76470588235294,22.22222222222222,7.6923076923076925,9.090909090909092,10.344827586206897,18.181818181818183,22.22222222222222,0.0,0.0,40.0,0.0,0.0,0.0,0.0,0.0,0.0,33.33333333333333,0.0,0.0,0.0],"cluster_post_filtering_doc_counts":[26,24,6,1,0,1,0,0,2,2,4,4,19,15,21,36,30,26,18,14,5,4,3,2,1,2,3,1,2,2,2,2,3],"tail_threshold":54,"tail_removal_rate":0.0,"tail_post_filtering_doc_counts":1,"global_removal_rate":24.396782841823057}