{"cluster_sizes":[1,2,3,4,5,6,7,8,9,10,11,12,13,14,15,16,17,18,19,20,21,22,23,24,25,26,27,28,29,30,31,32,33,34,35,36,37,38,39,40,41,42,43,44,45,46,47,48,49,50,51,52,53,54,55,56,57,58,59,60,61,62,63,64,65,66,67,68,69,70,71,72,73,74,75,76,77,78,79,80,81,82,83,84,85,86,87,88,89,90,91,92,93,94,95,96,97,98,99,100,101,102,103,104,105,106,107,108,109,110,111,112,113,114,115,116,117,118,119,120,121,122,123,124,125,126,127,128,129,130,131,132,133,134,135,136,137,138,139,140,142,143,144],"cluster_removal_rates":[99.96483822955979,99.89109677815186,99.81040042781441,99.65664024834787,99.35340561701379,99.23507004177931,99.1825876662636,99.365234375,99.58797867183713,99.43009118541033,99.50828884518123,99.56255468066492,99.19081179848604,99.40828402366864,99.32460953989025,99.4982438534872,99.66821499668215,99.54337899543378,99.47826086956522,99.53789279112755,99.9001996007984,99.45414847161572,99.62025316455696,99.50186799501867,99.6779388083736,99.28571428571429,99.59758551307847,99.79674796747967,99.33333333333333,99.25373134328358,99.46236559139786,99.2084432717678,99.72602739726028,99.25373134328358,99.47780678851174,98.85057471264368,99.25925925925925,99.45799457994579,98.9247311827957,99.22779922779922,100.0,100.0,100.0,98.9247311827957,100.0,100.0,99.17355371900827,99.27536231884058,100.0,100.0,100.0,98.9247311827957,98.91304347826086,100.0,100.0,100.0,100.0,98.4375,100.0,98.9795918367347,100.0,100.0,98.46153846153847,100.0,100.0,100.0,100.0,100.0,100.0,100.0,100.0,100.0,100.0,100.0,100.0,100.0,100.0,100.0,100.0,100.0,100.0,100.0,100.0,100.0,100.0,100.0,100.0,100.0,100.0,97.2972972972973,100.0,100.0,100.0,100.0,100.0,100.0,100.0,100.0,100.0,100.0,100.0,100.0,100.0,93.33333333333333,100.0,100.0,100.0,100.0,100.0,100.0,100.0,100.0,100.0,100.0,100.0,100.0,100.0,100.0,100.0,100.0,100.0,94.11764705882352,100.0,100.0,100.0,100.0,100.0,100.0,100.0,100.0,100.0,100.0,100.0,100.0,100.0,100.0,100.0,100.0,100.0,100.0,100.0,100.0,100.0],"cluster_post_filtering_doc_counts":[468,142,117,146,294,249,169,78,34,45,35,25,31,18,16,10,5,6,6,5,1,5,3,4,2,4,2,1,3,3,2,3,1,3,2,5,3,2,3,2,0,0,0,2,0,0,1,1,0,0,0,1,1,0,0,0,0,1,0,1,0,0,1,0,0,0,0,0,0,0,0,0,0,0,0,0,0,0,0,0,0,0,0,0,0,0,0,0,0,1,0,0,0,0,0,0,0,0,0,0,0,0,0,1,0,0,0,0,0,0,0,0,0,0,0,0,0,0,0,0,0,1,0,0,0,0,0,0,0,0,0,0,0,0,0,0,0,0,0,0,0,0,0],"tail_threshold":145,"tail_removal_rate":99.82866933181039,"tail_post_filtering_doc_counts":3,"global_removal_rate":99.88679596929225}