{"cluster_sizes":[1,2,3,4,5,6,7,8,9,10,11,12,13,14,15,16,17,18,19,20,21,22,23,24,25,26,27,28,29,30,31,32,33,34,35,36,37,38,39,40,41,42,43,44,45,46,47,48,49,50,51,52,53,54,55,56,57,58,59,60,61,62,63,64,65,66,67,68,69,70,71,72,73,74,75,76,77,78,79,80,81,82,83,84,85,86,87,88,89,90,91,92,93,94,95,96,97,98,99,100,101,102,103,104,105,106,107,108,109,111,112,113,114,115,116,118,119,120,122,123,124,125,128,130,136,138,141,145,147,149,154,155,156,161,165,167,169,172,180,188,189,190,193,194,195,197,198,206,208],"cluster_removal_rates":[99.51670665136817,99.69654933240854,99.77950904012935,99.85459077690071,99.65546942291128,99.59709911361804,99.24290220820188,99.36708860759494,98.96049896049897,99.02386117136659,99.50920245398774,99.84472049689441,99.05660377358491,99.03225806451613,98.9795918367347,100.0,99.4413407821229,100.0,98.70967741935483,100.0,100.0,100.0,99.1304347826087,100.0,98.4375,98.48484848484848,100.0,100.0,100.0,93.33333333333333,97.91666666666666,100.0,100.0,100.0,100.0,100.0,97.14285714285714,89.28571428571429,100.0,96.15384615384616,100.0,100.0,97.14285714285714,100.0,100.0,100.0,100.0,100.0,100.0,100.0,100.0,100.0,100.0,100.0,100.0,91.66666666666666,100.0,100.0,100.0,100.0,100.0,100.0,100.0,100.0,100.0,100.0,100.0,100.0,100.0,100.0,100.0,100.0,100.0,100.0,100.0,100.0,100.0,100.0,100.0,100.0,100.0,100.0,100.0,100.0,100.0,100.0,100.0,100.0,100.0,100.0,100.0,100.0,100.0,100.0,100.0,100.0,100.0,100.0,100.0,100.0,50.0,100.0,100.0,100.0,100.0,100.0,100.0,100.0,100.0,100.0,100.0,100.0,100.0,100.0,100.0,100.0,100.0,100.0,100.0,100.0,100.0,100.0,100.0,100.0,100.0,100.0,100.0,100.0,100.0,100.0,100.0,100.0,100.0,100.0,100.0,100.0,100.0,100.0,100.0,100.0,100.0,100.0,100.0,100.0,100.0,100.0,100.0,100.0,100.0],"cluster_post_filtering_doc_counts":[139,35,15,7,12,10,12,8,10,9,4,1,4,3,3,0,1,0,2,0,0,0,1,0,1,1,0,0,0,3,1,0,0,0,0,0,1,3,0,1,0,0,1,0,0,0,0,0,0,0,0,0,0,0,0,1,0,0,0,0,0,0,0,0,0,0,0,0,0,0,0,0,0,0,0,0,0,0,0,0,0,0,0,0,0,0,0,0,0,0,0,0,0,0,0,0,0,0,0,0,1,0,0,0,0,0,0,0,0,0,0,0,0,0,0,0,0,0,0,0,0,0,0,0,0,0,0,0,0,0,0,0,0,0,0,0,0,0,0,0,0,0,0,0,0,0,0,0,0],"tail_threshold":213,"tail_removal_rate":100.0,"tail_post_filtering_doc_counts":0,"global_removal_rate":99.5717977113326}