{"cluster_sizes":[1,2,3,4,5,6,7,8,9,10,11,12,14,15,17,18,19,22,24,25,26,27,33,36,38,40,65,71,95],"cluster_removal_rates":[54.089709762532976,94.11764705882352,95.83333333333334,81.25,75.0,100.0,100.0,66.66666666666666,100.0,100.0,100.0,100.0,100.0,100.0,100.0,100.0,100.0,100.0,83.33333333333334,100.0,100.0,100.0,100.0,0.0,100.0,100.0,100.0,100.0,100.0],"cluster_post_filtering_doc_counts":[174,3,1,3,1,0,0,1,0,0,0,0,0,0,0,0,0,0,1,0,0,0,0,1,0,0,0,0,0],"tail_threshold":819,"tail_removal_rate":100.0,"tail_post_filtering_doc_counts":0,"global_removal_rate":64.62715105162525}