{"cluster_sizes":[1,2,3,4,5,6,7,8,9,10,11,12,15,16,19,24,28,31,34,35,36,37,38,39,40],"cluster_removal_rates":[78.11023622047244,48.421052631578945,36.84210526315789,84.61538461538461,100.0,92.3076923076923,100.0,80.0,33.33333333333333,42.857142857142854,16.666666666666664,100.0,100.0,100.0,100.0,100.0,100.0,100.0,100.0,100.0,75.0,100.0,100.0,100.0,100.0],"cluster_post_filtering_doc_counts":[139,49,36,2,0,1,0,1,8,8,5,0,0,0,0,0,0,0,0,0,1,0,0,0,0],"tail_threshold":56,"tail_removal_rate":100.0,"tail_post_filtering_doc_counts":0,"global_removal_rate":72.19132369299221}