{"cluster_sizes":[1,2,3,4,5,7,8,10,11,12,13,14,17,19,23,24,27,41,68],"cluster_removal_rates":[94.19795221843003,72.46376811594203,55.55555555555556,93.33333333333333,50.0,75.0,100.0,100.0,100.0,100.0,100.0,100.0,100.0,100.0,100.0,100.0,100.0,100.0,100.0],"cluster_post_filtering_doc_counts":[17,19,16,1,4,1,0,0,0,0,0,0,0,0,0,0,0,0,0],"tail_threshold":73,"tail_removal_rate":100.0,"tail_post_filtering_doc_counts":0,"global_removal_rate":87.22466960352423}