{"cluster_sizes":[1,2,3,4,5,6,7,8,9,10,11,12,13,14,15,16,17,20,25,30,35,38,43,48,54,55],"cluster_removal_rates":[88.29545454545455,90.0990099009901,71.1864406779661,61.76470588235294,47.82608695652174,80.0,83.33333333333334,100.0,100.0,100.0,100.0,100.0,100.0,100.0,100.0,100.0,100.0,100.0,100.0,100.0,100.0,100.0,100.0,100.0,100.0,100.0],"cluster_post_filtering_doc_counts":[206,10,17,13,12,3,2,0,0,0,0,0,0,0,0,0,0,0,0,0,0,0,0,0,0,0],"tail_threshold":60,"tail_removal_rate":100.0,"tail_post_filtering_doc_counts":0,"global_removal_rate":87.158203125}