{"cluster_sizes":[1,2,3,4,5,6,7,8,9,10,16,28,32,35],"cluster_removal_rates":[82.87292817679558,74.28571428571429,47.82608695652174,90.0,90.9090909090909,100.0,100.0,100.0,100.0,100.0,100.0,100.0,100.0,100.0],"cluster_post_filtering_doc_counts":[31,18,12,1,1,0,0,0,0,0,0,0,0,0],"tail_threshold":2595,"tail_removal_rate":100.0,"tail_post_filtering_doc_counts":0,"global_removal_rate":79.93630573248409}