{"cluster_sizes":[1,2,3,4,5,6,7,8,9,10,11,12,13,14,15,16,17,18,20,21,22,23,24,25,26,27,28,29,31,32,33,36,37,38,39,40,42,51,59,102,104,203],"cluster_removal_rates":[96.98324022346368,94.14893617021278,96.32352941176471,96.34146341463415,97.33333333333334,92.38095238095238,96.42857142857143,92.5925925925926,93.33333333333333,100.0,100.0,66.66666666666666,100.0,100.0,100.0,100.0,100.0,100.0,50.0,100.0,100.0,100.0,66.66666666666666,75.0,100.0,100.0,100.0,100.0,100.0,100.0,100.0,100.0,100.0,100.0,100.0,100.0,100.0,100.0,100.0,100.0,100.0,100.0],"cluster_post_filtering_doc_counts":[27,11,5,3,2,8,2,2,1,0,0,1,0,0,0,0,0,0,1,0,0,0,1,1,0,0,0,0,0,0,0,0,0,0,0,0,0,0,0,0,0,0],"tail_threshold":227,"tail_removal_rate":100.0,"tail_post_filtering_doc_counts":0,"global_removal_rate":96.14243323442136}