{"cluster_sizes":[1,2,3,4,5,6,7,8,9,10,11,12,13,14,15,16,17,18,19,20,21,22,23,24,25,26,28,30,31,32,33,35,36,37,38,39,40,41,42,43,46,49,52,59,61,65,67,72,75,82,85,93,101,117,130,136,142,149,164,167,181],"cluster_removal_rates":[97.73531493276715,96.7828418230563,97.87234042553192,95.73643410852713,99.2248062015504,100.0,100.0,97.82608695652173,100.0,100.0,100.0,100.0,100.0,100.0,100.0,100.0,100.0,100.0,100.0,100.0,100.0,100.0,100.0,100.0,100.0,100.0,100.0,100.0,100.0,100.0,100.0,100.0,100.0,100.0,100.0,100.0,100.0,100.0,100.0,100.0,100.0,100.0,100.0,100.0,100.0,100.0,100.0,100.0,100.0,100.0,100.0,100.0,100.0,100.0,100.0,100.0,100.0,100.0,100.0,100.0,100.0],"cluster_post_filtering_doc_counts":[32,48,5,11,2,0,0,1,0,0,0,0,0,0,0,0,0,0,0,0,0,0,0,0,0,0,0,0,0,0,0,0,0,0,0,0,0,0,0,0,0,0,0,0,0,0,0,0,0,0,0,0,0,0,0,0,0,0,0,0,0],"tail_threshold":198,"tail_removal_rate":100.0,"tail_post_filtering_doc_counts":0,"global_removal_rate":97.60290556900726}