{"cluster_sizes":[1,2,3,4,5,6,7,8,9,10,11,12,13,14,15,16,17,18,19,20,21,22,23,24,25,26,27,28,29,30,31,32,33,34,35,36,37,38,39,40,41,42,43,44,45,46,47,48,49,50,51,52,53,54,55,56,57,58,59,60,61,62,63,64,65,66,67,68,69,70,71,72,73,74,75,76,77,78,79,80,81,82,83,84,85,86,87,88,89,90,91,92,93,94,95,96,97,98,99,100,101,102,103,104,105,106,107,108,109,110,111,112,113,114,115,116,117,118,119,120,121,122,123,124,125,126,127,128,129,130,131,132,133,134,135,136,137,138,139,140,141,142,143,144,145,146,147,148,149,150,151,152,153,154,155,156,157,158,159,160,162,163,164,165,166,167,168,169,170,171,172,173,174,175,176,177,178,179,180,181,182,183,184,185,186,187,188,189,190,191,192,193,194,195,196,197,198,199,200,201,202,203,204,205,206,207,208,209,210,211,212,213,214,215,216,217,218,219,220,222,223,224,225,226,227,228,229,230,231,232,233,234,235,236,237,238,239,240,241,242,243,244,245,246,247,248,249,250,251,252,253,254,256,257,258,259,260,262,263,264,265,268,269,270,271,272,274],"cluster_removal_rates":[99.70812461332747,99.34839270199826,98.85374554102259,96.70234930670307,92.39804479463048,95.78362626354613,97.65409383624655,97.30967372638808,95.7045968349661,96.17723718505647,96.14767255216692,96.01246105919003,96.32867132867133,95.13888888888889,95.96510359869139,92.7070457354759,93.974175035868,96.61266568483063,96.12546125461255,96.30996309963099,94.06952965235173,93.18681318681318,93.21266968325791,94.54545454545455,94.64882943143813,94.29429429429429,94.29530201342283,93.14079422382672,93.82239382239382,94.02390438247012,93.5361216730038,91.70305676855895,96.3265306122449,95.32710280373831,96.6824644549763,97.27272727272728,95.45454545454545,96.22641509433963,95.2054794520548,92.1875,96.15384615384616,91.17647058823529,91.66666666666666,93.6842105263158,91.66666666666666,85.88235294117646,84.50704225352112,89.01098901098901,90.41095890410958,78.37837837837837,91.04477611940298,82.35294117647058,85.48387096774194,90.0,89.0625,95.38461538461539,83.33333333333334,86.79245283018868,85.0,92.15686274509804,80.76923076923077,77.55102040816327,82.8125,68.08510638297872,76.08695652173914,72.3076923076923,75.0,61.53846153846154,62.5,80.0,73.33333333333333,72.58064516129032,70.83333333333334,69.76744186046511,69.76744186046511,66.0377358490566,58.97435897435898,52.83018867924528,65.71428571428571,65.3061224489796,68.51851851851852,56.86274509803921,60.97560975609756,42.0,50.0,58.69565217391305,48.888888888888886,56.75675675675676,45.23809523809524,43.39622641509434,55.88235294117647,53.125,54.90196078431373,37.142857142857146,42.42424242424242,50.0,50.0,72.0,65.0,70.0,66.66666666666666,91.30434782608695,69.23076923076923,73.68421052631578,80.0,87.5,100.0,76.19047619047619,88.88888888888889,100.0,100.0,92.3076923076923,100.0,90.0,80.0,100.0,100.0,69.23076923076923,88.88888888888889,85.71428571428571,71.42857142857143,80.0,90.0,100.0,100.0,100.0,100.0,100.0,100.0,100.0,100.0,100.0,100.0,85.71428571428571,100.0,83.33333333333334,100.0,100.0,100.0,80.0,100.0,100.0,87.5,83.33333333333334,100.0,100.0,100.0,100.0,100.0,100.0,100.0,66.66666666666666,88.88888888888889,100.0,100.0,100.0,100.0,100.0,100.0,100.0,75.0,100.0,100.0,100.0,100.0,100.0,100.0,100.0,100.0,100.0,100.0,100.0,100.0,100.0,100.0,100.0,100.0,100.0,100.0,100.0,100.0,100.0,100.0,100.0,100.0,100.0,100.0,100.0,100.0,66.66666666666666,100.0,100.0,100.0,100.0,100.0,100.0,100.0,100.0,100.0,100.0,100.0,100.0,100.0,100.0,100.0,100.0,100.0,100.0,100.0,100.0,100.0,100.0,100.0,100.0,50.0,100.0,100.0,100.0,100.0,100.0,100.0,100.0,100.0,100.0,100.0,100.0,100.0,100.0,100.0,100.0,100.0,100.0,0.0,100.0,100.0,100.0,100.0,100.0,80.0,100.0,100.0,100.0,100.0,100.0,100.0,100.0,100.0,100.0,100.0,100.0,100.0,100.0,100.0,100.0,100.0,100.0,100.0,100.0,100.0,100.0,100.0,100.0,100.0,100.0,100.0,100.0,100.0],"cluster_post_filtering_doc_counts":[585,285,241,459,1042,463,102,94,114,88,72,64,42,49,37,59,42,23,21,20,29,31,30,21,16,19,17,19,16,15,17,19,9,10,7,6,9,6,7,10,4,9,7,6,6,12,11,10,7,16,6,12,9,7,7,3,8,7,9,4,10,11,11,15,11,18,11,20,21,8,12,17,14,13,13,18,16,25,12,17,17,22,16,29,28,19,23,16,23,30,15,15,23,22,19,14,10,7,7,6,6,2,4,5,4,1,0,5,1,0,0,1,0,1,2,0,0,4,1,1,2,2,1,0,0,0,0,0,0,0,0,0,0,1,0,1,0,0,0,1,0,0,1,1,0,0,0,0,0,0,0,1,1,0,0,0,0,0,0,0,1,0,0,0,0,0,0,0,0,0,0,0,0,0,0,0,0,0,0,0,0,0,0,0,0,0,0,0,0,1,0,0,0,0,0,0,0,0,0,0,0,0,0,0,0,0,0,0,0,0,0,0,0,0,1,0,0,0,0,0,0,0,0,0,0,0,0,0,0,0,0,0,1,0,0,0,0,0,1,0,0,0,0,0,0,0,0,0,0,0,0,0,0,0,0,0,0,0,0,0,0,0,0,0,0,0,0],"tail_threshold":275,"tail_removal_rate":99.40828402366864,"tail_post_filtering_doc_counts":2,"global_removal_rate":98.48745743557717}