{"cluster_sizes":[1,2,3,4,5,6,7,8,9,10,11,20,25],"cluster_removal_rates":[75.36231884057972,84.21052631578947,100.0,50.0,100.0,100.0,65.21739130434783,50.45045045045045,55.55555555555556,0.0,100.0,100.0,100.0],"cluster_post_filtering_doc_counts":[17,3,0,3,0,0,8,55,16,5,0,0,0],"tail_threshold":92,"tail_removal_rate":100.0,"tail_post_filtering_doc_counts":0,"global_removal_rate":62.9757785467128}