{"cluster_sizes":[1,2,3,4,5,6,7,8,9,10,11,12,13,14,15,16,17,18,19,20,21,22,23,24,25,26,27,28,29,30,31,32,33,34,36,37,38,39,40,41,44,49,51],"cluster_removal_rates":[77.5894538606403,75.52447552447552,80.59701492537313,89.65517241379311,95.65217391304348,87.5,66.66666666666666,77.77777777777779,100.0,100.0,100.0,80.0,100.0,75.0,92.85714285714286,50.0,80.0,56.25,42.10526315789473,57.446808510638306,49.18032786885246,50.98039215686274,48.739495798319325,58.119658119658126,60.0,68.42105263157895,61.904761904761905,65.78947368421053,66.66666666666666,72.72727272727273,70.0,14.285714285714285,33.33333333333333,25.0,50.0,16.666666666666664,66.66666666666666,0.0,0.0,0.0,50.0,0.0,100.0],"cluster_post_filtering_doc_counts":[238,35,13,3,1,1,1,2,0,0,0,1,0,2,1,3,1,7,11,20,31,50,61,49,44,30,24,13,7,3,3,6,2,3,2,5,1,2,3,1,1,1,0],"tail_threshold":53,"tail_removal_rate":75.0,"tail_post_filtering_doc_counts":1,"global_removal_rate":69.89863375936535}