{"cluster_sizes":[1,2,3,4,5,6,7,8,9,10,11,12,13,14,15,16,17,18,19,20,21,22,23,24,25,26,27,28,29,30,31,32,33,34,35,36,37,38,39,40,50,51,54,56,57,109,173,208,247,336,1030],"cluster_removal_rates":[89.77900552486187,94.85714285714286,97.36842105263158,100.0,100.0,100.0,100.0,100.0,90.0,100.0,92.3076923076923,100.0,100.0,75.0,100.0,75.0,40.0,62.5,25.0,32.0,28.947368421052634,37.77777777777778,38.46153846153847,50.847457627118644,50.0,40.0,72.0,68.96551724137932,57.14285714285714,50.0,50.0,33.33333333333333,50.0,80.0,50.0,33.33333333333333,16.666666666666664,0.0,33.33333333333333,66.66666666666666,100.0,100.0,100.0,100.0,100.0,100.0,100.0,100.0,100.0,100.0,100.0],"cluster_post_filtering_doc_counts":[111,9,2,0,0,0,0,0,1,0,1,0,0,1,0,1,6,3,9,17,27,28,40,29,31,21,7,9,3,2,2,4,2,1,2,4,5,1,2,1,0,0,0,0,0,0,0,0,0,0,0],"tail_threshold":1034,"tail_removal_rate":100.0,"tail_post_filtering_doc_counts":0,"global_removal_rate":80.77503774534473}