{"cluster_sizes":[1,2,3,4,5,6,7,8,9,10,11,12,13,14,15,16,17,18,19,20,21,22,23,24,25,26,27,28,29,30,31,32,33,34,35,36,37,38,39,40,41,42,43,44,45,46,47,48,49,50,51,52,53,54,55,56,57,58,59,60,61,62,63,64,65,66,67,68,69,70,71,72,73,74,75,76,77,78,79,80,81,82,83,84,85,86,87,88,89,90,91,92,93],"cluster_removal_rates":[45.93836473219363,45.95155455163169,44.74185357596276,49.185639976123475,46.83238636363637,43.69318181818182,41.04477611940299,42.052221713238666,47.48641304347826,52.61682242990654,52.1689497716895,58.51428571428572,43.34763948497854,44.11764705882353,43.31210191082803,48.466257668711656,41.39194139194139,46.95340501792115,55.06072874493927,60.984848484848484,60.65573770491803,53.0,51.162790697674424,49.693251533742334,47.712418300653596,44.36619718309859,52.17391304347826,56.99999999999999,41.7910447761194,58.2089552238806,54.385964912280706,52.702702702702695,51.388888888888886,56.57894736842105,51.61290322580645,48.07692307692308,58.57142857142858,62.96296296296296,47.540983606557376,57.14285714285714,59.375,68.0,51.85185185185185,62.857142857142854,22.727272727272727,56.00000000000001,48.148148148148145,64.0,40.0,41.17647058823529,58.333333333333336,41.17647058823529,60.0,75.0,66.66666666666666,47.368421052631575,75.0,76.92307692307693,66.66666666666666,68.18181818181817,52.94117647058824,66.66666666666666,64.70588235294117,62.5,20.0,75.0,25.0,76.92307692307693,50.0,75.0,66.66666666666666,100.0,33.33333333333333,66.66666666666666,70.0,16.666666666666664,42.857142857142854,60.0,25.0,85.71428571428571,25.0,72.72727272727273,25.0,80.0,100.0,28.57142857142857,80.0,100.0,100.0,83.33333333333334,60.0,0.0,50.0],"cluster_post_filtering_doc_counts":[99834,29431,10446,5959,3743,1982,1422,1265,773,507,419,363,264,190,178,168,160,148,111,103,96,94,84,82,80,79,55,43,39,28,26,35,35,33,30,27,29,20,32,18,13,8,13,13,17,11,14,9,12,10,10,10,4,5,5,10,3,3,5,7,8,5,6,3,4,3,6,3,5,1,2,0,8,1,3,5,4,2,3,1,3,3,3,1,0,5,1,0,0,1,2,2,5],"tail_threshold":94,"tail_removal_rate":67.78523489932886,"tail_post_filtering_doc_counts":96,"global_removal_rate":46.11453816242187}