{"cluster_sizes":[1,2,3,4,8,10,13,14,17,18,19,21,24,25],"cluster_removal_rates":[81.5,70.3125,22.22222222222222,11.11111111111111,0.0,100.0,50.0,100.0,100.0,100.0,100.0,100.0,66.66666666666666,100.0],"cluster_post_filtering_doc_counts":[888,19,28,8,1,0,1,0,0,0,0,0,1,0],"tail_threshold":26,"tail_removal_rate":75.0,"tail_post_filtering_doc_counts":2,"global_removal_rate":80.7785888077859}