{"cluster_sizes":[1,2,3,4,5,6,7,8,9,10,11,12,13,14,15,16,17,18],"cluster_removal_rates":[94.96506865815466,35.526315789473685,8.51063829787234,20.0,30.76923076923077,37.5,100.0,100.0,100.0,100.0,100.0,100.0,85.71428571428571,66.66666666666666,85.71428571428571,83.33333333333334,100.0,100.0],"cluster_post_filtering_doc_counts":[209,49,43,8,9,5,0,0,0,0,0,0,1,1,1,1,0,0],"tail_threshold":19,"tail_removal_rate":80.0,"tail_post_filtering_doc_counts":1,"global_removal_rate":92.4908424908425}