{"cluster_sizes":[1,2,3,4,5,6,7,8,9,10,11,12,13,14,15,16,17,18,19,20,21,22],"cluster_removal_rates":[65.47619047619048,70.0,80.0,88.46153846153845,79.71014492753623,79.3103448275862,76.73267326732673,78.18181818181819,70.96774193548387,63.29113924050633,62.5,45.45454545454545,33.33333333333333,100.0,0.0,0.0,0.0,0.0,50.0,0.0,0.0,0.0],"cluster_post_filtering_doc_counts":[145,3,1,3,14,30,47,48,45,29,15,6,4,0,3,5,4,1,1,1,1,1],"tail_threshold":23,"tail_removal_rate":50.0,"tail_post_filtering_doc_counts":1,"global_removal_rate":71.04329311568488}