{"cluster_sizes":[1,2,3,4,5,6,7,8,9,10,11,12,13,14,15,16,17,18,19,20,21,22,23,24,25,26,27,28,29,30,31,33,34,35,36,37,39,40,41,44],"cluster_removal_rates":[77.92792792792793,77.33333333333333,42.857142857142854,50.0,100.0,81.81818181818183,82.6086956521739,88.23529411764706,88.29787234042553,88.23529411764706,92.0754716981132,90.63545150501672,96.45732689210949,94.78260869565217,94.44444444444444,93.75,75.86206896551724,54.54545454545454,47.82608695652174,41.935483870967744,44.89795918367347,58.0246913580247,62.22222222222222,62.637362637362635,63.63636363636363,62.96296296296296,68.88888888888889,52.38095238095239,81.81818181818183,71.42857142857143,100.0,100.0,0.0,16.666666666666664,0.0,0.0,0.0,0.0,33.33333333333333,0.0],"cluster_post_filtering_doc_counts":[98,17,4,2,0,2,4,6,11,18,21,28,22,12,3,2,7,5,12,18,27,34,34,34,36,30,14,20,2,2,0,0,3,5,2,2,2,1,2,1],"tail_threshold":47,"tail_removal_rate":25.0,"tail_post_filtering_doc_counts":3,"global_removal_rate":82.30719377835386}