{"cluster_sizes":[1,2,3,4,5,6,7,8,9,10,11,12,13,14,15,17,20,22,24,29,31,32,35,39,41,43,54,55,70],"cluster_removal_rates":[87.34265734265733,77.77777777777779,83.63636363636363,71.73913043478261,80.95238095238095,77.77777777777779,68.42105263157895,85.71428571428571,83.33333333333334,83.33333333333334,100.0,60.0,0.0,50.0,0.0,100.0,100.0,100.0,50.0,100.0,100.0,50.0,0.0,100.0,100.0,100.0,100.0,100.0,100.0],"cluster_post_filtering_doc_counts":[181,28,9,13,4,2,6,1,1,2,0,2,2,1,1,0,0,0,1,0,0,1,1,0,0,0,0,0,0],"tail_threshold":74,"tail_removal_rate":100.0,"tail_post_filtering_doc_counts":0,"global_removal_rate":85.4875283446712}