{"cluster_sizes":[1,2,3,4,5,6,7,8,9,10,11,12,13,14,15,16,17,18,19,20,21,22,23,24,25,26,27,28,29,30,31,32,33,34,35,36,37,38,39,40,41,42,43,44,45,46,47,48,49,50,51,52,53,54,55,56,57,58,59,60,61,62,63,64,65,66,67,68,69,70,71,72,73,74,75,76,77,78,79,80,81,82,83,84,85,86,87,88,89,90,91,92,93,94,95,96,97,98,99,100,101,102,103,104,105],"cluster_removal_rates":[47.825334064475165,37.016563965099266,33.56565706231357,35.118107472535186,37.06674110847882,36.64762187430437,35.673273181618754,36.302806792836165,35.85636017151025,38.13483301131659,39.081785673088014,35.50021105951878,33.295350957155875,35.311572700296736,36.1124085318387,37.962874821513566,40.6988964792433,44.000674081563865,45.79034255055716,46.86284046692607,49.73928157589803,50.83694978301302,52.150355570606166,51.4609203798393,54.285714285714285,56.10005104645227,54.219030520646314,52.964690206528985,55.17482517482517,51.512915129151295,48.64024864024864,49.148418491484186,50.64710957722174,49.19928825622776,50.64220183486239,54.02930402930403,55.685441020191284,55.71600481347774,55.388471177944865,56.3235294117647,52.88184438040345,49.48301329394387,50.239999999999995,50.0,49.899799599198396,55.88972431077694,53.84615384615385,51.98863636363637,51.57232704402516,58.35694050991501,54.09836065573771,53.16901408450704,51.446945337620576,49.40711462450593,52.66903914590747,48.122866894197955,44.10480349344978,51.80722891566265,58.71559633027523,48.81516587677725,51.674641148325364,56.25,48.333333333333336,43.82022471910113,49.473684210526315,41.9753086419753,47.74193548387097,43.19526627218935,45.85987261146497,46.93877551020408,42.77108433734939,36.41975308641975,42.64705882352941,36.80555555555556,34.5679012345679,45.20547945205479,50.0,45.370370370370374,43.80165289256198,36.75213675213676,36.666666666666664,35.65217391304348,33.81294964028777,35.810810810810814,33.33333333333333,34.285714285714285,36.283185840707965,22.68041237113402,32.29166666666667,33.33333333333333,28.04878048780488,28.39506172839506,34.48275862068966,40.25974025974026,33.33333333333333,32.53012048192771,37.878787878787875,38.70967741935484,44.680851063829785,47.45762711864407,39.62264150943396,51.92307692307693,46.875,45.94594594594595,59.45945945945946],"cluster_post_filtering_doc_counts":[650808,294879,162137,110913,83413,51228,33722,28844,21542,17931,15843,15280,11708,9592,8207,6517,4514,3323,2627,2185,1735,1586,1413,1329,1072,860,765,706,641,657,661,627,572,571,538,502,417,368,356,297,327,342,311,308,250,176,180,169,154,147,140,133,151,128,133,152,128,120,90,108,101,77,93,100,96,94,81,96,85,78,95,103,78,91,106,80,61,59,68,74,76,74,92,95,74,92,72,75,65,68,59,58,57,46,38,56,41,38,26,31,32,25,34,20,15],"tail_threshold":106,"tail_removal_rate":74.27937915742794,"tail_post_filtering_doc_counts":696,"global_removal_rate":41.86562985330091}