{"cluster_sizes":[1,2,3,4,5,6,7,8,9,10,11,12,13,14,15,16,17,26,27,31,34,38,44,47,48,49,56,58],"cluster_removal_rates":[100.0,97.26027397260275,100.0,100.0,100.0,100.0,100.0,100.0,100.0,100.0,100.0,100.0,100.0,100.0,100.0,100.0,0.0,100.0,100.0,100.0,100.0,100.0,100.0,100.0,100.0,100.0,100.0,100.0],"cluster_post_filtering_doc_counts":[0,2,0,0,0,0,0,0,0,0,0,0,0,0,0,0,1,0,0,0,0,0,0,0,0,0,0,0],"tail_threshold":236,"tail_removal_rate":100.0,"tail_post_filtering_doc_counts":0,"global_removal_rate":99.23273657289002}