{"cluster_sizes":[1,2,3,4,5,6,9,23,24,25,26,27,28,31],"cluster_removal_rates":[68.51851851851852,23.809523809523807,23.333333333333332,20.0,50.0,100.0,100.0,100.0,100.0,100.0,100.0,100.0,100.0,0.0],"cluster_post_filtering_doc_counts":[34,16,23,8,1,0,0,0,0,0,0,0,0,1],"tail_threshold":39,"tail_removal_rate":100.0,"tail_post_filtering_doc_counts":0,"global_removal_rate":55.85106382978723}