{"cluster_sizes":[1,2,3,4,5,6,7,8,9,10,11,12,14,15,16,19,22,25,27,31,36,38,40],"cluster_removal_rates":[96.7741935483871,81.34328358208955,63.63636363636363,79.16666666666666,83.33333333333334,100.0,100.0,100.0,100.0,83.33333333333334,100.0,100.0,100.0,100.0,100.0,100.0,100.0,100.0,0.0,100.0,100.0,100.0,100.0],"cluster_post_filtering_doc_counts":[14,25,12,5,3,0,0,0,0,1,0,0,0,0,0,0,0,0,1,0,0,0,0],"tail_threshold":60,"tail_removal_rate":100.0,"tail_post_filtering_doc_counts":0,"global_removal_rate":91.0948905109489}