{"cluster_sizes":[1,2,3,4,5,6,7,8,9,10,11,12,13,14,15,16,17,18,19,20,21,22,23,24,25,26,27,28,29,30,31,32,33,34,35,36,37,38,39,40,41,42,43,44,45,46,47,48,49,50,51,52,53,54,55,56,57,58,59,60,61,62,63,64,65,66,67,68,69,70,71,72,73,74,75,76,77,78,79,80,81,82,83,84,85,86,87,88,89,90,91,92,93,94,95,96,97,98,99,100,101,102,103,104,105,106,107,108,109,111,112,113,114,116,117,118,119,120,121,122,123,124,125,126,127,128,129,130,131,132,133,134,138,139,140,141,142,143,147,148,149,152,154,155,160,161,162,163,165,166,167,170,172,173],"cluster_removal_rates":[97.62743881808954,92.97889078274551,91.07061503416857,89.36519091122042,87.78969214804566,87.75510204081633,87.5,88.4375,86.12012987012987,83.72811534500515,82.87841191066998,80.5668016194332,79.29203539823008,81.4663951120163,86.91588785046729,81.69398907103826,77.87114845938376,83.95415472779369,80.67796610169492,86.64122137404581,80.18433179723502,88.88888888888889,78.2122905027933,82.66666666666667,82.63473053892216,73.48484848484848,70.58823529411765,74.32432432432432,68.08510638297872,82.6086956521739,70.83333333333334,80.0,70.4225352112676,79.45205479452055,85.91549295774648,82.75862068965517,88.23529411764706,100.0,85.29411764705883,94.11764705882352,97.22222222222221,88.88888888888889,94.73684210526315,96.66666666666667,96.875,93.93939393939394,86.20689655172413,94.28571428571428,80.0,95.65217391304348,88.88888888888889,100.0,92.85714285714286,95.83333333333334,83.33333333333334,92.0,96.0,100.0,92.85714285714286,88.88888888888889,100.0,100.0,90.9090909090909,92.85714285714286,94.73684210526315,100.0,100.0,71.42857142857143,92.85714285714286,82.35294117647058,100.0,100.0,100.0,100.0,87.5,88.88888888888889,90.0,85.71428571428571,87.5,100.0,81.81818181818183,90.9090909090909,100.0,100.0,77.77777777777779,75.0,87.5,100.0,100.0,80.0,80.0,66.66666666666666,100.0,100.0,100.0,100.0,100.0,100.0,100.0,100.0,100.0,100.0,100.0,100.0,100.0,100.0,100.0,100.0,66.66666666666666,100.0,100.0,100.0,66.66666666666666,100.0,100.0,100.0,100.0,100.0,100.0,100.0,100.0,0.0,100.0,66.66666666666666,100.0,100.0,100.0,100.0,100.0,100.0,100.0,100.0,100.0,66.66666666666666,100.0,100.0,100.0,50.0,100.0,0.0,100.0,100.0,100.0,100.0,100.0,100.0,100.0,100.0,100.0,100.0,100.0,100.0,100.0,100.0],"cluster_post_filtering_doc_counts":[1683,1071,588,454,353,324,231,185,171,158,138,144,117,91,56,67,79,56,57,35,43,21,39,26,29,35,35,38,30,16,28,18,21,15,10,10,6,0,5,2,1,4,2,1,1,2,4,2,5,1,2,0,2,1,3,2,1,0,1,2,0,0,2,1,1,0,0,2,1,3,0,0,0,0,2,1,1,1,1,0,2,1,0,0,2,2,1,0,0,1,1,3,0,0,0,0,0,0,0,0,0,0,0,0,0,0,0,0,1,0,0,0,1,0,0,0,0,0,0,0,0,1,0,1,0,0,0,0,0,0,0,0,0,1,0,0,0,1,0,1,0,0,0,0,0,0,0,0,0,0,0,0,0,0],"tail_threshold":174,"tail_removal_rate":97.45762711864407,"tail_post_filtering_doc_counts":3,"global_removal_rate":94.3501997795536}