{"cluster_sizes":[1,2,3,4,5,6,7,8,9,10,11,12,13,14,16,17,18,25,31,32,33,34,35,36,37,39,41,43,44,50,52,65,85],"cluster_removal_rates":[73.98543184183143,85.51724137931035,90.625,97.61904761904762,88.23529411764706,87.5,100.0,100.0,100.0,100.0,100.0,100.0,100.0,100.0,100.0,100.0,100.0,100.0,100.0,100.0,100.0,100.0,100.0,100.0,100.0,100.0,100.0,100.0,0.0,100.0,100.0,100.0,100.0],"cluster_post_filtering_doc_counts":[250,21,6,1,4,2,0,0,0,0,0,0,0,0,0,0,0,0,0,0,0,0,0,0,0,0,0,0,1,0,0,0,0],"tail_threshold":88,"tail_removal_rate":100.0,"tail_post_filtering_doc_counts":0,"global_removal_rate":79.75852272727273}