{"cluster_sizes":[1,2,3,4,5,6,17,18,19,20,21,22,23,24,25,26,27,28,29,30,31,33,34,35,36,37,38,39,41,42,43,44,45,47],"cluster_removal_rates":[64.55696202531645,46.51162790697674,33.33333333333333,20.0,25.0,0.0,66.66666666666666,62.5,47.61904761904761,38.88888888888889,33.33333333333333,31.70731707317073,32.8125,43.859649122807014,49.01960784313725,45.714285714285715,31.25,60.0,57.14285714285714,0.0,0.0,100.0,0.0,0.0,0.0,0.0,0.0,0.0,0.0,0.0,0.0,0.0,0.0,0.0],"cluster_post_filtering_doc_counts":[56,23,4,4,3,1,1,3,11,11,20,28,43,32,26,19,22,4,3,2,1,0,2,3,2,1,3,5,1,2,1,1,1,1],"tail_threshold":73,"tail_removal_rate":0.0,"tail_post_filtering_doc_counts":1,"global_removal_rate":45.17684887459807}