{"cluster_sizes":[1,2,3,4,5,6,7,8,10,12,13,16,19,27,28,39,59,81,98],"cluster_removal_rates":[100.0,100.0,100.0,100.0,89.47368421052632,100.0,50.0,0.0,100.0,0.0,100.0,100.0,0.0,50.0,100.0,100.0,0.0,100.0,100.0],"cluster_post_filtering_doc_counts":[0,0,0,0,2,0,1,1,0,1,0,0,1,1,0,0,1,0,0],"tail_threshold":168,"tail_removal_rate":100.0,"tail_post_filtering_doc_counts":0,"global_removal_rate":97.9002624671916}