{"cluster_sizes":[1,2,3,4,5,6,7,8,9,10,11,12,13,14,15,16,19,20,21,22,23,24,25,29,30,32,33,37,38,39,40,42,44,45,63,66,74,112,123,134,241],"cluster_removal_rates":[99.66386554621849,98.95833333333334,100.0,86.36363636363636,96.29629629629629,100.0,100.0,100.0,100.0,100.0,100.0,100.0,100.0,100.0,100.0,100.0,100.0,100.0,100.0,100.0,100.0,100.0,83.33333333333334,100.0,100.0,100.0,100.0,100.0,100.0,100.0,100.0,100.0,100.0,100.0,100.0,100.0,100.0,100.0,100.0,100.0,100.0],"cluster_post_filtering_doc_counts":[2,1,0,3,1,0,0,0,0,0,0,0,0,0,0,0,0,0,0,0,0,0,1,0,0,0,0,0,0,0,0,0,0,0,0,0,0,0,0,0,0],"tail_threshold":350,"tail_removal_rate":100.0,"tail_post_filtering_doc_counts":0,"global_removal_rate":99.11111111111111}