{"cluster_sizes":[1,2,3,4,5,6,7,8,9,10,11,12,13,14,15,16,17,18,19,20,21,22,23,24,25,26,27,28,29,30,31,32,33,34,35,36,37,38,39,40,41,42,43,44,45,46,47,48,49,50,51,52,53,54,55,56,57,58,59,60,61,62,63,64,65,66,67,68,69,70,71,72,73,74,75,76,77,78,79,80,81,82,83,84,85,86,87,88,89,90,91,92,93,94,95,96,97,98,99,100,101,102,103,104,105,106,107,108,109,110,111,112,113,114,115,116,117,118,119,120,121,122,123,124,125,126,127,128,129,130,131,132,133,134,135,136,137,138,139,140,141,143,144,145,146,147,148,149,150,151,152,153,154,155,156,157,159,160,161,162,163,164,165,166,169,170,171,172,173,174,176,177,178,179,181,182,183,186,191,194,196,200,201,203,206,207,208,209,214,215],"cluster_removal_rates":[99.51768033946252,98.9646039007946,98.76685129062598,98.41160220994475,98.73417721518987,98.82044560943643,97.60081674323634,98.26142949130715,97.93650793650794,98.02913453299057,98.25072886297376,98.23100936524453,98.35164835164835,97.8601997146933,98.01652892561984,97.10806697108066,98.17351598173516,97.88867562380038,96.61835748792271,97.51243781094527,97.54098360655738,95.32967032967034,93.13432835820895,95.90443686006826,94.61538461538461,93.17269076305222,94.71544715447155,93.83259911894272,97.72727272727273,96.66666666666667,93.71980676328504,96.46464646464646,96.98492462311557,97.63313609467455,94.35028248587571,95.2054794520548,97.6,97.61904761904762,95.27027027027027,98.4251968503937,99.25925925925925,96.92307692307692,95.1048951048951,98.63945578231292,96.92307692307692,97.84172661870504,95.48872180451127,94.28571428571428,94.0677966101695,96.72131147540983,91.8918918918919,94.3820224719101,96.1038961038961,94.25287356321839,95.32710280373831,95.91836734693877,96.0,92.72727272727272,100.0,99.0,96.0,96.3963963963964,95.74468085106383,93.81443298969072,92.5925925925926,89.55223880597015,90.38461538461539,92.98245614035088,90.47619047619048,85.71428571428571,83.6734693877551,94.54545454545455,82.22222222222221,84.44444444444444,76.92307692307693,90.2439024390244,79.54545454545455,81.13207547169812,86.48648648648648,90.625,82.22222222222221,82.75862068965517,78.26086956521739,81.25,72.0,76.66666666666667,75.75757575757575,80.64516129032258,76.92307692307693,76.19047619047619,62.5,80.0,75.0,81.25,80.0,81.81818181818183,56.25,76.92307692307693,84.0,66.66666666666666,90.0,83.33333333333334,91.66666666666666,66.66666666666666,100.0,81.81818181818183,83.33333333333334,100.0,75.0,83.33333333333334,100.0,88.88888888888889,100.0,100.0,75.0,71.42857142857143,100.0,80.0,75.0,100.0,100.0,100.0,66.66666666666666,80.0,66.66666666666666,100.0,80.0,100.0,100.0,75.0,66.66666666666666,87.5,100.0,100.0,87.5,100.0,66.66666666666666,66.66666666666666,66.66666666666666,66.66666666666666,100.0,100.0,0.0,50.0,100.0,100.0,100.0,100.0,100.0,100.0,100.0,100.0,100.0,100.0,100.0,0.0,100.0,75.0,0.0,100.0,100.0,100.0,100.0,100.0,100.0,100.0,100.0,100.0,100.0,100.0,100.0,100.0,100.0,0.0,100.0,100.0,100.0,100.0,100.0,100.0,100.0,100.0,100.0,100.0,100.0,100.0,100.0,100.0,100.0,100.0],"cluster_post_filtering_doc_counts":[341,215,118,92,52,36,47,27,26,23,18,17,12,15,12,19,12,11,14,10,9,17,23,12,14,17,13,14,5,6,13,7,6,4,10,7,3,3,7,2,1,4,7,2,4,3,6,6,7,4,9,5,3,5,5,4,4,8,0,1,4,4,4,6,4,7,5,4,4,6,8,3,8,7,12,4,9,10,5,3,8,5,5,6,7,7,8,6,6,5,6,3,3,3,3,2,7,3,4,2,1,1,1,1,0,2,1,0,1,1,0,1,0,0,2,2,0,1,1,0,0,0,1,1,1,0,1,0,0,1,1,1,0,0,1,0,1,1,1,1,0,0,1,1,0,0,0,0,0,0,0,0,0,0,0,1,0,1,1,0,0,0,0,0,0,0,0,0,0,0,0,0,0,1,0,0,0,0,0,0,0,0,0,0,0,0,0,0,0,0],"tail_threshold":216,"tail_removal_rate":98.52941176470588,"tail_post_filtering_doc_counts":2,"global_removal_rate":98.78101067447292}