{"cluster_sizes":[1,2,3,4,5,6,7,8,9,10,11,12,13,14,15,16,17,18,20,21,22],"cluster_removal_rates":[67.4373795761079,53.333333333333336,50.0,68.75,62.33766233766234,68.10810810810811,63.98601398601399,63.898916967509024,60.5,59.0,66.66666666666666,64.70588235294117,0.0,0.0,0.0,0.0,0.0,0.0,0.0,0.0,0.0],"cluster_post_filtering_doc_counts":[169,7,3,10,29,59,103,100,79,41,15,6,7,7,6,2,1,1,1,1,1],"tail_threshold":23,"tail_removal_rate":0.0,"tail_post_filtering_doc_counts":2,"global_removal_rate":63.646532438478744}