{"cluster_sizes":[1,2,3,4,5,6,8,9,31,32,33,34,35,37,38,39,40,41,42],"cluster_removal_rates":[89.47368421052632,60.71428571428571,14.655172413793101,57.14285714285714,38.88888888888889,33.33333333333333,0.0,0.0,100.0,100.0,100.0,100.0,100.0,100.0,100.0,100.0,100.0,100.0,100.0],"cluster_post_filtering_doc_counts":[6,11,198,6,11,6,2,3,0,0,0,0,0,0,0,0,0,0,0],"tail_threshold":45,"tail_removal_rate":100.0,"tail_post_filtering_doc_counts":0,"global_removal_rate":37.04663212435233}