{"cluster_sizes":[1,2,3,4,5,6,7,8,9,10,11,12,13,14,15,16,17,18,19,20,21,22,23,24,25,26,27,28,29,30,31,32,33,34,35,36,37,38,39,40,41,42,43,44,45,46,47,48,49,50,51,52,53,54,55,56,57,58,59,60,61,62,63,64,65,66,67,68,69,70,71,72,73,74,75,76,77,78,79,80,81,82,83,84],"cluster_removal_rates":[99.84972968817164,95.24311781457652,82.40120924206434,85.87170405352224,94.6047678795483,97.56566303651505,97.61015683345781,96.875,96.84065934065934,97.00499168053244,97.2027972027972,96.90140845070422,96.875,97.82608695652173,97.34848484848484,97.95918367346938,97.04797047970479,98.18840579710145,98.23321554770318,96.3963963963964,95.75757575757575,95.51282051282051,96.03174603174604,95.28301886792453,93.75,97.6470588235294,96.875,95.87628865979381,97.52066115702479,98.05194805194806,98.87005649717514,97.05882352941177,98.63636363636363,99.57627118644068,99.09909909909909,98.13953488372093,98.99497487437185,98.57142857142858,98.9795918367347,98.83720930232558,94.28571428571428,98.64864864864865,97.22222222222221,98.30508474576271,94.82758620689656,95.83333333333334,97.05882352941177,100.0,96.55172413793103,93.75,92.5925925925926,92.0,93.75,94.44444444444444,96.15384615384616,97.61904761904762,100.0,95.65217391304348,90.625,94.73684210526315,100.0,100.0,90.9090909090909,96.0,100.0,92.3076923076923,88.88888888888889,93.33333333333333,100.0,92.3076923076923,88.88888888888889,88.88888888888889,85.71428571428571,100.0,100.0,90.9090909090909,93.33333333333333,85.71428571428571,90.9090909090909,88.88888888888889,85.71428571428571,83.33333333333334,88.88888888888889,83.33333333333334],"cluster_post_filtering_doc_counts":[430,451,815,359,86,38,32,35,23,18,12,11,11,7,7,5,8,5,5,8,7,7,5,5,7,2,3,4,3,3,2,6,3,1,2,4,2,2,1,1,4,1,2,1,3,2,1,0,1,1,2,2,2,1,1,1,0,1,3,1,0,0,2,1,0,1,1,1,0,1,1,1,2,0,0,1,1,2,1,1,2,1,1,1],"tail_threshold":85,"tail_removal_rate":89.375,"tail_post_filtering_doc_counts":34,"global_removal_rate":99.20485285679153}