{"cluster_sizes":[1,2,3,4,5,6,7,8,9,10,11,12,13,14,15,16,17,18,19,20,21,22,23,24,25,26,27,28,29,30,31,32,33,34,35,36],"cluster_removal_rates":[92.0,64.29433051869722,67.1875,79.16102841677943,20.0,41.935483870967744,17.307692307692307,61.53846153846154,42.857142857142854,61.29032258064516,66.66666666666666,76.04166666666666,75.43859649122807,70.32967032967034,67.1875,71.05263157894737,45.714285714285715,66.66666666666666,47.368421052631575,44.44444444444444,42.857142857142854,60.0,30.76923076923077,87.5,66.66666666666666,80.0,60.0,100.0,66.66666666666666,83.33333333333334,50.0,100.0,100.0,100.0,100.0,100.0],"cluster_post_filtering_doc_counts":[2,296,1323,462,20,18,43,10,24,24,24,23,28,27,21,11,19,6,10,5,8,6,9,1,1,1,4,0,2,1,2,0,0,0,0,0],"tail_threshold":37,"tail_removal_rate":81.81818181818183,"tail_post_filtering_doc_counts":2,"global_removal_rate":69.62925976781925}