{"cluster_sizes":[1,2,3,4,5,6,7,8,9,10,11,12,13,14,15,16,17,18,19,20,21,22,23,24,25,26,27,28,29,30,31,32,33,34,35,36,37,38,39,40,41,42,43,44,45,46,47,48,49,50,51,52,53,54,55,56,57,58,59,60,61,62,63,64,65,66,67,68,69,70,71,72,73,74,75,76,77,78,79,80,81,82,83,84,85,86,87,88,89,90,91,92,93,94,95,96,97,98,99,100,101,102,103,104,105,106,107,108,109,110,111,112,113,114,115,116,117,118,119,120,121,122,123,124,125,126,127,128,129,130,131,132,133,134,135,136,137,138,139,140,141,142,143,144,145,146,147,148,149,150,151,152,153,154,155,156,157,158,159,160,161,162,163,164,165,166,167,168,169,170,171,172,173,174,175,176,177,178,179,180,181,182,183,184,185,186,187,188,189,190,191,192,193,194],"cluster_removal_rates":[99.51556556535807,99.02352641922423,98.7121533261557,98.37732964900935,98.25639413821553,98.10226831236365,97.286898008125,97.28478717312464,97.07008749260517,96.45504690299688,96.15611259689044,96.79619349722442,97.14285714285714,97.2363690832834,96.83794466403161,96.54500717654295,96.07988165680473,95.67440031458906,96.06766582579017,95.74401988195092,95.40545174009944,96.33830845771143,95.84048027444254,96.12368362088282,95.90184669870983,95.82761460334889,96.00371747211895,95.97757995384109,95.76023391812866,95.60922063666301,95.67876070118223,95.34303534303534,95.27739569005044,95.37080774681152,96.07843137254902,96.01139601139602,96.00207684319834,95.86129753914989,96.11414693381907,96.02053915275995,96.66666666666667,96.97656840513983,96.00694444444444,95.87628865979381,97.3811833171678,95.30054644808743,96.27851140456183,95.88528678304239,92.904953145917,93.79509379509379,95.22342064714945,94.37869822485207,94.27244582043343,94.21641791044776,95.40983606557377,96.18874773139746,94.99136442141624,95.68345323741008,95.3405017921147,95.58573853989813,96.45669291338582,92.14285714285714,95.31531531531532,93.35664335664336,93.89587073608617,94.0959409594096,92.26519337016575,91.85840707964601,89.70037453183521,89.04109589041096,91.06796116504854,87.67676767676768,90.65217391304347,87.19646799116998,88.53211009174312,90.34653465346535,91.05263157894737,91.52542372881356,92.04892966360856,93.15068493150685,94.21221864951768,95.1890034364261,91.35802469135803,94.97907949790795,92.94117647058823,95.1219512195122,96.31336405529954,93.60730593607306,94.25287356321839,96.2566844919786,99.40119760479041,93.85474860335195,95.97701149425288,95.1219512195122,96.8944099378882,97.54601226993866,97.91666666666666,94.53125,95.6896551724138,98.46153846153847,98.66666666666667,98.23008849557522,96.37681159420289,92.98245614035088,93.7984496124031,96.96969696969697,94.64285714285714,97.0873786407767,98.88888888888889,98.87640449438202,98.0,99.08256880733946,97.32142857142857,96.90721649484536,98.88888888888889,100.0,98.9010989010989,98.76543209876543,97.5609756097561,100.0,98.61111111111111,96.20253164556962,98.82352941176471,98.83720930232558,100.0,98.63013698630137,100.0,98.59154929577466,95.83333333333334,100.0,100.0,98.48484848484848,98.50746268656717,100.0,100.0,96.42857142857143,96.49122807017544,98.27586206896551,98.33333333333333,95.3125,95.91836734693877,100.0,98.24561403508771,94.91525423728814,100.0,95.91836734693877,100.0,98.14814814814815,100.0,100.0,96.36363636363636,100.0,98.14814814814815,100.0,100.0,98.30508474576271,100.0,97.14285714285714,97.61904761904762,100.0,100.0,98.18181818181819,100.0,97.22222222222221,95.91836734693877,100.0,97.5609756097561,96.42857142857143,97.87234042553192,100.0,100.0,100.0,100.0,97.05882352941177,100.0,100.0,95.55555555555556,94.5945945945946,100.0,100.0,100.0,100.0,96.29629629629629,96.875,100.0,100.0,100.0,100.0,100.0,100.0,96.0,100.0,91.66666666666666,95.0],"cluster_post_filtering_doc_counts":[16360,6027,3433,2760,2219,1905,1516,1138,941,1009,848,606,428,369,368,337,318,330,265,274,268,184,194,173,162,152,129,122,116,120,106,112,103,98,80,84,77,74,64,62,50,40,46,44,27,43,31,33,53,43,31,38,37,31,28,21,29,24,26,26,18,44,26,38,34,32,42,46,55,56,46,61,43,58,50,39,34,30,26,20,18,14,21,12,18,10,8,14,10,7,1,11,7,8,5,4,3,7,5,2,2,2,5,8,8,3,6,3,1,1,2,1,3,3,1,0,1,1,2,0,1,3,1,1,0,1,0,1,3,0,0,1,1,0,0,2,2,1,1,3,2,0,1,3,0,2,0,1,0,0,2,0,1,0,0,1,0,1,1,0,0,1,0,1,2,0,1,1,1,0,0,0,0,1,0,0,2,2,0,0,0,0,1,1,0,0,0,0,0,0,1,0,2,1],"tail_threshold":195,"tail_removal_rate":98.91067538126362,"tail_post_filtering_doc_counts":55,"global_removal_rate":99.09102335425447}