{"cluster_sizes":[1,2,3,4,5,6,7,8,9,10,11,12,13,14,15,16,18,19,20,21,22,23,24,25,26,27,28,30,31,32,33,35,36,37,38,39,42,43,48,49,52,54,55,59,60,61,62,64,88,89],"cluster_removal_rates":[98.61932938856016,85.08771929824562,73.2620320855615,67.24137931034483,83.44370860927152,85.3211009174312,67.02127659574468,69.76744186046511,79.06976744186046,86.20689655172413,76.47058823529412,100.0,86.66666666666667,100.0,100.0,100.0,100.0,100.0,100.0,100.0,75.0,100.0,100.0,0.0,50.0,0.0,100.0,100.0,100.0,100.0,100.0,100.0,100.0,100.0,100.0,100.0,100.0,100.0,100.0,100.0,100.0,100.0,100.0,100.0,100.0,0.0,100.0,100.0,100.0,100.0],"cluster_post_filtering_doc_counts":[140,85,100,95,25,16,31,26,9,4,4,0,2,0,0,0,0,0,0,0,1,0,0,1,1,1,0,0,0,0,0,0,0,0,0,0,0,0,0,0,0,0,0,0,0,1,0,0,0,0],"tail_threshold":93,"tail_removal_rate":100.0,"tail_post_filtering_doc_counts":0,"global_removal_rate":95.4855905380643}