{"cluster_sizes":[1,2,3,4,5,6,7,8,9,10,11,12,13,14,15,16,17,18,19,20,21,22,23,24,25,26,27,28,30,31,32,33,34,35,36,37,38,39,40,42,44,46,49,50,51,52,53,54,56,61,64,67,74,77,88,93,96,123,128,135,157],"cluster_removal_rates":[89.8286937901499,96.33699633699634,98.80952380952381,99.42196531791907,100.0,98.96907216494846,100.0,100.0,100.0,100.0,100.0,100.0,100.0,100.0,94.11764705882352,100.0,100.0,100.0,100.0,100.0,100.0,100.0,100.0,100.0,100.0,100.0,100.0,100.0,100.0,100.0,100.0,100.0,100.0,100.0,100.0,100.0,100.0,100.0,100.0,100.0,100.0,100.0,100.0,100.0,100.0,100.0,100.0,100.0,100.0,100.0,100.0,100.0,100.0,100.0,100.0,100.0,100.0,100.0,100.0,100.0,100.0],"cluster_post_filtering_doc_counts":[380,20,3,1,0,1,0,0,0,0,0,0,0,0,1,0,0,0,0,0,0,0,0,0,0,0,0,0,0,0,0,0,0,0,0,0,0,0,0,0,0,0,0,0,0,0,0,0,0,0,0,0,0,0,0,0,0,0,0,0,0],"tail_threshold":161,"tail_removal_rate":100.0,"tail_post_filtering_doc_counts":0,"global_removal_rate":92.48704663212435}