{"cluster_sizes":[1,2,3,4,5,6,7,8,9,10,12,14,15,16,17,18,19,20,21,33,39],"cluster_removal_rates":[99.97389715478987,96.29629629629629,100.0,100.0,100.0,100.0,83.33333333333334,100.0,100.0,100.0,100.0,100.0,100.0,100.0,20.0,33.33333333333333,0.0,100.0,100.0,100.0,100.0],"cluster_post_filtering_doc_counts":[2,2,0,0,0,0,1,0,0,0,0,0,0,0,4,2,3,0,0,0,0],"tail_threshold":42,"tail_removal_rate":100.0,"tail_post_filtering_doc_counts":0,"global_removal_rate":99.82104052153905}