{"cluster_sizes":[1,2,3,4,5,6,7,8,9,10,11,12,13,14,15,16,17,18,19,20,21,22,23,24,25,26,27,28,29,30,31,32,33,34,35,36,37,38,39,40,41,42,43,44,45,46,47,48,49,50,51,52,53,54,55,56,57,58,59,60,61,62,63,64,65,66,67,68,69],"cluster_removal_rates":[99.91775588943192,99.43873517786561,98.50572956455309,98.32662239188411,98.8811052733995,98.75311720698254,98.97680763983628,99.24402781977624,99.29078014184397,99.67919340054996,99.57386363636364,99.52471482889734,99.5575221238938,100.0,99.81916817359856,99.8015873015873,99.58592132505176,99.48320413436691,99.14285714285714,99.68152866242038,99.6845425867508,100.0,100.0,99.64028776978418,100.0,99.60474308300395,100.0,99.11111111111111,100.0,100.0,100.0,100.0,100.0,100.0,100.0,100.0,100.0,100.0,100.0,100.0,100.0,100.0,100.0,100.0,100.0,100.0,100.0,100.0,100.0,100.0,100.0,100.0,100.0,100.0,100.0,100.0,100.0,100.0,100.0,100.0,100.0,100.0,94.44444444444444,100.0,100.0,100.0,100.0,94.11764705882352,100.0],"cluster_post_filtering_doc_counts":[884,497,489,320,115,80,45,25,18,7,6,5,4,0,1,1,2,2,3,1,1,0,0,1,0,1,0,2,0,0,0,0,0,0,0,0,0,0,0,0,0,0,0,0,0,0,0,0,0,0,0,0,0,0,0,0,0,0,0,0,0,0,1,0,0,0,0,1,0],"tail_threshold":70,"tail_removal_rate":99.44576405384005,"tail_post_filtering_doc_counts":7,"global_removal_rate":99.79962422582088}