{"cluster_sizes":[1,2,3,4,5,6,7,8,9,11,12,13],"cluster_removal_rates":[99.08256880733946,66.66666666666666,21.73913043478261,21.875,5.084745762711865,100.0,25.0,0.0,100.0,0.0,0.0,0.0],"cluster_post_filtering_doc_counts":[1,3,18,25,56,0,3,1,0,3,1,2],"tail_threshold":14,"tail_removal_rate":0.0,"tail_post_filtering_doc_counts":7,"global_removal_rate":52.38095238095239}