{"cluster_sizes":[1,2,3,4,5,6,7,8,9,10,11,12,13,14,15,16,17,18,19,20,21,22,23,24,25,26,27,28,29,30,31,32,33,34,35,36,37,38,39,40,41,42,43,44,45,46,47,48,49,50,51,52,53,54,55,56,57,58,59,60,61,62,63,64,65,66,67,68,69,70,71,72,73,74,75,76,77,78,80,81,82,83,84,85,86,87,88,89,90,91,92,93,94,95,96,97,98,99,100,101,102,103,104,105,106,107,108,109,110,111,112,113,115,116,117,118,119,120,121,122,125,126,127,128,130,131,132,133,136,137,138,139,140,142,144,145,147,148,150,151,153,154,157,161,162,163,164,165,166,169,171,172,173,174,176,178,180,182,183,184,185,186,187,188,189,190,193,194,198,199,202,203,205,207,209,212,213,214,215,216,218,219,220],"cluster_removal_rates":[99.27188147848511,98.25883311271765,98.28159645232816,98.75621890547264,99.18032786885246,99.45295404814004,99.47460595446584,98.91774891774891,98.55072463768117,98.81889763779527,99.53917050691244,98.9010989010989,100.0,100.0,100.0,96.8503937007874,95.32710280373831,89.13043478260869,82.55813953488372,85.18518518518519,80.99173553719008,69.0909090909091,68.10344827586206,66.3716814159292,70.2127659574468,75.0,84.375,89.74358974358975,93.93939393939394,100.0,95.83333333333334,82.75862068965517,90.0,82.14285714285714,96.29629629629629,84.61538461538461,86.95652173913044,86.95652173913044,85.0,94.11764705882352,91.66666666666666,100.0,100.0,100.0,100.0,100.0,100.0,100.0,100.0,100.0,100.0,100.0,100.0,100.0,100.0,100.0,100.0,100.0,85.71428571428571,100.0,100.0,100.0,100.0,100.0,100.0,100.0,100.0,100.0,100.0,100.0,100.0,100.0,100.0,100.0,66.66666666666666,100.0,100.0,100.0,100.0,100.0,100.0,100.0,100.0,100.0,100.0,100.0,100.0,100.0,100.0,100.0,100.0,100.0,100.0,100.0,100.0,100.0,100.0,100.0,100.0,100.0,100.0,100.0,100.0,100.0,100.0,100.0,100.0,100.0,100.0,100.0,100.0,100.0,100.0,100.0,100.0,100.0,100.0,100.0,100.0,100.0,100.0,100.0,100.0,100.0,100.0,100.0,100.0,100.0,100.0,100.0,100.0,100.0,100.0,100.0,100.0,0.0,100.0,100.0,100.0,100.0,100.0,100.0,100.0,100.0,100.0,100.0,100.0,100.0,100.0,100.0,100.0,100.0,100.0,100.0,100.0,100.0,100.0,100.0,100.0,100.0,100.0,100.0,100.0,100.0,100.0,100.0,100.0,100.0,100.0,100.0,100.0,100.0,100.0,100.0,100.0,100.0,100.0,100.0,100.0,100.0,100.0,100.0,100.0],"cluster_post_filtering_doc_counts":[432,171,62,25,10,5,3,5,5,3,1,2,0,0,0,4,5,10,15,16,23,34,37,38,28,14,10,4,2,0,1,5,2,5,1,4,3,3,3,1,1,0,0,0,0,0,0,0,0,0,0,0,0,0,0,0,0,0,1,0,0,0,0,0,0,0,0,0,0,0,0,0,0,0,1,0,0,0,0,0,0,0,0,0,0,0,0,0,0,0,0,0,0,0,0,0,0,0,0,0,0,0,0,0,0,0,0,0,0,0,0,0,0,0,0,0,0,0,0,0,0,0,0,0,0,0,0,0,0,0,0,0,0,0,0,1,0,0,0,0,0,0,0,0,0,0,0,0,0,0,0,0,0,0,0,0,0,0,0,0,0,0,0,0,0,0,0,0,0,0,0,0,0,0,0,0,0,0,0,0,0,0,0],"tail_threshold":221,"tail_removal_rate":100.0,"tail_post_filtering_doc_counts":0,"global_removal_rate":98.77686356379712}