{"cluster_sizes":[1,2,3,4,5,6,7,8,9,10,11,12,13,14,15,16,17,18,19,20,21,22,23,24,25,26,27,28,29,30,31,32,33,34,35,36,37,38,39,40,41,42,43,44,46,47,48,50,51,54,55,57,59,60,61,62,63,66,70,71,73,74,75,77,79,83,85,86,89,90,97,98,103,104,107,109],"cluster_removal_rates":[94.74471107124168,88.70099923136048,96.7032967032967,97.40259740259741,96.99453551912568,97.00996677740864,97.74436090225564,97.72727272727273,98.86363636363636,93.24324324324324,95.0,97.61904761904762,92.0,78.94736842105263,52.38095238095239,85.18518518518519,92.3076923076923,91.66666666666666,100.0,100.0,84.61538461538461,100.0,100.0,100.0,100.0,100.0,100.0,81.81818181818183,100.0,100.0,100.0,75.0,100.0,100.0,100.0,100.0,100.0,85.71428571428571,100.0,50.0,100.0,100.0,100.0,100.0,100.0,66.66666666666666,66.66666666666666,100.0,100.0,100.0,33.33333333333333,100.0,100.0,50.0,100.0,50.0,100.0,100.0,100.0,100.0,0.0,100.0,100.0,50.0,50.0,100.0,100.0,100.0,100.0,100.0,100.0,100.0,100.0,100.0,100.0,100.0],"cluster_post_filtering_doc_counts":[703,147,18,10,11,9,3,2,1,5,4,2,2,8,20,4,1,1,0,0,2,0,0,0,0,0,0,2,0,0,0,1,0,0,0,0,0,1,0,1,0,0,0,0,0,2,1,0,0,0,2,0,0,2,0,1,0,0,0,0,1,0,0,1,1,0,0,0,0,0,0,0,0,0,0,0],"tail_threshold":121,"tail_removal_rate":100.0,"tail_post_filtering_doc_counts":0,"global_removal_rate":94.38813922511149}