{"cluster_sizes":[1,2,3,4,5,6,8,10,17,19,26,35,40,41,43,44,46,48,49,50,51,52,55,56,58,60],"cluster_removal_rates":[38.2716049382716,43.75,16.666666666666664,25.0,0.0,33.33333333333333,100.0,0.0,0.0,100.0,100.0,100.0,100.0,100.0,100.0,100.0,100.0,100.0,66.66666666666666,100.0,100.0,100.0,100.0,100.0,0.0,100.0],"cluster_post_filtering_doc_counts":[50,9,20,9,2,2,0,1,1,0,0,0,0,0,0,0,0,0,1,0,0,0,0,0,1,0],"tail_threshold":61,"tail_removal_rate":0.0,"tail_post_filtering_doc_counts":1,"global_removal_rate":41.566265060240966}