{"cluster_sizes":[1,2,3,4,5,6,7,8,9,10,11,12,13,14,15,16,17,18,19,20,21,22,23,24,25,26,27,28,29,30],"cluster_removal_rates":[99.27406537707077,81.32322536181944,82.97491039426524,94.69964664310953,96.29629629629629,96.92307692307692,94.91525423728814,95.0,95.23809523809523,88.63636363636364,93.10344827586206,100.0,100.0,100.0,100.0,100.0,100.0,100.0,100.0,100.0,100.0,100.0,100.0,100.0,100.0,100.0,100.0,100.0,100.0,100.0],"cluster_post_filtering_doc_counts":[507,271,95,15,6,4,6,4,3,5,2,0,0,0,0,0,0,0,0,0,0,0,0,0,0,0,0,0,0,0],"tail_threshold":31,"tail_removal_rate":98.63013698630137,"tail_post_filtering_doc_counts":1,"global_removal_rate":98.7409924103351}