{"cluster_sizes":[1,2,3,4,5,6,7,8,9,10,11,12,13,14,15,16,17,18,19,20,21,22,23,24,25,26,27,28,29,30,31,32,33,34,35,36,37,38,39,40,41,42,43,44,45,46,47,48,49,50,51,52,53,54,56],"cluster_removal_rates":[85.11988924237069,34.10634075002611,44.00996264009962,53.99416909620991,46.5611685940353,32.979910714285715,42.49363867684479,59.78552278820375,73.33333333333333,80.66666666666666,75.5813953488372,77.90697674418605,85.91549295774648,73.80952380952381,76.47058823529412,85.0,69.6969696969697,95.23809523809523,80.64516129032258,84.0,81.81818181818183,94.44444444444444,69.23076923076923,71.42857142857143,76.92307692307693,66.66666666666666,62.5,83.33333333333334,90.0,52.94117647058824,72.72727272727273,46.15384615384615,31.25,29.78723404255319,19.230769230769234,16.39344262295082,19.047619047619047,18.181818181818183,18.75,20.833333333333336,33.33333333333333,62.5,42.857142857142854,100.0,66.66666666666666,100.0,60.0,0.0,100.0,100.0,100.0,100.0,100.0,80.0,100.0],"cluster_post_filtering_doc_counts":[10103,6308,2248,789,878,1201,452,150,68,29,21,19,10,11,8,3,10,1,6,4,4,1,4,2,3,5,3,1,1,8,3,7,22,33,42,51,34,36,26,19,8,6,4,0,1,0,2,1,0,0,0,0,0,1,0],"tail_threshold":57,"tail_removal_rate":89.13043478260869,"tail_post_filtering_doc_counts":10,"global_removal_rate":74.62623049959123}