{"cluster_sizes":[1,2,3,4,5,6,7,8,9,10,11,12,13,14,15,16,18,19,20,21,24,26,27,28,31,32,39,42,58],"cluster_removal_rates":[94.3820224719101,97.10982658959537,88.37209302325581,98.0,100.0,100.0,100.0,100.0,91.66666666666666,100.0,100.0,100.0,100.0,100.0,75.0,100.0,100.0,100.0,100.0,100.0,100.0,100.0,100.0,100.0,100.0,100.0,100.0,100.0,100.0],"cluster_post_filtering_doc_counts":[40,5,10,1,0,0,0,0,1,0,0,0,0,0,1,0,0,0,0,0,0,0,0,0,0,0,0,0,0],"tail_threshold":67,"tail_removal_rate":100.0,"tail_post_filtering_doc_counts":0,"global_removal_rate":95.00430663221361}