{"cluster_sizes":[1,2,3,4,5,8,9,10,11,129],"cluster_removal_rates":[92.0,100.0,75.0,50.0,85.71428571428571,100.0,100.0,100.0,100.0,100.0],"cluster_post_filtering_doc_counts":[2,0,1,1,1,0,0,0,0,0],"tail_threshold":159,"tail_removal_rate":100.0,"tail_post_filtering_doc_counts":0,"global_removal_rate":89.79591836734694}