{"cluster_sizes":[1,2,3,4,5,6,7,8,9,10,11,12,13,16,18,26,28,36,37,38,39,40],"cluster_removal_rates":[98.34710743801654,85.18518518518519,100.0,100.0,100.0,100.0,66.66666666666666,100.0,100.0,100.0,100.0,100.0,100.0,100.0,100.0,100.0,100.0,100.0,100.0,100.0,100.0,100.0],"cluster_post_filtering_doc_counts":[6,4,0,0,0,0,2,0,0,0,0,0,0,0,0,0,0,0,0,0,0,0],"tail_threshold":49,"tail_removal_rate":100.0,"tail_post_filtering_doc_counts":0,"global_removal_rate":97.40259740259741}