{"cluster_sizes":[1,2,3,4,5,6,7,8,9,10,11,12,13,14,15,16,17,18,19,20,21,22,23,24,25,26,27,28,29,30,31,32,33,34,35,36,37,38,39,40,41,42,43,45,47,49,51,52,53,55,56,58,61,63,64,66,68,72,74,77,78,83,88,92],"cluster_removal_rates":[80.9763440860215,52.63511245384357,37.81321184510251,29.36021034180543,31.0828025477707,53.94321766561514,52.03252032520326,54.58515283842795,60.73619631901841,58.333333333333336,63.23529411764706,74.46808510638297,76.19047619047619,80.0,82.14285714285714,85.18518518518519,75.0,100.0,92.3076923076923,83.33333333333334,81.81818181818183,100.0,100.0,83.33333333333334,100.0,100.0,100.0,100.0,100.0,100.0,0.0,80.0,100.0,100.0,80.0,100.0,100.0,100.0,100.0,100.0,100.0,100.0,100.0,100.0,100.0,66.66666666666666,66.66666666666666,66.66666666666666,50.0,100.0,100.0,100.0,100.0,100.0,100.0,100.0,100.0,100.0,100.0,100.0,100.0,0.0,100.0,50.0],"cluster_post_filtering_doc_counts":[4423,1411,1092,806,541,146,118,104,64,45,25,12,10,5,5,4,6,0,1,2,2,0,0,2,0,0,0,0,0,0,1,1,0,0,2,0,0,0,0,0,0,0,0,0,0,1,1,1,1,0,0,0,0,0,0,0,0,0,0,0,0,1,0,1],"tail_threshold":93,"tail_removal_rate":90.625,"tail_post_filtering_doc_counts":3,"global_removal_rate":71.90679043743641}