{"cluster_sizes":[1,2,3,4,5,6,7,8,9,10,11,12,13,14,15,16,17,18,19,20,21,22,23,24,25,26,27,28,29,30,31,32,33,34,35,36,37,38,39,40,41,42,43,44,45,46,47,48,49,50,51,52,53,54,55,56,57,58,59,60,61,62,63,64,65,66,67,68,69,70,71,72,73,74,75,76,77,78,79,80,81,82,83,84,85,86,87,88,89,90,91,92,93,94,95,96,97,98,99,100,101,102,103,104,105,106,107,108,109,110,111,112,113,114,115,116,117,118,119,120,121,122,123,124,125,126,127,128,129,130,131,132,133,134,135,136,137,138,139,140,141,142,143,144,145,146,147,148,149,150,151,152,153,154,155,156,157,158,159,160,161,162,163,164,165,166,167,168,169,170,171,172,173,174,175,176,177,178,179,180,181,182,183,184,185,186,187,188,189,190,191,192,193,194,195,196,197,198,199,200,201,202,203,204,205,206,207,208,209,210,211,212,213,214,215,216,217,218],"cluster_removal_rates":[98.76550040725361,98.38902416463753,98.04669103630778,97.19125603689314,96.21162075997357,95.7272925634261,95.2140549273021,93.48339585938585,92.66524330575572,89.78937018061379,91.27352239597137,92.71391397520283,91.92159192159191,90.9247757073844,90.35691109669047,89.32024611778495,88.75821515046697,89.33717579250721,89.92968927194374,90.58738565238325,90.49334811529933,90.49548145839825,90.19607843137256,90.03226963069201,89.5093062605753,89.76788252013263,89.3883951907998,89.42252715837623,90.05964214711729,90.40150564617315,90.3250773993808,91.83987682832948,90.5940594059406,91.98275862068965,92.38578680203045,92.08371246587808,90.7258064516129,90.71925754060325,88.3693045563549,89.75741239892183,86.69410150891632,84.3426883308715,84.05572755417957,84.84848484848484,86.1788617886179,80.70469798657717,75.68493150684932,70.88,75.14231499051233,67.41935483870968,64.52119309262166,60.56338028169014,56.4673157162726,53.43007915567283,49.602122015915114,49.56268221574344,49.92947813822285,54.09153952843273,53.34476843910806,52.63157894736842,56.16197183098591,59.57446808510638,57.55555555555556,57.51173708920187,57.932692307692314,59.14786967418546,54.761904761904766,57.631578947368425,51.392405063291136,53.950953678474114,55.78034682080924,56.13079019073569,57.89473684210527,64.13793103448275,60.73619631901841,64.89028213166145,64.64646464646465,63.10344827586207,67.16417910447761,63.94052044609665,68.6695278969957,64.68401486988847,60.60606060606061,66.8122270742358,56.86274509803921,59.53488372093023,60.215053763440864,64.43298969072166,63.2768361581921,58.602150537634415,56.25,55.42857142857143,61.25000000000001,65.69767441860465,52.903225806451616,61.07382550335571,62.5,58.666666666666664,64.40677966101694,62.758620689655174,66.96428571428571,70.58823529411765,60.0,70.65217391304348,63.10679611650486,70.0,69.56521739130434,80.43478260869566,73.75,65.33333333333333,71.42857142857143,81.81818181818183,74.6268656716418,78.57142857142857,83.33333333333334,71.66666666666667,72.22222222222221,66.10169491525424,90.19607843137256,76.0,82.97872340425532,67.9245283018868,89.74358974358975,81.9672131147541,85.71428571428571,85.1063829787234,91.11111111111111,91.83673469387756,79.16666666666666,92.10526315789474,82.35294117647058,97.22222222222221,95.34883720930233,85.36585365853658,90.69767441860465,92.10526315789474,85.71428571428571,79.3103448275862,93.33333333333333,91.66666666666666,84.0,91.17647058823529,90.0,91.8918918918919,88.23529411764706,84.84848484848484,93.54838709677419,91.66666666666666,90.32258064516128,92.3076923076923,96.15384615384616,92.5925925925926,90.0,100.0,91.42857142857143,80.76923076923077,91.30434782608695,94.44444444444444,95.23809523809523,95.45454545454545,100.0,88.88888888888889,95.23809523809523,89.47368421052632,94.73684210526315,85.71428571428571,88.0,93.54838709677419,92.0,100.0,85.71428571428571,93.33333333333333,85.71428571428571,100.0,95.45454545454545,100.0,100.0,88.88888888888889,88.23529411764706,95.83333333333334,100.0,100.0,100.0,100.0,100.0,96.29629629629629,100.0,100.0,100.0,92.85714285714286,96.55172413793103,100.0,93.75,93.33333333333333,100.0,100.0,100.0,100.0,94.11764705882352,100.0,100.0,92.85714285714286,100.0,91.66666666666666,100.0,100.0,100.0,100.0,100.0,100.0,100.0,100.0,100.0,100.0,100.0,76.92307692307693,100.0,93.75],"cluster_post_filtering_doc_counts":[19188,6444,3484,3094,2638,2154,1659,1876,1649,1973,1317,952,816,789,743,729,650,555,444,391,343,305,285,278,248,216,203,185,150,153,125,106,114,93,90,87,92,80,97,76,97,106,103,90,85,115,142,182,131,202,226,280,313,353,380,346,355,331,272,297,249,190,191,181,175,163,190,161,192,169,153,161,120,104,128,112,105,107,88,97,73,95,91,76,88,87,74,69,65,77,70,78,62,59,73,58,60,62,42,54,37,30,38,27,38,30,21,18,21,26,24,12,17,15,11,17,15,20,5,12,8,17,4,11,8,7,4,4,5,3,6,1,2,6,4,3,6,6,2,3,4,3,4,3,4,5,2,2,3,2,1,2,2,0,3,5,2,1,1,1,0,2,1,2,1,3,3,2,2,0,3,1,3,0,1,0,0,2,2,1,0,0,0,0,0,1,0,0,0,1,1,0,1,1,0,0,0,0,1,0,0,1,0,1,0,0,0,0,0,0,0,0,0,0,0,3,0,1],"tail_threshold":219,"tail_removal_rate":98.73804971319312,"tail_post_filtering_doc_counts":33,"global_removal_rate":97.53684274144346}