{"cluster_sizes":[1,2,3,4,5,8,11,12,18,20,21,22,23,24,25,26,27,28,30,31],"cluster_removal_rates":[77.41935483870968,64.70588235294117,100.0,100.0,66.66666666666666,100.0,100.0,100.0,100.0,66.66666666666666,100.0,75.0,80.0,100.0,85.71428571428571,71.42857142857143,80.0,100.0,100.0,100.0],"cluster_post_filtering_doc_counts":[7,6,0,0,1,0,0,0,0,1,0,2,1,0,1,2,1,0,0,0],"tail_threshold":32,"tail_removal_rate":100.0,"tail_post_filtering_doc_counts":0,"global_removal_rate":80.8695652173913}