{"cluster_sizes":[1,2,3,4,5,6,7,8,9,10,11,12,13,14,15,16,17,18,19,20,21,22,23,24,25,26,27,28,29,30,31,32,33,34,35,36,37,38,39,40,41,42,43,44,45,46,47,48,49,50,51,52,53,54,55,56,57,58,59,60,61,62,63,64,65,66,67,68,69,70,71,72,73,74,75,76,77,78,79,80,81,82,83,84,85,86,87,88,89,90,91,92,93,94,95,96,97,98,99,100,101,102,103,104,105,106,107,108,109,110,111,112,113,114,115,116,117,118,119,120,121,122,123,124,125,126,127,128,129,130,131,132,133,134,135,136,138,139,140,141,142,143,144,145,146,147,148,150,152,153,154,155,156,157,158,159,160,162,164,165,166,167,168,169,171,175,176,177,178,179,181,182,184,187,189,190,195,196,200,202,203,204,207,210,212,214,215,218,222,233,236,237,239,240,244,247,248,251,253,258,264,269,277,281,286,287,288,296,298,300,301,311,312,318,324,325,331,341,346,347],"cluster_removal_rates":[81.81553757469987,70.01789154968345,62.16503992901509,63.73396957948106,66.9220369535827,64.82412060301507,65.23364485981308,68.20224719101124,71.26050420168067,67.4373795761079,71.92513368983957,79.1095890410959,86.41509433962264,86.56716417910447,83.33333333333334,89.47368421052632,94.32624113475178,95.16129032258065,92.0,93.26923076923077,94.3820224719101,90.12345679012346,97.8021978021978,91.30434782608695,97.40259740259741,95.71428571428572,95.91836734693877,96.0,97.6470588235294,93.93939393939394,97.14285714285714,90.65420560747664,95.41984732824427,98.93617021276596,97.61904761904762,97.77777777777777,97.16981132075472,99.2248062015504,99.32432432432432,97.86096256684492,98.19004524886877,98.18181818181819,99.69418960244649,99.33554817275747,99.72144846796658,99.08536585365853,97.87985865724382,98.27586206896551,98.98989898989899,95.1048951048951,96.55172413793103,100.0,96.29629629629629,100.0,97.43589743589743,96.3855421686747,97.43589743589743,93.90243902439023,96.1038961038961,95.8904109589041,96.875,96.7741935483871,98.38709677419355,90.0,97.77777777777777,96.36363636363636,91.83673469387756,93.75,91.30434782608695,94.11764705882352,88.57142857142857,85.71428571428571,90.0,90.9090909090909,95.45454545454545,86.36363636363636,86.11111111111111,93.54838709677419,84.84848484848484,94.73684210526315,93.75,85.71428571428571,90.32258064516128,90.32258064516128,95.83333333333334,90.9090909090909,75.0,84.375,89.28571428571429,84.0,82.35294117647058,75.0,85.71428571428571,92.3076923076923,93.33333333333333,87.5,90.9090909090909,100.0,87.5,100.0,87.5,100.0,100.0,100.0,50.0,100.0,80.0,90.9090909090909,90.0,100.0,91.66666666666666,100.0,100.0,100.0,100.0,100.0,100.0,100.0,100.0,100.0,100.0,100.0,0.0,100.0,75.0,100.0,100.0,66.66666666666666,75.0,100.0,100.0,100.0,100.0,100.0,100.0,50.0,75.0,100.0,100.0,100.0,100.0,100.0,0.0,100.0,33.33333333333333,100.0,66.66666666666666,100.0,100.0,100.0,100.0,100.0,0.0,100.0,100.0,100.0,50.0,33.33333333333333,50.0,100.0,100.0,100.0,100.0,100.0,50.0,100.0,100.0,100.0,100.0,100.0,100.0,100.0,100.0,100.0,100.0,100.0,100.0,100.0,100.0,100.0,0.0,100.0,100.0,100.0,100.0,0.0,100.0,100.0,100.0,100.0,100.0,100.0,100.0,100.0,100.0,100.0,100.0,100.0,100.0,100.0,100.0,100.0,100.0,100.0,100.0,100.0,100.0,100.0,100.0,100.0,100.0,100.0,100.0,100.0,100.0,100.0,100.0,0.0,100.0,100.0],"cluster_post_filtering_doc_counts":[6877,4357,2132,1216,734,560,372,283,171,169,105,61,36,27,28,16,8,6,8,7,5,8,2,8,2,3,4,4,2,6,3,10,6,1,2,2,3,1,1,4,4,5,1,2,1,3,6,4,2,7,4,0,4,0,2,3,2,5,3,3,2,2,1,6,1,2,4,3,4,2,4,6,5,3,2,6,5,2,5,2,2,5,3,3,1,3,7,5,3,4,3,5,3,1,1,1,1,0,1,0,1,0,0,0,1,0,1,1,1,0,1,0,0,0,0,0,0,0,0,0,0,0,1,0,2,0,0,1,1,0,0,0,0,0,0,1,1,0,0,0,0,0,1,0,2,0,1,0,0,0,0,0,1,0,0,0,1,2,1,0,0,0,0,0,1,0,0,0,0,0,0,0,0,0,0,0,0,0,0,0,1,0,0,0,0,1,0,0,0,0,0,0,0,0,0,0,0,0,0,0,0,0,0,0,0,0,0,0,0,0,0,0,0,0,0,0,0,1,0,0],"tail_threshold":352,"tail_removal_rate":89.87341772151899,"tail_post_filtering_doc_counts":8,"global_removal_rate":77.4620258882135}