{"cluster_sizes":[1,2,3,4,5,6,7,13,14,15,19,24,28],"cluster_removal_rates":[37.142857142857146,18.75,50.0,100.0,100.0,100.0,100.0,0.0,100.0,100.0,100.0,0.0,0.0],"cluster_post_filtering_doc_counts":[44,13,1,0,0,0,0,1,0,0,0,1,1],"tail_threshold":65,"tail_removal_rate":0.0,"tail_post_filtering_doc_counts":1,"global_removal_rate":38.613861386138616}