{"cluster_sizes":[1,2,3,6,10,15,16,17,18,19,20,21,22,23,24,25,26,27,28,29,30,31,32,33,34,35,37,38,39,40],"cluster_removal_rates":[66.98795180722892,62.5,16.666666666666664,100.0,0.0,0.0,75.0,100.0,50.0,54.054054054054056,53.44827586206896,67.07317073170732,57.34265734265735,65.36312849162012,65.84158415841584,66.85082872928176,75.0,76.27118644067797,74.39024390243902,78.94736842105263,58.333333333333336,33.33333333333333,40.0,0.0,0.0,33.33333333333333,0.0,0.0,33.33333333333333,0.0],"cluster_post_filtering_doc_counts":[137,9,5,0,1,1,1,0,11,17,27,27,61,62,69,60,40,28,21,8,10,6,3,4,2,2,2,2,2,1],"tail_threshold":41,"tail_removal_rate":50.0,"tail_post_filtering_doc_counts":1,"global_removal_rate":65.84022038567493}