{"cluster_sizes":[1,2,3,4,5,6,7,8,9,10,11,12,13,17,21,23,25,29,30,33,35,48,49],"cluster_removal_rates":[100.0,100.0,94.11764705882352,100.0,100.0,100.0,100.0,100.0,100.0,100.0,100.0,100.0,100.0,100.0,100.0,100.0,100.0,100.0,100.0,100.0,100.0,100.0,100.0],"cluster_post_filtering_doc_counts":[0,0,1,0,0,0,0,0,0,0,0,0,0,0,0,0,0,0,0,0,0,0,0],"tail_threshold":73,"tail_removal_rate":100.0,"tail_post_filtering_doc_counts":0,"global_removal_rate":99.59677419354838}