{"cluster_sizes":[1,2,3,4,5,6,7,8,9,10,11,12,13,14,15,16,17,18,19,20,21,22,23,24,25,26,27,28,29,30,31,32,33,34,35,36,37,38,39,40,42],"cluster_removal_rates":[99.54249870518501,99.52380952380952,99.73821989528795,99.26393270241851,99.69325153374233,98.6870897155361,98.55595667870037,97.60765550239235,97.58064516129032,99.09909909909909,96.1038961038961,98.4126984126984,95.52238805970148,53.125,32.0,32.29166666666667,61.224489795918366,79.06976744186046,78.57142857142857,77.77777777777779,77.27272727272727,94.44444444444444,83.33333333333334,100.0,100.0,87.5,100.0,92.85714285714286,91.66666666666666,83.33333333333334,100.0,100.0,100.0,100.0,100.0,100.0,100.0,100.0,100.0,100.0,100.0],"cluster_post_filtering_doc_counts":[318,19,4,7,2,6,4,5,3,1,3,1,3,45,102,65,19,9,6,4,5,1,3,0,0,1,0,1,1,2,0,0,0,0,0,0,0,0,0,0,0],"tail_threshold":43,"tail_removal_rate":100.0,"tail_post_filtering_doc_counts":0,"global_removal_rate":99.18780695186487}