{"cluster_sizes":[1,2,3,4,5,6,7,8,9,10,11,12,13,14,15,16,17,18,19,20,21,22,23,24,25,26,27,28,29,30,31,32,33,34,35,36,37,38,39,40,41,42,43,44,45,46],"cluster_removal_rates":[78.89169561098832,80.03838771593091,95.20639147802929,69.36936936936937,64.04494382022472,88.57142857142857,78.26086956521739,94.87179487179486,89.65517241379311,91.66666666666666,100.0,100.0,100.0,100.0,100.0,94.44444444444444,89.0,84.51612903225806,82.71186440677965,84.89795918367346,80.57644110275689,80.72183098591549,83.545197740113,85.04962779156328,85.7504749841672,86.01190476190477,88.43322818086226,86.02329450915141,89.34169278996865,88.73239436619718,92.53731343283582,62.96296296296296,72.22222222222221,11.11111111111111,0.0,16.666666666666664,50.0,16.666666666666664,33.33333333333333,0.0,25.0,0.0,66.66666666666666,75.0,33.33333333333333,33.33333333333333],"cluster_post_filtering_doc_counts":[1337,104,36,34,32,4,5,2,3,1,0,0,0,0,0,2,11,24,51,74,155,219,233,241,225,188,110,84,34,16,5,10,5,8,7,5,2,5,4,5,3,1,1,1,2,2],"tail_threshold":47,"tail_removal_rate":90.47619047619048,"tail_post_filtering_doc_counts":2,"global_removal_rate":82.84359695738252}