{"cluster_sizes":[1,2,3,4,5,6,7,8,9,10,11,12,13,14,15,16,17,18,19,20,21,22,23,24,25,26,27,28,29,30,31,32,33,34,35,36,37,38,39,40,41,43],"cluster_removal_rates":[97.37256962690489,90.78341013824884,96.15384615384616,96.72131147540983,93.02325581395348,97.05882352941177,100.0,100.0,80.0,87.5,100.0,100.0,100.0,87.5,90.9090909090909,80.0,100.0,60.0,52.38095238095239,56.75675675675676,50.0,55.55555555555556,47.14285714285714,51.515151515151516,50.0,60.3448275862069,60.0,61.904761904761905,66.66666666666666,80.0,83.33333333333334,100.0,0.0,0.0,0.0,0.0,0.0,50.0,33.33333333333333,100.0,33.33333333333333,100.0],"cluster_post_filtering_doc_counts":[100,20,3,2,3,1,0,0,2,1,0,0,0,1,1,2,0,4,10,16,29,28,37,32,32,23,12,8,4,1,1,0,2,2,3,6,5,1,2,0,2,0],"tail_threshold":45,"tail_removal_rate":80.0,"tail_post_filtering_doc_counts":1,"global_removal_rate":91.89795918367348}