{"cluster_sizes":[1,2,3,4,5,6,7,8,9,10,11,12,13,15,16,18,19,22,24,26,27,29,31,32,34,38,39,40,41,42,43,44,45,54,55,61,66,72,84,121,172,337,788],"cluster_removal_rates":[100.0,99.12280701754386,100.0,100.0,100.0,100.0,100.0,100.0,100.0,100.0,100.0,100.0,100.0,100.0,100.0,100.0,100.0,100.0,100.0,100.0,100.0,100.0,100.0,100.0,100.0,100.0,100.0,100.0,100.0,100.0,100.0,100.0,100.0,100.0,100.0,100.0,100.0,100.0,100.0,100.0,100.0,100.0,100.0],"cluster_post_filtering_doc_counts":[0,1,0,0,0,0,0,0,0,0,0,0,0,0,0,0,0,0,0,0,0,0,0,0,0,0,0,0,0,0,0,0,0,0,0,0,0,0,0,0,0,0,0],"tail_threshold":925,"tail_removal_rate":100.0,"tail_post_filtering_doc_counts":0,"global_removal_rate":99.96237772761475}