{"cluster_sizes":[1,2,3,4,5,6,7,8,9,10,11,12,13,17,19,21,22,24,36,49],"cluster_removal_rates":[78.24267782426779,76.63934426229508,20.0,31.48148148148148,32.0,24.0,70.0,80.0,100.0,100.0,100.0,100.0,100.0,100.0,100.0,100.0,0.0,0.0,100.0,100.0],"cluster_post_filtering_doc_counts":[52,114,24,37,17,19,3,1,0,0,0,0,0,0,0,0,1,1,0,0],"tail_threshold":119,"tail_removal_rate":100.0,"tail_post_filtering_doc_counts":0,"global_removal_rate":69.91051454138703}