{"cluster_sizes":[1,2,3,4,5,8,11,12,15,19,20,37,39,69,86,104],"cluster_removal_rates":[84.375,44.44444444444444,15.813953488372093,23.076923076923077,100.0,100.0,100.0,100.0,100.0,100.0,100.0,100.0,100.0,0.0,100.0,100.0],"cluster_post_filtering_doc_counts":[5,5,181,30,0,0,0,0,0,0,0,0,0,1,0,0],"tail_threshold":14874,"tail_removal_rate":100.0,"tail_post_filtering_doc_counts":0,"global_removal_rate":28.846153846153843}