{"cluster_sizes":[1,2,3,4,5,6,7,8,9,10,11,12,14,15,16,17,18,19,20,21,22,23,24,25,26,27,28,29,30,31,32,33,34,35,36,37,38,39,40,41,42,43,54,77],"cluster_removal_rates":[91.93899782135077,95.65217391304348,89.47368421052632,91.17647058823529,100.0,95.1219512195122,96.7741935483871,100.0,100.0,100.0,100.0,100.0,100.0,66.66666666666666,87.5,85.71428571428571,30.0,40.0,35.0,23.684210526315788,38.46153846153847,24.324324324324326,30.23255813953488,24.561403508771928,32.5,50.0,63.1578947368421,70.0,33.33333333333333,0.0,33.33333333333333,50.0,0.0,0.0,0.0,100.0,0.0,0.0,0.0,66.66666666666666,0.0,0.0,0.0,100.0],"cluster_post_filtering_doc_counts":[37,11,8,6,0,2,1,0,0,0,0,0,0,1,1,1,7,12,13,29,24,28,30,43,27,11,7,3,2,1,2,2,4,5,1,0,1,2,2,1,1,1,1,0],"tail_threshold":81,"tail_removal_rate":50.0,"tail_post_filtering_doc_counts":1,"global_removal_rate":77.04117236566643}