{"cluster_sizes":[1,2,3,4,5,6,7,8,9,10,11,12,13,14,15,16,17,18,19,20,21,22,23,24,25,26,27,28,29,30,31,32,33,34,35,36,37,38,39,40,41,42,43,44,45,46,49,52,53],"cluster_removal_rates":[81.9047619047619,46.03960396039604,71.53284671532847,70.73170731707317,78.78787878787878,66.66666666666666,92.3076923076923,82.14285714285714,90.0,88.46153846153845,82.35294117647058,91.66666666666666,60.0,66.66666666666666,50.0,85.71428571428571,60.0,63.33333333333333,80.0,68.05555555555556,79.74683544303798,72.17391304347827,72.5609756097561,72.10526315789474,73.58490566037736,82.23684210526315,79.04761904761905,75.86206896551724,70.58823529411765,78.57142857142857,71.42857142857143,37.5,0.0,66.66666666666666,0.0,11.11111111111111,50.0,50.0,50.0,33.33333333333333,100.0,50.0,100.0,100.0,100.0,100.0,100.0,100.0,100.0],"cluster_post_filtering_doc_counts":[570,109,39,24,7,8,2,5,2,3,3,1,2,2,3,1,6,11,6,23,16,32,45,53,42,27,22,14,10,3,2,5,2,1,2,8,1,1,1,2,0,1,0,0,0,0,0,0,0],"tail_threshold":54,"tail_removal_rate":83.33333333333334,"tail_post_filtering_doc_counts":1,"global_removal_rate":77.90513833992095}