{"cluster_sizes":[1,2,3,4,5,6,7,9,16,17,26,44],"cluster_removal_rates":[81.75182481751825,50.74626865671642,75.0,100.0,100.0,75.0,100.0,100.0,100.0,0.0,100.0,100.0],"cluster_post_filtering_doc_counts":[25,33,2,0,0,1,0,0,0,1,0,0],"tail_threshold":61,"tail_removal_rate":100.0,"tail_post_filtering_doc_counts":0,"global_removal_rate":72.92576419213974}