{"cluster_sizes":[1,2,3,4,5,6,7,8,9,10,11,12,13,14,15,16,17,18,19,20,21,22,23,24,25,26,27,28,29,30,31,32,33,34,35,36,37,38,39,41,42,48,51,52,58,61,62,67,68,70,72,74,75,78,86,87,90,116,133,137],"cluster_removal_rates":[98.52405597086448,90.7035175879397,94.60227272727273,99.53488372093024,100.0,100.0,98.91304347826086,100.0,96.7741935483871,100.0,100.0,100.0,100.0,87.5,87.5,85.71428571428571,100.0,100.0,100.0,100.0,88.88888888888889,80.0,100.0,100.0,100.0,100.0,100.0,75.0,100.0,100.0,100.0,100.0,100.0,100.0,100.0,100.0,100.0,100.0,100.0,100.0,100.0,100.0,100.0,100.0,100.0,100.0,100.0,100.0,100.0,100.0,100.0,100.0,100.0,100.0,100.0,100.0,100.0,100.0,100.0,100.0],"cluster_post_filtering_doc_counts":[77,111,19,1,0,0,1,0,1,0,0,0,0,1,2,1,0,0,0,0,1,1,0,0,0,0,0,1,0,0,0,0,0,0,0,0,0,0,0,0,0,0,0,0,0,0,0,0,0,0,0,0,0,0,0,0,0,0,0,0],"tail_threshold":144,"tail_removal_rate":100.0,"tail_post_filtering_doc_counts":0,"global_removal_rate":97.14586347494411}