{"cluster_sizes":[1,2,3,4,5,6,7,8,16,22,27,28,30,31,32,33,34,35,36],"cluster_removal_rates":[85.71428571428571,40.0,22.22222222222222,26.31578947368421,8.91089108910891,10.344827586206897,0.0,0.0,100.0,0.0,100.0,100.0,100.0,100.0,100.0,100.0,100.0,100.0,100.0],"cluster_post_filtering_doc_counts":[1,3,7,84,92,26,10,1,0,1,0,0,0,0,0,0,0,0,0],"tail_threshold":37,"tail_removal_rate":100.0,"tail_post_filtering_doc_counts":0,"global_removal_rate":24.496644295302016}