{"cluster_sizes":[1,2,3,4,5,6,7,8,9,10,11,12,13,14,15,16,17,18,19,20,21,22,23,24,25,26,27,28,29,30,31,32,33,34,35,36,37,38,39,40,41,42,43,44,45,46,47,48,49,50,51,52,53,54,55,56,59,61,65,66,67,68,101],"cluster_removal_rates":[75.77464788732394,79.09836065573771,74.73684210526315,86.11111111111111,100.0,100.0,66.66666666666666,83.33333333333334,100.0,83.33333333333334,100.0,90.0,100.0,90.9090909090909,84.61538461538461,80.0,88.88888888888889,81.81818181818183,69.23076923076923,64.0625,68.53932584269663,74.24242424242425,73.13432835820896,70.13888888888889,74.55621301775149,74.4,84.61538461538461,78.72340425531915,83.33333333333334,91.30434782608695,66.66666666666666,50.0,66.66666666666666,0.0,57.14285714285714,75.0,33.33333333333333,25.0,100.0,75.0,100.0,66.66666666666666,100.0,100.0,75.0,100.0,75.0,100.0,100.0,100.0,100.0,100.0,100.0,100.0,100.0,100.0,100.0,100.0,0.0,100.0,100.0,100.0,100.0],"cluster_post_filtering_doc_counts":[258,51,24,5,0,0,3,2,0,1,0,1,0,1,2,1,1,4,12,23,28,34,36,43,43,32,14,10,5,2,3,6,3,1,3,1,2,3,0,1,0,1,0,0,1,0,1,0,0,0,0,0,0,0,0,0,0,0,1,0,0,0,0],"tail_threshold":109,"tail_removal_rate":66.66666666666666,"tail_post_filtering_doc_counts":1,"global_removal_rate":76.06344628695025}