{"cluster_sizes":[1,2,3,4,5,6,7,8,9,10,11,12,13,14,15,16,17,18,19,20,21,22,23,24,25,26,27,28,29,30,31,32,33,34,35,36,37,38,39,40,41,42,43,44,45,46,47,49,50,51,54,55,59,60,61,62,63,64,65,66,67,68,71,72,73,74,75,79,80,93,94,95,101,108,112,118,136,145],"cluster_removal_rates":[87.65037307750876,95.750452079566,94.9748743718593,91.64086687306502,87.89473684210526,92.02453987730061,88.9908256880734,96.20253164556962,88.88888888888889,95.74468085106383,93.61702127659575,96.66666666666667,100.0,100.0,91.66666666666666,100.0,100.0,86.66666666666667,100.0,100.0,100.0,100.0,100.0,90.0,100.0,100.0,100.0,88.88888888888889,100.0,100.0,100.0,92.85714285714286,100.0,100.0,100.0,100.0,100.0,100.0,100.0,100.0,100.0,75.0,100.0,100.0,100.0,100.0,100.0,100.0,100.0,100.0,100.0,100.0,100.0,100.0,100.0,100.0,100.0,100.0,100.0,100.0,100.0,100.0,100.0,100.0,100.0,100.0,100.0,100.0,100.0,100.0,100.0,100.0,100.0,100.0,100.0,100.0,100.0,100.0],"cluster_post_filtering_doc_counts":[811,47,30,27,23,13,12,3,5,2,3,1,0,0,2,0,0,2,0,0,0,0,0,1,0,0,0,1,0,0,0,1,0,0,0,0,0,0,0,0,0,1,0,0,0,0,0,0,0,0,0,0,0,0,0,0,0,0,0,0,0,0,0,0,0,0,0,0,0,0,0,0,0,0,0,0,0,0],"tail_threshold":149,"tail_removal_rate":100.0,"tail_post_filtering_doc_counts":0,"global_removal_rate":89.80542330780376}