{"cluster_sizes":[1,2,3,4,5,6,8,9,10],"cluster_removal_rates":[64.70588235294117,55.55555555555556,50.0,75.0,100.0,100.0,100.0,100.0,33.33333333333333],"cluster_post_filtering_doc_counts":[6,4,1,1,0,0,0,0,2],"tail_threshold":16,"tail_removal_rate":100.0,"tail_post_filtering_doc_counts":0,"global_removal_rate":66.66666666666666}