{"cluster_sizes":[1,2,3,4,5,6,7,8,9,10,11,13,14,15,16,17,18,19,21,22,23,24,26,27,28,31,34,36,37,48],"cluster_removal_rates":[98.7452948557089,98.27315541601256,97.39776951672863,89.1891891891892,94.11764705882352,100.0,92.85714285714286,100.0,100.0,100.0,88.88888888888889,100.0,100.0,100.0,100.0,100.0,100.0,100.0,100.0,100.0,100.0,100.0,100.0,100.0,100.0,100.0,100.0,100.0,100.0,100.0],"cluster_post_filtering_doc_counts":[20,11,7,4,2,0,1,0,0,0,1,0,0,0,0,0,0,0,0,0,0,0,0,0,0,0,0,0,0,0],"tail_threshold":148,"tail_removal_rate":100.0,"tail_post_filtering_doc_counts":0,"global_removal_rate":98.29376854599407}