{"cluster_sizes":[1,2,3,4,5,6,7,8,9,10,11,12,13,14,15,16,17,18,19,20,21,22,23,25,26,27,28,29,30,31,32,33,34,36,37,39,40,43,44,45,47,50,55,58],"cluster_removal_rates":[99.8564043653073,99.5,100.0,100.0,100.0,96.29629629629629,100.0,100.0,94.11764705882352,100.0,91.66666666666666,100.0,100.0,100.0,100.0,100.0,100.0,100.0,100.0,100.0,100.0,100.0,100.0,100.0,100.0,100.0,100.0,100.0,100.0,75.0,100.0,100.0,100.0,100.0,100.0,100.0,100.0,100.0,100.0,100.0,100.0,100.0,100.0,100.0],"cluster_post_filtering_doc_counts":[5,1,0,0,0,2,0,0,1,0,1,0,0,0,0,0,0,0,0,0,0,0,0,0,0,0,0,0,0,1,0,0,0,0,0,0,0,0,0,0,0,0,0,0],"tail_threshold":65,"tail_removal_rate":100.0,"tail_post_filtering_doc_counts":0,"global_removal_rate":99.73734479465138}