{"cluster_sizes":[1,2,3,4,5,6,7,8,9,10,11,12,13,14,15,16,17,18,19,20,21,22,23,25,26,27,28,29,30,31,32,33,34,35,36,37,38,40,41,42,43,44,45,46,48,49,52,55,58,59,60,62,68,69],"cluster_removal_rates":[99.63164874023869,97.42895805142085,95.04373177842565,91.4572864321608,92.14285714285714,93.25842696629213,98.30508474576271,96.42857142857143,95.34883720930233,100.0,100.0,96.66666666666667,100.0,100.0,90.9090909090909,100.0,100.0,100.0,100.0,100.0,100.0,100.0,100.0,100.0,100.0,100.0,100.0,100.0,100.0,100.0,100.0,100.0,100.0,100.0,100.0,100.0,100.0,100.0,100.0,100.0,100.0,100.0,100.0,100.0,100.0,100.0,100.0,100.0,100.0,100.0,100.0,100.0,100.0,100.0],"cluster_post_filtering_doc_counts":[25,19,17,17,11,6,1,2,2,0,0,1,0,0,1,0,0,0,0,0,0,0,0,0,0,0,0,0,0,0,0,0,0,0,0,0,0,0,0,0,0,0,0,0,0,0,0,0,0,0,0,0,0,0],"tail_threshold":70,"tail_removal_rate":100.0,"tail_post_filtering_doc_counts":0,"global_removal_rate":98.82799034815581}