{"cluster_sizes":[1,2,3,4,5,6,7,8,9,10,11,12,13,14,15,16,17,18,19,20,21,22,25,27,28,29,30,31,32,33,35,38,39,58,67,70,76,77,79,117,253,296],"cluster_removal_rates":[93.87111311401533,76.56765676567657,65.1063829787234,66.34615384615384,44.047619047619044,36.231884057971016,54.054054054054056,43.24324324324324,35.80246913580247,54.54545454545454,60.0,66.66666666666666,100.0,80.0,80.0,80.0,100.0,25.0,25.0,100.0,100.0,100.0,100.0,0.0,100.0,100.0,66.66666666666666,100.0,100.0,100.0,100.0,100.0,100.0,100.0,0.0,100.0,100.0,100.0,100.0,100.0,100.0,100.0],"cluster_post_filtering_doc_counts":[136,71,82,35,47,44,17,21,52,5,2,1,0,1,1,1,0,3,3,0,0,0,0,1,0,0,1,0,0,0,0,0,0,0,1,0,0,0,0,0,0,0],"tail_threshold":307,"tail_removal_rate":100.0,"tail_post_filtering_doc_counts":0,"global_removal_rate":83.8957055214724}