{"cluster_sizes":[1,2,3,4,5,6,7,9,22],"cluster_removal_rates":[60.9375,24.637681159420293,31.57894736842105,75.0,20.0,0.0,100.0,100.0,0.0],"cluster_post_filtering_doc_counts":[25,52,13,1,8,1,0,0,1],"tail_threshold":27,"tail_removal_rate":100.0,"tail_post_filtering_doc_counts":0,"global_removal_rate":40.93567251461988}