{"cluster_sizes":[1,2,3,4,5,6,7,8,9,10,11,12,13,14,15,16,17,18,19,20,21,22,23,24,25,26,27,28,29,30,31,32,33,34,35,36,37,38,39,40,41,42,43,44,45,46,47,48,49,50,51,52,53,54,55,56,57,58,59,60,61,62,63,64,65,66,67,68,69,70,71,72,73,74,75,76,77,78,79,80,81,82,83,84,85,86,87,88,89,90,91,92,93,94,95,96,97,98,99,100,101,102,103,104,105,106,107,108,109,110,111,112,113,114,115,116,117,118,119,120,121,122,123,124,125,126,127,128,129,130,131,132,133,134,135,136,137,138,139,140,141,142,143,144,145,146,147,148,149,150,151,152,153,154,155,156,157,158,159,160,161,162,163,164,165,166,167,168,169,170,171,172,173,174,175,176,177,178,179,180,181,182,183,184,185,186,187,188,189,190,191,192,193,194,195,196,197,198,199,200,201,202,203,204,205,206,207,208,209,210,211,212,213,214,215,216,217,218,219,220,221,222,223,224,225,226,227,228,229,230,231,232,233],"cluster_removal_rates":[78.13162973080804,66.79010745075182,62.111894240511134,58.77513456924465,55.50856127358963,54.89599071978388,52.4196104450838,52.051163305839566,50.57675264324095,49.8804789095199,48.1461101667928,48.407273448136564,47.150762947089866,47.988932133696494,47.79847261628742,46.41343184690091,45.435990956413946,45.70786265972455,44.83675796703584,45.25919708652232,44.98762114178679,45.27161825664822,45.107855476472295,46.0083796352723,45.12074221135444,45.380306481820924,45.4299397872045,45.817123506240094,45.704609462735654,46.99434566243033,46.767063560234504,47.99274520955808,48.34389662888905,48.53575454209531,49.041784168089926,49.78339650935144,48.99748652123026,49.416162809071935,49.440031753334324,50.01895025315595,49.541215524129754,50.100062929094214,49.76999027601167,50.9041364075294,50.61367076258725,50.89660136446141,50.77614654185467,52.036045743682436,51.547056092036804,52.153962534588814,52.13929599862466,52.7275176222332,52.47167680594514,53.34542980267635,53.120762569644896,53.79198795264721,53.33820045592026,53.65567696853163,53.48254193399416,54.508570009108226,54.19550720185061,54.72422423364257,54.597935739693284,55.11368250101503,55.06041482694006,55.47736441057821,55.297139188128696,55.86503843534105,56.03655112563173,56.2034380182694,56.54120879120879,56.765219318906034,56.61674953109649,55.99901981805373,56.61271968643318,57.03252438496621,56.92059901991021,57.17501406865504,57.03651054915457,58.202747864834755,57.63772792659695,57.6533552902429,57.78615606201814,58.32661546947261,57.616626133097505,57.75611967361741,58.091826766525564,57.84327821711,58.53220169745382,58.17500126665654,58.52754806143271,58.82157859827548,58.786070793414034,57.989228007181325,58.93182646737149,59.572670207629166,59.500995520159286,58.97144301238312,60.15964695956908,61.00938207699773,58.56950067476383,58.9293067947838,58.370591157476404,58.957607433217184,58.987860172590324,58.7432319072676,58.30482115085537,58.71265446582199,58.57906675307842,59.1232423490488,58.85057471264368,59.74794238683128,58.47524927203741,60.50698016164585,61.037852196186314,60.46089118378275,61.69149255223433,61.89475895389139,59.96558029471872,61.58975444538527,61.672278338945006,61.586295905197694,62.78340569223347,61.626056079343705,62.16825237856786,62.04571000374672,61.885824246311735,63.306982872200265,64.00590287094178,63.201075991930054,63.05571187394485,63.649993185225576,63.14817445659895,62.87531430261796,63.833847057096726,63.58043217286915,63.39859284184766,63.43706883335889,63.78215306446491,62.85137443702439,63.34804642798758,62.34113712374582,64.64347826086957,64.50050116939525,63.932995986738796,63.04347826086957,63.93472022955524,64.36594202898551,63.933802548982314,63.96881381102655,64.29115853658537,64.603629417383,65.66106499291354,66.41881028938906,64.7508038585209,65.17747858017135,65.07036336904012,65.03467114940113,64.93863732543377,66.13909942041907,64.68742997983419,65.85034013605441,65.09958314034276,65.08889401985685,63.77083822493543,65.28846153846153,65.25179856115108,65.92791037506089,65.70279104852904,65.75688653019964,66.26100466079751,64.91317671092952,66.48394675019577,65.93614718614718,66.20015843675733,66.59394600490864,66.0300136425648,66.5149359886202,66.19047619047619,66.7842605156038,65.41223786268314,67.99297834991222,66.27531552685647,66.12758310871519,65.74215178299299,66.82941714983215,65.62099871959028,66.81744749596122,66.78536743282616,67.30644111906311,66.72099087353325,67.20106880427522,67.09956709956711,67.08420320111344,66.72486033519553,67.12946893439778,67.02646239554318,66.06254442075338,66.16984402079723,67.32708933717579,67.24659606656581,66.98706099815158,66.67934575884367,65.77961019490255,68.61721953037645,67.22136222910217,67.27619047619048,66.934835076428,66.1037394451146,67.7168416958382,66.44153651329675,66.41318124207858,65.46370121695342,67.48001682793438,68.30065359477125,67.2945205479452,66.94359422824661,65.97492434068309,67.82647989154992,67.24061810154525,66.51501364877161,65.76332429990967,68.6219739292365,66.56165616561655,66.35006784260516,69.11834040546911,67.7846008502598,67.51292900799247,67.78425655976676,67.02020202020202,66.95257315842584,69.54545454545455,67.84469885515182],"cluster_post_filtering_doc_counts":[47709535,22638758,13796152,10909318,8271786,6338521,4887863,4177727,3454170,2964078,2507623,2206980,1837383,1599073,1406934,1219611,1066955,962883,845551,769590,675497,592542,527289,482853,429563,382913,341942,310722,277033,250201,220008,198429,178898,165737,153957,144666,132910,121643,112096,102862,94091,88018,80583,74230,68848,62762,58474,55195,51129,48069,44543,42116,39141,37026,34918,33139,31318,29646,28204,27470,25345,24060,23358,22111,20865,19866,18798,18143,17224,16637,15819,15603,14572,14365,13726,12907,12571,12176,11485,11256,10896,10286,9965,9822,9585,9319,9009,8796,8306,8255,7723,7450,7184,7254,6759,6698,6509,6494,6139,6026,6140,5984,5866,5654,5608,5410,5362,5279,5113,4942,4833,4695,4706,4300,4107,4135,3832,3628,3722,3629,3415,3274,3086,3134,3022,3039,2971,2785,2683,2736,2626,2667,2594,2510,2464,2427,2393,2385,2281,2392,2242,2252,2033,2125,2067,2108,2011,1967,1896,1941,1874,1853,1696,1671,1754,1707,1663,1664,1657,1519,1576,1506,1507,1512,1543,1444,1449,1399,1364,1355,1303,1374,1284,1259,1280,1225,1245,1177,1207,1224,1204,1094,1149,1131,1124,1087,1074,1027,1026,1005,1021,982,988,946,953,947,947,955,976,907,866,893,876,913,842,847,859,822,843,830,795,795,823,773,776,764,756,787,712,742,736,758,674,743,744,655,682,691,663,653,655,603,646],"tail_threshold":234,"tail_removal_rate":70.64005442617356,"tail_post_filtering_doc_counts":134214,"global_removal_rate":67.71953644409245}