{"cluster_sizes":[1,2,3,4,5,6,7,8,9,10,11,12,13,14,15,16,17,18,19,20,22,25,31,32,33,35,38,39,40,41],"cluster_removal_rates":[98.64658787647733,88.49840255591054,82.24852071005917,83.60655737704919,87.67123287671232,82.75862068965517,71.42857142857143,76.19047619047619,81.25,80.0,100.0,100.0,83.33333333333334,62.5,42.857142857142854,50.0,50.0,100.0,100.0,100.0,100.0,100.0,100.0,100.0,100.0,100.0,100.0,100.0,100.0,100.0],"cluster_post_filtering_doc_counts":[71,36,30,20,9,10,6,5,3,1,0,0,1,3,4,1,1,0,0,0,0,0,0,0,0,0,0,0,0,0],"tail_threshold":42,"tail_removal_rate":100.0,"tail_post_filtering_doc_counts":0,"global_removal_rate":96.71675922901014}