{"cluster_sizes":[1,2,3,4,5,6,7,8,9,10,11,12,13,14,15,16,17,18,19,20,21,22,24,26,27,31,32,34,35,36,37,38,39,41,42,43,44,46,48,50,55,57,60,62,68,69,72,87,98,116,118,126,265],"cluster_removal_rates":[97.29486023444545,97.61904761904762,99.19354838709677,100.0,97.14285714285714,100.0,100.0,100.0,100.0,100.0,90.0,100.0,100.0,100.0,100.0,100.0,100.0,100.0,100.0,100.0,100.0,100.0,100.0,100.0,100.0,100.0,100.0,100.0,100.0,100.0,100.0,100.0,100.0,100.0,100.0,100.0,100.0,100.0,100.0,100.0,100.0,100.0,100.0,100.0,100.0,100.0,100.0,100.0,100.0,100.0,100.0,100.0,100.0],"cluster_post_filtering_doc_counts":[30,6,1,0,1,0,0,0,0,0,1,0,0,0,0,0,0,0,0,0,0,0,0,0,0,0,0,0,0,0,0,0,0,0,0,0,0,0,0,0,0,0,0,0,0,0,0,0,0,0,0,0,0],"tail_threshold":270,"tail_removal_rate":100.0,"tail_post_filtering_doc_counts":0,"global_removal_rate":97.7815699658703}