{"cluster_sizes":[1,2,3,4,5,6,7,8,9,10,12,13,14,15,16,17,18,24,29,30,32,34,36,37,39,40,41,43,45,49,60,75,114,218],"cluster_removal_rates":[99.0,96.55172413793103,95.83333333333334,100.0,100.0,100.0,100.0,100.0,100.0,100.0,100.0,100.0,100.0,100.0,100.0,100.0,100.0,100.0,100.0,100.0,100.0,100.0,100.0,100.0,100.0,100.0,100.0,100.0,100.0,100.0,100.0,100.0,100.0,100.0],"cluster_post_filtering_doc_counts":[5,2,1,0,0,0,0,0,0,0,0,0,0,0,0,0,0,0,0,0,0,0,0,0,0,0,0,0,0,0,0,0,0,0],"tail_threshold":264,"tail_removal_rate":100.0,"tail_post_filtering_doc_counts":0,"global_removal_rate":98.7748851454824}