{"cluster_sizes":[1,2,3,4,5,6,7,8,9,10,15,18,19,20,24,35,38,67],"cluster_removal_rates":[98.29059829059828,100.0,92.85714285714286,100.0,100.0,100.0,100.0,100.0,100.0,100.0,100.0,100.0,100.0,100.0,100.0,100.0,100.0,100.0],"cluster_post_filtering_doc_counts":[4,0,1,0,0,0,0,0,0,0,0,0,0,0,0,0,0,0],"tail_threshold":79,"tail_removal_rate":100.0,"tail_post_filtering_doc_counts":0,"global_removal_rate":98.43260188087774}