{"cluster_sizes":[1,2,3,4,5,6,7,8,9,10,11,12,13,14,15,16,17,18,19,20,21,22,23,24,25,26,27,28,29,30,31,32,33,34,35,36,37,38,39,40,42,44,46,47,49,55,57,61,62],"cluster_removal_rates":[99.93554209101457,99.51690821256038,99.66777408637874,100.0,97.94520547945206,100.0,100.0,95.65217391304348,100.0,96.96969696969697,100.0,100.0,100.0,81.25,85.71428571428571,57.14285714285714,52.63157894736842,28.57142857142857,18.181818181818183,9.67741935483871,12.76595744680851,18.181818181818183,10.81081081081081,9.090909090909092,23.076923076923077,30.0,20.0,44.44444444444444,80.0,22.22222222222222,40.0,80.0,80.0,57.14285714285714,60.0,75.0,71.42857142857143,100.0,100.0,100.0,100.0,100.0,100.0,50.0,100.0,100.0,0.0,100.0,100.0],"cluster_post_filtering_doc_counts":[15,3,1,0,3,0,0,2,0,1,0,0,0,3,2,3,9,15,27,28,41,27,33,20,10,7,4,5,1,7,3,2,1,3,2,1,2,0,0,0,0,0,0,1,0,0,1,0,0],"tail_threshold":64,"tail_removal_rate":100.0,"tail_post_filtering_doc_counts":0,"global_removal_rate":98.88265950726469}