{"cluster_sizes":[1,2,3,4,5,6,7,8,9,10,11,12,13,14,15,23,25,30,38,40,42,47],"cluster_removal_rates":[100.0,98.50746268656717,97.2972972972973,100.0,100.0,100.0,100.0,100.0,100.0,100.0,100.0,100.0,100.0,100.0,100.0,100.0,100.0,100.0,100.0,100.0,100.0,100.0],"cluster_post_filtering_doc_counts":[0,1,1,0,0,0,0,0,0,0,0,0,0,0,0,0,0,0,0,0,0,0],"tail_threshold":49,"tail_removal_rate":100.0,"tail_post_filtering_doc_counts":0,"global_removal_rate":99.72862957937585}