{"cluster_sizes":[1,2,3,4,5,6,7,8,9,10,11,12,13,14,15,16,17,18,19,20,21,22,23,24,25,26,27,28,29,30,31,32,33,34,35,36,37,38,39,40,41,42,43,44,45,46,47,48,49,50,51,52,53,54,55,56,57,58,59,60,61,62,63,64,65,66,67,68,69,70,71,72,73,74,75,76,77,78,79,80,81,82,83,84,85,86,87,88,89,90,91,92,93,94,95,96,97,98,99,100,101,102,103,104,105,106,107,108,109,110,111,112,113,114,115,116,117,118,119,120],"cluster_removal_rates":[95.99628962027195,80.3775221229463,74.55436437127527,70.9661006559186,65.47625067421791,64.12932567563628,62.60679847436439,62.09480981824995,61.49629686285007,60.89934484812388,58.74866677513242,59.51073285259098,59.62880628651192,60.076056665118436,60.058149478364975,59.90602975724354,57.66109361834227,57.6831552832768,56.51062379275083,56.07314725697786,57.243505063848524,56.25972324572177,55.78231292517006,57.43479953289218,56.742294520547944,56.321303841676375,55.60837723242965,54.059975352594826,54.336695112490304,57.21916477824539,58.11855670103093,58.4850833010461,59.84368398817068,62.35064088637845,62.32386232386232,63.79944802207912,64.51448906964922,64.27260812581913,63.155006858710564,64.93543758967002,66.56662665066027,66.11743559017376,65.65272496831433,64.07419459811258,65.41249568519157,65.4753131908622,64.31240657698056,66.45519429024583,65.89018302828619,66.89804772234274,66.02067183462532,66.27960984672549,68.02208835341365,66.55223148602256,66.98782961460446,65.45064377682404,68.0323450134771,65.88373458602467,66.53132250580046,67.06586826347305,66.02722772277228,63.1277813095995,64.39688715953308,64.94413407821229,62.12338593974175,64.41578148710167,64.24831712789828,63.026521060842434,64.24242424242425,60.19163763066202,64.87935656836461,64.78174603174604,62.94058408862034,59.0,62.53838280450358,60.52910052910053,62.528216704288944,61.83395291201983,61.62227602905569,62.64441591784339,62.281879194630875,58.79043600562588,58.60979462875198,59.849624060150376,59.2814371257485,54.13290113452188,60.31468531468531,59.19439579684763,56.81003584229391,60.48689138576779,58.7890625,62.082514734774065,59.02912621359223,57.41127348643006,53.72807017543859,60.36036036036037,57.311320754716974,58.94206549118388,54.54545454545454,54.95750708215298,58.666666666666664,58.59872611464968,61.67883211678832,60.83333333333333,60.85271317829457,58.8477366255144,63.035019455252915,58.68544600938967,64.25531914893618,59.56284153005464,61.20218579234973,57.22891566265061,62.06896551724138,61.08108108108108,65.2439024390244,69.31818181818183,59.171597633136095,63.31360946745562,60.73619631901841,57.14285714285714],"cluster_post_filtering_doc_counts":[310941,183271,124206,94726,81929,61520,46961,38437,30205,26260,22819,19315,15618,13753,11677,10240,9547,8358,7655,6846,5826,5342,4810,4374,4042,3752,3455,3355,2943,2643,2275,2143,1901,1733,1631,1574,1396,1363,1343,1222,1114,1131,1084,1104,1002,937,955,846,820,763,789,726,637,682,651,644,593,581,577,550,549,580,549,502,528,469,478,474,413,457,393,355,368,410,366,373,332,308,317,291,281,293,262,267,272,283,227,233,241,211,211,193,211,204,211,176,181,163,165,159,124,130,105,94,101,100,95,88,84,74,71,71,66,72,57,54,69,62,64,63],"tail_threshold":121,"tail_removal_rate":75.31126072120261,"tail_post_filtering_doc_counts":2677,"global_removal_rate":88.78782288180463}