{"cluster_sizes":[1,2,3,4,5,6,7,8,9,10,11,12,14,15,16,17,19,20,21,23,27,36,37,38,39,44,50,56,67],"cluster_removal_rates":[92.14092140921409,59.4059405940594,60.37735849056604,59.09090909090909,100.0,100.0,87.5,100.0,100.0,100.0,100.0,100.0,50.0,100.0,100.0,100.0,100.0,100.0,100.0,100.0,100.0,100.0,100.0,100.0,100.0,100.0,100.0,100.0,100.0],"cluster_post_filtering_doc_counts":[29,41,21,9,0,0,1,0,0,0,0,0,1,0,0,0,0,0,0,0,0,0,0,0,0,0,0,0,0],"tail_threshold":117,"tail_removal_rate":100.0,"tail_post_filtering_doc_counts":0,"global_removal_rate":84.37978560490046}