{"cluster_sizes":[1,2,3,4,5,8,9,13,19,22,23,24,25,26,27],"cluster_removal_rates":[55.55555555555556,30.76923076923077,80.0,88.88888888888889,100.0,100.0,100.0,100.0,100.0,100.0,33.33333333333333,100.0,80.0,100.0,0.0],"cluster_post_filtering_doc_counts":[44,18,1,1,0,0,0,0,0,0,2,0,1,0,1],"tail_threshold":36,"tail_removal_rate":0.0,"tail_post_filtering_doc_counts":1,"global_removal_rate":58.68263473053892}