{"cluster_sizes":[1,2,3,4,5,6,7,8,9,10,11,12,13,14,15,16,17,18,19,20,21,22,23,24,25,26,27,28,29,30,31,32,33,34,35,36,37,38,39,40,41,42,43,44,45,46,47,48,49,50,51,52,53,54,55,56,57,58,59,60,61,62,63,64,65,66,67,68,69,70,71,72,73,74,75,76,77,78,79,80,81,82,83,84,85,86,87,88,89,90,91,92,93,94,95,96,97,98,99,100,101,102,103,104,105,106,107,108,109,110,111,112,113,114,115,116,117,118,119,120,121,122,123,124,125,126,127,128,129,130,131,132,133,134,135,136,137,138,139,140,141,142,143,144,145,146,147,148,149,150,151,152,153,154,155,156,157,158,159,160,161,162,163,164,165,166,167,168,169,170,171,172,173,174,175,176,177,178,179,180,181,182,183,184,185,186,187],"cluster_removal_rates":[66.77882490795092,53.73940105823597,50.61604133742531,49.08910137692589,46.38736573011631,47.192879124649785,44.23931568174961,43.58918935560611,42.06095413668002,41.1886380243123,40.72946908193244,40.299033316451236,40.10130671418354,40.560622069442346,38.331585797960805,37.22609434669826,38.42830613920528,38.363569276182275,37.64429091322643,37.893354265596216,37.70020207724822,38.47903914433025,38.79649111088847,39.662679454771954,38.870927629942805,39.048754451171526,38.837201228931974,39.18495598110876,39.13201652079009,40.15655120042059,39.655603351881815,40.60240454410915,40.84776943124329,40.79007434459371,40.320754716981135,40.2524893314367,39.966919634170075,40.80409539268323,41.31731116732924,41.97764280481176,41.36187469520803,41.2071062232327,40.7397774888022,42.153990024937656,42.449104650371076,42.644146332349315,42.43561798659886,43.11813303807172,44.066147859922175,43.79930422852663,45.24980174464711,45.41312105407631,45.30977565965361,45.44469851967746,44.442311384142826,46.59152267818574,46.448477919108186,45.99120945741134,45.875427571394475,45.96754464649759,45.561562608998955,45.521910163754455,45.785108024691354,46.40213206988451,46.138655025465134,46.03477523324852,45.428733674048836,46.66589622096382,45.61274509803921,45.65002471576866,45.361501115339195,46.60535569380579,45.82972582972583,46.53092006033182,44.88778054862843,45.404958677685954,46.029035012809565,46.84732554020545,47.710271848202886,46.122599704579024,46.916517945667266,47.65297569153395,45.61555075593952,47.870227322886784,47.55077658303465,47.276217902567794,46.911727931982995,49.41146366427841,47.82832176818299,49.48704103671706,46.50055991041434,48.754448398576514,48.853561601956585,49.0083173384517,48.49826114448309,49.920810896420655,47.765267826680315,48.89261744966443,48.86004910557699,50.19197207678883,48.0876346082436,49.16476841305998,48.522865236746256,50.37128712871287,50.02108814846057,50.106337728626116,49.6014171833481,49.02758932609679,48.19056344480073,50.56484410302756,50.27133695115935,50.45783132530121,49.25064599483204,51.81043663471778,50.925436277102065,51.3380666302567,51.01289134438306,49.970845481049565,51.32586918090748,50.64774830351635,48.219862585883824,51.22534369396294,52.933243425488875,50.65274151436031,50.911640953716685,52.061495457721875,51.674641148325364,54.51957295373665,49.809014514896866,53.11550151975683,51.67895167895168,52.936689549961855,51.92012288786483,53.712480252764614,53.3988533988534,52.08503679476697,53.58024691358024,50.69324090121318,54.48092280390418,50.78922934076138,54.72027972027972,52.5830258302583,51.83349851337958,52.704031465093415,52.672497570456756,52.5,53.50966429298067,53.62903225806451,51.909184726522184,56.74518201284796,51.61290322580645,53.67170626349892,49.94547437295529,55.44554455445545,53.51170568561873,56.76605504587155,55.4054054054054,53.13609467455621,53.85556915544676,57.76081424936387,54.6875,54.25531914893617,52.80748663101604,52.5706940874036,52.42857142857142,52.75590551181102,54.97159090909091,52.028985507246375,50.355618776671406,50.92724679029958,54.285714285714285,53.015427769985976,51.158940397350996,56.42540620384048,50.21520803443329,56.313497822931794,55.30903328050714,56.69421487603306,54.21487603305785,56.965944272445824,53.973509933774835,53.88692579505301,57.09090909090909,55.054151624548744,57.065217391304344,51.84466019417475,56.360424028268554],"cluster_post_filtering_doc_counts":[14122479,6590884,3606711,2387210,1916842,1378927,1025715,879497,735429,637454,545507,488016,395317,366228,341125,282895,223472,200454,175454,159824,141200,124930,109957,99775,88488,78223,70473,63483,56886,51223,45872,42142,38585,36317,34793,33602,30851,28446,25980,24551,22846,22239,20507,18557,16905,15349,14261,13357,12075,11470,10356,9943,9410,9066,8682,7913,7494,7127,6804,6626,6243,5955,5621,5430,5182,5090,4805,4615,4438,4398,4164,3948,3754,3545,3536,3303,3160,3001,2866,2918,2677,2498,2518,2362,2195,2197,2123,1977,2030,1871,1911,1728,1673,1594,1629,1581,1531,1523,1458,1427,1398,1339,1272,1203,1185,1173,1138,1127,1131,1094,1008,1028,982,905,928,891,798,858,826,800,829,816,698,756,700,686,707,639,657,617,590,617,626,586,569,586,564,569,513,530,518,514,486,481,487,475,457,460,466,404,420,429,459,405,417,377,363,396,377,332,377,344,353,369,333,360,317,331,349,344,304,335,295,295,347,301,282,262,277,278,278,261,236,249,237,248,247],"tail_threshold":188,"tail_removal_rate":63.200655347704604,"tail_post_filtering_doc_counts":32793,"global_removal_rate":57.05668919755442}