{"cluster_sizes":[1,2,3,4,5,6,7,8,9,10,11,12,13,14,15,16,17,18,19,20,21,22,23,24,25,26,27,28,29,30,31,32,33,34,35,36,37,38,40,41,42,43,44,45,46,47,49,50,51,52,53,55,56,57,59,60,61,62,63,64,68,73,76,78,82,83,85,86],"cluster_removal_rates":[99.6942499260282,94.38943894389439,92.62023217247098,97.93233082706767,94.4954128440367,91.9831223628692,99.35064935064936,96.37681159420289,93.54838709677419,100.0,100.0,100.0,95.65217391304348,100.0,91.17647058823529,97.05882352941177,96.42857142857143,87.5,100.0,95.65217391304348,100.0,100.0,100.0,88.88888888888889,100.0,100.0,100.0,100.0,100.0,100.0,100.0,100.0,100.0,100.0,100.0,100.0,100.0,83.33333333333334,100.0,100.0,100.0,100.0,100.0,100.0,100.0,100.0,100.0,100.0,100.0,100.0,100.0,100.0,100.0,100.0,100.0,100.0,100.0,100.0,100.0,100.0,100.0,100.0,100.0,100.0,100.0,100.0,100.0,100.0],"cluster_post_filtering_doc_counts":[31,238,89,11,18,19,1,5,6,0,0,0,2,0,3,1,1,3,0,1,0,0,0,2,0,0,0,0,0,0,0,0,0,0,0,0,0,1,0,0,0,0,0,0,0,0,0,0,0,0,0,0,0,0,0,0,0,0,0,0,0,0,0,0,0,0,0,0],"tail_threshold":89,"tail_removal_rate":94.44444444444444,"tail_post_filtering_doc_counts":1,"global_removal_rate":97.56248592659311}