{"cluster_sizes":[1,2,3,4,5,6,7,8,9,10,11,12,13,14,15,16,17,18,19,20,21,22,23,24,25,26,27,28,29,30,33,34,35,38,39,40,41,47,54,65,86,87],"cluster_removal_rates":[80.82107843137256,60.65388951521984,62.38532110091744,64.68646864686468,67.85714285714286,78.0,68.08510638297872,82.75862068965517,88.70967741935483,83.63636363636363,86.95652173913044,94.11764705882352,88.88888888888889,100.0,50.0,75.0,100.0,100.0,100.0,100.0,100.0,100.0,100.0,100.0,100.0,100.0,100.0,100.0,100.0,100.0,100.0,0.0,100.0,66.66666666666666,100.0,100.0,100.0,100.0,100.0,0.0,100.0,100.0],"cluster_post_filtering_doc_counts":[626,349,164,107,54,22,30,10,7,9,3,1,2,0,3,3,0,0,0,0,0,0,0,0,0,0,0,0,0,0,0,1,0,1,0,0,0,0,0,1,0,0],"tail_threshold":91,"tail_removal_rate":100.0,"tail_post_filtering_doc_counts":0,"global_removal_rate":74.99102333931778}