{"cluster_sizes":[1,2,3,4,5,6,7,8,9,10,11,12,13,14,15,16,17,18,19,20,21,22,23,24,25,26,27,28,29,30,31,32,33,34,35,36,37,38,39,40,41,42,43,44,45,46,47,48,49,50,51,52,53,54,55,56,57,58,59,60,61,62,63,64,65,66,67,68,69,70,71,72,73,74,75,76,77,78,79,80,81,82,83,84,85,86,87,88,89,90,91,92,93,94,96,97,98,99,100,101,102,103,104,105,106,107,108,109,110,111,112,113,114,115,116,117,118,121,123,124,125,126,128,129,130,131,132,133,134,135,136,137,138,141,142,145,147,148,150,151,155,157,159,164,166,167,169,171,173,177,178,183,185,188,191,192,193,194,202,203,204,205,206,207,210,211,215,219,220,221,222,223,226,230,233,246,249,250,253,255,257,258,261,262,265,277,278],"cluster_removal_rates":[98.36935912021237,97.02930225028331,96.98268166398857,94.14831981460023,93.02884615384616,92.71356783919597,93.16239316239316,92.58861439312567,90.48991354466858,92.11908931698774,91.58163265306123,92.507204610951,93.10344827586206,94.24778761061947,91.95979899497488,95.20958083832335,92.19858156028369,96.69421487603306,97.26027397260275,91.81818181818183,100.0,92.40506329113924,95.94594594594594,96.61016949152543,89.28571428571429,80.0,91.66666666666666,93.75,100.0,91.11111111111111,95.1219512195122,97.61904761904762,86.66666666666667,97.22222222222221,93.93939393939394,80.0,97.72727272727273,93.75,90.2439024390244,94.87179487179486,87.5,94.44444444444444,100.0,100.0,92.3076923076923,88.88888888888889,100.0,87.5,100.0,100.0,100.0,100.0,100.0,88.88888888888889,91.66666666666666,88.88888888888889,100.0,100.0,90.9090909090909,90.9090909090909,33.33333333333333,87.5,66.66666666666666,100.0,85.71428571428571,83.33333333333334,83.33333333333334,100.0,100.0,25.0,100.0,33.33333333333333,75.0,83.33333333333334,62.5,100.0,80.0,100.0,100.0,75.0,100.0,100.0,100.0,100.0,100.0,0.0,66.66666666666666,0.0,100.0,100.0,100.0,100.0,100.0,100.0,100.0,100.0,100.0,100.0,100.0,100.0,100.0,100.0,100.0,80.0,80.0,100.0,100.0,100.0,100.0,50.0,100.0,100.0,100.0,100.0,75.0,100.0,66.66666666666666,100.0,100.0,100.0,100.0,100.0,100.0,66.66666666666666,66.66666666666666,100.0,100.0,100.0,100.0,100.0,0.0,100.0,100.0,100.0,100.0,100.0,100.0,50.0,100.0,0.0,100.0,33.33333333333333,0.0,100.0,100.0,100.0,100.0,100.0,0.0,100.0,100.0,100.0,100.0,100.0,100.0,100.0,100.0,100.0,100.0,100.0,100.0,100.0,100.0,100.0,100.0,100.0,100.0,100.0,100.0,100.0,100.0,100.0,100.0,100.0,100.0,100.0,100.0,100.0,100.0,100.0,100.0,100.0,100.0,100.0,100.0,100.0,100.0],"cluster_post_filtering_doc_counts":[817,367,169,202,145,116,72,69,66,45,33,26,20,13,16,8,11,4,4,9,0,6,3,2,6,13,4,3,0,4,2,1,4,1,2,6,1,2,4,2,3,1,0,0,1,1,0,1,0,0,0,0,0,1,1,1,0,0,1,1,4,1,2,0,1,1,1,0,0,3,0,2,1,1,3,0,1,0,0,1,0,0,0,0,0,2,1,1,0,0,0,0,0,0,0,0,0,0,0,0,0,0,0,1,1,0,0,0,0,2,0,0,0,0,1,0,1,0,0,0,0,0,0,1,1,0,0,0,0,0,1,0,0,0,0,0,0,1,0,1,0,2,1,0,0,0,0,0,1,0,0,0,0,0,0,0,0,0,0,0,0,0,0,0,0,0,0,0,0,0,0,0,0,0,0,0,0,0,0,0,0,0,0,0,0,0,0],"tail_threshold":288,"tail_removal_rate":100.0,"tail_post_filtering_doc_counts":0,"global_removal_rate":97.16157471110407}