{"cluster_sizes":[1,2,3,4,5,6,7,8,9,18,20,24,29,34,38,42,43,56,59,156],"cluster_removal_rates":[57.14285714285714,41.17647058823529,16.666666666666664,8.823529411764707,6.25,100.0,50.0,22.22222222222222,50.0,100.0,0.0,100.0,0.0,100.0,100.0,0.0,100.0,100.0,100.0,100.0],"cluster_post_filtering_doc_counts":[45,40,255,62,45,0,1,7,1,0,1,0,1,0,0,1,0,0,0,0],"tail_threshold":429,"tail_removal_rate":100.0,"tail_post_filtering_doc_counts":0,"global_removal_rate":26.442307692307693}