{"cluster_sizes":[1,2,3,4,5,6,7,8,9,10,11,12,13,14,15,16,17,18,19,20,21,23,24,33,35,36,37,38,39,40,53,54,55,57],"cluster_removal_rates":[93.58372456964005,80.35714285714286,92.6829268292683,100.0,98.14814814814815,100.0,88.88888888888889,87.5,100.0,100.0,100.0,100.0,100.0,100.0,100.0,100.0,100.0,100.0,100.0,50.0,100.0,100.0,100.0,100.0,100.0,100.0,100.0,100.0,100.0,100.0,100.0,100.0,100.0,0.0],"cluster_post_filtering_doc_counts":[41,33,3,0,1,0,1,1,0,0,0,0,0,0,0,0,0,0,0,1,0,0,0,0,0,0,0,0,0,0,0,0,0,1],"tail_threshold":60,"tail_removal_rate":50.0,"tail_post_filtering_doc_counts":1,"global_removal_rate":92.01154956689123}