{"cluster_sizes":[1,2,3,4,5,6,7,16,26,31],"cluster_removal_rates":[100.0,58.333333333333336,26.96629213483146,100.0,23.076923076923077,100.0,100.0,0.0,100.0,100.0],"cluster_post_filtering_doc_counts":[0,5,130,0,60,0,0,1,0,0],"tail_threshold":37,"tail_removal_rate":100.0,"tail_post_filtering_doc_counts":0,"global_removal_rate":33.78378378378378}