{"cluster_sizes":[1,2,3,4,5,6,7,8,9,10,11,12,13,14,15,16,17,18,19,20,21,22,23,24,25,26,27,28,29,30,31,32,33,34,35,36,37,38,39,40,41,42,43,44,45,46,47,48,49,50,51,52,53,54,55,56,57,58,59,60,61,62,63,64,65,66,67,68,69,70,71,72,73,74,75,76,77,78,79,80,81,82,83,84,85,86,87,88,89,90,91,92,93,94,95,96,97,98,99,100,101,102,103,104,105,106,107,108,109,110,111,112,113,114,115,116,117,118,119,120,121,122,123,124,125,126,127,128,129,130,131,132,133,134,135,136,137,138,139,140,141,142,143,144,145,146,147,148,149,150,151,152,153,154,155,156,157,158,159,160,161,162,163,164,165,166,167,168,169,170,171,172,173,174,175,176,177,178,179,180,181,182,183,184,185],"cluster_removal_rates":[99.96718528188556,99.92440382104323,99.91159048713641,99.91229224224882,99.92101625748701,99.81064381104245,99.91276533876126,99.73295353391491,99.68923418423974,99.89473684210526,99.81267561660943,99.85533453887884,99.8112317130722,99.6547756041427,99.56359102244389,99.65034965034964,99.92101105845181,99.65004374453194,99.51783992285439,99.44933920704845,99.4949494949495,99.74489795918367,98.8538681948424,99.37984496124031,99.01768172888016,98.59154929577466,98.95287958115183,99.14040114613181,99.6875,100.0,100.0,98.30508474576271,99.39024390243902,98.4567901234568,99.37304075235109,99.69040247678018,100.0,99.6,100.0,98.71794871794873,98.85057471264368,100.0,98.4126984126984,100.0,98.4251968503937,99.01960784313727,100.0,100.0,98.94736842105263,97.5,100.0,95.23809523809523,96.96969696969697,100.0,100.0,97.5,100.0,96.66666666666667,98.46153846153847,100.0,100.0,96.49122807017544,100.0,100.0,97.95918367346938,97.77777777777777,98.21428571428571,97.67441860465115,95.83333333333334,98.0,91.66666666666666,100.0,96.96969696969697,97.43589743589743,97.05882352941177,97.2972972972973,94.5945945945946,93.54838709677419,87.5,92.5925925925926,97.5,94.44444444444444,87.5,97.36842105263158,84.84848484848484,85.71428571428571,96.29629629629629,92.5925925925926,89.28571428571429,95.65217391304348,81.25,92.5925925925926,85.71428571428571,83.87096774193549,81.81818181818183,93.75,70.58823529411765,92.85714285714286,100.0,88.23529411764706,93.75,84.21052631578947,86.66666666666667,80.0,94.11764705882352,95.45454545454545,78.94736842105263,100.0,83.33333333333334,100.0,100.0,84.61538461538461,94.11764705882352,78.94736842105263,94.11764705882352,94.11764705882352,85.0,100.0,95.45454545454545,100.0,100.0,94.44444444444444,100.0,92.85714285714286,100.0,100.0,100.0,100.0,100.0,100.0,100.0,100.0,100.0,100.0,100.0,100.0,100.0,100.0,100.0,100.0,85.71428571428571,100.0,100.0,100.0,100.0,100.0,100.0,100.0,100.0,100.0,100.0,100.0,100.0,100.0,100.0,100.0,100.0,100.0,100.0,100.0,100.0,100.0,100.0,100.0,100.0,100.0,100.0,100.0,100.0,100.0,100.0,100.0,100.0,83.33333333333334,100.0,100.0,100.0,100.0,100.0,100.0,100.0,100.0,100.0,100.0,100.0],"cluster_post_filtering_doc_counts":[138,55,30,20,12,19,6,15,14,4,6,4,4,6,7,5,1,4,5,5,4,2,8,4,5,6,4,3,1,0,0,5,2,5,2,1,0,1,0,2,2,0,2,0,2,1,0,0,1,2,0,4,2,0,0,2,0,2,1,0,0,2,0,0,1,1,1,1,2,1,3,0,1,1,1,1,2,2,5,2,1,2,3,1,5,3,1,2,3,1,3,2,4,5,4,1,5,2,0,2,1,3,4,2,1,1,4,0,2,0,0,2,1,4,1,1,3,0,1,0,0,1,0,1,0,0,0,0,0,0,0,0,0,0,0,0,0,0,0,0,1,0,0,0,0,0,0,0,0,0,0,0,0,0,0,0,0,0,0,0,0,0,0,0,0,0,0,0,0,0,0,0,0,1,0,0,0,0,0,0,0,0,0,0,0],"tail_threshold":186,"tail_removal_rate":99.84025559105432,"tail_post_filtering_doc_counts":1,"global_removal_rate":99.91229751749258}