{"cluster_sizes":[1,2,3,4,5,6,7,8,9,10,11,12,13,15,17,18,19,25,27,32,35,36,37,38,39,41,44,51,53],"cluster_removal_rates":[98.94736842105263,98.95833333333334,95.1219512195122,100.0,100.0,100.0,100.0,100.0,100.0,75.0,100.0,100.0,100.0,100.0,50.0,0.0,66.66666666666666,100.0,100.0,100.0,100.0,100.0,100.0,100.0,100.0,100.0,100.0,100.0,100.0],"cluster_post_filtering_doc_counts":[6,1,2,0,0,0,0,0,0,1,0,0,0,0,2,5,1,0,0,0,0,0,0,0,0,0,0,0,0],"tail_threshold":162,"tail_removal_rate":100.0,"tail_post_filtering_doc_counts":0,"global_removal_rate":97.76951672862454}