{"cluster_sizes":[1,2,3,4,5,6,7,8,9,10,11,12,13,14,15,16,17,18,19,20,21,22,23,24,25,26,27,28,29,30,31,32,33,34,35,36,37,38,39,40,41,42,43,44,45,46,47,48,49,50,51,52,53,54,55,56,57,58,59,60,61,62,63,64,65,66,67,71,72,74,75,77,78,79,80,81,83,84,86,87,88,91,92,93,95,96,97,99,100,102,103,104,112,113,114,117,119,121,123,124,125],"cluster_removal_rates":[92.54393857597026,91.91774270683884,87.93536804308798,91.8918918918919,91.71861086375779,89.62655601659752,92.22222222222223,92.95774647887323,87.31343283582089,91.58878504672897,92.63803680981594,92.81767955801105,90.5511811023622,96.66666666666667,94.5945945945946,93.87755102040816,92.85714285714286,97.26027397260275,93.02325581395348,93.02325581395348,95.45454545454545,92.3076923076923,96.55172413793103,87.87878787878788,90.9090909090909,92.3076923076923,93.33333333333333,83.33333333333334,100.0,92.85714285714286,86.66666666666667,92.85714285714286,81.25,79.16666666666666,100.0,96.55172413793103,90.0,95.83333333333334,86.36363636363636,100.0,83.33333333333334,100.0,100.0,92.3076923076923,100.0,77.77777777777779,72.72727272727273,66.66666666666666,83.33333333333334,88.88888888888889,75.0,100.0,100.0,88.88888888888889,100.0,100.0,66.66666666666666,100.0,100.0,66.66666666666666,100.0,100.0,100.0,100.0,50.0,66.66666666666666,100.0,100.0,100.0,100.0,100.0,100.0,100.0,100.0,100.0,0.0,100.0,100.0,100.0,80.0,50.0,100.0,50.0,0.0,100.0,50.0,100.0,100.0,100.0,100.0,100.0,0.0,100.0,100.0,0.0,100.0,100.0,100.0,100.0,100.0,100.0],"cluster_post_filtering_doc_counts":[1243,338,336,147,93,75,35,25,34,18,12,13,12,4,6,6,5,2,3,3,2,2,1,4,3,1,1,3,0,1,2,1,3,5,0,1,3,1,3,0,2,0,0,1,0,2,3,1,1,1,3,0,0,1,0,0,1,0,0,1,0,0,0,0,1,1,0,0,0,0,0,0,0,0,0,1,0,0,0,1,1,0,1,1,0,1,0,0,0,0,0,1,0,0,1,0,0,0,0,0,0],"tail_threshold":129,"tail_removal_rate":93.54838709677419,"tail_post_filtering_doc_counts":2,"global_removal_rate":91.83538877530832}