{"cluster_sizes":[1,2,3,4,5,6,7,8,9,10,11,12,13,14,15,16,17,18,19,20,21,22,23,24,25,26,27,28,29,30,31,32,33,34,35,36,37,38,39,40,41,42,43,44,45,46,47,48,49,50,51,52,53,54,55,56,57,58,59,60,61,62,63,64],"cluster_removal_rates":[48.978094826138125,37.529594921809206,34.12207828870151,31.973016309762137,30.827490058589614,31.212650377585387,31.33610133801562,31.458151643626252,31.7157388829266,31.90879621654635,31.16138577240784,31.060432715531487,30.7982740021575,31.145208429472387,32.19114219114219,32.718696397941684,31.750196798740486,31.1044776119403,30.91449554117853,32.13390798837325,32.694705815667156,32.978583628958084,33.287940686942044,32.14407647661318,31.265897084719235,31.65562913907285,31.670335045243338,31.346938775510203,33.104066985645936,32.38249594813614,32.78023598820059,31.570639305445937,35.03035964502569,35.48085901027078,33.29718004338395,35.28409090909091,33.414932680538556,33.76358695652174,35.32008830022075,37.89991796554553,37.07360861759425,35.64078578110384,36.11691022964509,36.49393605292172,38.095238095238095,36.888331242158095,38.46153846153847,38.43843843843844,42.24,40.8,42.40150093808631,38.1139489194499,37.52535496957404,40.44943820224719,42.72727272727273,42.51207729468599,42.676767676767675,40.36458333333333,44.70588235294118,53.216374269005854,45.962732919254655,45.794392523364486,44.776119402985074,45.05494505494506],"cluster_post_filtering_doc_counts":[2144417,975476,518062,358492,235181,149294,104021,79379,58536,43481,33501,27116,21811,17905,14545,12552,10404,9232,7902,6771,5937,5101,4409,3975,3513,3096,2794,2523,2237,2086,1823,1734,1391,1382,1230,1139,1088,975,879,757,701,688,612,576,520,503,464,410,361,370,307,315,308,265,252,238,227,229,188,160,174,174,148,150],"tail_threshold":65,"tail_removal_rate":57.325284420710474,"tail_post_filtering_doc_counts":3676,"global_removal_rate":41.678554077258546}