{"cluster_sizes":[1,2,3,4,5,6,7,8,9,10,11,12,13,14,15,16,17,18,19,20,21,22,23,24,25,26,27,28,29,30,31,32,33,34,35,36,37,38,39,41,45,46,52,54,55,62,68,73],"cluster_removal_rates":[90.21608643457382,98.71794871794873,98.9010989010989,100.0,100.0,100.0,100.0,96.15384615384616,100.0,94.11764705882352,100.0,100.0,100.0,50.0,100.0,100.0,76.92307692307693,81.81818181818183,61.111111111111114,57.99999999999999,58.536585365853654,69.47368421052632,62.22222222222222,66.66666666666666,72.85714285714285,79.82456140350878,77.77777777777779,74.07407407407408,86.20689655172413,75.0,64.28571428571429,75.0,0.0,0.0,0.0,11.11111111111111,0.0,0.0,66.66666666666666,50.0,100.0,100.0,100.0,100.0,100.0,100.0,100.0,100.0],"cluster_post_filtering_doc_counts":[163,2,1,0,0,0,0,1,0,1,0,0,0,1,0,0,3,2,14,21,34,29,51,46,38,23,22,14,4,2,5,1,1,1,4,8,3,2,1,1,0,0,0,0,0,0,0,0],"tail_threshold":77,"tail_removal_rate":100.0,"tail_post_filtering_doc_counts":0,"global_removal_rate":84.48865402548958}