{"cluster_sizes":[1,2,3,4,5,6,7,8,9,10,11,12,13,14,15,16,17,18,19,20,21,22,23,24,25,26,27,28,33,34,35,37,41,50,66,84,94],"cluster_removal_rates":[88.16568047337277,81.84210526315789,71.17903930131004,59.45945945945946,72.43243243243244,57.3170731707317,58.18181818181818,51.02040816326531,68.75,48.148148148148145,52.0,57.14285714285714,42.857142857142854,55.55555555555556,60.0,76.0,36.84210526315789,63.63636363636363,58.82352941176471,61.111111111111114,40.0,40.0,40.0,100.0,25.0,66.66666666666666,40.0,100.0,0.0,100.0,100.0,100.0,100.0,100.0,0.0,0.0,100.0],"cluster_post_filtering_doc_counts":[120,69,66,60,51,35,23,24,20,14,12,9,8,8,6,6,12,8,7,7,6,3,6,0,3,1,3,0,1,0,0,0,0,0,1,1,0],"tail_threshold":124,"tail_removal_rate":100.0,"tail_post_filtering_doc_counts":0,"global_removal_rate":76.20008067769261}