{"cluster_sizes":[1,2,3,4,5,6,7,8,9,10,12,13,15,16,17,19,21,22,23,24,25,26,31,33,34,39,40,43,46,61,79],"cluster_removal_rates":[99.71181556195965,93.33333333333333,100.0,100.0,100.0,100.0,100.0,100.0,100.0,100.0,100.0,100.0,100.0,100.0,100.0,100.0,100.0,100.0,100.0,100.0,100.0,100.0,100.0,100.0,100.0,100.0,100.0,100.0,100.0,100.0,100.0],"cluster_post_filtering_doc_counts":[1,3,0,0,0,0,0,0,0,0,0,0,0,0,0,0,0,0,0,0,0,0,0,0,0,0,0,0,0,0,0],"tail_threshold":91,"tail_removal_rate":100.0,"tail_post_filtering_doc_counts":0,"global_removal_rate":99.20792079207921}