{"cluster_sizes":[1,2,3,4,5,6,7,8,9,10,11,12,13,14,15,16,17,18,19,20,21,22,23,24,25,26,27,28,29,30,31,32,33,34,35,36,37,38,39,40,41,42,43,44,45,46,47,48,49,50,51,52,53,54,55,56,57,58,59,60,61,62,63,64,65,66,67,68,69,70,71,72,73,74,75,76,77,78,79,80,81,82,83,84,85,86,87,88,89,90,91,92,93,94,95,96,97,98,99,100,101,102,103,104,105,106,107,108,109,110,111,112,113,114,115,116,117,118,119,120,121,122,123,124,125,126,127,128,129,130,131,132,133,134,135,136,137,138,139,140,141,142,143,144,145,146,147,148,149,150,151,152,153,154,155,156,157,158,159,160,161],"cluster_removal_rates":[95.22659430200025,93.9557081807575,93.50458746987717,94.77256183499311,93.32719363883795,91.66440852789748,90.88474414155905,92.18209757971572,96.25276212169884,92.16228623895329,91.82060852310309,92.95071740486588,91.81200532324718,91.81365087892082,92.21378964702514,92.21708723569589,92.29780549340695,93.62738866997161,92.51895635560332,92.27501470492125,92.11689771449981,92.17909946236558,92.85187914517317,92.64187866927594,92.59579060982192,93.02005730659026,93.15914489311163,92.90598290598291,93.55619422175162,93.8408511913682,93.44887899507076,93.38073472151684,93.28330893118594,92.66617155588564,93.61743154647127,93.6863927629099,93.00809352517986,93.91243268555374,93.9229376777864,93.19822320932815,93.41723136495644,92.71339347675226,92.79411764705883,93.81484437350359,93.73493975903614,93.6179775280899,93.5226706527155,92.81496062992126,95.21998913633894,93.66724237190557,93.03452453058753,95.04643962848297,93.97759103641457,93.5074100211715,93.25751421608447,93.80877742946709,92.78768233387358,93.18377911993097,94.67213114754098,93.46904156064461,93.72586872586872,94.83471074380165,94.47916666666667,94.04761904761905,94.02298850574712,92.98850574712644,92.87410926365796,92.96424452133795,92.29813664596274,93.6694021101993,92.98245614035088,93.43832020997375,91.80790960451978,94.6824224519941,92.96407185628742,93.90625,93.4065934065934,90.87837837837837,93.83802816901408,93.39285714285714,93.39622641509435,93.11023622047244,93.60341151385929,95.6043956043956,93.75,94.83146067415731,94.50800915331807,93.98148148148148,93.24675324675324,94.48441247002398,95.17766497461929,94.53125,95.70707070707071,93.42105263157895,92.87749287749287,93.47826086956522,92.13483146067416,93.69627507163324,95.53264604810997,92.45283018867924,94.70404984423676,95.43973941368078,91.71974522292994,93.45454545454545,94.24460431654677,94.13793103448276,97.05882352941177,92.36641221374046,92.3076923076923,94.8905109489051,91.86046511627907,94.46808510638299,94.57013574660633,94.44444444444444,94.7136563876652,93.33333333333333,96.46017699115043,95.87628865979381,92.53731343283582,93.36283185840708,93.69369369369369,97.0873786407767,97.05882352941177,94.0909090909091,95.0,96.3157894736842,95.67901234567901,96.3157894736842,92.94117647058823,97.35449735449735,93.16770186335404,93.86503067484662,97.77777777777777,94.5054945054945,94.02173913043478,95.29411764705881,94.96402877697841,94.6969696969697,96.32352941176471,93.83561643835617,94.32624113475178,95.56962025316456,99.18032786885246,91.97080291970804,94.85294117647058,96.875,93.44262295081968,95.08196721311475,92.37288135593221,95.23809523809523,94.69026548672566,92.3076923076923,94.23076923076923,96.58119658119658,90.64748201438849,97.27272727272728,94.73684210526315,94.73684210526315,93.33333333333333,93.39622641509435,94.69026548672566],"cluster_post_filtering_doc_counts":[498805,112259,53153,33752,24345,19072,14295,9361,7699,6829,6925,4859,3507,2743,2175,1903,1618,1504,1253,1182,1052,931,776,752,686,609,576,498,426,411,412,391,367,395,331,335,311,260,235,245,204,210,196,155,156,142,130,146,88,110,115,80,86,92,83,79,89,79,65,77,65,50,53,55,52,61,60,61,62,54,56,50,58,36,47,39,42,54,35,37,35,35,30,20,28,23,24,26,26,23,19,21,17,25,25,24,28,22,13,24,17,14,26,18,16,17,8,20,17,14,21,13,12,12,12,15,8,8,15,15,14,6,5,13,9,7,7,7,12,5,11,10,3,10,11,8,7,7,5,9,8,7,1,11,7,4,8,6,9,6,6,8,6,4,13,3,7,6,7,7,6],"tail_threshold":162,"tail_removal_rate":95.11304681995773,"tail_post_filtering_doc_counts":763,"global_removal_rate":94.70132795028215}