{"cluster_sizes":[1,2,3,4,5,6,7,8,9,10,11,12,13,14,15,16,17,18,19,20,21,22,23,24,25,26,27,28,30,31,32,33,34,35,36,37,38,39,42,43,44,45,48,51,52,54,55,57,59,63,64,68,70,77],"cluster_removal_rates":[99.89945417983338,99.77477477477478,99.72752043596729,100.0,98.18181818181819,98.50746268656717,98.64864864864865,100.0,100.0,100.0,96.66666666666667,95.0,100.0,100.0,100.0,100.0,100.0,100.0,90.0,100.0,100.0,100.0,100.0,100.0,100.0,100.0,100.0,100.0,100.0,100.0,100.0,100.0,100.0,100.0,100.0,100.0,100.0,100.0,100.0,100.0,100.0,100.0,100.0,100.0,100.0,100.0,100.0,100.0,100.0,100.0,100.0,100.0,100.0,100.0],"cluster_post_filtering_doc_counts":[7,2,1,0,4,2,1,0,0,0,1,1,0,0,0,0,0,0,1,0,0,0,0,0,0,0,0,0,0,0,0,0,0,0,0,0,0,0,0,0,0,0,0,0,0,0,0,0,0,0,0,0,0,0],"tail_threshold":78,"tail_removal_rate":100.0,"tail_post_filtering_doc_counts":0,"global_removal_rate":99.78392394122731}