{"cluster_sizes":[1,2,3,4,5,6,7,8,9,10,11,12,13,14,15,16,17,18,19,20,22,23,24,25,26,28,29,31,33,34,35,36,37,39,40,42,43,50,51,53,61,65,66,71,72,77,85,88,101,140,156,179,180,189,246,250,305],"cluster_removal_rates":[98.25503355704697,97.32142857142857,88.98305084745762,50.887573964497044,81.08108108108108,74.02597402597402,58.620689655172406,48.0,57.407407407407405,57.534246575342465,55.00000000000001,55.55555555555556,100.0,100.0,100.0,100.0,100.0,100.0,100.0,100.0,100.0,100.0,100.0,100.0,100.0,100.0,100.0,100.0,100.0,100.0,100.0,100.0,100.0,100.0,100.0,100.0,100.0,100.0,100.0,100.0,100.0,100.0,100.0,100.0,100.0,100.0,100.0,100.0,100.0,100.0,100.0,100.0,100.0,100.0,100.0,100.0,100.0],"cluster_post_filtering_doc_counts":[13,6,13,83,14,20,24,26,23,31,9,4,0,0,0,0,0,0,0,0,0,0,0,0,0,0,0,0,0,0,0,0,0,0,0,0,0,0,0,0,0,0,0,0,0,0,0,0,0,0,0,0,0,0,0,0,0],"tail_threshold":387,"tail_removal_rate":100.0,"tail_post_filtering_doc_counts":0,"global_removal_rate":85.08132361189007}