{"cluster_sizes":[1,2,3,4,5,6,7,8,9,10,11,12,13,14,15,16,17,18,19,20,21,22,23,24,25,26,27,28,29,30,31,32,33,34,35,36,37,38,39,40,41,42,43,44,45,46,47,48,49,50,51,52,53,54,55,56,57,58,59,60,61,62,63,64,65,66,67,68,69,70,71,72,73,74,75,76,77,78,79,80,81,82,83,84,85,86,87,88,89,90,91,92,93,94,95,96,97,98,99],"cluster_removal_rates":[99.86049009775554,99.20471444537839,98.94810489999759,97.75171479380134,95.94275210084034,94.69056192948663,91.27465857359635,93.5249246052865,95.94260267194457,97.77183600713012,98.84792626728111,98.89331562638336,99.45652173913044,99.54248366013073,99.44223107569721,99.65034965034964,99.28057553956835,99.32960893854748,99.35567010309279,99.70238095238095,99.68503937007874,99.18166939443536,99.1304347826087,99.31389365351629,100.0,98.94514767932489,99.30232558139535,98.65168539325843,99.76076555023924,99.7867803837953,99.5049504950495,98.66920152091255,99.07621247113164,99.72677595628416,99.71181556195965,99.07692307692308,98.92086330935251,97.35973597359737,97.43589743589743,97.8021978021978,97.97297297297297,99.25925925925925,97.58064516129032,100.0,98.96907216494846,98.18181818181819,98.57142857142858,100.0,100.0,100.0,100.0,100.0,100.0,100.0,100.0,100.0,98.0,100.0,96.15384615384616,97.87234042553192,98.33333333333333,93.61702127659575,100.0,100.0,96.15384615384616,95.65217391304348,97.87234042553192,98.18181818181819,97.5609756097561,97.95918367346938,100.0,100.0,98.11320754716981,95.65217391304348,100.0,90.2439024390244,89.1891891891892,96.42857142857143,98.0,100.0,100.0,91.66666666666666,100.0,100.0,96.42857142857143,95.65217391304348,95.0,90.47619047619048,100.0,100.0,100.0,95.45454545454545,100.0,100.0,92.0,100.0,100.0,100.0,100.0],"cluster_post_filtering_doc_counts":[1839,861,436,531,618,634,690,365,164,75,30,25,9,7,7,4,7,6,5,2,2,5,5,4,0,5,3,6,1,1,2,7,4,1,1,3,3,8,6,4,3,1,3,0,1,2,1,0,0,0,0,0,0,0,0,0,1,0,2,1,1,3,0,0,2,2,1,1,1,1,0,0,1,2,0,4,4,1,1,0,0,2,0,0,1,1,1,2,0,0,0,1,0,0,2,0,0,0,0],"tail_threshold":100,"tail_removal_rate":99.49077021005729,"tail_post_filtering_doc_counts":8,"global_removal_rate":99.58862212030695}