{"cluster_sizes":[1,2,3,4,5,6,7,9,11,12,13,14,23,29,37,38,41,54,88,164],"cluster_removal_rates":[92.07650273224044,87.5,40.86021505376344,100.0,100.0,100.0,100.0,100.0,0.0,100.0,100.0,100.0,100.0,100.0,100.0,100.0,50.0,100.0,100.0,100.0],"cluster_post_filtering_doc_counts":[29,7,55,0,0,0,0,0,1,0,0,0,0,0,0,0,1,0,0,0],"tail_threshold":192,"tail_removal_rate":100.0,"tail_post_filtering_doc_counts":0,"global_removal_rate":83.39285714285715}