{"cluster_sizes":[1,2,3,4,5,6,7,8,9,10,11,12,13,15,16,19,20,23,24,26,27,28,34,40,46,53,85,86,121,126,128],"cluster_removal_rates":[98.87218045112782,94.78260869565217,91.30434782608695,91.8918918918919,73.33333333333333,88.88888888888889,100.0,100.0,100.0,100.0,100.0,100.0,100.0,100.0,100.0,100.0,100.0,100.0,100.0,100.0,100.0,0.0,100.0,100.0,100.0,100.0,100.0,100.0,100.0,100.0,100.0],"cluster_post_filtering_doc_counts":[6,12,4,3,4,1,0,0,0,0,0,0,0,0,0,0,0,0,0,0,0,1,0,0,0,0,0,0,0,0,0],"tail_threshold":146,"tail_removal_rate":100.0,"tail_post_filtering_doc_counts":0,"global_removal_rate":96.61572052401746}