{"cluster_sizes":[1,2,3,4,6,17,18,19,20,21,22,23,24,25,26,27,28,29,30,31,32,33,34,35,36,37,38,39,40],"cluster_removal_rates":[77.64705882352942,73.58490566037736,37.5,50.0,50.0,50.0,33.33333333333333,62.5,72.3404255319149,59.72222222222222,63.559322033898304,60.97560975609756,66.22516556291392,70.83333333333334,78.18181818181819,87.6923076923077,63.41463414634146,75.0,100.0,77.77777777777779,75.0,20.0,0.0,0.0,0.0,0.0,0.0,0.0,33.33333333333333],"cluster_post_filtering_doc_counts":[95,14,5,1,2,2,10,9,13,29,43,48,51,35,24,8,15,5,0,2,1,4,1,3,4,4,2,1,2],"tail_threshold":41,"tail_removal_rate":0.0,"tail_post_filtering_doc_counts":2,"global_removal_rate":69.8961937716263}