{"cluster_sizes":[1,2,3,4,5,6,7,8,9,10,11,12,13,14,15,16,17,18,19,20,21,22,23,25,26,29,30,31,33,35,36,37,38,39,40,41,42,43,44,45,46,47,55,78,84,171],"cluster_removal_rates":[98.9817564700891,91.53846153846153,87.5,84.84848484848484,80.0,75.0,69.56521739130434,56.25,33.33333333333333,55.55555555555556,55.55555555555556,20.0,66.66666666666666,100.0,100.0,100.0,100.0,0.0,0.0,50.0,66.66666666666666,100.0,100.0,0.0,33.33333333333333,100.0,0.0,100.0,100.0,100.0,100.0,50.0,0.0,100.0,70.0,50.0,81.81818181818183,55.55555555555556,75.0,50.0,66.66666666666666,100.0,100.0,100.0,100.0,100.0],"cluster_post_filtering_doc_counts":[24,11,7,5,5,8,7,7,10,4,4,4,1,0,0,0,0,3,1,1,1,0,0,3,2,0,1,0,0,0,0,1,1,0,3,5,2,4,3,1,1,0,0,0,0,0],"tail_threshold":202,"tail_removal_rate":100.0,"tail_post_filtering_doc_counts":0,"global_removal_rate":95.38843561546648}