{"cluster_sizes":[1,2,3,4,5,6,7,8,9,10,11,12,13,14,15,17,19,20,21,23,24,25,26,32,37,38,46,70,76],"cluster_removal_rates":[97.25274725274726,53.37423312883436,83.33333333333334,76.0,95.45454545454545,100.0,92.85714285714286,100.0,100.0,100.0,100.0,100.0,100.0,100.0,100.0,100.0,100.0,50.0,100.0,100.0,100.0,100.0,100.0,100.0,100.0,100.0,100.0,100.0,100.0],"cluster_post_filtering_doc_counts":[10,76,9,12,1,0,1,0,0,0,0,0,0,0,0,0,0,1,0,0,0,0,0,0,0,0,0,0,0],"tail_threshold":82,"tail_removal_rate":100.0,"tail_post_filtering_doc_counts":0,"global_removal_rate":85.09485094850947}