{"cluster_sizes":[1,2,3,4,5,6,7,8,10,13,15,16,17,18,19,20],"cluster_removal_rates":[85.52631578947368,34.78260869565217,13.684210526315791,7.547169811320755,5.555555555555555,5.0,6.666666666666667,0.0,100.0,100.0,0.0,28.57142857142857,10.0,0.0,0.0,33.33333333333333],"cluster_post_filtering_doc_counts":[11,15,82,49,68,19,28,5,0,0,3,5,9,2,3,2],"tail_threshold":24,"tail_removal_rate":100.0,"tail_post_filtering_doc_counts":0,"global_removal_rate":25.679012345679013}