{"cluster_sizes":[1,2,3,4,5,6,7,8,9,10,11,12,13,15,16,17,19,27,29,30,32,34,36,38,40,41,44,48,85,116,119],"cluster_removal_rates":[100.0,100.0,100.0,100.0,100.0,100.0,91.66666666666666,100.0,100.0,100.0,100.0,100.0,100.0,100.0,100.0,100.0,100.0,100.0,100.0,100.0,100.0,100.0,100.0,100.0,100.0,100.0,100.0,100.0,100.0,100.0,100.0],"cluster_post_filtering_doc_counts":[0,0,0,0,0,0,1,0,0,0,0,0,0,0,0,0,0,0,0,0,0,0,0,0,0,0,0,0,0,0,0],"tail_threshold":199,"tail_removal_rate":100.0,"tail_post_filtering_doc_counts":0,"global_removal_rate":99.87325728770595}