{"cluster_sizes":[1,2,3,4,5,6,7,8,9,10,11,12,13,14,15,16,17,18,19,20,21,22,23,24,25,26,27,28,29,30,31,32,33,34,35,36,37,38,39,40,41,42,43,44,45,46,47,48,49,50,51,52,53,54,55,56,57,58,59,60],"cluster_removal_rates":[93.41919400990602,71.69683257918552,78.09396387588123,78.48377878635064,78.14692825433195,77.64489420423183,73.30914744752526,69.54151971785829,70.48458149779736,72.33626588465299,73.65627073656272,78.16091954022988,81.75182481751825,85.02581755593803,87.39495798319328,85.61151079136691,83.56545961002786,89.65517241379311,90.22801302931596,88.63636363636364,88.09523809523809,88.9908256880734,90.8675799086758,90.83333333333333,88.10810810810811,90.47619047619048,89.85507246376811,89.43661971830986,90.65420560747664,86.72566371681415,95.09803921568627,91.04477611940298,92.03539823008849,90.15151515151516,95.2755905511811,93.16239316239316,94.89795918367348,95.09803921568627,91.8918918918919,92.45283018867924,94.73684210526315,90.47619047619048,87.5,92.6829268292683,90.0,88.09523809523809,90.69767441860465,100.0,89.1891891891892,88.57142857142857,96.66666666666667,95.45454545454545,86.8421052631579,88.0,82.6086956521739,93.75,96.7741935483871,95.23809523809523,95.45454545454545,82.6086956521739],"cluster_post_filtering_doc_counts":[72491,16263,4257,2560,1526,1215,1030,950,670,566,397,228,125,87,60,60,59,33,30,30,30,24,20,22,22,16,14,15,10,15,5,12,9,13,6,8,5,5,6,4,3,6,5,3,3,5,4,0,4,4,1,1,5,3,4,2,1,1,1,4],"tail_threshold":61,"tail_removal_rate":92.92682926829269,"tail_post_filtering_doc_counts":87,"global_removal_rate":91.5866454274608}