{"cluster_sizes":[1,2,3,4,5,6,7,8,9,10,11,12,13,14,15,16,17,18,19,20,21,22,23,24,25,26,27,28,29,30,31,32,33,34,35,36,37,38,39,40,41,42,43,44,45,46,51,52,53,58,59,60],"cluster_removal_rates":[96.66172584906876,65.37190082644628,71.10438729198184,81.64893617021278,75.2851711026616,65.76086956521739,69.46564885496184,67.0103092783505,94.921875,62.16216216216216,55.26315789473685,56.666666666666664,61.904761904761905,64.28571428571429,86.66666666666667,50.0,72.72727272727273,66.66666666666666,31.818181818181817,23.333333333333332,33.33333333333333,7.142857142857142,13.333333333333334,22.22222222222222,20.0,20.0,41.17647058823529,55.55555555555556,50.0,80.0,77.77777777777779,80.0,58.333333333333336,66.66666666666666,28.57142857142857,57.14285714285714,41.66666666666667,100.0,100.0,100.0,100.0,0.0,0.0,100.0,100.0,100.0,100.0,100.0,0.0,100.0,100.0,0.0],"cluster_post_filtering_doc_counts":[518,419,191,69,65,63,40,32,13,14,17,13,8,5,2,3,3,5,15,23,26,39,39,35,24,12,10,4,4,1,2,1,5,1,5,3,7,0,0,0,0,1,1,0,0,0,0,0,1,0,0,1],"tail_threshold":62,"tail_removal_rate":82.6086956521739,"tail_post_filtering_doc_counts":4,"global_removal_rate":90.95951479964751}