{"cluster_sizes":[1,2,3,4,5,6,7,8,9,10,11,12,13,14,15,16,17,18,19,20,21,22,23,24,25,26,27,28,29,30,31,32,34,37,38,40,45,56,59,60,64,67,71],"cluster_removal_rates":[98.25396825396825,76.79738562091504,90.65420560747664,97.5,92.3076923076923,83.87096774193549,94.73684210526315,93.33333333333333,100.0,90.0,100.0,57.14285714285714,100.0,75.0,100.0,83.33333333333334,100.0,100.0,100.0,100.0,66.66666666666666,75.0,85.71428571428571,100.0,100.0,100.0,100.0,100.0,80.0,100.0,100.0,100.0,100.0,100.0,100.0,100.0,0.0,0.0,0.0,0.0,0.0,0.0,0.0],"cluster_post_filtering_doc_counts":[99,71,10,1,2,5,1,1,0,1,0,3,0,1,0,1,0,0,0,0,1,1,1,0,0,0,0,0,1,0,0,0,0,0,0,0,1,1,1,1,1,1,1],"tail_threshold":72,"tail_removal_rate":57.14285714285714,"tail_post_filtering_doc_counts":3,"global_removal_rate":96.68769716088327}