{"cluster_sizes":[1,2,3,4,5,6,7,8,9,10,11,12,13,14,15,16,17,18,19,20,21,22,23,24,25,26,27,28,29,30,31,32,33,34,35,36,37,38,39,40,41,42,44,45,46,47,48,49,50,52,54,55,56,57,58,59,60,62,63,65,66,68,71,72,73,74,75,76,78,87,95,105,109,118,120,127,129,132,134,138],"cluster_removal_rates":[90.01830619520184,54.39117522274077,65.18987341772153,78.78787878787878,89.60396039603961,96.875,99.32432432432432,100.0,94.54545454545455,98.59154929577466,100.0,100.0,100.0,100.0,94.44444444444444,100.0,100.0,100.0,100.0,100.0,100.0,100.0,100.0,80.0,100.0,100.0,100.0,100.0,100.0,100.0,100.0,83.33333333333334,100.0,100.0,100.0,100.0,100.0,100.0,100.0,100.0,80.0,100.0,100.0,100.0,100.0,100.0,0.0,100.0,100.0,100.0,100.0,100.0,100.0,100.0,100.0,100.0,100.0,100.0,100.0,100.0,100.0,100.0,100.0,100.0,100.0,100.0,100.0,100.0,100.0,100.0,100.0,100.0,100.0,100.0,100.0,100.0,100.0,100.0,100.0,100.0],"cluster_post_filtering_doc_counts":[1036,1075,275,70,21,4,1,0,3,1,0,0,0,0,1,0,0,0,0,0,0,0,0,1,0,0,0,0,0,0,0,1,0,0,0,0,0,0,0,0,1,0,0,0,0,0,1,0,0,0,0,0,0,0,0,0,0,0,0,0,0,0,0,0,0,0,0,0,0,0,0,0,0,0,0,0,0,0,0,0],"tail_threshold":146,"tail_removal_rate":86.66666666666667,"tail_post_filtering_doc_counts":2,"global_removal_rate":83.26508693025441}