{"cluster_sizes":[1,2,3,4,5,6,7,8,9,10,11,12,13,15,16,17,18,22,23,25,26,28,29,31,32,36,37,38,39,44,48,55,59,67,74],"cluster_removal_rates":[99.53703703703704,97.61904761904762,89.0625,91.83673469387756,96.875,100.0,100.0,100.0,90.0,100.0,100.0,100.0,100.0,100.0,100.0,100.0,100.0,100.0,100.0,100.0,100.0,100.0,100.0,100.0,100.0,0.0,100.0,100.0,100.0,100.0,100.0,100.0,100.0,100.0,100.0],"cluster_post_filtering_doc_counts":[2,2,7,4,1,0,0,0,1,0,0,0,0,0,0,0,0,0,0,0,0,0,0,0,0,1,0,0,0,0,0,0,0,0,0],"tail_threshold":194,"tail_removal_rate":100.0,"tail_post_filtering_doc_counts":0,"global_removal_rate":97.6158940397351}