{"cluster_sizes":[1,2,3,4,5,6,7,8,9,10,11,12,13,14,15,16,17,18,19,20,21,22,23,24,25,26,27,28,29,30,31,32,33,34,35,36,37,38,39,40,41,42,43,44,45,46,47,48,49,50,51,52,53,54,55,56,57,58,59,60,61,62,63,64,65,66,67,68,69,70,71,72,73,74,75,76,77,78,79,80,81,82,83,84,85,86,87,88,89,90,91,92,93,94,95,96,97,98,99,100,101,102,103,104,105,106,107,108,109,110,111,112,113,114,115,116,117,118,119,120,121,122,123,124,125,126,127,128,129,130,131,132,133,134,135],"cluster_removal_rates":[98.45946117105657,95.46194280542356,94.93262130251576,95.94231733553323,96.25394836452867,92.94452998210645,89.61304347826086,88.32838773491592,90.04248341656108,90.25717545861494,89.24816504661773,89.88313068114745,88.99411680298465,89.79718222635083,91.27296587926509,92.64426125554851,93.06761786600497,94.48444921096983,93.60831770922107,92.94975688816855,93.11248808388942,92.74556526343659,91.07088063823258,92.38728750923872,90.2991452991453,90.30680302356603,90.35616438356165,88.78896882494006,88.2313829787234,88.81491344873503,90.63860667634252,88.95478131949592,89.76441917140536,89.85736925515056,91.87935034802784,91.80576631259484,92.61796042617961,92.85714285714286,92.77372262773723,92.45573518090839,92.4178601516428,90.50332383665717,89.52991452991454,90.05524861878453,89.74056603773585,89.39197930142304,87.37864077669903,89.34324659231723,85.79710144927536,87.1012482662968,87.81869688385268,88.98809523809523,86.51362984218078,89.27492447129909,88.46675712347354,88.85832187070152,91.37931034482759,88.7780548628429,88.95705521472392,89.83739837398373,89.79885057471265,87.63066202090593,86.78899082568807,85.17786561264822,84.59715639810426,81.92219679633868,82.82051282051283,81.64383561643835,84.5360824742268,83.73983739837398,83.28912466843501,80.59299191374663,78.97897897897897,79.70149253731343,79.82195845697329,77.7439024390244,76.92307692307693,78.08219178082192,84.96503496503497,73.30960854092527,75.27675276752768,80.38461538461539,71.84873949579831,73.02904564315352,67.0103092783505,72.53886010362694,75.55555555555556,75.12437810945273,81.86274509803921,81.14285714285714,71.42857142857143,71.6867469879518,77.33333333333333,78.01418439716312,73.61111111111111,79.86577181208054,76.66666666666667,72.3076923076923,69.67213114754098,78.76106194690266,69.56521739130434,76.53061224489795,80.0,74.11764705882354,73.75,67.85714285714286,63.49206349206349,77.14285714285715,76.27118644067797,83.33333333333334,75.40983606557377,77.77777777777779,76.78571428571429,77.55102040816327,89.1891891891892,83.72093023255815,82.53968253968253,82.92682926829268,89.36170212765957,95.1219512195122,79.59183673469387,81.57894736842105,82.14285714285714,82.92682926829268,81.08108108108108,87.8048780487805,89.65517241379311,90.625,86.36363636363636,88.46153846153845,72.41379310344827,93.33333333333333,80.0,100.0,92.5925925925926],"cluster_post_filtering_doc_counts":[19704,10429,6073,5017,4305,3391,2389,1888,1336,1110,1084,857,767,659,532,464,447,360,375,348,289,274,291,206,227,218,176,187,177,168,129,149,126,128,105,108,97,102,99,98,90,100,98,90,87,82,104,86,98,93,86,74,94,71,85,81,65,90,90,75,71,71,72,75,65,79,67,67,60,60,63,72,70,68,68,73,81,64,43,75,67,51,67,65,64,53,55,50,37,33,50,47,34,31,38,30,28,36,37,24,28,23,16,22,21,18,23,16,14,8,15,14,13,11,4,7,11,7,5,2,10,7,5,7,7,5,3,3,3,3,8,2,5,0,2],"tail_threshold":136,"tail_removal_rate":93.48030018761726,"tail_post_filtering_doc_counts":139,"global_removal_rate":96.7232379185457}