{"cluster_sizes":[1,2,3,4,5,6,7,8,9,10,11,12,13,14,15,17,18,20,25,37,39,48,63,79,316],"cluster_removal_rates":[70.18970189701898,92.72727272727272,83.33333333333334,63.1578947368421,40.909090909090914,23.684210526315788,19.35483870967742,36.53846153846153,33.33333333333333,48.0,40.0,100.0,0.0,50.0,40.0,100.0,66.66666666666666,100.0,100.0,100.0,100.0,100.0,0.0,100.0,100.0],"cluster_post_filtering_doc_counts":[110,4,4,7,13,29,25,33,20,13,3,0,1,1,3,0,1,0,0,0,0,0,1,0,0],"tail_threshold":1296,"tail_removal_rate":100.0,"tail_post_filtering_doc_counts":0,"global_removal_rate":61.43884892086331}