{"cluster_sizes":[1,2,3,4,5,6,7,8,9,10,11,12,14,15,16,18,21,22,23,24,26,27,34,35,37,39,46,48],"cluster_removal_rates":[82.32758620689656,37.121212121212125,37.704918032786885,24.137931034482758,48.484848484848484,65.21739130434783,50.0,40.0,16.666666666666664,72.72727272727273,50.0,100.0,100.0,100.0,100.0,100.0,0.0,100.0,100.0,100.0,100.0,100.0,100.0,100.0,100.0,0.0,100.0,100.0],"cluster_post_filtering_doc_counts":[41,83,76,44,17,8,4,9,5,3,1,0,0,0,0,0,1,0,0,0,0,0,0,0,0,1,0,0],"tail_threshold":52,"tail_removal_rate":100.0,"tail_post_filtering_doc_counts":0,"global_removal_rate":56.26865671641791}