{"cluster_sizes":[1,2,3,4,5,6,7,8,9,10,11,12,13,15,16,17,18,19,20,21,22,23,24,25,26,27,28,29,30,31,32,33,34,35,36,37,38,40,49,55,72,75,88,97,98,115,141],"cluster_removal_rates":[98.73203719357565,99.66216216216216,100.0,100.0,100.0,96.55172413793103,100.0,92.3076923076923,100.0,100.0,100.0,100.0,100.0,100.0,100.0,100.0,100.0,100.0,90.9090909090909,100.0,89.47368421052632,100.0,84.0,94.73684210526315,94.73684210526315,96.0,100.0,100.0,100.0,100.0,100.0,100.0,100.0,100.0,100.0,100.0,100.0,100.0,100.0,100.0,100.0,100.0,100.0,100.0,100.0,100.0,100.0],"cluster_post_filtering_doc_counts":[15,1,0,0,0,1,0,1,0,0,0,0,0,0,0,0,0,0,1,0,2,0,4,2,1,1,0,0,0,0,0,0,0,0,0,0,0,0,0,0,0,0,0,0,0,0,0],"tail_threshold":162,"tail_removal_rate":100.0,"tail_post_filtering_doc_counts":0,"global_removal_rate":98.63849765258216}