{"cluster_sizes":[1,2,3,4,5,6,7,8,9,10,11,12,13,14,15,16,17,18,19,20,21,22,23,24,25,26,27,28,29,30,31,32,33,34,35,36,37,38,39,40,41,42,43,44,45,46,47,48,49,50,51,52,53,54,55,56,57,58,59,60,61,62,63,64,65,66,67,68,70,71,72,73,74,75,76,77,78,79,80,83,85,86,87,88,89,90,92,93,94,95,96,97,98,99,100,102,103,104,106,110,111,112,114,115,116,117,119,121,122,124,126,128,129,131,132,135,137,138,139,143,144,146,147,148,153,156,157,159,164,168,170,179,180,182,187],"cluster_removal_rates":[96.07573622899557,90.97366084640426,86.63942156554543,86.36561007381675,83.42070773263434,83.11817279046674,77.14631197097944,78.61635220125787,78.45849802371542,74.55357142857143,75.1336898395722,75.63291139240506,76.97841726618705,71.900826446281,61.458333333333336,69.43396226415094,61.75115207373272,55.833333333333336,55.158730158730165,57.19557195571956,60.59322033898306,64.7887323943662,58.82352941176471,59.25925925925925,53.205128205128204,66.66666666666666,77.16535433070865,72.22222222222221,77.27272727272727,84.31372549019608,76.05633802816901,84.0,83.33333333333334,81.81818181818183,85.33333333333334,88.57142857142857,86.20689655172413,80.0,84.90566037735849,86.48648648648648,87.8048780487805,90.9090909090909,76.19047619047619,88.23529411764706,77.77777777777779,77.77777777777779,90.0,71.42857142857143,100.0,90.0,100.0,100.0,100.0,83.33333333333334,88.88888888888889,100.0,80.0,100.0,87.5,100.0,100.0,100.0,100.0,100.0,100.0,100.0,100.0,100.0,66.66666666666666,100.0,100.0,100.0,100.0,100.0,100.0,100.0,100.0,100.0,50.0,100.0,100.0,100.0,100.0,100.0,100.0,50.0,100.0,100.0,100.0,100.0,100.0,100.0,100.0,100.0,100.0,100.0,100.0,66.66666666666666,100.0,100.0,100.0,100.0,100.0,100.0,100.0,100.0,100.0,100.0,100.0,100.0,100.0,100.0,100.0,100.0,100.0,100.0,100.0,100.0,100.0,100.0,100.0,100.0,100.0,100.0,100.0,100.0,100.0,100.0,100.0,100.0,100.0,100.0,100.0,100.0,100.0],"cluster_post_filtering_doc_counts":[1142,610,425,314,253,170,189,136,109,114,93,77,64,68,111,81,83,106,113,116,93,75,84,88,73,47,29,25,20,16,17,12,11,14,11,8,8,12,8,5,5,2,5,2,4,2,1,4,0,1,0,0,0,1,1,0,1,0,1,0,0,0,0,0,0,0,0,0,1,0,0,0,0,0,0,0,0,0,1,0,0,0,0,0,0,1,0,0,0,0,0,0,0,0,0,0,0,1,0,0,0,0,0,0,0,0,0,0,0,0,0,0,0,0,0,0,0,0,0,0,0,0,0,0,0,0,0,0,0,0,0,0,0,0,0],"tail_threshold":188,"tail_removal_rate":96.15384615384616,"tail_post_filtering_doc_counts":2,"global_removal_rate":90.19604048535986}