{"cluster_sizes":[1,2,3,4,5,6,7,8,9,30,31,32,33,35,36,37,38,39],"cluster_removal_rates":[66.66666666666666,32.08955223880597,63.33333333333333,80.76923076923077,100.0,0.0,100.0,100.0,100.0,100.0,100.0,100.0,100.0,100.0,100.0,100.0,100.0,100.0],"cluster_post_filtering_doc_counts":[3,182,11,5,0,1,0,0,0,0,0,0,0,0,0,0,0,0],"tail_threshold":40,"tail_removal_rate":100.0,"tail_post_filtering_doc_counts":0,"global_removal_rate":44.505494505494504}