{"cluster_sizes":[1,2,3,4,5,6,7,8,9,10,11,12,13,14,15,16,18,19,22,23,24,25,28,30,35,36,37,38,39,41,58,66],"cluster_removal_rates":[99.6684350132626,70.80536912751678,47.20812182741117,77.19298245614034,96.875,75.0,66.66666666666666,42.10526315789473,100.0,100.0,100.0,100.0,100.0,100.0,100.0,100.0,100.0,100.0,50.0,100.0,100.0,100.0,100.0,100.0,100.0,100.0,100.0,100.0,100.0,100.0,100.0,0.0],"cluster_post_filtering_doc_counts":[5,87,104,13,1,6,8,11,0,0,0,0,0,0,0,0,0,0,1,0,0,0,0,0,0,0,0,0,0,0,0,1],"tail_threshold":122,"tail_removal_rate":100.0,"tail_post_filtering_doc_counts":0,"global_removal_rate":89.2663043478261}