{"cluster_sizes":[1,2,3,4,5,6,7,8,10,12,13,14,16,18,23,39,58,62,104,170],"cluster_removal_rates":[70.96774193548387,88.88888888888889,100.0,66.66666666666666,100.0,100.0,100.0,100.0,100.0,100.0,100.0,100.0,100.0,100.0,100.0,100.0,100.0,100.0,100.0,100.0],"cluster_post_filtering_doc_counts":[27,1,0,1,0,0,0,0,0,0,0,0,0,0,0,0,0,0,0,0],"tail_threshold":182,"tail_removal_rate":100.0,"tail_post_filtering_doc_counts":0,"global_removal_rate":80.13698630136986}