{"cluster_sizes":[1,2,3,4,5,6,7,8,9,10,11,12,13,14,15,16,17,18,19,20,21,22,24,25,26,28,30,31,32,33,34,35,36,37,38,39,40,41,42,45,46,49,75],"cluster_removal_rates":[99.81140971239981,100.0,99.39393939393939,97.14285714285714,100.0,100.0,97.95918367346938,100.0,96.42857142857143,91.30434782608695,100.0,100.0,100.0,87.5,100.0,100.0,100.0,100.0,100.0,100.0,100.0,100.0,100.0,100.0,100.0,100.0,100.0,100.0,100.0,100.0,0.0,100.0,100.0,100.0,100.0,100.0,100.0,100.0,100.0,100.0,100.0,100.0,100.0],"cluster_post_filtering_doc_counts":[4,0,1,3,0,0,1,0,1,2,0,0,0,1,0,0,0,0,0,0,0,0,0,0,0,0,0,0,0,0,1,0,0,0,0,0,0,0,0,0,0,0,0],"tail_threshold":125,"tail_removal_rate":100.0,"tail_post_filtering_doc_counts":0,"global_removal_rate":99.55947136563876}