{"cluster_sizes":[1,2,3,4,5,6,7,8,9,10,11,12,13,14,15,16,17,18,19,20,21,22,23,24,25,26,27,28,29,30,31,32,33,34,35,36,37,38,39,40,41,42,43,44,45,46,47,48,49,50,51,52,53,54,55,56,57,58,59,60,61,62,63,64,65,66],"cluster_removal_rates":[99.87667542920195,98.74774368231047,98.714859437751,97.40048740861089,97.87454639709694,98.31380394398398,98.21717990275528,98.62275449101796,98.08743169398907,97.90718835304823,98.79032258064517,98.6007462686567,99.12376779846659,99.56363636363636,99.33431952662723,98.95833333333334,99.76525821596243,98.92183288409704,98.91696750902527,98.41897233201581,99.06976744186046,99.05660377358491,96.91358024691358,100.0,99.12280701754386,96.09375,97.82608695652173,100.0,100.0,98.64864864864865,98.52941176470588,98.68421052631578,98.7012987012987,100.0,100.0,98.14814814814815,100.0,100.0,97.05882352941177,100.0,100.0,100.0,100.0,96.875,94.44444444444444,100.0,100.0,100.0,100.0,100.0,100.0,100.0,100.0,100.0,100.0,85.71428571428571,100.0,100.0,100.0,100.0,94.11764705882352,100.0,100.0,100.0,93.75,100.0],"cluster_post_filtering_doc_counts":[456,222,128,192,82,59,55,23,21,23,12,15,8,6,9,7,1,4,3,4,2,2,5,0,1,5,2,0,0,1,1,1,1,0,0,1,0,0,1,0,0,0,0,1,1,0,0,0,0,0,0,0,0,0,0,3,0,0,0,0,1,0,0,0,1,0],"tail_threshold":67,"tail_removal_rate":97.22222222222221,"tail_post_filtering_doc_counts":12,"global_removal_rate":99.6805982032485}