{"cluster_sizes":[1,2,3,4,5,6,7,8,9,10,11,12,13,14,15,16,17,18,19,20,21,22,23,24,25,26,27,28,29,30,31,32,33,34,35,36,37,38,39,40,41,42,43,44,45,46,47,48,49,50,51,52,53,54,55,56,57,58,59,60,61,62],"cluster_removal_rates":[38.3322990791363,29.14187221396731,27.712172621027655,27.883491231606534,27.64482849836875,28.319627435375956,30.362174068951386,32.540237928621416,30.820276497695854,29.94658615884812,35.09509875640088,40.922693266832916,44.48657187993681,45.72748267898383,46.30520332313074,50.43572984749455,58.42391304347826,61.662817551963045,62.58561643835616,66.08695652173913,65.90389016018307,65.8998646820027,70.11128775834659,73.87096774193549,68.4959349593496,69.38325991189427,69.92665036674816,74.48453608247422,65.49707602339181,72.18543046357617,70.37037037037037,70.44534412955466,73.36065573770492,82.93838862559242,73.26732673267327,75.0,75.2,75.51020408163265,73.68421052631578,72.5609756097561,70.44025157232704,68.05555555555556,78.98550724637681,74.82517482517483,74.60317460317461,68.0,72.93233082706767,79.41176470588235,74.76635514018692,72.82608695652173,69.89247311827957,76.11940298507463,66.66666666666666,80.26315789473685,68.18181818181817,80.35714285714286,67.85714285714286,58.82352941176471,76.36363636363637,74.0,61.111111111111114,70.83333333333334],"cluster_post_filtering_doc_counts":[680722,298047,130387,71554,41029,24319,13594,8676,7506,6033,3549,2369,1757,1410,1228,910,612,498,437,351,298,252,188,162,155,139,123,99,118,84,80,73,65,36,54,47,62,48,50,45,47,46,29,36,32,40,36,21,27,25,28,16,24,15,21,11,27,21,13,13,21,14],"tail_threshold":63,"tail_removal_rate":77.08437343984023,"tail_post_filtering_doc_counts":459,"global_removal_rate":34.51237703301299}