{"cluster_sizes":[1,2,3,4,5,6,7,8,9,10,11,12,13,14,15,16,17,18,19,20,21,22,23,24,25,26,27,28,29,30,31,32,33,34,35,36,37,38,39,40,41,42,43,44,45,46,47,48,49,50,51,52,53,54,55,56,57,58,59,60,61,62,63,64,65,66,67,68,69,70,71,72,73,74,75,76,77,78,79,80,81,82,83,84,85,86,87,88,89,90,91,92,93,94,95,96,97,98,99,100,101,102,103,104,105,106,107,108,109,110,111,112,113,114,115,116,117,118],"cluster_removal_rates":[60.507167811107095,52.65729265967588,44.968611521418026,45.483209837616265,41.73754556500607,38.024076380240764,39.45783132530121,40.77750206782465,46.26218851570964,51.10533159947984,51.18829981718464,51.69300225733634,50.0,53.11720698254364,56.559766763848394,53.17460317460318,61.78343949044586,63.83647798742138,73.9622641509434,61.711711711711715,54.02298850574713,49.34210526315789,52.02702702702703,40.54054054054054,48.97959183673469,50.505050505050505,55.434782608695656,58.75,65.82278481012658,66.66666666666666,62.5,65.95744680851064,67.79661016949152,67.6923076923077,58.490566037735846,67.24137931034483,58.82352941176471,65.51724137931035,67.14285714285714,62.16216216216216,60.810810810810814,70.4225352112676,55.38461538461539,58.333333333333336,60.256410256410255,69.56521739130434,60.86956521739131,67.14285714285714,61.97183098591549,77.5,62.96296296296296,65.07936507936508,61.111111111111114,54.285714285714285,54.285714285714285,53.086419753086425,52.702702702702695,71.62162162162163,61.53846153846154,53.57142857142857,58.2089552238806,57.14285714285714,70.76923076923077,56.33802816901409,62.5,58.18181818181818,62.903225806451616,71.9298245614035,66.0,61.111111111111114,67.85714285714286,60.37735849056604,58.92857142857143,70.0,60.0,57.99999999999999,71.42857142857143,67.3913043478261,62.22222222222222,50.0,57.14285714285714,56.75675675675676,53.125,61.76470588235294,57.57575757575758,60.0,66.66666666666666,61.29032258064516,52.63157894736842,51.724137931034484,62.5,63.63636363636363,69.23076923076923,65.0,57.14285714285714,43.75,75.0,40.0,52.94117647058824,55.55555555555556,76.92307692307693,57.14285714285714,72.72727272727273,75.0,83.33333333333334,70.0,40.0,75.0,50.0,20.0,83.33333333333334,50.0,66.66666666666666,0.0,20.0,33.33333333333333,0.0,50.0],"cluster_post_filtering_doc_counts":[32783,11919,5961,3458,1918,1493,1005,716,496,376,267,214,196,188,149,177,120,115,69,85,80,77,71,66,50,49,41,33,27,19,18,16,19,21,22,19,21,20,23,28,29,21,29,35,31,21,27,23,27,18,30,22,28,32,32,38,35,21,30,39,28,24,19,31,24,23,23,16,17,21,18,21,23,15,18,21,10,15,17,15,15,16,15,13,14,12,9,12,9,14,9,8,4,7,9,9,5,9,8,4,3,3,3,2,1,3,3,1,3,4,1,1,2,1,4,4,2,2],"tail_threshold":119,"tail_removal_rate":63.51351351351351,"tail_post_filtering_doc_counts":54,"global_removal_rate":55.833096398826655}