{"cluster_sizes":[1,2,3,4,5,6,7,8,9,10,11,12,13,14,15,16,17,18,19,20,21,22,23,24,25,26,27,28,29,30,31,32,33,34,35,36,37,38,39,40,41,42,43,44,45,47,48,49,53,54,55,56,57,60,61,62,66,68,70,71,74,77,78,84,85,86,89,94,96,100,105,111,115,116,118,120],"cluster_removal_rates":[97.67324228629236,94.77124183006535,93.12169312169311,94.88636363636364,84.68468468468468,86.48648648648648,84.90566037735849,91.83673469387756,100.0,96.7741935483871,95.55555555555556,95.45454545454545,97.67441860465115,100.0,100.0,96.875,100.0,100.0,100.0,100.0,100.0,90.0,100.0,100.0,100.0,100.0,100.0,100.0,100.0,100.0,100.0,100.0,100.0,80.0,100.0,100.0,100.0,75.0,100.0,66.66666666666666,100.0,75.0,100.0,100.0,100.0,100.0,100.0,100.0,100.0,100.0,100.0,100.0,100.0,100.0,100.0,100.0,100.0,100.0,100.0,100.0,100.0,100.0,100.0,100.0,100.0,100.0,100.0,100.0,100.0,100.0,100.0,100.0,100.0,100.0,100.0,100.0],"cluster_post_filtering_doc_counts":[46,16,13,9,17,10,8,4,0,1,2,2,1,0,0,1,0,0,0,0,0,1,0,0,0,0,0,0,0,0,0,0,0,1,0,0,0,1,0,1,0,1,0,0,0,0,0,0,0,0,0,0,0,0,0,0,0,0,0,0,0,0,0,0,0,0,0,0,0,0,0,0,0,0,0,0],"tail_threshold":126,"tail_removal_rate":100.0,"tail_post_filtering_doc_counts":0,"global_removal_rate":96.10726643598616}