{"cluster_sizes":[1,2,3,4,5,6,7,8,9,10,11,12,13,14,16,17,18,19,20,21,22,23,24,25,26,27,28,29,30,31,32,33,34,36,37,38,39,40,42],"cluster_removal_rates":[42.16725559481743,44.97041420118343,46.808510638297875,23.52941176470588,48.38709677419355,37.5,50.0,50.0,66.66666666666666,33.33333333333333,0.0,16.666666666666664,0.0,50.0,20.0,60.0,58.82352941176471,33.33333333333333,52.94117647058824,49.36708860759494,52.80898876404494,53.90070921985816,57.51633986928104,57.692307692307686,54.861111111111114,61.64383561643836,62.96296296296296,57.692307692307686,63.63636363636363,62.5,0.0,16.666666666666664,37.5,0.0,33.33333333333333,0.0,0.0,0.0,0.0],"cluster_post_filtering_doc_counts":[491,93,50,39,16,10,13,3,1,2,2,5,3,1,4,4,7,20,24,40,42,65,65,66,65,28,20,11,4,3,3,5,5,2,2,2,1,1,1],"tail_threshold":43,"tail_removal_rate":33.33333333333333,"tail_post_filtering_doc_counts":2,"global_removal_rate":47.775876817792984}