{"cluster_sizes":[1,2,3,4,5,6,8,9,16,26],"cluster_removal_rates":[10.948905109489052,3.225806451612903,16.666666666666664,100.0,100.0,0.0,0.0,0.0,100.0,100.0],"cluster_post_filtering_doc_counts":[122,30,10,0,0,1,1,1,0,0],"tail_threshold":27,"tail_removal_rate":0.0,"tail_post_filtering_doc_counts":1,"global_removal_rate":11.702127659574469}