{"cluster_sizes":[1,2,3,4,5,6,7,8,9,10,11,12,13,14,15,16,17,18,19,21,22],"cluster_removal_rates":[99.96632429701971,99.83922829581994,100.0,100.0,98.21428571428571,100.0,93.33333333333333,100.0,100.0,100.0,100.0,100.0,100.0,100.0,100.0,100.0,100.0,100.0,100.0,100.0,100.0],"cluster_post_filtering_doc_counts":[6,1,0,0,1,0,1,0,0,0,0,0,0,0,0,0,0,0,0,0,0],"tail_threshold":23,"tail_removal_rate":100.0,"tail_post_filtering_doc_counts":0,"global_removal_rate":99.95265649658074}