{"cluster_sizes":[1,2,3,4,5,6,7,8,9,10,11,12,13,14,15,16,17,18,19,21,22],"cluster_removal_rates":[84.76711026615969,76.89655172413794,66.43835616438356,83.63636363636363,76.07361963190185,83.33333333333334,80.85585585585585,82.71028037383178,79.56989247311827,81.00558659217877,73.23943661971832,79.41176470588235,54.54545454545454,72.72727272727273,46.15384615384615,50.0,20.0,75.0,0.0,66.66666666666666,100.0],"cluster_post_filtering_doc_counts":[641,67,49,18,39,49,85,74,76,34,19,7,5,3,7,1,4,1,4,1,0],"tail_threshold":26,"tail_removal_rate":57.14285714285714,"tail_post_filtering_doc_counts":3,"global_removal_rate":82.54411764705883}