{"cluster_sizes":[1,2,3,4,5,6,7,8,9,10,11,12,13,14,15,16,17,18,19,20,21,22,24,25,26,27,28,29,30,31,32,33,34,35,36,37,38,39,40,42,44,47,51,54,55,59,62,63,64,66,76,84,98,100,112,214,225],"cluster_removal_rates":[98.85222381635582,97.73755656108597,98.26589595375722,95.11111111111111,94.6236559139785,96.17834394904459,95.6140350877193,94.39252336448598,94.73684210526315,92.85714285714286,86.27450980392157,84.21052631578947,93.54838709677419,78.26086956521739,86.36363636363636,88.23529411764706,88.88888888888889,66.66666666666666,69.23076923076923,100.0,100.0,92.85714285714286,100.0,100.0,66.66666666666666,100.0,88.88888888888889,100.0,100.0,100.0,80.0,100.0,100.0,100.0,100.0,100.0,50.0,100.0,100.0,66.66666666666666,100.0,100.0,100.0,100.0,100.0,100.0,100.0,100.0,100.0,50.0,100.0,100.0,100.0,100.0,0.0,100.0,100.0],"cluster_post_filtering_doc_counts":[16,10,6,11,10,6,5,6,4,5,7,6,2,5,3,2,1,2,4,0,0,1,0,0,1,0,1,0,0,0,1,0,0,0,0,0,1,0,0,1,0,0,0,0,0,0,0,0,0,1,0,0,0,0,1,0,0],"tail_threshold":227,"tail_removal_rate":100.0,"tail_post_filtering_doc_counts":0,"global_removal_rate":96.56763772714162}