{"cluster_sizes":[1,2,3,4,5,6,7,9,14,17,18,19,20,21,22,23,24,25,26,27,28,29,30,31,32,33,34,35,36,37,38,39,41],"cluster_removal_rates":[68.96551724137932,67.4074074074074,69.56521739130434,50.0,25.0,66.66666666666666,100.0,100.0,100.0,100.0,30.0,36.84210526315789,54.285714285714285,50.943396226415096,43.75,58.139534883720934,50.877192982456144,61.05263157894737,57.831325301204814,51.66666666666667,72.97297297297297,76.47058823529412,90.0,100.0,100.0,0.0,50.0,0.0,0.0,0.0,0.0,0.0,0.0],"cluster_post_filtering_doc_counts":[63,44,14,1,3,1,0,0,0,0,7,12,16,26,36,36,56,37,35,29,10,4,1,0,0,1,1,4,2,5,3,4,1],"tail_threshold":46,"tail_removal_rate":50.0,"tail_post_filtering_doc_counts":1,"global_removal_rate":59.115523465703966}