{"cluster_sizes":[1,2,3,4,5,7,11,14,16,17,18,19,20,21,22,23,24,25,26,27,28,29,30,31,32,33,34,35,36,37,38,39,40],"cluster_removal_rates":[81.87830687830689,73.91304347826086,93.79310344827586,90.9090909090909,100.0,66.66666666666666,100.0,100.0,100.0,100.0,65.21739130434783,82.6086956521739,68.65671641791045,74.76635514018692,76.37795275590551,82.35294117647058,76.07361963190185,85.20710059171599,84.66257668711657,86.5979381443299,88.33333333333333,89.74358974358975,89.47368421052632,76.92307692307693,0.0,0.0,0.0,0.0,0.0,0.0,0.0,0.0,0.0],"cluster_post_filtering_doc_counts":[137,18,9,1,0,1,0,0,0,0,8,8,21,27,30,27,39,25,25,13,7,4,2,3,4,2,4,3,1,1,3,2,1],"tail_threshold":41,"tail_removal_rate":0.0,"tail_post_filtering_doc_counts":3,"global_removal_rate":81.15114235500879}