{"cluster_sizes":[1,2,3,4,5,6,9,15,17,18,19,20,21,22,23,24,25,26,27,28,29,30,31,32,33,34,35,36,37,38,39,40,41,43,46,48,49,65],"cluster_removal_rates":[91.32947976878613,63.63636363636363,0.0,14.285714285714285,100.0,100.0,100.0,0.0,0.0,12.5,0.0,6.666666666666667,0.0,0.0,10.714285714285714,3.125,3.7037037037037033,4.166666666666666,7.6923076923076925,0.0,0.0,0.0,0.0,100.0,0.0,25.0,0.0,0.0,0.0,0.0,0.0,0.0,0.0,0.0,0.0,0.0,0.0,100.0],"cluster_post_filtering_doc_counts":[60,4,1,6,0,0,0,1,2,7,3,14,34,22,25,31,26,23,12,11,6,3,3,0,1,3,2,1,2,3,2,1,4,2,1,1,1,0],"tail_threshold":68,"tail_removal_rate":0.0,"tail_post_filtering_doc_counts":1,"global_removal_rate":67.24845995893224}