{"cluster_sizes":[1,2,3,4,5,6,7,8,9,10,11,12,13],"cluster_removal_rates":[99.98258778149243,98.17449563384523,95.27946490351349,98.18157860060614,99.06351791530945,98.95498392282958,97.78823529411764,98.52760736196319,98.50863422291994,99.67141292442497,99.41775836972343,99.03100775193798,99.12790697674419],"cluster_post_filtering_doc_counts":[994,485,614,138,46,39,47,24,19,3,4,5,3],"tail_threshold":14,"tail_removal_rate":95.20514087988137,"tail_post_filtering_doc_counts":291,"global_removal_rate":99.95306335184088}