{"cluster_sizes":[1,2,3,4,5,6,7,8,9,10,11,12,13,14,15,16,17,18,19,20,21,22,23,26,27,31,32],"cluster_removal_rates":[72.53218884120172,81.17343649258542,22.448979591836736,33.33333333333333,7.142857142857142,40.0,16.666666666666664,100.0,50.0,60.0,100.0,50.0,80.0,85.71428571428571,100.0,66.66666666666666,66.66666666666666,50.0,100.0,75.0,60.0,50.0,100.0,100.0,0.0,100.0,100.0],"cluster_post_filtering_doc_counts":[64,292,38,20,13,6,5,0,2,2,0,2,1,1,0,1,1,1,0,1,2,2,0,0,2,0,0],"tail_threshold":39,"tail_removal_rate":100.0,"tail_post_filtering_doc_counts":0,"global_removal_rate":76.79389312977099}