{"cluster_sizes":[1,2,3,4,5,6,7,8,9,10,11,12,13,14,15,16,17,18,19,20,21,22,23,24,25,26,27,28,29,30,31,32,33,34,35,36,37,38,39,40,41,42,43,44,45,46,47,48,49,50,51,52,53,54,55,56,57,58,59,60,61,62,63,64,65,66,67,68,69,70,71,72,73,74,75,76,77,78,79,80,81,82,83,84,85,86,87,88,89,90,91,92,93,94,95,96,97,98,99,100,101,102,103,104,105,106,107,108,109,110,111,112,113,114,115,116,117,118,119,120,121,122,123,124,125,126,127,129,130,131,132,133,134,136,138,139,140,141,142,143,145,146,147,148,150,152,153,154,155,156,158,159,160,161,162,163,164,165,166,167,168,169,170,171,172,173,180,181,182,183,185,189,190,193,194,195,197,199,203,204,205,207,208,209,210],"cluster_removal_rates":[99.41089393069696,98.98755121336275,97.97361386565491,98.71318652162377,98.1305114638448,98.71708305199189,98.59775641025641,97.98216799624589,98.31426851294401,98.19034852546918,98.0453972257251,99.45333853963295,99.56597222222221,98.50615114235501,97.97687861271676,98.30795262267344,98.50746268656717,95.92274678111588,98.29683698296837,93.81443298969072,95.0,90.28571428571428,91.3157894736842,89.44444444444444,90.71207430340557,93.77431906614785,89.21161825726142,90.68627450980392,95.23809523809523,94.9367088607595,96.07843137254902,93.33333333333333,92.69662921348315,93.87755102040816,93.44262295081968,95.40816326530613,92.85714285714286,91.7910447761194,91.58878504672897,93.87755102040816,91.42857142857143,92.85714285714286,96.7741935483871,92.42424242424242,96.22641509433963,95.1219512195122,83.33333333333334,95.23809523809523,89.74358974358975,94.87179487179486,95.0,100.0,96.42857142857143,100.0,100.0,100.0,95.23809523809523,100.0,100.0,100.0,100.0,100.0,100.0,100.0,93.75,100.0,100.0,100.0,100.0,92.85714285714286,100.0,100.0,100.0,100.0,100.0,100.0,90.9090909090909,100.0,100.0,100.0,100.0,100.0,100.0,100.0,100.0,100.0,100.0,100.0,77.77777777777779,100.0,100.0,100.0,66.66666666666666,100.0,100.0,100.0,100.0,80.0,100.0,100.0,100.0,100.0,100.0,100.0,100.0,100.0,100.0,100.0,100.0,100.0,100.0,100.0,100.0,100.0,100.0,100.0,100.0,100.0,100.0,100.0,83.33333333333334,100.0,100.0,100.0,100.0,100.0,100.0,100.0,100.0,100.0,100.0,100.0,100.0,100.0,50.0,100.0,100.0,100.0,66.66666666666666,100.0,100.0,100.0,100.0,100.0,100.0,100.0,100.0,100.0,100.0,100.0,100.0,100.0,100.0,100.0,100.0,100.0,100.0,100.0,100.0,100.0,100.0,100.0,100.0,100.0,100.0,100.0,100.0,100.0,100.0,100.0,100.0,100.0,100.0,100.0,100.0,100.0,100.0,100.0,100.0,100.0,100.0,100.0,100.0,100.0,100.0],"cluster_post_filtering_doc_counts":[585,257,235,97,106,57,35,43,28,27,31,14,10,17,14,10,7,19,7,24,19,34,33,38,30,16,26,19,8,8,6,11,13,12,12,9,12,11,9,6,6,5,2,5,2,2,5,2,4,2,1,0,1,0,0,0,1,0,0,0,0,0,0,0,1,0,0,0,0,1,0,0,0,0,0,0,1,0,0,0,0,0,0,0,0,0,0,0,2,0,0,0,2,0,0,0,0,1,0,0,0,0,0,0,0,0,0,0,0,0,0,0,0,0,0,0,0,0,0,0,1,0,0,0,0,0,0,0,0,0,0,0,0,0,1,0,0,0,1,0,0,0,0,0,0,0,0,0,0,0,0,0,0,0,0,0,0,0,0,0,0,0,0,0,0,0,0,0,0,0,0,0,0,0,0,0,0,0,0,0,0,0,0,0,0],"tail_threshold":213,"tail_removal_rate":99.4413407821229,"tail_post_filtering_doc_counts":1,"global_removal_rate":98.87574926685396}