{"cluster_sizes":[1,2,3,4,5,6,7,8,9,10,11,12,13,14,15,16,17,18,19,20,21,22,23,24,25,26,27,28,29,30,31,32,33,34,35,36,37,38,39,40,41,42,43,44,45,46,47,48,49,50,51,52,53,54,55,56,57,58,59,60,61,62,63,64,65,66,67,68,69,70,71,72,73,74,75,76,77,78,79,80,81,82,83,84,85,86,87,88,89,90,91,92,93,94,95,96,97,98,99,100,101,102,103,104,105,106,107,108,109,110,111,112,113,114,115,116,117,118,119,120,121,122,123,124],"cluster_removal_rates":[58.311629861770676,49.40620527777275,50.7990189447186,52.32778655759041,53.73012693896156,55.19458620922233,55.581321808790975,57.1990441103256,59.39385532977322,61.48576145274453,62.753760387083204,65.0849285521704,66.88978829389788,66.4726631393298,65.72961373390558,68.69477404695785,70.30839895013123,69.32092381937262,66.47875108412836,69.87522281639929,73.73920945024989,70.86785870039249,69.29321872015282,65.61135371179039,67.02833031946956,67.38562091503269,66.4174031271244,67.04464918497519,65.06410256410257,71.0727969348659,71.42857142857143,71.96969696969697,75.82562747688243,79.00146842878121,79.55223880597015,78.19672131147541,76.42725598526704,80.83333333333333,78.17371937639199,82.39795918367348,78.23834196891191,84.22459893048129,85.09485094850947,81.70731707317073,80.23598820058997,87.6923076923077,84.10596026490066,85.57046979865773,84.4621513944223,83.40080971659918,87.08333333333333,89.22413793103449,85.39823008849558,84.64730290456431,85.77981651376146,82.38095238095238,89.0995260663507,85.71428571428571,83.08457711442786,86.28571428571429,84.93150684931507,87.43455497382199,88.52459016393442,83.44370860927152,89.72602739726028,84.70588235294117,86.95652173913044,85.9375,84.34782608695653,87.70491803278688,82.45614035087719,83.47826086956522,84.42622950819673,86.23853211009175,78.33333333333333,87.87878787878788,77.45098039215686,83.03571428571429,84.82142857142857,87.36842105263159,89.24731182795699,85.0574712643678,87.01298701298701,82.05128205128204,80.55555555555556,86.07594936708861,81.81818181818183,84.375,87.93103448275862,86.27450980392157,86.07594936708861,84.31372549019608,93.87755102040816,94.33962264150944,91.30434782608695,78.04878048780488,83.78378378378379,87.2340425531915,94.87179487179486,79.59183673469387,87.8048780487805,88.23529411764706,87.8048780487805,96.875,75.0,88.46153846153845,81.3953488372093,80.0,94.44444444444444,93.93939393939394,89.65517241379311,90.32258064516128,100.0,78.57142857142857,78.57142857142857,93.33333333333333,79.16666666666666,89.47368421052632,84.61538461538461,86.66666666666667,94.73684210526315,86.36363636363636,88.46153846153845,69.23076923076923],"cluster_post_filtering_doc_counts":[503894,195501,83652,51281,33498,19929,12642,8597,5855,4666,3541,2590,2127,1901,1597,1240,905,890,773,676,578,668,643,630,547,499,494,465,436,302,262,222,183,143,137,133,128,92,98,69,84,59,55,60,67,40,48,43,39,41,31,25,33,37,31,37,23,25,34,24,22,24,21,25,15,26,18,18,18,15,20,19,19,15,26,12,23,19,17,12,10,13,10,14,14,11,12,10,7,7,11,8,3,3,4,9,6,6,2,10,5,6,5,1,7,3,8,7,2,2,3,3,0,6,6,2,5,2,4,4,1,3,3,8],"tail_threshold":125,"tail_removal_rate":91.1873840445269,"tail_post_filtering_doc_counts":190,"global_removal_rate":56.04319886104137}