{"cluster_sizes":[1,2,3,4,5,6,7,8,9,10,11,12,13,14,15,16,17,18,19,20,21,22,23,24,25,26,27,28,29,30,31,32,33,34,35,36,37,38,39,40,41,42,43,44,45,46,47,48,49,50,51,52,53,54,55,56,57,58,59,60,61,62,63,64,65,66,67,68,69,70,71,72,73,74,75,76,77,78,79,80,81,82,83,84,85,86,87,88,89,90,91,92,93,94,95,96,97,98,99,100,101,102,103,104,105,106,107,108,109,110,111,112,113,114,115,116,117,118],"cluster_removal_rates":[96.88143195787023,96.66367360682418,97.03246940938433,96.82652121555572,95.72234874740073,96.50036153289949,95.37398085785182,96.00518246599007,96.91470054446461,96.38746803069054,96.84055841293167,97.82115297321835,97.60692464358452,97.00831024930748,97.80935464772055,97.72296015180265,97.70290964777948,97.1563981042654,96.73659673659674,96.93877551020408,96.5625,97.81144781144782,96.63865546218487,97.9035639412998,98.66310160427807,97.78393351800554,96.75675675675676,97.8021978021978,97.60479041916167,96.3076923076923,97.24137931034483,96.21451104100946,95.84664536741214,96.26865671641791,98.22695035460993,96.57794676806084,95.76271186440678,97.9253112033195,96.55172413793103,96.4824120603015,99.37106918238993,98.71794871794873,95.58823529411765,96.09375,99.00990099009901,95.34883720930233,98.82352941176471,97.05882352941177,100.0,97.36842105263158,98.46153846153847,100.0,98.0,94.11764705882352,100.0,100.0,97.72727272727273,100.0,97.2972972972973,100.0,97.14285714285714,100.0,97.14285714285714,100.0,100.0,100.0,96.42857142857143,100.0,96.29629629629629,96.15384615384616,100.0,95.0,88.88888888888889,100.0,100.0,100.0,100.0,94.73684210526315,100.0,92.85714285714286,100.0,90.9090909090909,95.45454545454545,100.0,100.0,100.0,100.0,100.0,91.66666666666666,100.0,100.0,100.0,100.0,100.0,100.0,100.0,90.0,100.0,100.0,100.0,100.0,100.0,75.0,100.0,80.0,100.0,100.0,100.0,100.0,80.0,100.0,100.0,100.0,100.0,100.0,100.0,100.0,100.0],"cluster_post_filtering_doc_counts":[4394,1189,616,448,432,242,261,185,119,113,86,48,47,54,37,36,30,30,28,21,22,13,16,10,5,8,12,8,8,12,8,12,13,10,5,9,10,5,7,7,1,2,6,5,1,4,1,2,0,2,1,0,1,3,0,0,1,0,1,0,1,0,1,0,0,0,1,0,1,1,0,1,2,0,0,0,0,1,0,1,0,1,1,0,0,0,0,0,1,0,0,0,0,0,0,0,1,0,0,0,0,0,1,0,1,0,0,0,0,1,0,0,0,0,0,0,0,0],"tail_threshold":119,"tail_removal_rate":97.46376811594203,"tail_post_filtering_doc_counts":7,"global_removal_rate":96.80133686486008}