{"cluster_sizes":[1,2,3,4,5,6,7,8,9,10,11,12,13,14,15,16,17,19,20,22,23,24,25,26,27,33,35,36,37,38,39,40,42,48,61,62,70,83,437,532,644],"cluster_removal_rates":[87.25761772853186,74.22680412371135,66.66666666666666,67.64705882352942,80.0,100.0,100.0,85.71428571428571,80.0,100.0,100.0,100.0,100.0,100.0,100.0,100.0,100.0,100.0,100.0,100.0,100.0,50.0,100.0,100.0,0.0,100.0,100.0,100.0,100.0,100.0,100.0,100.0,100.0,100.0,100.0,100.0,100.0,100.0,100.0,100.0,100.0],"cluster_post_filtering_doc_counts":[92,25,21,11,3,0,0,1,1,0,0,0,0,0,0,0,0,0,0,0,0,1,0,0,1,0,0,0,0,0,0,0,0,0,0,0,0,0,0,0,0],"tail_threshold":1184,"tail_removal_rate":100.0,"tail_post_filtering_doc_counts":0,"global_removal_rate":84.765625}