{"cluster_sizes":[1,2,3,4,5,6,7,8,9,10,11,12,13,14,15,16,17,18,19,20,21,22,23,24,25,26,27,28,29,30,31,32,33,34,35,36,37,38,39,40,41,42,43,44,45,46,47,48,49,50,51,52,53,54,55,56,57,58,59,60,61,62,63,64,65,66,67,68,69,70,71,72,73,74,75,76,77,78,79,80,81,82,83,84,85,86,87,88,89,90,91,92,93,94,95,96,97],"cluster_removal_rates":[98.00632274099233,90.18992057355733,87.80918727915194,85.19631869391209,85.6276531231049,85.1646804916956,84.23750175045512,85.30502435832183,86.26082526744779,87.2979653926602,87.32357092448837,89.26935886761032,88.35656213704995,89.10081743869209,88.2514817950889,88.39631782945736,87.6703645007924,87.1510152284264,86.21722846441948,87.32010890704007,87.98670465337132,89.13153885220925,89.20704845814979,90.29443838604145,88.73904248145651,83.13588850174216,79.91422444603288,71.09322602280349,67.24367509986683,70.67092651757189,75.39808917197452,85.17241379310346,89.96138996138995,89.85365853658537,88.48996832101372,87.90170132325142,85.98598598598599,84.73118279569893,86.19528619528619,87.30606488011283,87.06467661691542,89.02195608782435,88.98678414096916,90.8466819221968,92.6027397260274,94.78827361563518,94.13919413919413,92.82868525896414,95.47169811320755,95.43726235741445,95.2191235059761,94.65020576131687,94.49152542372882,92.01877934272301,89.52879581151832,86.85446009389672,87.37373737373737,82.95964125560538,84.5771144278607,87.192118226601,88.77005347593582,89.47368421052632,93.58974358974359,89.6969696969697,91.17647058823529,92.63803680981594,90.2439024390244,97.40259740259741,92.4812030075188,90.32258064516128,93.33333333333333,94.01197604790418,92.36111111111111,93.23308270676691,89.25619834710744,83.65384615384616,84.90566037735849,90.42553191489363,89.65517241379311,89.24731182795699,83.33333333333334,85.71428571428571,89.74358974358975,86.91588785046729,88.57142857142857,88.60759493670885,83.78378378378379,74.57627118644068,94.44444444444444,85.9375,86.56716417910447,94.82758620689656,90.625,87.5,92.98245614035088,95.65217391304348,87.5],"cluster_post_filtering_doc_counts":[64943,34892,20562,16793,10428,7905,5628,4042,2697,2004,1437,1031,802,640,555,479,389,405,368,326,253,214,196,178,167,242,281,431,492,459,309,172,104,104,109,128,140,142,123,90,78,55,50,40,27,16,16,18,12,12,12,13,13,17,20,28,25,38,31,26,21,16,10,17,12,12,12,4,10,15,11,10,11,9,13,17,16,9,9,10,12,13,8,14,8,9,12,15,3,9,9,3,6,7,4,2,7],"tail_threshold":98,"tail_removal_rate":96.06410558567052,"tail_post_filtering_doc_counts":167,"global_removal_rate":95.68721916407617}