{"cluster_sizes":[1,2,3,4,7,10,13,19,20,21,22,23,24,26,29],"cluster_removal_rates":[86.8421052631579,91.66666666666666,100.0,100.0,0.0,100.0,100.0,100.0,100.0,100.0,100.0,100.0,100.0,100.0,100.0],"cluster_post_filtering_doc_counts":[5,1,0,0,1,0,0,0,0,0,0,0,0,0,0],"tail_threshold":38,"tail_removal_rate":100.0,"tail_post_filtering_doc_counts":0,"global_removal_rate":91.56626506024097}