{"cluster_sizes":[1,2,3,4,5,6,7,8,9,10,11,12,13,14,15,16,17,18,19,20,21,22,23,24,25,26,27,28,29,30,31,32,33,34,35,36,37,38,39,40,41,42,43,44,45,46,47,48,49,50,51,52,53,54,55,56,57,58,59,60,61,62,63,64,65,66,67,68,69,70,71,72,73,74,75,76,77,78,79,80,81,82,83,84,85,86,87,88,89,90,91,92,93,94],"cluster_removal_rates":[53.15288799332858,41.54544607934439,35.630439841750054,36.19678416113527,32.97598627787307,33.2838086625109,25.014647596071,22.399002305279467,22.074646074646076,24.755316800353228,30.085106382978722,30.916428013538138,27.44156260006404,30.05090054815975,36.18300653594771,39.650711513583445,41.09529969814575,43.35664335664335,47.30061349693251,50.867453157529496,50.67024128686327,52.14211076280042,54.23529411764706,55.63689604685212,56.38977635782748,52.92096219931272,56.830601092896174,58.21205821205822,55.125284738041,56.48854961832062,56.779661016949156,60.54054054054055,58.17610062893082,63.17460317460317,65.3179190751445,58.71212121212122,60.08230452674898,56.17021276595745,58.048780487804876,58.16326530612245,52.54237288135594,54.54545454545454,60.09852216748769,51.17647058823529,60.66666666666667,66.9172932330827,60.71428571428571,59.48275862068966,60.83333333333333,62.92134831460674,65.38461538461539,61.0,75.0,69.3069306930693,62.745098039215684,58.69565217391305,73.33333333333333,77.33333333333333,60.256410256410255,61.627906976744185,64.1025641025641,69.23076923076923,63.76811594202898,69.11764705882352,56.92307692307692,64.51612903225806,60.0,60.86956521739131,66.12903225806451,76.92307692307693,60.65573770491803,77.77777777777779,71.1864406779661,59.57446808510638,56.36363636363636,71.1864406779661,60.71428571428571,60.86956521739131,57.99999999999999,63.1578947368421,52.27272727272727,57.14285714285714,57.14285714285714,68.29268292682927,64.0,69.6969696969697,58.97435897435898,63.41463414634146,67.85714285714286,63.33333333333333,56.75675675675676,60.0,55.55555555555556,72.72727272727273],"cluster_post_filtering_doc_counts":[248300,125537,69149,44601,29697,20656,21757,20534,15137,10225,6572,5307,4532,3573,2441,1866,1366,1134,859,708,552,458,389,303,273,274,237,201,197,171,153,146,133,116,120,109,97,103,86,82,84,100,81,83,59,44,44,47,47,33,36,39,22,31,38,38,24,17,31,33,28,28,25,21,28,22,32,27,21,15,24,14,17,19,24,17,22,18,21,21,21,15,18,13,18,10,16,15,9,11,16,12,8,6],"tail_threshold":95,"tail_removal_rate":76.92967409948542,"tail_post_filtering_doc_counts":269,"global_removal_rate":44.031206929120636}