{"cluster_sizes":[1,2,3,4,5,6,7,8,9,10,11,12,13,14,15,16,17,18,19,20,21,22],"cluster_removal_rates":[99.97803709863484,98.48730729106295,95.75982667904674,93.82638671262927,90.57443365695794,87.614399023795,87.32283464566929,84.5679012345679,80.58252427184466,79.84189723320159,80.27095681625741,73.81183317167799,73.32521315468941,73.49926793557833,75.1503006012024,75.0,81.06060606060606,89.86784140969164,82.91457286432161,81.02189781021897,88.59649122807018,87.61061946902655],"cluster_post_filtering_doc_counts":[400,261,274,197,233,203,161,150,200,306,233,270,219,181,124,90,50,23,34,26,13,14],"tail_threshold":23,"tail_removal_rate":86.47242455775233,"tail_post_filtering_doc_counts":260,"global_removal_rate":99.78966133436876}