{"cluster_sizes":[1,2,3,4,5,6,7,8,9,10,11,12,13,14,15,16,17,18,19,20,21,22,23,24,25,26,27,28,29,30,31,32,33,34,35,36,37,38,39,40,41,42,43,44,48,49,50,60,62,64,89,106,110,132,138],"cluster_removal_rates":[89.38600666349357,47.241379310344826,44.66019417475729,50.733137829912025,52.916666666666664,76.2135922330097,59.183673469387756,63.63636363636363,62.88659793814433,58.44155844155844,91.22807017543859,82.6086956521739,68.75,94.44444444444444,87.5,91.66666666666666,100.0,75.0,75.0,75.0,75.0,100.0,50.0,66.66666666666666,70.0,100.0,100.0,75.0,100.0,100.0,100.0,100.0,100.0,75.0,66.66666666666666,55.55555555555556,75.0,100.0,66.66666666666666,50.0,100.0,100.0,100.0,100.0,100.0,100.0,100.0,100.0,100.0,100.0,100.0,100.0,100.0,100.0,100.0],"cluster_post_filtering_doc_counts":[446,612,285,168,113,49,40,40,36,32,5,8,5,1,2,1,0,2,3,2,1,0,4,1,3,0,0,1,0,0,0,0,0,1,2,4,1,0,2,1,0,0,0,0,0,0,0,0,0,0,0,0,0,0,0],"tail_threshold":163,"tail_removal_rate":100.0,"tail_post_filtering_doc_counts":0,"global_removal_rate":74.60295914212026}