{"cluster_sizes":[1,2,3,4,5,6,7,8,9,10,11,12,13,14,15,16,17,18,19,20,21,22,23,24,25,26,27,28,29,30,31,32,33,34,35,36,37,38,39,40,41,42,43,44,45,46,47,48,49,50,51,52,53,54,55,56,57,58,59,60,61,62,63,64,65,66,67,68,69,70,71,72,73,74,75,76,77,78,79,80,81,82,83,84,85,86,87,88,89,90,91,92,93,94,95,96,97,98,99,100,101,102,103,104,105,106,107,108,109,110,111,112,113,114,115,116,117,118,119,120,121,122,123,124,125,126,127,128,129,130,131,132,133,134,135,136,137,138,139,140,141,142,143,144,145,146,147,148,149,150,151,152,153,154,155,156,157,158,159,160,161,162,163,164,165,166,167,168,169,170,171,172,173,174,175,176,177,178,179,180,181,182,183,184,185,186,187,188,189,190,191,192,193,194,195,196,197,198,199,200,201,202,203,204],"cluster_removal_rates":[99.99682820698223,99.99208148538663,99.99061324632784,99.99150764181584,99.99213916816677,99.99447075443791,99.99134356167094,99.99301163562669,99.99327159512129,99.99627352338364,99.99268638295928,99.9947218967392,99.99317191746215,99.99383211003516,99.99139059163853,100.0,99.99299409168398,99.99240063834638,99.98545412230175,99.99373374690603,99.9895335449883,99.9922756063649,99.9957940780619,99.9955656068467,100.0,100.0,99.99403839275068,99.97490432273041,99.98682997497696,99.99348236981034,99.97267386254953,99.96472414279667,99.98507017020006,99.96916197671729,99.96050864860595,99.9840612049729,99.9827853331038,100.0,99.96817651426753,100.0,100.0,100.0,100.0,100.0,100.0,100.0,100.0,100.0,100.0,99.97331910352187,99.97031760166222,99.96904982977406,100.0,100.0,100.0,100.0,100.0,100.0,100.0,100.0,100.0,100.0,100.0,99.9113867966327,100.0,100.0,100.0,100.0,99.94663820704376,100.0,100.0,100.0,100.0,100.0,100.0,100.0,100.0,100.0,100.0,100.0,100.0,100.0,100.0,100.0,100.0,99.90319457889642,100.0,100.0,100.0,100.0,100.0,100.0,100.0,100.0,100.0,100.0,100.0,100.0,100.0,100.0,100.0,100.0,100.0,100.0,100.0,100.0,100.0,99.83388704318938,100.0,100.0,100.0,100.0,100.0,100.0,100.0,100.0,99.78632478632478,100.0,100.0,100.0,100.0,100.0,100.0,100.0,100.0,100.0,100.0,100.0,100.0,100.0,100.0,100.0,100.0,100.0,100.0,100.0,100.0,100.0,100.0,100.0,100.0,100.0,100.0,100.0,100.0,100.0,100.0,100.0,100.0,100.0,100.0,100.0,100.0,100.0,100.0,100.0,100.0,100.0,100.0,100.0,100.0,100.0,100.0,100.0,100.0,100.0,100.0,100.0,100.0,100.0,100.0,100.0,100.0,100.0,100.0,100.0,100.0,100.0,100.0,100.0,100.0,100.0,100.0,100.0,100.0,100.0,100.0,100.0,100.0,100.0,100.0,100.0,100.0,100.0,100.0,100.0,100.0,100.0,100.0,100.0,100.0,100.0,100.0,100.0],"cluster_post_filtering_doc_counts":[601,225,116,65,40,20,21,14,11,5,8,5,5,4,5,0,3,3,5,2,3,2,1,1,0,0,1,4,2,1,4,5,2,4,5,2,2,0,3,0,0,0,0,0,0,0,0,0,0,1,1,1,0,0,0,0,0,0,0,0,0,0,0,2,0,0,0,0,1,0,0,0,0,0,0,0,0,0,0,0,0,0,0,0,0,1,0,0,0,0,0,0,0,0,0,0,0,0,0,0,0,0,0,0,0,0,0,1,0,0,0,0,0,0,0,0,1,0,0,0,0,0,0,0,0,0,0,0,0,0,0,0,0,0,0,0,0,0,0,0,0,0,0,0,0,0,0,0,0,0,0,0,0,0,0,0,0,0,0,0,0,0,0,0,0,0,0,0,0,0,0,0,0,0,0,0,0,0,0,0,0,0,0,0,0,0,0,0,0,0,0,0,0,0,0,0,0,0,0,0,0,0,0,0],"tail_threshold":205,"tail_removal_rate":100.0,"tail_post_filtering_doc_counts":0,"global_removal_rate":99.9954413062524}