{"cluster_sizes":[1,2,3,4,5,6,7,8,9,10,11,12,13,14,15,16,17,18,19,20,21,22,23,24,25,26,27,28,29,30,31,32,33,34,35,36,37,38,39,40,41,42,43,44,45,46,47,48,49,50,51,52,53,54,55,56,57,58,59,60,61,62,63,64,65,66,67,68,69,70,71,72,73,74,75,76,77,78,79,80,81,82,86,87,88,89,90,91,92,93,94,95,96,97,99,100,104,105,106,108,109,110,111,112,114,116],"cluster_removal_rates":[99.34195912927588,98.94256455921638,99.15806626833242,99.00771775082691,99.22178988326849,99.85549132947978,99.57446808510639,99.3975903614458,99.59514170040485,100.0,100.0,100.0,100.0,98.52941176470588,98.24561403508771,97.95918367346938,98.36065573770492,92.45283018867924,97.82608695652173,97.5,100.0,100.0,100.0,100.0,100.0,100.0,100.0,100.0,100.0,96.875,100.0,100.0,100.0,100.0,100.0,100.0,100.0,100.0,100.0,100.0,100.0,88.88888888888889,100.0,87.5,100.0,100.0,100.0,100.0,100.0,100.0,100.0,100.0,100.0,100.0,100.0,100.0,100.0,100.0,100.0,80.0,100.0,100.0,100.0,100.0,100.0,100.0,100.0,100.0,100.0,100.0,100.0,100.0,100.0,100.0,100.0,100.0,100.0,100.0,100.0,100.0,100.0,100.0,100.0,100.0,100.0,100.0,100.0,100.0,100.0,100.0,100.0,100.0,100.0,100.0,100.0,100.0,100.0,100.0,100.0,100.0,100.0,100.0,100.0,100.0,100.0,100.0],"cluster_post_filtering_doc_counts":[474,95,31,18,8,1,2,2,1,0,0,0,0,1,1,1,1,4,1,1,0,0,0,0,0,0,0,0,0,1,0,0,0,0,0,0,0,0,0,0,0,1,0,1,0,0,0,0,0,0,0,0,0,0,0,0,0,0,0,1,0,0,0,0,0,0,0,0,0,0,0,0,0,0,0,0,0,0,0,0,0,0,0,0,0,0,0,0,0,0,0,0,0,0,0,0,0,0,0,0,0,0,0,0,0,0],"tail_threshold":121,"tail_removal_rate":100.0,"tail_post_filtering_doc_counts":0,"global_removal_rate":99.29052310192965}