{"cluster_sizes":[1,2,3,4,5,6,7,8,9,10,11,12,13,14,15,16,17,18,19,20,21,22,23,24,25,26,27,28,29,30,31,32,33,34,35,36,37,38,39,40,41,42,43,44,45,46,47,48,49,50,51,52,53,54,55,56,57,58,59,60,61,62,63,64,65,66,67,68,69,70,71,72,73,74,75,76,77,78,79,80,81,82,83,84,85,86,87,88,89,90,91,92,93,94,95,96,97,98,99,100,101,102,103,104,105,106,108,109,110,111,112,113,114,115,116,117,119,120,122,123,124,125,126,127,128,129,130,131,132],"cluster_removal_rates":[99.8422211194666,97.62698568346735,96.11011370436864,94.56270245256826,96.58430232558139,98.58605558264262,98.13664596273291,98.38187702265373,97.04198473282443,96.17021276595744,97.36024844720497,98.4251968503937,97.76119402985076,80.42328042328042,59.28411633109619,79.42857142857143,95.14563106796116,96.1352657004831,93.69369369369369,97.32620320855615,97.54601226993866,98.50746268656717,98.4251968503937,100.0,96.73913043478261,98.38709677419355,100.0,100.0,100.0,100.0,100.0,100.0,98.63013698630137,100.0,98.11320754716981,100.0,100.0,100.0,100.0,100.0,100.0,100.0,100.0,100.0,100.0,100.0,100.0,100.0,100.0,100.0,100.0,100.0,100.0,100.0,100.0,100.0,100.0,100.0,100.0,100.0,100.0,100.0,100.0,100.0,100.0,100.0,100.0,80.0,100.0,100.0,100.0,100.0,100.0,100.0,100.0,100.0,100.0,100.0,100.0,100.0,100.0,100.0,100.0,100.0,100.0,100.0,100.0,100.0,100.0,100.0,100.0,100.0,100.0,100.0,100.0,100.0,100.0,100.0,100.0,100.0,100.0,100.0,100.0,100.0,100.0,100.0,100.0,100.0,100.0,100.0,100.0,100.0,100.0,100.0,100.0,100.0,100.0,100.0,100.0,100.0,100.0,100.0,100.0,100.0,100.0,100.0,100.0,100.0,100.0],"cluster_post_filtering_doc_counts":[248,363,260,235,94,29,30,20,31,36,17,8,9,74,182,72,10,8,14,5,4,2,2,0,3,2,0,0,0,0,0,0,1,0,1,0,0,0,0,0,0,0,0,0,0,0,0,0,0,0,0,0,0,0,0,0,0,0,0,0,0,0,0,0,0,0,0,1,0,0,0,0,0,0,0,0,0,0,0,0,0,0,0,0,0,0,0,0,0,0,0,0,0,0,0,0,0,0,0,0,0,0,0,0,0,0,0,0,0,0,0,0,0,0,0,0,0,0,0,0,0,0,0,0,0,0,0,0,0],"tail_threshold":133,"tail_removal_rate":99.0,"tail_post_filtering_doc_counts":2,"global_removal_rate":99.11500870935842}