{"cluster_sizes":[1,2,3,4,5,6,7,8,9,10,11,12,13,14,15,16,17,18,19,20,21,22,23,24,25,26,27,28,29,30,31,32,33,34,35,36,37,38,39,40,41,42,43,44,45,46,47,48,49,50,51,52,53,54,55,56,57,58,59,60,61,62,63,64,65,66,67,68,69,70,71,72,73,74,75,76,77,78,79,80,81,82,83,84,85,86,87,88,89,90,91,92,93,94,95,96,97,98,99,100,101,102,103,104,105,106,107,108,109,110,111,112,113,114,115,116,117,118,119,120,121,122,123,124,125,126,127,128,129,130,131,132,133,134,135,136,137,138,139],"cluster_removal_rates":[99.64574216403732,99.44281379035868,99.08135729459723,98.62823750804735,98.22434957152784,97.60379858657244,96.20292561469032,96.61583455191143,97.55016940317957,96.10054785691267,95.36321483771252,96.15027829313544,94.76439790575915,95.48213081591369,94.2232630757221,91.67381974248927,90.0695134061569,89.14893617021276,88.76543209876543,91.72714078374456,91.29032258064517,95.59859154929578,94.74747474747474,95.21829521829522,95.30026109660574,93.42857142857143,95.30201342281879,95.30685920577618,94.8936170212766,93.54838709677419,92.17391304347827,95.45454545454545,92.3076923076923,88.8268156424581,93.15068493150685,96.88888888888889,96.15384615384616,95.83333333333334,96.58119658119658,97.74436090225564,97.2,96.8609865470852,96.1038961038961,93.19727891156462,86.40776699029125,89.13043478260869,86.48648648648648,92.0,95.52238805970148,93.54838709677419,86.88524590163934,89.83050847457628,88.88888888888889,86.53846153846155,93.93939393939394,94.82758620689656,90.56603773584906,94.91525423728814,89.79591836734694,90.38461538461539,94.11764705882352,89.79591836734694,80.64516129032258,91.66666666666666,93.47826086956522,86.66666666666667,88.63636363636364,100.0,84.61538461538461,80.76923076923077,78.37837837837837,93.75,71.7948717948718,92.5925925925926,89.1891891891892,89.47368421052632,84.0,85.71428571428571,72.0,91.66666666666666,80.0,72.41379310344827,86.36363636363636,85.71428571428571,86.95652173913044,90.47619047619048,89.28571428571429,78.94736842105263,72.0,85.0,79.3103448275862,85.71428571428571,76.92307692307693,75.0,90.0,81.25,87.5,62.5,80.0,92.85714285714286,100.0,81.25,81.81818181818183,81.25,100.0,84.61538461538461,85.71428571428571,83.33333333333334,100.0,88.88888888888889,100.0,80.0,83.33333333333334,91.66666666666666,100.0,100.0,88.88888888888889,100.0,100.0,83.33333333333334,80.0,75.0,100.0,85.71428571428571,100.0,100.0,100.0,100.0,100.0,100.0,83.33333333333334,80.0,75.0,100.0,75.0,100.0,100.0,100.0,100.0],"cluster_post_filtering_doc_counts":[1156,448,320,277,230,217,244,162,94,121,120,83,90,67,74,97,100,102,91,57,54,25,26,23,18,23,14,13,12,16,18,10,15,20,15,7,8,9,8,6,7,7,6,10,14,10,10,6,3,4,8,6,6,7,4,3,5,3,5,5,3,5,6,3,3,4,5,0,4,5,8,2,11,2,4,4,4,5,7,2,5,8,3,3,3,2,3,4,7,3,6,4,3,4,2,3,2,3,3,1,0,3,2,3,0,2,1,3,0,1,0,2,1,1,0,0,1,0,0,1,1,2,0,1,0,0,0,0,0,0,1,1,2,0,1,0,0,0,0],"tail_threshold":140,"tail_removal_rate":98.68173258003766,"tail_post_filtering_doc_counts":7,"global_removal_rate":99.08402261503458}