{"cluster_sizes":[1,2,3,4,5,6,7,16,17,18,19,20,21,22,23,24,25,26,27,28,29,30,31,32,33,34,35,36,37,38,39,40,41,49,60],"cluster_removal_rates":[80.0711743772242,56.666666666666664,40.0,16.666666666666664,20.0,25.0,0.0,0.0,75.0,66.66666666666666,62.06896551724138,37.93103448275862,37.5,37.096774193548384,48.0,53.62318840579711,59.01639344262295,53.84615384615385,40.54054054054054,69.23076923076923,62.5,28.57142857142857,0.0,0.0,0.0,0.0,0.0,0.0,0.0,0.0,0.0,25.0,0.0,100.0,0.0],"cluster_post_filtering_doc_counts":[56,13,3,5,4,3,1,1,1,3,11,18,30,39,39,32,25,24,22,4,3,5,2,1,1,2,2,2,6,1,1,3,1,0,1],"tail_threshold":72,"tail_removal_rate":0.0,"tail_post_filtering_doc_counts":1,"global_removal_rate":57.540603248259856}