{"cluster_sizes":[1,2,3,4,5,6,7,8,9,10,11,14,16,17,18,20,21,22,23,27,28],"cluster_removal_rates":[64.09185803757829,29.288702928870293,26.519337016574585,25.49019607843137,29.629629629629626,35.714285714285715,66.66666666666666,66.66666666666666,80.0,100.0,100.0,100.0,100.0,100.0,100.0,100.0,100.0,100.0,0.0,100.0,100.0],"cluster_post_filtering_doc_counts":[172,169,133,76,19,9,2,1,1,0,0,0,0,0,0,0,0,0,1,0,0],"tail_threshold":35,"tail_removal_rate":100.0,"tail_post_filtering_doc_counts":0,"global_removal_rate":45.615671641791046}