{"cluster_sizes":[1,2,3,4,5,6,7,8,9,10,11,12,13,14,15,16,17,18,19,21,22,23,24,25,26,27,28,33,34,35],"cluster_removal_rates":[99.52681388012618,100.0,98.14814814814815,97.22222222222221,95.45454545454545,100.0,100.0,87.5,100.0,100.0,100.0,100.0,100.0,0.0,100.0,100.0,100.0,100.0,100.0,100.0,100.0,100.0,66.66666666666666,100.0,100.0,100.0,100.0,100.0,100.0,100.0],"cluster_post_filtering_doc_counts":[3,0,1,1,1,0,0,1,0,0,0,0,0,1,0,0,0,0,0,0,0,0,1,0,0,0,0,0,0,0],"tail_threshold":269,"tail_removal_rate":100.0,"tail_post_filtering_doc_counts":0,"global_removal_rate":99.03948772678763}