{"cluster_sizes":[1,2,3,4,5,6,7,8,11,18,19,20,27,31,36,37],"cluster_removal_rates":[94.6793997271487,80.0,100.0,100.0,100.0,100.0,100.0,100.0,50.0,100.0,100.0,0.0,100.0,100.0,0.0,100.0],"cluster_post_filtering_doc_counts":[39,4,0,0,0,0,0,0,1,0,0,1,0,0,1,0],"tail_threshold":52,"tail_removal_rate":0.0,"tail_post_filtering_doc_counts":1,"global_removal_rate":94.14694894146949}