{"cluster_sizes":[1,2,3,4,5,6,7,8,9,10,11,12,13,14,15,16,17,18,19,20,21,22,23,24,27,30,31,32,33,36,37,38,39,41,54,100,176],"cluster_removal_rates":[95.56541019955654,65.93059936908517,86.32478632478633,97.01492537313433,100.0,100.0,100.0,100.0,100.0,100.0,100.0,91.66666666666666,100.0,100.0,90.0,100.0,100.0,100.0,100.0,100.0,80.0,100.0,100.0,100.0,100.0,100.0,100.0,100.0,50.0,100.0,100.0,100.0,100.0,100.0,100.0,100.0,100.0],"cluster_post_filtering_doc_counts":[40,108,16,2,0,0,0,0,0,0,0,1,0,0,1,0,0,0,0,0,1,0,0,0,0,0,0,0,1,0,0,0,0,0,0,0,0],"tail_threshold":278,"tail_removal_rate":100.0,"tail_post_filtering_doc_counts":0,"global_removal_rate":89.63414634146342}