{"cluster_sizes":[1,2,3,4,5,6,7,8,9,10,11,12,13,14,15,16,17,18,19,20,21,22,23,24,25,26,27,28,29,30,31,32,33,34,35,36,37,38,39,40,41,42,43,44,45,46,47,48,49,50,51,52,53,54,55,56,57,58,59,60,61,62,63,64,65,66,67,68,69,70,71,72,73,74,75,76,77,78,79,80,81,82,83,84,85,86,87,88,89,90,91,92,93,94,95,96,97,98,99,100,101,102,103,104,105,106,107,108,109,110],"cluster_removal_rates":[71.18961976583165,69.75986290434795,67.76551747807733,67.96882206438521,63.201973867111484,59.07764414573753,56.26634235329887,55.44284315097243,52.38366417181906,51.098596750369275,52.3633969716919,55.75994054254924,58.61695209191416,59.66286799620133,63.30166270783848,64.94920174165458,70.6763698630137,73.66680446465482,76.41165755919855,78.47490347490348,78.40300107181136,74.49856733524355,79.57259585166561,79.50530035335689,78.80690737833595,79.76723366159355,78.38104639684107,79.82017982017982,80.65934065934066,79.05325443786982,80.13245033112582,84.19654714475432,83.48745046235139,82.94392523364486,85.32544378698225,84.59770114942529,84.89583333333334,85.15981735159818,82.13879408418657,84.02298850574714,86.26506024096385,87.23135271807838,87.41355463347165,89.25035360678925,90.80118694362018,90.8132530120482,95.21674140508222,93.92655367231639,95.44764795144158,94.66463414634147,95.35283993115318,94.09368635437882,94.43155452436194,93.49845201238391,94.62025316455697,94.73684210526315,89.82300884955751,91.62790697674419,89.26553672316385,84.7953216374269,86.54970760233918,76.15894039735099,88.14814814814815,85.2112676056338,83.84615384615385,78.1021897810219,73.27586206896551,79.59183673469387,80.0,77.01149425287356,75.90361445783132,63.1578947368421,78.57142857142857,73.68421052631578,76.47058823529412,66.66666666666666,80.7017543859649,76.5625,79.36507936507937,82.45614035087719,81.13207547169812,74.46808510638297,58.69565217391305,57.89473684210527,73.58490566037736,61.224489795918366,68.18181818181817,69.6969696969697,58.333333333333336,65.78947368421053,76.31578947368422,62.5,68.75,86.66666666666667,62.5,48.38709677419355,48.275862068965516,85.18518518518519,80.76923076923077,76.19047619047619,73.33333333333333,65.625,64.28571428571429,70.58823529411765,68.0,76.47058823529412,81.48148148148148,57.89473684210527,69.23076923076923,68.75],"cluster_post_filtering_doc_counts":[134401,41292,18784,13890,10589,9255,7192,6369,5853,5297,3618,2381,1909,1699,1236,966,685,637,518,446,403,445,325,290,270,226,219,202,176,177,150,119,125,146,124,134,145,130,157,139,114,101,91,76,62,61,32,43,30,35,27,29,24,21,17,15,23,18,19,26,23,36,16,21,21,30,31,20,19,20,20,28,15,20,16,19,11,15,13,10,10,12,19,24,14,19,14,10,15,13,9,12,10,4,12,16,15,4,5,5,8,11,10,5,8,4,5,8,4,5],"tail_threshold":111,"tail_removal_rate":80.47138047138047,"tail_post_filtering_doc_counts":174,"global_removal_rate":69.06880287286029}