{"cluster_sizes":[1,2,3,4,5,6,7,8,9,10,11,12,13,14,15,16,17,18,19,22,24,25,26,28,30,31,33,34,35,37,38,40,41,45,49],"cluster_removal_rates":[93.8026013771997,88.10408921933085,96.12403100775194,98.38709677419355,100.0,100.0,100.0,100.0,100.0,100.0,100.0,100.0,100.0,100.0,100.0,100.0,100.0,100.0,100.0,100.0,100.0,66.66666666666666,100.0,100.0,100.0,100.0,100.0,0.0,100.0,100.0,100.0,100.0,100.0,100.0,0.0],"cluster_post_filtering_doc_counts":[162,32,5,1,0,0,0,0,0,0,0,0,0,0,0,0,0,0,0,0,0,1,0,0,0,0,0,1,0,0,0,0,0,0,1],"tail_threshold":54,"tail_removal_rate":100.0,"tail_post_filtering_doc_counts":0,"global_removal_rate":93.75384615384615}