{"cluster_sizes":[1,2,3,4,5,6,7,8,9,10,11,12,13,15,17,18,19,20,21,22,23,24,25,26,27,28,30,36,37,38,39,47],"cluster_removal_rates":[97.83491204330176,92.5531914893617,96.22641509433963,93.75,97.5,97.61904761904762,100.0,100.0,75.0,100.0,100.0,66.66666666666666,100.0,66.66666666666666,100.0,100.0,100.0,100.0,0.0,100.0,100.0,75.0,100.0,100.0,100.0,100.0,100.0,50.0,100.0,100.0,100.0,100.0],"cluster_post_filtering_doc_counts":[16,7,2,3,1,1,0,0,1,0,0,1,0,1,0,0,0,0,1,0,0,1,0,0,0,0,0,1,0,0,0,0],"tail_threshold":51,"tail_removal_rate":100.0,"tail_post_filtering_doc_counts":0,"global_removal_rate":96.70932358318099}