{"cluster_sizes":[1,2,3,4,5,6,7],"cluster_removal_rates":[100.0,100.0,53.84615384615385,75.0,66.66666666666666,0.0,100.0],"cluster_post_filtering_doc_counts":[0,0,6,2,1,1,0],"tail_threshold":10,"tail_removal_rate":100.0,"tail_post_filtering_doc_counts":0,"global_removal_rate":72.97297297297297}