{"cluster_sizes":[1,2,3,4,5,6,7,8,9,10,11,12,13,14,15,16,17,18,19,20,21,22,23,24,25,26,27,28,29,30,31,32,33,34,35,36,37,38,39,40,41,42,43,44,45,46,47,48,49,50,51,52,53,54,55,56,57,58,59,60,61,62,63,64,65,66,67,68,69,70,71,72,73,74,75,76,77,78,79,80,81,82,83,84,85,86,87,88,89,90,91,92,93,94,95,96,97,98,99,100,101,102,103,104,105,106,107,108,109,110,111,112,113,114,115,116,117,118,119,120,121,122,123,124,125,126,127,128,129,130,131,132,133,134,135,136,137,138,140,142,143,144,146,147,148,150,151,153,155,156,157,159,160,161,162,163,164,166,168,169,171,172,174,175,176,177,178,180,182,183,184,186,187,192,194,195,196,197,198,200,202,204,205,206],"cluster_removal_rates":[81.95500229580124,75.69795559463618,77.14962762356127,78.36001940805434,79.93301702483951,85.20408163265306,85.76696165191741,85.04577822990844,86.03316326530613,84.82428115015975,83.00970873786407,83.88195232690124,83.62068965517241,84.22535211267605,83.25434439178515,87.52260397830018,83.6852207293666,84.0,78.6743515850144,82.78145695364239,77.9467680608365,75.5980861244019,73.36956521739131,72.95597484276729,72.61146496815286,70.0,75.3731343283582,73.33333333333333,76.43312101910828,77.85714285714286,79.3103448275862,84.61538461538461,80.28169014084507,75.86206896551724,80.20304568527918,82.82828282828282,85.77235772357723,84.42367601246106,85.24590163934425,89.69072164948454,87.53180661577609,88.75598086124403,85.21939953810623,87.468671679198,89.12037037037037,89.59537572254335,89.38775510204081,89.83402489626556,88.6,86.71023965141612,88.54625550660793,88.12351543942994,86.18090452261306,83.00970873786407,85.81907090464547,85.75197889182058,85.63218390804597,82.85714285714286,84.04907975460122,82.3321554770318,76.11336032388664,74.59677419354838,75.31914893617021,73.64016736401673,75.38461538461539,64.36170212765957,67.27272727272727,65.06849315068493,58.108108108108105,57.89473684210527,58.2089552238806,61.32075471698113,52.17391304347826,51.64835164835166,56.481481481481474,49.504950495049506,53.333333333333336,50.54945054945055,50.476190476190474,40.0,45.67901234567901,40.963855421686745,38.46153846153847,34.21052631578947,38.88888888888889,39.130434782608695,42.10526315789473,31.70731707317073,45.94594594594595,52.27272727272727,46.15384615384615,50.0,44.827586206896555,76.66666666666667,62.5,56.25,72.72727272727273,62.5,47.61904761904761,41.17647058823529,76.47058823529412,52.63157894736842,66.66666666666666,36.36363636363637,66.66666666666666,54.54545454545454,78.57142857142857,20.0,90.0,50.0,77.77777777777779,100.0,83.33333333333334,100.0,75.0,66.66666666666666,0.0,100.0,60.0,66.66666666666666,50.0,50.0,50.0,50.0,75.0,50.0,75.0,100.0,75.0,50.0,0.0,60.0,50.0,0.0,100.0,100.0,100.0,80.0,50.0,100.0,100.0,50.0,100.0,66.66666666666666,100.0,50.0,0.0,50.0,0.0,100.0,50.0,100.0,100.0,100.0,100.0,66.66666666666666,100.0,100.0,100.0,50.0,100.0,50.0,100.0,100.0,100.0,100.0,100.0,100.0,100.0,100.0,50.0,100.0,100.0,100.0,100.0,100.0,100.0,100.0,100.0,100.0,100.0,100.0,100.0,100.0],"cluster_post_filtering_doc_counts":[7074,2211,1350,892,719,464,386,294,219,190,175,142,133,112,106,69,85,72,74,52,58,51,49,43,43,45,33,44,37,31,24,18,28,42,39,34,35,50,54,40,49,47,64,50,47,54,52,49,57,61,52,50,55,70,58,54,50,54,52,50,59,63,58,63,48,67,54,51,62,56,56,41,44,44,47,51,42,45,52,57,44,49,48,50,44,42,33,28,20,21,21,18,16,7,9,7,6,6,11,10,4,9,4,7,3,5,3,4,1,1,2,0,1,0,1,2,2,0,2,2,2,2,2,1,1,1,1,0,1,1,2,2,1,1,0,0,0,1,1,0,0,1,0,2,0,1,1,1,1,0,1,0,0,0,0,1,0,0,0,1,0,1,0,0,0,0,0,0,0,0,1,0,0,0,0,0,0,0,0,0,0,0,0,0],"tail_threshold":207,"tail_removal_rate":88.54166666666666,"tail_post_filtering_doc_counts":11,"global_removal_rate":80.75316442410629}