{"cluster_sizes":[1,2,3,4,5,6,7,8,9,10,11,12,13,14,15,16,17,18,19,20,21,22,23,24,25,26,27,28,29,30,31,32,33,34,35,36,37,38,39,40,41,42,43,44,45,46,47,48,49,50,51,52,53,54,55,56,57,58,59,60,61,62,63,64,65,66,67,68,69,70,71,72,73,74,75,76,77,78,79,80,81,82,83,84,85,86,87,88,89,90,91,92,93,94,95,96,97,98,99,100,101,102,103,104,105,106,107,108,109,110,111,112,113,114,115,116,117,118,119,120,121,122,123,124,125,126,127,128,129,130,131,132,133,134,135,136,137,138,139,140,141,142,143,144,145,146,147,148,149,150,151,152,153,154,155,156,157,158,160,161,162,163,164,166,167,168,169,170,173,174,176,177,178,179,181,182,183,184,185,186,188,189,190,191,192,193,194,195,197,199,200,202,203,205,206,215,216,218,219,220,226,227,231,232,233,237,238,239,240,242,243,245,246,247,249,252,253,254,260,272,273,276,281,288,289,290,292,295,301,303,304,308,311,313,317,322,325,327,334,340,344,356,357,362,368,370,377,380,390,394,397,402,403,405,417,436,437,439,440,442,456,458,469,473,478,479,485,494,499,502,525,535,544,548,549,556,561,562,564,570,571,575,576,585,587,589,607,619,620,623,626,627,632,644,645,668,690,700,701,720,724,736,762,767,775,780,796,804,813,814,816,839],"cluster_removal_rates":[89.31142733612798,79.40805322932202,71.06152113829461,70.82563154651879,68.80155264434741,64.2835412229997,67.43542435424355,68.3406113537118,75.23148148148148,82.79883381924198,79.20685959271168,81.80803571428571,79.34210526315789,80.02980625931446,76.78883071553228,80.41044776119402,79.83367983367984,79.51219512195122,81.0958904109589,84.10596026490066,85.01742160278745,83.46153846153847,83.91304347826087,79.2156862745098,82.48847926267281,84.70588235294117,84.04255319148936,83.8323353293413,88.81578947368422,89.79591836734694,85.51724137931035,86.33093525179856,88.63636363636364,83.01886792452831,83.46456692913385,87.5,87.61061946902655,92.85714285714286,83.4862385321101,87.38738738738738,88.0,85.8267716535433,88.13559322033898,87.71929824561403,82.25806451612904,86.32478632478633,90.17857142857143,78.94736842105263,88.54166666666666,81.63265306122449,90.58823529411765,85.8974358974359,90.0,82.0,86.45833333333334,84.54545454545455,87.64044943820225,86.45833333333334,88.04347826086956,84.54545454545455,87.03703703703704,81.91489361702128,76.04166666666666,80.8080808080808,85.21739130434783,85.1063829787234,88.3495145631068,76.59574468085107,84.21052631578947,77.77777777777779,77.41935483870968,84.94623655913979,80.20833333333334,84.94623655913979,79.12087912087912,84.6938775510204,91.35802469135803,81.48148148148148,81.3953488372093,81.91489361702128,84.70588235294117,85.29411764705883,88.31168831168831,74.60317460317461,76.81159420289855,83.5820895522388,73.01587301587301,89.13043478260869,74.46808510638297,75.67567567567568,70.2127659574468,76.78571428571429,97.36842105263158,88.0,83.33333333333334,93.10344827586206,84.61538461538461,76.19047619047619,93.75,41.66666666666667,92.85714285714286,83.33333333333334,71.42857142857143,70.0,70.0,73.33333333333333,80.0,83.33333333333334,100.0,77.77777777777779,100.0,71.42857142857143,100.0,55.55555555555556,60.0,100.0,100.0,85.71428571428571,100.0,33.33333333333333,85.71428571428571,80.0,66.66666666666666,71.42857142857143,100.0,100.0,100.0,50.0,75.0,50.0,100.0,80.0,100.0,100.0,75.0,100.0,100.0,100.0,100.0,33.33333333333333,100.0,100.0,66.66666666666666,100.0,80.0,100.0,50.0,33.33333333333333,66.66666666666666,50.0,100.0,100.0,100.0,100.0,0.0,100.0,50.0,100.0,100.0,66.66666666666666,100.0,100.0,100.0,50.0,100.0,100.0,100.0,100.0,100.0,100.0,100.0,100.0,100.0,66.66666666666666,100.0,100.0,100.0,100.0,100.0,66.66666666666666,100.0,100.0,100.0,100.0,100.0,100.0,100.0,100.0,100.0,100.0,100.0,100.0,100.0,100.0,100.0,100.0,100.0,100.0,100.0,100.0,100.0,100.0,100.0,100.0,100.0,100.0,100.0,100.0,100.0,100.0,100.0,100.0,100.0,100.0,100.0,100.0,100.0,100.0,100.0,100.0,100.0,100.0,100.0,100.0,100.0,100.0,100.0,100.0,100.0,100.0,100.0,100.0,100.0,0.0,100.0,100.0,100.0,100.0,100.0,100.0,100.0,100.0,100.0,100.0,100.0,100.0,100.0,100.0,100.0,100.0,100.0,100.0,100.0,100.0,100.0,100.0,100.0,100.0,100.0,100.0,100.0,100.0,100.0,100.0,100.0,100.0,100.0,100.0,100.0,100.0,100.0,100.0,100.0,100.0,100.0,100.0,100.0,100.0,100.0,100.0,100.0,100.0,100.0,100.0,100.0,100.0,100.0,100.0,100.0,100.0,100.0,100.0,100.0,100.0,100.0,100.0,100.0,100.0,100.0,100.0,100.0,100.0,100.0,100.0,100.0,100.0,100.0,100.0,100.0,100.0,100.0,100.0],"cluster_post_filtering_doc_counts":[5686,3590,2827,1894,1286,1174,706,580,321,177,194,163,157,134,133,105,97,84,69,48,43,43,37,53,38,26,30,27,17,15,21,19,15,18,21,14,14,9,18,14,12,18,14,14,22,16,11,20,11,18,8,11,10,18,13,17,11,13,11,17,14,17,23,19,17,14,12,22,12,20,21,14,19,14,19,15,7,20,16,17,13,10,9,16,16,11,17,5,12,9,14,13,1,3,6,2,2,5,1,7,1,2,4,3,3,4,1,2,0,2,0,2,0,4,4,0,0,1,0,2,1,1,1,2,0,0,0,1,1,1,0,1,0,0,1,0,0,0,0,2,0,0,1,0,1,0,1,2,1,1,0,0,0,0,1,0,1,0,0,1,0,0,0,1,0,0,0,0,0,0,0,0,0,1,0,0,0,0,0,1,0,0,0,0,0,0,0,0,0,0,0,0,0,0,0,0,0,0,0,0,0,0,0,0,0,0,0,0,0,0,0,0,0,0,0,0,0,0,0,0,0,0,0,0,0,0,0,0,0,0,0,0,0,1,0,0,0,0,0,0,0,0,0,0,0,0,0,0,0,0,0,0,0,0,0,0,0,0,0,0,0,0,0,0,0,0,0,0,0,0,0,0,0,0,0,0,0,0,0,0,0,0,0,0,0,0,0,0,0,0,0,0,0,0,0,0,0,0,0,0,0,0,0,0,0,0,0,0,0,0,0,0],"tail_threshold":851,"tail_removal_rate":100.0,"tail_post_filtering_doc_counts":0,"global_removal_rate":81.98841263508474}