{"cluster_sizes":[1,2,3,4,5,6,7,8,9,10,11,12,13,14,15,17,18,23,29,35,36,76],"cluster_removal_rates":[96.8503937007874,100.0,87.5,100.0,100.0,100.0,100.0,80.0,0.0,100.0,100.0,100.0,100.0,100.0,100.0,100.0,100.0,0.0,0.0,100.0,100.0,100.0],"cluster_post_filtering_doc_counts":[4,0,2,0,0,0,0,1,1,0,0,0,0,0,0,0,0,1,1,0,0,0],"tail_threshold":120,"tail_removal_rate":0.0,"tail_post_filtering_doc_counts":1,"global_removal_rate":94.95412844036697}