{"cluster_sizes":[1,2,3,4,5,6,7,8,9,10,11,12,13,14,15,16,17,18,19,20,21,22,23,24,25,26,27,28,29,30,31,32,33,34,35,36,37,38,39,40,41,42,43,44,45,46,47,48,49,50,51,52,53,54,55,56,57,58,59,60,61,62,63,64,65,66,67,68,69,70,71,72,73,74,75,76,77,78,79,80,81,82,83,84,85,86,87,88,89,90,91,92,93,94,95,96,97,98,99,100,102,104,105,106,108,109,110,111,112,113,114,115,118,122,124,128,130,134,136,137,139,141,147,148,150,155,156,165,167,168,172,179,194,203,208,227,229,235,261,264,277,279,306],"cluster_removal_rates":[98.4794803661057,96.54692286271234,95.1664025356577,94.28191489361703,94.55252918287937,95.72368421052632,91.15479115479116,94.4927536231884,90.0,86.14457831325302,86.76470588235294,89.91596638655463,87.85046728971963,83.47107438016529,89.87341772151899,91.17647058823529,86.20689655172413,81.08108108108108,70.45454545454545,89.74358974358975,89.65517241379311,91.42857142857143,77.77777777777779,87.5,81.48148148148148,66.66666666666666,80.0,100.0,88.23529411764706,100.0,100.0,75.0,72.97297297297297,66.66666666666666,75.0,78.94736842105263,80.0,71.42857142857143,68.42105263157895,60.0,36.36363636363637,87.5,75.0,75.0,75.0,85.71428571428571,83.33333333333334,66.66666666666666,100.0,100.0,42.857142857142854,50.0,100.0,100.0,66.66666666666666,100.0,66.66666666666666,0.0,75.0,50.0,80.0,80.0,100.0,83.33333333333334,50.0,87.5,85.71428571428571,66.66666666666666,66.66666666666666,60.0,100.0,100.0,100.0,100.0,80.0,66.66666666666666,66.66666666666666,100.0,100.0,100.0,100.0,100.0,33.33333333333333,20.0,0.0,100.0,50.0,33.33333333333333,0.0,50.0,100.0,100.0,0.0,50.0,100.0,50.0,100.0,50.0,50.0,100.0,0.0,50.0,50.0,66.66666666666666,100.0,0.0,50.0,75.0,0.0,100.0,100.0,50.0,0.0,100.0,100.0,100.0,66.66666666666666,100.0,100.0,100.0,100.0,0.0,100.0,100.0,100.0,100.0,100.0,100.0,100.0,100.0,100.0,100.0,100.0,100.0,100.0,100.0,100.0,100.0,100.0,100.0,0.0,100.0,100.0],"cluster_post_filtering_doc_counts":[206,124,61,43,42,26,36,19,21,23,18,12,13,20,8,6,8,7,13,4,3,3,6,3,5,8,5,0,2,0,0,4,10,11,7,4,4,6,6,4,7,1,3,2,1,1,1,4,0,0,4,1,0,0,1,0,2,2,1,2,1,1,0,1,1,1,1,1,2,2,0,0,0,0,1,1,1,0,0,0,0,0,2,8,1,0,1,2,1,1,0,0,1,2,0,1,0,1,1,0,1,1,1,1,0,2,2,1,1,0,0,1,1,0,0,0,1,0,0,0,0,1,0,0,0,0,0,0,0,0,0,0,0,0,0,0,0,0,0,0,1,0,0],"tail_threshold":320,"tail_removal_rate":100.0,"tail_post_filtering_doc_counts":0,"global_removal_rate":96.19436680283809}