{"cluster_sizes":[1,2,3,4,5,6,7,8,10,11,13,15,17],"cluster_removal_rates":[86.66666666666667,75.0,80.0,91.66666666666666,80.0,75.0,0.0,50.0,100.0,100.0,100.0,100.0,100.0],"cluster_post_filtering_doc_counts":[4,1,1,1,1,1,1,1,0,0,0,0,0],"tail_threshold":28,"tail_removal_rate":50.0,"tail_post_filtering_doc_counts":1,"global_removal_rate":83.33333333333334}