{"cluster_sizes":[1,2,3,4,5,6,7,8,9,10,11,12,13,14,15,16,17,18,19,20,21,22,23,24,25,26,27,28,29,30,31,32,33,34,35,36,37,38,39],"cluster_removal_rates":[86.45183645183646,80.24691358024691,35.483870967741936,73.33333333333333,33.33333333333333,100.0,60.0,83.33333333333334,85.71428571428571,67.85714285714286,77.94117647058823,75.15151515151514,69.88847583643123,70.98214285714286,72.44094488188976,72.89156626506023,67.52941176470588,67.15542521994135,64.87603305785123,59.50920245398773,63.05732484076433,70.37037037037037,72.3404255319149,76.13636363636364,75.63451776649747,81.10236220472441,79.51807228915662,74.24242424242425,73.52941176470588,56.00000000000001,58.333333333333336,71.42857142857143,75.0,0.0,0.0,0.0,0.0,0.0,0.0],"cluster_post_filtering_doc_counts":[782,16,40,4,12,0,2,1,2,9,15,41,81,130,140,135,138,112,85,66,58,40,52,42,48,24,17,17,9,11,5,2,1,2,8,2,1,1,2],"tail_threshold":40,"tail_removal_rate":36.36363636363637,"tail_post_filtering_doc_counts":7,"global_removal_rate":79.17068466730954}