{"cluster_sizes":[1,2,3,4,5,6,7,8,9,11,12,13,15,35,53],"cluster_removal_rates":[48.148148148148145,44.827586206896555,83.33333333333334,100.0,100.0,66.66666666666666,100.0,100.0,100.0,100.0,0.0,0.0,100.0,0.0,100.0],"cluster_post_filtering_doc_counts":[84,16,2,0,0,1,0,0,0,0,1,1,0,1,0],"tail_threshold":69,"tail_removal_rate":100.0,"tail_post_filtering_doc_counts":0,"global_removal_rate":59.84848484848485}