{"cluster_sizes":[1,2,3,4,5,6,7,8,9,10,11,12,13,14,15,16,17,18,19,20,21,22,23,24,25,26,27,28,29,30,31,32,33,34,35,36,37,38,39,40,41,42,43,44,45,46,47,48,49,50,51,52,53,54,55,56,57,58,59,60,61,62,63,64,65,66,67,68,69,70,71,72,73,74,75,76,77,78,79,80,81,82,83,84,85,86,87,88,89,90,91,92,93,94,95,96,97,98,99,100,101,102,103,104,105,106,107,108,109,110,111,112,113,114,115,116,117,118,119,120,121,122,123,124,125,126,127,128,129,130,131,132,133,134,135,136,137,138,139,140,141,142,143,144,145,146,147,148,149,150,151,152,153,154,155,156,157,158,159,160,161,162,163,164,165,166,167,168,169,170,171,172,173,174,175,176,177,178,179,180,181,182,183,184,185,186,187,188,189,190,191,192,193,194,195],"cluster_removal_rates":[75.4083861018185,63.05346367055542,58.61117742741357,57.23182163526488,53.97361961178409,53.63263362169749,51.44687034292422,52.085159540277104,50.161551626352804,49.9072744863678,48.93686789867006,49.66153066346734,47.91227190633583,48.74436029802883,48.288288207780695,47.73901866991745,47.00312740476581,48.07662939505594,46.99502159807843,48.035101410973844,47.83159186086514,47.78753114712355,47.40008839842024,48.604313875963946,47.67724082614799,47.75196105143906,48.352887103228845,49.174965503225046,49.13478998918044,50.75822738866488,50.45600953960444,51.8129480711059,51.98654392035792,52.20112035353084,52.65061431303501,53.46505654936241,52.88797227478579,53.152910996048256,53.16232328041232,54.26063560711765,53.33191318730891,54.767652383826196,53.973602302090676,54.06950087745648,54.26971252477861,53.66434747942631,53.7089479260044,55.03798729605182,54.020206632798676,54.151516957739766,54.008319274703474,54.78242223621963,54.241119638306145,55.20934474946303,55.044136191677175,55.495926233107284,55.166272877949005,55.078117743223906,54.848420112252626,57.046266782575096,55.444940225627214,56.24622942342498,57.00026855250201,58.35642375542625,56.97677258627849,58.182785618364704,57.401772008725395,57.33240027991603,56.796726581908516,57.58798205738026,56.81752013715913,58.211579654081014,56.97247385540904,57.1361007021501,57.152995667114894,57.229826670285775,57.74584643017512,58.339914377156155,57.59996507770211,58.39979082232971,58.50668136106901,58.010863817718594,58.02075019952115,59.16948142261077,58.184311863691505,57.98301141589569,57.984940436053044,59.87084870848709,59.04497370131789,60.17960534089566,59.19576452792135,60.00129592431802,58.768316564251464,60.56777955160686,58.42105263157895,60.07338931620916,58.68480725623583,59.6964460139755,60.1456009913259,61.09852332213455,59.525987525987524,59.954019073569484,59.59978843441467,60.00529147191111,59.627499315256095,59.82415902140673,59.316800154395445,60.9324143212713,60.26367288083222,60.84089035449299,60.86723768736617,60.553267870341045,60.223624487988495,60.27226318774815,59.47429906542057,61.494390069228935,61.02652259332023,61.31794489947878,61.443836978131216,63.16509199403282,61.873948492299725,62.38914270357431,61.832582275023896,62.118891827927044,62.337847469707775,63.18123301387498,62.20321486506415,63.40514661879114,62.77777777777778,61.99874686716792,62.31180184555609,62.23162003903708,61.846661170651274,60.85244779185211,62.43567753001715,62.72027373823781,62.69284712482468,62.79659481977903,62.753111647780045,63.19653614457831,63.20610687022901,62.13169863555468,62.14610968125124,63.01712526457571,62.883497092440344,62.772521596051014,63.57308584686775,63.51606805293005,62.84055381866905,64.08668730650155,63.41026215550079,63.93515434155008,63.793889648882804,62.90993071593534,62.63918502724473,64.81967996178648,64.6180641950734,65.44357878864037,64.24090338770388,63.529110028212365,65.11932861264097,64.4794626711444,63.36528221512248,63.43732895457034,64.23497267759562,64.3583945732052,65.04688832054562,65.25568181818183,63.66063482646099,64.5190023752969,63.76896149358227,63.43599033816425,64.28350355926958,66.39857015192135,63.344860106884624,66.67739858338699,65.18771331058021,66.08414239482201,64.44226365718025,64.96609622215047,64.34215046375816,64.61977865048198,64.05415033843963,63.841013014421385,65.39317507418397,65.84926072845295,64.4327967053538,65.83783783783784,64.12922391385072,65.40117416829746,65.78740157480316,64.80425693652604,66.18224666142969,65.70281124497993,64.56820016142049],"cluster_post_filtering_doc_counts":[58119958,24078974,13874364,10216403,7930274,6014625,4515292,3713679,3000920,2551487,2134947,1851166,1510666,1339397,1157335,986021,849162,748006,650105,585951,517099,459311,405812,371027,326167,291473,260695,237574,214846,198077,180734,167902,154430,144290,134191,123930,110791,99343,90511,82281,74486,68954,62699,58103,52829,48816,45443,43320,40276,38460,35713,33740,31780,30446,28520,27366,25427,24181,23249,22235,21169,20307,19214,18035,17615,16504,15818,15243,14782,14088,13349,13071,12302,11782,11471,11030,10351,10023,9713,9546,9036,8735,8416,8220,7927,7766,7477,6960,6930,6740,6474,6173,6106,5681,5925,5658,5466,5364,5146,4979,4867,4703,4583,4535,4422,4204,4216,4081,3858,3800,3655,3736,3593,3502,3469,3226,3174,3117,3103,2963,2946,2799,2795,2721,2642,2574,2563,2446,2412,2426,2328,2322,2314,2287,2190,2179,2128,2054,2005,1955,1928,1915,1912,1922,1851,1810,1727,1737,1664,1624,1633,1624,1588,1606,1577,1473,1422,1375,1425,1422,1330,1375,1376,1336,1309,1261,1230,1223,1225,1195,1242,1211,1154,1128,1166,1035,1122,1048,1087,1085,1038,991,1009,1028,933,947,950,948,966,884,869,926,861,854,878],"tail_threshold":196,"tail_removal_rate":70.45049675674845,"tail_post_filtering_doc_counts":134525,"global_removal_rate":66.45303446096203}