{"cluster_sizes":[1,2,3,4,5,6,7,8,9,10,11,12,13,14,15,16,17,18,19,20,21,22,23,24,25,26,27,28,29,30,31,32,33,34,35,36,37,38,39,40,41,42,43,44,45,46,47,48,49,50,51,52,53,54,55,56,57,58,59,60,61,62,63,64,65,66,67,68,69,70,71,72,73,74,75,76,77,78,80,81,82,84,86,88,89,90,91,92,93,95,96,97,98,99,100,102,103,105,106,107,108,109,111,112,113,114,115,117,119,121,122,124,125,126,127,128,129,130,131,132,133,134,135,137,138,139,140,142,144,145,146,147,148,149,151,152,153,154,156,159,160,161,163,164,165,166,167,168,169,172,173,175,176,180,181,184,186,187,191,192,193,196,197,199,200,201,203,204,206,207,209,213,214,215,216,217,219,222,223,226,229,230,231,233,236,237,238,239,240,241,242,243,244,249,251,254,257,259,261,268,278,281,282,288,289,290,293,297,298,299,303,307,311,312],"cluster_removal_rates":[98.28283793685686,92.004989793604,86.46013864818023,94.9272659455427,84.77777777777777,82.47291268323774,82.07630878438333,89.75308641975307,90.19963702359347,91.93548387096774,92.62295081967213,77.97029702970298,65.08728179551122,67.46666666666667,64.37908496732027,72.04724409448819,84.52380952380952,90.22556390977444,83.9080459770115,92.85714285714286,89.6103896103896,84.33734939759037,82.45614035087719,78.33333333333333,83.05084745762711,83.6734693877551,85.71428571428571,89.13043478260869,84.21052631578947,86.66666666666667,87.8048780487805,93.75,90.625,91.66666666666666,90.32258064516128,88.09523809523809,96.55172413793103,100.0,96.0,100.0,90.0,91.66666666666666,100.0,90.0,87.5,83.33333333333334,75.0,75.0,100.0,100.0,55.55555555555556,50.0,75.0,87.5,100.0,72.72727272727273,75.0,75.0,57.14285714285714,100.0,100.0,100.0,100.0,100.0,60.0,90.0,75.0,100.0,80.0,100.0,100.0,62.5,83.33333333333334,100.0,66.66666666666666,100.0,83.33333333333334,50.0,80.0,100.0,80.0,66.66666666666666,100.0,100.0,100.0,100.0,100.0,100.0,60.0,0.0,100.0,100.0,50.0,100.0,83.33333333333334,66.66666666666666,100.0,100.0,60.0,100.0,100.0,66.66666666666666,100.0,100.0,100.0,33.33333333333333,100.0,50.0,83.33333333333334,100.0,0.0,100.0,0.0,100.0,100.0,33.33333333333333,100.0,100.0,100.0,100.0,100.0,50.0,66.66666666666666,100.0,33.33333333333333,50.0,50.0,100.0,66.66666666666666,100.0,100.0,0.0,100.0,100.0,0.0,50.0,50.0,33.33333333333333,0.0,50.0,33.33333333333333,50.0,100.0,100.0,0.0,100.0,0.0,0.0,50.0,0.0,33.33333333333333,0.0,0.0,0.0,0.0,33.33333333333333,100.0,100.0,0.0,0.0,100.0,0.0,33.33333333333333,50.0,100.0,0.0,0.0,75.0,100.0,50.0,0.0,0.0,100.0,100.0,0.0,0.0,100.0,100.0,100.0,100.0,100.0,100.0,0.0,0.0,100.0,50.0,100.0,66.66666666666666,50.0,100.0,0.0,100.0,100.0,0.0,66.66666666666666,0.0,100.0,100.0,100.0,100.0,0.0,0.0,0.0,0.0,100.0,100.0,100.0,50.0,100.0,100.0,100.0,100.0,50.0,100.0],"cluster_post_filtering_doc_counts":[1078,705,625,136,274,275,202,83,54,35,27,89,140,122,109,71,26,13,14,6,8,13,10,13,10,8,8,5,6,6,5,2,3,3,3,5,1,0,1,0,2,2,0,1,1,2,3,3,0,0,4,8,2,1,0,3,2,3,3,0,0,0,0,0,2,1,1,0,1,0,0,3,1,0,1,0,1,1,1,0,1,1,0,0,0,0,0,0,2,1,0,0,1,0,1,1,0,0,2,0,0,1,0,0,0,2,0,1,1,0,1,0,1,0,0,4,0,0,0,0,0,1,1,0,2,1,1,0,1,0,0,1,0,0,1,1,1,2,1,1,2,1,0,0,1,0,1,1,2,2,2,1,1,1,2,2,0,0,1,1,0,2,2,1,0,1,1,1,0,1,1,1,0,0,1,1,0,0,0,0,0,0,1,1,0,1,0,1,1,0,1,0,0,1,1,1,0,0,0,0,1,2,1,1,0,0,0,1,0,0,0,0,1,0],"tail_threshold":313,"tail_removal_rate":60.0,"tail_post_filtering_doc_counts":36,"global_removal_rate":95.1064616211736}