{"cluster_sizes":[1,2,3,4,5,6,7,8,9,10,11,12,13,14,15,16,17,18,19,20,21,22,23,24,25,26,27,28,29,30,31,32,33,34,35,36,37,38,39,40,41,42,43,44,45,46,47,48,49,50,51,52,53,54,55,56,57,58,59,60,61,62,63,64,65,66,67,68,69,70,71,72,73,74,75,76,77,78,79,80,81,82,83,84,85,86,87,88,89,90,91,92,93,94,95,96,97,98,99,100,101,102,103,104,105,106,107,108,109,110,111,112,113,114,115,116,117,118,119,120,121,122,123,124,125,126,127,128,129,130,131,132,133,134,135,136,137,138,139,140,141,142,143,144,145,146,147,148,149,150,151,152,153,154,155,156,157,158,159,160,161,162,163,164,165,166,167,168,169,170,171,172,173,174,175,176,177,178,179,180,181,182],"cluster_removal_rates":[77.51249499955141,64.07432862059082,59.068486373045815,57.34900063279367,56.414511851917936,56.6584318850191,54.6404181314528,53.38755918656577,51.90453457918531,51.83444568672826,50.74573648716652,51.55025874211496,49.95291463015536,50.48909316129355,50.05480195946049,49.886073487718065,48.90168400139851,49.87938919977219,48.90179839105927,49.99234170573288,49.655278662841454,49.80049334735064,49.679303377273165,50.85654312028911,49.979396682924985,50.10799480773732,50.310988560569356,50.88200579015609,50.45329910948889,51.43581616481775,50.10138581090216,51.04989077613931,50.931946155681075,51.05218506638134,51.47741429428321,51.973704662902676,51.28949167633918,51.06538988643406,50.8864142823801,51.44887264445255,50.60127925419033,51.23942534497565,50.58443722222463,50.85551376116173,50.806109347215276,50.74843305361899,51.00612832730748,52.21958069180291,51.740975992371695,52.21827789664787,51.60486242155615,52.45772234656067,52.15984226878037,53.29810098325252,53.08548530721282,53.54786433615002,52.84654849008087,53.29054220859374,52.98236407076469,54.79283221625215,53.18680985317316,53.71708665870671,54.397172319865106,54.625336021505376,54.74481231472552,54.594893538574986,54.86750019658725,55.59736783852857,55.51526717557251,55.9181653902418,55.38587401145351,57.076169873619484,55.83413932495102,56.52374248048125,56.498715878101095,56.78159654384854,56.56762647699897,57.182540855226215,56.80682062133897,58.18475492327762,57.59162303664922,57.49096857746575,57.412514774884485,58.421651611067645,57.906284864261806,57.400053972782295,57.8394659719961,58.37393674126683,58.30229870296648,58.69687893388896,58.565241430151126,58.4230229293402,58.993954050785966,58.98568382576911,59.338196977592496,59.722504574100434,59.17107093184979,59.25742846158071,60.217528917534665,60.77497129735936,58.76116071428571,60.402432144424246,59.116349509448874,60.51386515967933,60.711436170212764,59.58266227855192,60.932759472235944,60.76329331046312,60.79778889967879,60.446702024351985,60.62455975581123,61.83662237597295,60.69221260815822,61.111111111111114,61.289763370026876,61.393246477000794,62.55975466762875,61.418181818181814,61.75467698829601,63.00036390101892,61.74286830793279,62.66854497886899,62.043721403152006,62.11390456644433,61.276241945541464,62.55751738897807,62.28485370051635,61.52462334157859,62.52983293556086,62.47822552549065,62.04992798847816,63.468330586296204,62.20614828209765,62.39498432601881,62.52668592239105,62.58380608561114,62.64321875832667,63.174093402917165,63.769504516835475,63.39214113873296,64.05173625755658,62.853524693963706,63.46097201767304,63.953139080805045,64.48128993002739,64.15737298636927,63.87790605725131,64.30517711171662,64.28920371275036,64.38943894389439,64.23370025402203,64.58093199407212,64.44289207125394,63.71697109416563,64.92285866288348,64.46295639844027,64.07624633431085,65.01031314457154,65.15871507318,65.27881040892193,64.47368421052632,65.35205848403231,64.53524004085803,65.98974358974358,64.45154419595313,64.50798990748528,64.86656860685018,66.06916912695065,65.13401612551755,65.23946148753035,66.55525846702317,64.57814973987786,66.0059921640931,65.86951474344092,66.41895030190432,66.378896882494,65.8343337334934,67.40776936232592,67.52859273993039,67.64920828258222,66.60709726831759,67.35912749935082],"cluster_post_filtering_doc_counts":[69608324,30876370,18822447,14672549,12888221,9173112,6718224,5220282,4078280,3519616,2921658,2528545,2023232,1739081,1504682,1273011,1085899,953079,828844,747670,656836,585893,522983,479476,423650,375132,333376,304201,277191,260474,243622,233493,224215,218668,210326,200833,183813,168177,153616,142399,132682,125479,114188,103084,91570,81172,73311,68735,62757,58955,55139,51194,48043,44980,42148,40130,37959,35949,34045,32645,30863,29460,28126,27007,25342,24630,22958,22065,20979,20491,19632,18850,17809,16984,16430,15706,15144,14489,14084,13462,12636,12473,11890,11691,11319,11050,10358,10081,9741,9515,8993,8885,8478,8079,7803,7925,7339,7418,6913,6833,6651,6317,6209,6009,5909,5772,5537,5490,5248,5295,5031,4854,4770,4676,4466,4356,4151,4244,4150,4067,3916,3710,3733,3692,3726,3499,3506,3422,3297,3231,3162,3103,3135,2999,2984,2902,2804,2752,2647,2739,2557,2640,2481,2400,2335,2314,2284,2227,2193,2158,2112,2151,2036,2046,1978,2005,1960,1866,1833,1868,1809,1801,1736,1658,1669,1688,1672,1609,1600,1575,1501,1566,1475,1470,1446,1402,1423,1334,1306,1328,1308,1257],"tail_threshold":183,"tail_removal_rate":72.0153414986569,"tail_post_filtering_doc_counts":173145,"global_removal_rate":67.66688127275063}