{"cluster_sizes":[1,2,3,4,5,6,7,8,9,11,12,13,20,39,55,71],"cluster_removal_rates":[95.17241379310344,45.45454545454545,46.42857142857143,79.16666666666666,58.333333333333336,100.0,66.66666666666666,66.66666666666666,100.0,100.0,100.0,100.0,100.0,100.0,100.0,0.0],"cluster_post_filtering_doc_counts":[7,24,15,5,5,0,2,1,0,0,0,0,0,0,0,1],"tail_threshold":76,"tail_removal_rate":0.0,"tail_post_filtering_doc_counts":1,"global_removal_rate":77.81818181818181}