{"cluster_sizes":[1,2,3,4,5,6,7,8,9,10,11,12,13,14,15,16,17,18,19,20,21,22,23,24,25,26,27,28,29,30,31,32,33,34,35,36,37,38,39,40,44,46,49,54,61,62,64,73,83,85,89,111,124,146],"cluster_removal_rates":[99.2239149180799,99.07407407407408,96.42857142857143,97.33333333333334,97.43589743589743,97.40259740259741,98.46153846153847,95.45454545454545,97.87234042553192,100.0,100.0,100.0,100.0,100.0,100.0,100.0,100.0,100.0,100.0,88.88888888888889,100.0,100.0,100.0,100.0,100.0,100.0,100.0,100.0,100.0,100.0,100.0,100.0,100.0,100.0,75.0,100.0,100.0,100.0,100.0,100.0,100.0,100.0,100.0,100.0,0.0,100.0,100.0,100.0,100.0,100.0,100.0,100.0,100.0,100.0],"cluster_post_filtering_doc_counts":[27,4,8,4,3,2,1,2,1,0,0,0,0,0,0,0,0,0,0,1,0,0,0,0,0,0,0,0,0,0,0,0,0,0,1,0,0,0,0,0,0,0,0,0,1,0,0,0,0,0,0,0,0,0],"tail_threshold":162,"tail_removal_rate":100.0,"tail_post_filtering_doc_counts":0,"global_removal_rate":98.8673805601318}