{"cluster_sizes":[1,2,3,4,5,6,7,8,9,10,11,12,13,16,18,70,73],"cluster_removal_rates":[93.80952380952381,82.97872340425532,100.0,32.0,50.0,50.0,100.0,100.0,100.0,100.0,100.0,100.0,100.0,100.0,50.0,100.0,100.0],"cluster_post_filtering_doc_counts":[13,8,0,17,8,2,0,0,0,0,0,0,0,0,1,0,0],"tail_threshold":232,"tail_removal_rate":100.0,"tail_post_filtering_doc_counts":0,"global_removal_rate":85.45994065281899}