{"cluster_sizes":[1,2,3,4,5,6,7,9,31,32,33,34,35,36,37,38,39,41,43],"cluster_removal_rates":[45.45454545454545,15.107913669064748,23.333333333333332,3.3333333333333335,29.166666666666668,7.142857142857142,25.0,100.0,100.0,100.0,100.0,100.0,100.0,100.0,100.0,100.0,50.0,50.0,100.0],"cluster_post_filtering_doc_counts":[6,118,46,29,17,13,3,0,0,0,0,0,0,0,0,0,1,1,0],"tail_threshold":49,"tail_removal_rate":100.0,"tail_post_filtering_doc_counts":0,"global_removal_rate":24.758842443729904}