{"cluster_sizes":[1,2,3,4,5,6,7,8,9,10,11,12,13,14,15,16,17,18,19,20,22,23,24,25,27,30,31,32,33,34,35,36,37,38,39,40,42,43,45,47,48,52,55,58,59,61,64,78,79,91],"cluster_removal_rates":[80.26315789473685,79.16666666666666,56.060606060606055,61.72839506172839,54.6875,48.07692307692308,40.0,53.57142857142857,61.53846153846154,55.55555555555556,55.55555555555556,50.0,75.0,100.0,66.66666666666666,46.15384615384615,30.0,50.0,33.33333333333333,0.0,0.0,33.33333333333333,100.0,0.0,50.0,100.0,50.0,100.0,66.66666666666666,66.66666666666666,50.0,0.0,0.0,100.0,0.0,100.0,50.0,100.0,50.0,0.0,100.0,100.0,0.0,100.0,0.0,0.0,0.0,100.0,50.0,100.0],"cluster_post_filtering_doc_counts":[45,20,29,31,29,27,27,13,5,4,4,6,2,0,2,7,7,3,2,2,1,2,0,1,1,0,1,0,1,1,1,1,2,0,1,0,1,0,1,1,0,0,2,0,1,1,1,0,1,0],"tail_threshold":115,"tail_removal_rate":0.0,"tail_post_filtering_doc_counts":1,"global_removal_rate":64.13449564134496}