{"cluster_sizes":[1,2,3,4,5,6,7,8,9,10,11,12,13,15,16,17,19,20,21,22,25,26,30,32,33,34,36,42,45,51,54,64],"cluster_removal_rates":[99.74811083123426,98.85714285714286,100.0,100.0,100.0,100.0,100.0,100.0,100.0,91.66666666666666,100.0,100.0,100.0,100.0,100.0,100.0,100.0,100.0,100.0,100.0,100.0,100.0,100.0,100.0,100.0,100.0,100.0,100.0,100.0,100.0,100.0,100.0],"cluster_post_filtering_doc_counts":[2,2,0,0,0,0,0,0,0,1,0,0,0,0,0,0,0,0,0,0,0,0,0,0,0,0,0,0,0,0,0,0],"tail_threshold":81,"tail_removal_rate":100.0,"tail_post_filtering_doc_counts":0,"global_removal_rate":99.60191082802548}