{"cluster_sizes":[1,2,3,4,5,6,7,8,9,10,11,12,13,14,15,16,17,18,19,20,21,22,23,24,25,26,27,28,29,30,31,32,33,34,35,36,37,38,39,40,43,45,46,47,49,50,52,55,62,75,85,109,139],"cluster_removal_rates":[96.4271536323938,68.40796019900498,61.502347417840376,76.23762376237624,82.1917808219178,92.85714285714286,96.7741935483871,94.73684210526315,100.0,68.18181818181817,46.666666666666664,83.33333333333334,85.71428571428571,87.5,100.0,100.0,87.5,78.94736842105263,65.11627906976744,73.13432835820896,74.10714285714286,79.72972972972973,80.52631578947368,77.43589743589745,81.99052132701422,83.92857142857143,86.77685950413223,85.52631578947368,86.48648648648648,76.47058823529412,61.53846153846154,66.66666666666666,0.0,33.33333333333333,33.33333333333333,100.0,50.0,50.0,0.0,100.0,33.33333333333333,50.0,100.0,100.0,100.0,100.0,0.0,0.0,100.0,100.0,100.0,100.0,100.0],"cluster_post_filtering_doc_counts":[90,127,82,24,13,3,1,1,0,7,8,2,1,1,0,0,1,4,15,18,29,30,37,44,38,27,16,11,5,4,5,1,2,2,4,0,3,4,1,0,2,1,0,0,0,0,1,1,0,0,0,0,0],"tail_threshold":186,"tail_removal_rate":100.0,"tail_post_filtering_doc_counts":0,"global_removal_rate":86.59690078486616}