{"cluster_sizes":[1,2,3,4,5,6,7,8,9,10,11,12,13,15,16,18,19,20,23,27,29,39,40,57,73,95,107],"cluster_removal_rates":[99.40119760479041,85.71428571428571,95.45454545454545,93.33333333333333,100.0,100.0,75.0,57.14285714285714,75.0,100.0,100.0,66.66666666666666,66.66666666666666,100.0,0.0,100.0,100.0,100.0,100.0,100.0,100.0,100.0,100.0,100.0,100.0,100.0,100.0],"cluster_post_filtering_doc_counts":[2,4,1,1,0,0,1,3,1,0,0,1,1,0,1,0,0,0,0,0,0,0,0,0,0,0,0],"tail_threshold":1672,"tail_removal_rate":100.0,"tail_post_filtering_doc_counts":0,"global_removal_rate":96.49890590809628}