{"cluster_sizes":[1,2,3,4,5,6,7,8,9,10,11,12,13,14,15,16,17,18,19,20,21,22,23,24,25,26,27,28,29,30,31,32,33,34,35,36,37,39,40,41,42,43,44,46,47,48,49,50,54,57,58,59,62,66,69,71,73,74,79,80,84,87,94,96],"cluster_removal_rates":[93.90243902439023,61.93590582079791,46.492659053833606,35.32818532818533,33.6764705882353,36.54320987654321,33.24175824175824,34.92822966507177,22.77777777777778,24.858757062146893,32.55813953488372,45.588235294117645,23.214285714285715,12.195121951219512,9.67741935483871,65.21739130434783,90.9090909090909,70.0,80.0,100.0,81.81818181818183,100.0,86.66666666666667,81.25,82.6086956521739,84.61538461538461,75.0,100.0,100.0,81.81818181818183,66.66666666666666,33.33333333333333,45.45454545454545,20.0,100.0,50.0,50.0,100.0,33.33333333333333,50.0,100.0,50.0,60.0,0.0,50.0,0.0,100.0,50.0,100.0,66.66666666666666,0.0,100.0,100.0,100.0,100.0,100.0,100.0,100.0,100.0,100.0,100.0,100.0,100.0,100.0],"cluster_post_filtering_doc_counts":[1080,582,656,670,451,257,243,136,139,133,58,37,43,108,112,8,1,6,2,0,2,0,2,3,4,2,1,0,0,2,1,2,6,4,0,1,2,0,2,2,0,2,2,1,2,2,0,1,0,1,1,0,0,0,0,0,0,0,0,0,0,0,0,0],"tail_threshold":97,"tail_removal_rate":92.0,"tail_post_filtering_doc_counts":2,"global_removal_rate":80.34029580191982}