{"cluster_sizes":[1,2,3,4,5,6,7,8,9,10,11,12,13,14,15,16,17,18,19,20,21,22,23,24,25,26,27,28,29,30,31,32,33,34,35,36,37,38,39,40,42,44,45,47,48,50,52,57,59,61,67,69,70,75,81,82,97,127,201,231],"cluster_removal_rates":[95.87844254510921,85.0828729281768,87.64044943820225,94.87179487179486,100.0,100.0,96.29629629629629,88.88888888888889,91.66666666666666,100.0,100.0,100.0,100.0,75.0,100.0,75.0,69.23076923076923,88.88888888888889,72.22222222222221,80.32786885245902,72.41379310344827,76.99115044247787,74.49664429530202,71.15384615384616,82.91139240506328,81.10236220472441,87.12871287128714,77.35849056603774,87.09677419354838,86.95652173913044,71.42857142857143,75.0,16.666666666666664,25.0,0.0,0.0,0.0,66.66666666666666,75.0,50.0,50.0,100.0,100.0,100.0,50.0,100.0,100.0,100.0,0.0,100.0,0.0,100.0,100.0,100.0,100.0,100.0,100.0,100.0,100.0,100.0],"cluster_post_filtering_doc_counts":[217,27,11,2,0,0,1,2,1,0,0,0,0,1,0,2,4,2,10,12,24,26,38,45,27,24,13,12,4,3,2,1,5,3,5,3,6,1,1,1,1,0,0,0,1,0,0,0,1,0,2,0,0,0,0,0,0,0,0,0],"tail_threshold":242,"tail_removal_rate":100.0,"tail_post_filtering_doc_counts":0,"global_removal_rate":92.20011534025375}