{"cluster_sizes":[1,2,3,4,5,6,7,8,9,10,11,12,13,14,15,16,17,18,19,20,21,22,23,24,25,26,27,28,29,30,31,32,33,34,35,36,37,38,39,40,41,43,44,45,46,47,48,49,50,51,52],"cluster_removal_rates":[96.18742051104175,70.35541195476576,61.83074265975821,74.31693989071039,90.39735099337747,95.52238805970148,91.91919191919192,95.16129032258065,84.375,90.69767441860465,85.71428571428571,78.78787878787878,85.71428571428571,76.19047619047619,68.18181818181817,77.77777777777779,91.66666666666666,58.82352941176471,58.82352941176471,59.09090909090909,56.75675675675676,57.14285714285714,50.0,58.82352941176471,57.692307692307686,71.42857142857143,90.9090909090909,71.42857142857143,60.0,69.23076923076923,50.0,83.33333333333334,80.0,50.0,100.0,80.0,100.0,100.0,71.42857142857143,0.0,0.0,80.0,33.33333333333333,50.0,75.0,0.0,66.66666666666666,66.66666666666666,33.33333333333333,75.0,25.0],"cluster_post_filtering_doc_counts":[1319,367,221,94,29,9,8,3,5,4,5,7,4,5,7,2,1,7,14,18,16,6,11,7,11,4,1,2,4,4,4,1,1,2,0,1,0,0,2,2,1,1,2,1,1,1,1,1,2,1,3],"tail_threshold":55,"tail_removal_rate":80.0,"tail_post_filtering_doc_counts":8,"global_removal_rate":94.13912677980349}