{"cluster_sizes":[1,2,3,4,5,6,7,8,9,10,11,12,13,14,15,16,17,18,19,20,21,22,23,24,25,26,27,28,29,30,31,32,33,34,35,36,37,38,39,40,41,42,43,44,45,46,47,48,49,50,51,52,53,54,55,56,57,58,59,60],"cluster_removal_rates":[99.98639411939519,99.9902585383911,99.97422182122833,100.0,99.8406374501992,99.80174464710547,99.72020145495244,99.60285941223192,99.7584541062802,100.0,99.62894248608535,99.77628635346755,99.75728155339806,99.2,99.35064935064936,99.32659932659934,99.69604863221885,99.59568733153638,99.17808219178083,99.70588235294117,99.81916817359856,98.89380530973452,99.16201117318437,99.65635738831615,99.2094861660079,99.53051643192488,100.0,100.0,98.87640449438202,100.0,100.0,100.0,100.0,100.0,100.0,100.0,100.0,100.0,100.0,100.0,100.0,97.05882352941177,100.0,100.0,100.0,100.0,100.0,100.0,100.0,100.0,100.0,100.0,100.0,100.0,100.0,100.0,100.0,87.5,100.0,100.0],"cluster_post_filtering_doc_counts":[38,5,4,0,6,5,5,5,2,0,2,1,1,3,3,4,2,3,6,2,1,5,3,1,2,1,0,0,1,0,0,0,0,0,0,0,0,0,0,0,0,1,0,0,0,0,0,0,0,0,0,0,0,0,0,0,0,1,0,0],"tail_threshold":61,"tail_removal_rate":98.93048128342245,"tail_post_filtering_doc_counts":4,"global_removal_rate":99.96868258055535}