{"cluster_sizes":[1,2,3,4,5,6,7,8,9,10,11,12,13,14,15,16,17,18,19,20,21,22,23,24,25,26,27,28,29,30,32,33,34,35,36,37,38,41,47,60,62],"cluster_removal_rates":[78.06401249024199,81.02189781021897,88.671875,81.85654008438819,96.53179190751445,93.33333333333333,91.42857142857143,92.3076923076923,90.47619047619048,100.0,86.8421052631579,94.44444444444444,78.57142857142857,78.57142857142857,91.66666666666666,90.9090909090909,90.9090909090909,85.71428571428571,100.0,75.0,100.0,100.0,100.0,100.0,100.0,100.0,100.0,100.0,100.0,66.66666666666666,100.0,100.0,100.0,100.0,100.0,100.0,100.0,100.0,100.0,100.0,100.0],"cluster_post_filtering_doc_counts":[562,78,29,43,6,6,6,6,4,0,5,1,3,3,2,1,1,1,0,2,0,0,0,0,0,0,0,0,0,1,0,0,0,0,0,0,0,0,0,0,0],"tail_threshold":63,"tail_removal_rate":80.0,"tail_post_filtering_doc_counts":1,"global_removal_rate":81.71552138395003}