{"cluster_sizes":[1,2,3,4,5,6,7,8,9,10,11,12,13,14,15,16,17,18,19,20,21,22,23,24,25,26,27,28,29,30,31,32,33,34,35],"cluster_removal_rates":[99.23213888270644,98.06763285024155,100.0,100.0,100.0,100.0,95.45454545454545,100.0,100.0,100.0,100.0,100.0,100.0,100.0,100.0,100.0,50.0,55.55555555555556,47.61904761904761,14.285714285714285,28.57142857142857,25.454545454545453,38.46153846153847,24.489795918367346,34.285714285714285,48.64864864864865,65.21739130434783,66.66666666666666,50.0,100.0,100.0,0.0,0.0,37.5,0.0],"cluster_post_filtering_doc_counts":[138,4,0,0,0,0,1,0,0,0,0,0,0,0,0,0,3,4,11,18,25,41,32,37,23,19,8,4,3,0,0,3,2,5,6],"tail_threshold":36,"tail_removal_rate":52.17391304347826,"tail_post_filtering_doc_counts":11,"global_removal_rate":97.90006859072442}