{"cluster_sizes":[1,2,3,4,5,6,7,8,9,10,11,12,13,14,15,16,17,18,19,20,21,22,23,24,25,26,27,28,29,30,31,32,33,34,35,36,37,38,39,40,41,42,43,44,45,46,47,48,49,50,51,52,53,54,55,56,57,58,59,60,61,62,63,64,65,66,67,68,69,70,71,72,73,74,75,76,77,78,79,80,81,82,83,84,85,86,87,88,89,90,91,92,93,94,95,96,97,98,99,100,101,102,103,104,105,106,107,108,109,110,111,112,113,114,115,116,117,118,119,120,121,122,123,124,125,126,127,128,129,130,131,132,133,134,135,136,137,138,139,140,141,142,143,144,145,146,147,148,149,150,151,152,153,154,155,156,157,158,159,160,161,163,164,167,169,170,171,172,173,174,175,176,177,178,179,180,181,182,183,185,186,187,188,189,191,192,193,194,195,196,197,198,199,200,201,202,204,205,206,207,208,209,210,211,212,213,214,215,216,219,220,221,222,223,224,226,227,232,236,237,238,239,241,242,243,244,245,246,248,249,253,254,255,258,259,262,263,264,267,268,269,272,273,274,275,276,277,280,281,284,285,286,288,289,290,292,293,294,297,298,300,302,304,305,309,312,315,316,317,318,319,321,323],"cluster_removal_rates":[99.71421478028192,98.36387142793455,97.5609756097561,96.56661628158065,96.46103896103895,96.39869043288468,96.71422395157803,97.59288330716902,96.97656840513983,94.1972920696325,92.7797833935018,95.67367119901112,95.70871261378413,96.04086845466155,93.90420899854863,94.91869918699187,95.37572254335261,95.703125,95.78544061302682,96.66666666666667,93.61179361179362,96.40287769784173,96.76025917926566,96.34146341463415,97.83549783549783,97.58713136729223,97.61904761904762,94.28571428571428,95.72192513368985,92.13483146067416,95.23809523809523,97.98657718120806,95.80838323353294,96.15384615384616,95.08196721311475,97.75280898876404,97.45222929936305,98.48484848484848,98.0,95.78947368421052,94.05940594059405,94.89795918367348,98.05825242718447,98.01980198019803,97.95918367346938,94.94949494949495,95.90163934426229,98.01980198019803,96.73913043478261,97.70114942528735,94.04761904761905,94.31818181818183,94.73684210526315,89.6103896103896,94.66666666666667,89.28571428571429,96.47058823529412,94.11764705882352,94.20289855072464,97.33333333333334,93.24324324324324,89.65517241379311,97.40259740259741,94.44444444444444,97.05882352941177,94.73684210526315,93.84615384615384,95.77464788732394,100.0,89.39393939393939,95.71428571428572,95.3125,92.85714285714286,95.77464788732394,95.1219512195122,98.38709677419355,94.8051948051948,96.96969696969697,93.93939393939394,97.10144927536231,89.36170212765957,92.3076923076923,94.44444444444444,96.42857142857143,94.33962264150944,95.08196721311475,93.10344827586206,98.0392156862745,93.75,89.39393939393939,96.07843137254902,96.36363636363636,100.0,96.49122807017544,93.75,92.5,93.47826086956522,91.17647058823529,94.5945945945946,92.3076923076923,88.0,91.66666666666666,89.47368421052632,95.83333333333334,100.0,100.0,96.15384615384616,88.88888888888889,92.85714285714286,100.0,100.0,100.0,100.0,100.0,92.85714285714286,100.0,100.0,88.88888888888889,75.0,80.0,100.0,77.77777777777779,75.0,100.0,90.9090909090909,100.0,90.9090909090909,100.0,100.0,100.0,100.0,100.0,100.0,100.0,100.0,100.0,85.71428571428571,100.0,100.0,85.71428571428571,100.0,75.0,100.0,80.0,100.0,100.0,100.0,100.0,100.0,100.0,100.0,100.0,100.0,100.0,100.0,100.0,100.0,100.0,100.0,100.0,100.0,100.0,100.0,100.0,100.0,100.0,100.0,100.0,100.0,100.0,100.0,100.0,100.0,100.0,100.0,100.0,100.0,100.0,50.0,100.0,100.0,75.0,100.0,100.0,100.0,100.0,100.0,100.0,100.0,100.0,100.0,100.0,100.0,100.0,100.0,100.0,100.0,100.0,100.0,100.0,100.0,100.0,100.0,100.0,100.0,100.0,100.0,100.0,100.0,100.0,100.0,100.0,100.0,100.0,100.0,100.0,100.0,100.0,100.0,100.0,100.0,100.0,100.0,100.0,100.0,100.0,100.0,66.66666666666666,100.0,100.0,100.0,100.0,100.0,100.0,100.0,100.0,100.0,100.0,100.0,100.0,100.0,100.0,100.0,100.0,100.0,100.0,100.0,100.0,100.0,100.0,100.0,100.0,100.0,100.0,100.0,100.0,100.0,100.0,100.0,100.0,100.0,100.0,100.0,100.0,100.0,100.0,100.0,100.0,100.0,100.0,100.0,100.0,100.0],"cluster_post_filtering_doc_counts":[1036,367,180,159,109,99,76,46,40,60,60,35,33,31,42,25,24,22,22,15,26,15,15,15,10,9,7,14,8,14,8,3,7,7,9,4,4,2,2,4,6,5,2,2,2,5,5,2,3,2,5,5,5,8,4,9,3,5,4,2,5,6,2,4,2,4,4,3,0,7,3,3,5,3,4,1,4,2,4,2,5,5,3,2,3,3,4,1,3,7,2,2,0,2,3,3,3,3,2,2,3,2,2,1,0,0,1,2,1,0,0,0,0,0,1,0,0,1,1,2,0,2,1,0,1,0,1,0,0,0,0,0,0,0,0,0,1,0,0,1,0,1,0,1,0,0,0,0,0,0,0,0,0,0,0,0,0,0,0,0,0,0,0,0,0,0,0,0,0,0,0,0,0,0,0,0,0,0,1,0,0,1,0,0,0,0,0,0,0,0,0,0,0,0,0,0,0,0,0,0,0,0,0,0,0,0,0,0,0,0,0,0,0,0,0,0,0,0,0,0,0,0,0,0,0,0,0,1,0,0,0,0,0,0,0,0,0,0,0,0,0,0,0,0,0,0,0,0,0,0,0,0,0,0,0,0,0,0,0,0,0,0,0,0,0,0,0,0,0,0,0,0,0],"tail_threshold":324,"tail_removal_rate":100.0,"tail_post_filtering_doc_counts":0,"global_removal_rate":99.3186325709122}