{"cluster_sizes":[1,2,3,4,5,6,7,8,9,10,11,12,13,14,15,16,17,18,19,20,21,22,23,24,25,26,27,28,29,30,31,32,33,34,35,36,37,38,39,40,41,42,43,44,45,46,47,48,49,50,51,52,53,54,55,56,57,58,59,60,61,62,63,64,65,66,67,68,69,70,71,72,73,74,75,76,77,78,79,80,81,82,83,84,85,86,87,88,89,90,91,92,93,94,95,96,97,98,99,100,101,102,103,104,105],"cluster_removal_rates":[99.06724763498401,94.84511132623426,94.8305571510626,92.92364990689012,93.62279511533242,91.74664107485604,83.52272727272727,84.72727272727273,93.75,96.51162790697676,94.96402877697841,89.32038834951457,97.40259740259741,90.58823529411765,89.33333333333333,81.92771084337349,93.33333333333333,86.75496688741721,94.63087248322147,90.86538461538461,88.79668049792531,89.54703832752612,91.01449275362319,87.68328445747801,89.35483870967742,93.96551724137932,94.96402877697841,94.44444444444444,93.75,91.17647058823529,95.83333333333334,85.71428571428571,93.33333333333333,100.0,90.32258064516128,84.21052631578947,86.95652173913044,82.6086956521739,84.21052631578947,81.25,68.42105263157895,90.0,76.47058823529412,100.0,71.42857142857143,87.5,100.0,88.88888888888889,81.81818181818183,85.71428571428571,90.0,77.77777777777779,87.5,91.66666666666666,100.0,92.85714285714286,100.0,71.42857142857143,70.0,81.81818181818183,100.0,100.0,85.71428571428571,94.11764705882352,100.0,100.0,87.5,100.0,87.5,80.0,100.0,100.0,75.0,100.0,100.0,83.33333333333334,100.0,100.0,100.0,100.0,100.0,100.0,100.0,100.0,83.33333333333334,60.0,100.0,75.0,100.0,100.0,100.0,100.0,100.0,66.66666666666666,100.0,100.0,100.0,100.0,85.71428571428571,100.0,100.0,100.0,100.0,100.0,100.0],"cluster_post_filtering_doc_counts":[563,213,90,76,47,43,58,42,14,6,7,11,2,8,8,15,7,20,8,19,27,30,31,42,33,14,7,5,4,3,1,2,2,0,3,3,3,4,3,3,6,1,4,0,2,1,0,1,2,1,1,2,1,1,0,1,0,2,3,2,0,0,1,1,0,0,1,0,1,1,0,0,2,0,0,1,0,0,0,0,0,0,0,0,1,2,0,1,0,0,0,0,0,1,0,0,0,0,1,0,0,0,0,0,0],"tail_threshold":106,"tail_removal_rate":92.10526315789474,"tail_post_filtering_doc_counts":6,"global_removal_rate":97.9243078762192}