{"cluster_sizes":[1,2,3,4,5,6,7,8,9,10,11,12,13,14,15,16,17,18,19,20,21,22,23,24,25,26,27,28,29,30,31,32,33,34,35,36,37,38,39,40,41,42,43,44,45,46,47,48,49,50,51,52,53,54,55,56,57,58,59,60,61,62,63,64,65,66,67,68,69,70,71,72,73,74,75,76,77,78,79,80,81,82,83,84,85,86,87,88,89,90,91,92,93,94,95,96,97,98,99,100,101],"cluster_removal_rates":[99.98442464643948,99.97755880612849,99.99440246291633,100.0,100.0,100.0,100.0,100.0,100.0,100.0,100.0,100.0,100.0,100.0,100.0,99.8330550918197,99.59266802443992,99.50617283950616,96.7741935483871,97.20670391061452,95.6923076923077,95.01466275659824,93.14079422382672,95.19999999999999,95.88014981273409,96.8586387434555,97.42268041237114,98.21428571428571,99.17355371900827,100.0,99.11504424778761,99.03846153846155,97.67441860465115,98.46153846153847,99.08256880733946,98.4251968503937,99.18032786885246,98.94736842105263,100.0,100.0,97.91666666666666,100.0,100.0,100.0,100.0,100.0,100.0,100.0,100.0,100.0,100.0,100.0,100.0,100.0,100.0,100.0,100.0,100.0,100.0,100.0,100.0,100.0,100.0,100.0,100.0,100.0,100.0,100.0,100.0,100.0,100.0,100.0,100.0,100.0,100.0,100.0,100.0,100.0,100.0,100.0,100.0,100.0,100.0,100.0,100.0,100.0,100.0,100.0,100.0,100.0,100.0,100.0,100.0,100.0,100.0,100.0,100.0,100.0,100.0,100.0,100.0],"cluster_post_filtering_doc_counts":[65,11,1,0,0,0,0,0,0,0,0,0,0,0,0,1,2,2,12,10,14,17,19,12,11,6,5,3,1,0,1,1,3,2,1,2,1,1,0,0,1,0,0,0,0,0,0,0,0,0,0,0,0,0,0,0,0,0,0,0,0,0,0,0,0,0,0,0,0,0,0,0,0,0,0,0,0,0,0,0,0,0,0,0,0,0,0,0,0,0,0,0,0,0,0,0,0,0,0,0,0],"tail_threshold":102,"tail_removal_rate":100.0,"tail_post_filtering_doc_counts":0,"global_removal_rate":99.961291906232}