{"cluster_sizes":[1,2,3,4,5,6,7,8,9,10,11,12,13,14,15,16,17,18,19,20,21,22,23,24,25,26,27,28,29,30,31,32,33,34,35,36,37,38,39,40,41,42,43,44,45,46,47,48,49,50,51,54,55,56,57,58,60,61,62,63,64,65,66,67,69,70,71,72,73,78,82,88,90,92,95,96,97,99,100,107,109,120,126,130,135,141,145,146,150,155,156],"cluster_removal_rates":[99.20550847457628,98.3342587451416,99.66101694915255,99.80353634577604,100.0,100.0,100.0,100.0,100.0,100.0,100.0,100.0,100.0,100.0,100.0,93.54838709677419,91.66666666666666,88.63636363636364,84.375,86.66666666666667,80.91603053435115,76.19047619047619,79.05759162303664,84.61538461538461,84.5,84.89208633093526,89.13043478260869,91.66666666666666,92.0,94.73684210526315,93.33333333333333,79.3103448275862,93.33333333333333,92.3076923076923,82.6086956521739,79.16666666666666,80.0,94.73684210526315,81.81818181818183,85.71428571428571,100.0,100.0,100.0,100.0,100.0,100.0,100.0,100.0,100.0,100.0,100.0,83.33333333333334,100.0,100.0,100.0,100.0,100.0,100.0,100.0,100.0,100.0,100.0,100.0,100.0,100.0,100.0,100.0,100.0,100.0,100.0,100.0,100.0,100.0,100.0,100.0,100.0,100.0,100.0,100.0,100.0,100.0,100.0,100.0,100.0,100.0,100.0,100.0,100.0,100.0,100.0,100.0],"cluster_post_filtering_doc_counts":[120,30,3,1,0,0,0,0,0,0,0,0,0,0,0,2,3,5,10,12,25,35,40,32,31,21,15,8,4,2,2,6,1,1,4,5,3,1,2,1,0,0,0,0,0,0,0,0,0,0,0,1,0,0,0,0,0,0,0,0,0,0,0,0,0,0,0,0,0,0,0,0,0,0,0,0,0,0,0,0,0,0,0,0,0,0,0,0,0,0,0],"tail_threshold":215,"tail_removal_rate":100.0,"tail_post_filtering_doc_counts":0,"global_removal_rate":98.016944418583}