{"cluster_sizes":[1,2,3,4,5,6,7,8,9,10,11,12,13,14,15,16,17,18,19,20,21,22,23,24,25,26,27,28,29,30,31,32,33,34,35,36,37,38,39,40,41,42,43,44,45,46,47,48,49,50,51,52,53,54,55,56,58,59,60,61,62,64,65,66,67,68,69,70,71,72,73,75,76,77],"cluster_removal_rates":[99.39510891750473,98.82161722876879,99.61389961389962,100.0,99.85185185185185,99.85401459854015,100.0,100.0,97.88732394366197,98.56115107913669,100.0,99.03846153846155,100.0,98.21428571428571,98.0,100.0,100.0,100.0,100.0,91.30434782608695,100.0,100.0,100.0,100.0,100.0,100.0,100.0,100.0,100.0,100.0,100.0,100.0,100.0,100.0,100.0,100.0,100.0,100.0,87.5,100.0,100.0,100.0,100.0,100.0,100.0,100.0,100.0,100.0,100.0,100.0,100.0,100.0,100.0,100.0,100.0,100.0,100.0,100.0,100.0,100.0,100.0,100.0,100.0,100.0,100.0,100.0,100.0,100.0,100.0,100.0,100.0,100.0,100.0,100.0],"cluster_post_filtering_doc_counts":[326,29,4,0,1,1,0,0,3,2,0,1,0,1,1,0,0,0,0,2,0,0,0,0,0,0,0,0,0,0,0,0,0,0,0,0,0,0,1,0,0,0,0,0,0,0,0,0,0,0,0,0,0,0,0,0,0,0,0,0,0,0,0,0,0,0,0,0,0,0,0,0,0,0],"tail_threshold":79,"tail_removal_rate":100.0,"tail_post_filtering_doc_counts":0,"global_removal_rate":99.39134133970352}