{"cluster_sizes":[1,2,3,4,5,6,7,8,9,10,11,12,13,14,15,16,17,18,19,20,21,22,23,24,25,26,27,28,29,30,31,32,33,34,35,36,37,38,39,40,41,42,43,45,46,49,50,51,53,54,56,57,58,60,65,66,67,68,69,71,72,73,74,79,80,82,84,85,90,91,92,95,96,98,100,103,104,107,110,116,118,120,125,126],"cluster_removal_rates":[99.33025130393551,99.66009517335146,100.0,100.0,100.0,100.0,100.0,100.0,100.0,100.0,100.0,100.0,100.0,100.0,100.0,100.0,85.18518518518519,87.5,72.5,74.24242424242425,68.81720430107528,68.85245901639344,74.4186046511628,72.84768211920529,84.21052631578947,76.23762376237624,83.33333333333334,88.37209302325581,94.44444444444444,94.44444444444444,80.0,77.77777777777779,80.0,75.0,50.0,66.66666666666666,50.0,66.66666666666666,66.66666666666666,66.66666666666666,100.0,100.0,100.0,100.0,100.0,100.0,100.0,100.0,50.0,100.0,100.0,100.0,100.0,100.0,100.0,100.0,100.0,100.0,0.0,100.0,100.0,100.0,100.0,100.0,100.0,100.0,100.0,100.0,100.0,100.0,100.0,100.0,100.0,100.0,100.0,100.0,100.0,100.0,100.0,100.0,100.0,100.0,100.0,100.0],"cluster_post_filtering_doc_counts":[113,5,0,0,0,0,0,0,0,0,0,0,0,0,0,0,4,4,11,17,29,38,33,41,21,24,12,5,1,1,2,2,2,2,6,3,3,1,1,1,0,0,0,0,0,0,0,0,1,0,0,0,0,0,0,0,0,0,1,0,0,0,0,0,0,0,0,0,0,0,0,0,0,0,0,0,0,0,0,0,0,0,0,0],"tail_threshold":127,"tail_removal_rate":100.0,"tail_post_filtering_doc_counts":0,"global_removal_rate":98.21145784816022}