{"cluster_sizes":[1,2,3,4,5,6,7,8,9,10,11,12,13,14,15,16,17,18,19,20,21,22,23,24,25,26,27,28,29,30,31,32,33,34,35,36,37,38,39,40,41,42,43,45,47,54,55,56,57,58,60,62,65,70,76,79,96,97,100,101,102,103,105,113,116,121,126,141,144,152,157,178,189,195,227,229,247,263,304,327,336,501,584,594,669,709],"cluster_removal_rates":[96.91091954022988,93.94618834080718,98.14814814814815,94.90445859872611,90.21739130434783,97.26027397260275,96.66666666666667,93.33333333333333,100.0,100.0,100.0,100.0,100.0,100.0,100.0,100.0,75.0,66.66666666666666,51.724137931034484,42.10526315789473,50.0,46.478873239436616,57.14285714285714,55.88235294117647,61.66666666666667,63.41463414634146,80.0,70.96774193548387,64.70588235294117,85.71428571428571,33.33333333333333,25.0,20.0,50.0,66.66666666666666,33.33333333333333,60.0,66.66666666666666,80.0,100.0,100.0,66.66666666666666,100.0,100.0,100.0,100.0,100.0,100.0,100.0,100.0,100.0,100.0,50.0,100.0,0.0,100.0,100.0,100.0,100.0,100.0,100.0,100.0,100.0,100.0,100.0,100.0,100.0,100.0,100.0,100.0,100.0,100.0,100.0,100.0,100.0,100.0,100.0,100.0,100.0,100.0,100.0,100.0,100.0,100.0,100.0,100.0],"cluster_post_filtering_doc_counts":[86,27,4,8,9,2,1,1,0,0,0,0,0,0,0,0,2,5,14,22,28,38,27,30,23,15,7,9,6,1,2,3,4,2,1,2,2,2,1,0,0,1,0,0,0,0,0,0,0,0,0,0,1,0,1,0,0,0,0,0,0,0,0,0,0,0,0,0,0,0,0,0,0,0,0,0,0,0,0,0,0,0,0,0,0,0],"tail_threshold":715,"tail_removal_rate":100.0,"tail_post_filtering_doc_counts":0,"global_removal_rate":91.51315789473684}