{"cluster_sizes":[1,2,3,4,5,6,7,8,9,10,11,12,13,14,15,16,17,18,19,20,21,22,23,24,25,26,27,28,29,30,31,32,33,34,35,36,37,38,39,40,41,42,43,44,46,47,49,55,58,59,60,61,63,64,67,85,88,103,105,137,144],"cluster_removal_rates":[96.90647482014388,96.49122807017544,99.68944099378882,100.0,100.0,98.0,100.0,100.0,100.0,100.0,100.0,88.88888888888889,100.0,100.0,100.0,100.0,91.66666666666666,89.47368421052632,76.31578947368422,71.60493827160494,79.12087912087912,71.900826446281,75.32467532467533,80.89887640449437,78.72340425531915,79.41176470588235,89.52380952380953,91.52542372881356,92.5925925925926,86.66666666666667,75.0,100.0,75.0,100.0,20.0,66.66666666666666,62.5,75.0,33.33333333333333,0.0,75.0,100.0,100.0,100.0,100.0,100.0,66.66666666666666,100.0,0.0,100.0,100.0,100.0,100.0,100.0,100.0,100.0,100.0,100.0,100.0,100.0,100.0],"cluster_post_filtering_doc_counts":[86,14,2,0,0,1,0,0,0,0,0,1,0,0,0,0,1,2,9,23,19,34,38,34,40,28,11,5,2,2,3,0,1,0,4,2,3,1,2,2,1,0,0,0,0,0,1,0,1,0,0,0,0,0,0,0,0,0,0,0,0],"tail_threshold":151,"tail_removal_rate":100.0,"tail_post_filtering_doc_counts":0,"global_removal_rate":93.2744320230797}