{"cluster_sizes":[1,2,3,4,5,6,7,8,9,10,11,12,13,14,15,16,17,18,19,20,21,22,23,24,25,26,27,28,29,30,31,32,33,34,35,36,37,38,39,40,41,43,51,57,58,64,66,75],"cluster_removal_rates":[99.02439024390245,96.27039627039628,98.79518072289156,97.54901960784314,94.64285714285714,92.85714285714286,100.0,100.0,100.0,100.0,100.0,100.0,100.0,100.0,66.66666666666666,100.0,71.42857142857143,52.94117647058824,76.0,65.71428571428571,36.17021276595745,55.55555555555556,62.19512195121951,57.35294117647059,65.51724137931035,50.0,73.07692307692307,85.71428571428571,44.44444444444444,60.0,60.0,60.0,50.0,66.66666666666666,50.0,57.14285714285714,50.0,62.5,80.0,100.0,60.0,0.0,100.0,100.0,100.0,100.0,100.0,100.0],"cluster_post_filtering_doc_counts":[44,16,2,5,6,3,0,0,0,0,0,0,0,0,1,0,2,8,6,12,30,28,31,29,30,29,7,3,5,2,2,2,2,1,2,6,2,3,1,0,2,1,0,0,0,0,0,0],"tail_threshold":80,"tail_removal_rate":100.0,"tail_post_filtering_doc_counts":0,"global_removal_rate":94.79452054794521}