{"cluster_sizes":[1,2,3,4,5,6,7,8,9,10,11,12,13,14,15,16,17,18,19,20,21,22,23,24,25,26,27,28,29,31,35,36,37,38,39,40,41,42,44,45,47,62,65,72,75],"cluster_removal_rates":[81.43322475570032,67.06161137440758,73.33333333333333,94.69026548672566,69.44444444444444,97.72727272727273,94.44444444444444,100.0,100.0,100.0,100.0,86.66666666666667,100.0,100.0,100.0,100.0,100.0,100.0,100.0,100.0,100.0,100.0,100.0,100.0,80.0,100.0,100.0,100.0,100.0,100.0,100.0,100.0,100.0,100.0,100.0,100.0,100.0,100.0,100.0,100.0,100.0,100.0,100.0,100.0,0.0],"cluster_post_filtering_doc_counts":[513,278,68,6,22,1,1,0,0,0,0,2,0,0,0,0,0,0,0,0,0,0,0,0,1,0,0,0,0,0,0,0,0,0,0,0,0,0,0,0,0,0,0,0,1],"tail_threshold":99,"tail_removal_rate":80.0,"tail_post_filtering_doc_counts":1,"global_removal_rate":79.12190565156469}