{"cluster_sizes":[1,2,3,4,5,6,7,8,9,10,11,12,13,14,15,16,17,21,22,23,26,27,28,30,31,35,36,37,38,39,40,41,42,48,72,80,84,97],"cluster_removal_rates":[98.50458273034249,92.26804123711341,92.6829268292683,98.07692307692307,100.0,100.0,100.0,100.0,100.0,92.3076923076923,100.0,100.0,75.0,60.0,100.0,75.0,50.0,100.0,100.0,100.0,100.0,100.0,0.0,100.0,100.0,100.0,100.0,100.0,100.0,100.0,100.0,100.0,100.0,100.0,100.0,100.0,100.0,100.0],"cluster_post_filtering_doc_counts":[31,15,6,1,0,0,0,0,0,1,0,0,1,2,0,1,1,0,0,0,0,0,1,0,0,0,0,0,0,0,0,0,0,0,0,0,0,0],"tail_threshold":118,"tail_removal_rate":100.0,"tail_post_filtering_doc_counts":0,"global_removal_rate":97.74690199023658}