{"cluster_sizes":[1,2,3,4,5,6,7,8,9,10,11,12,13,14,15,16,17,18,19,20,21,22,23,24,25,26,27,28,29,30,31,32,33,34,35,36,37,38,39,40,41,42,43,44,45,46,47,49,52,53,57,58,59,61,65,68,76,85,86,89,95,96,98,106,111],"cluster_removal_rates":[99.44066515495086,99.58988380041012,92.55150554675119,99.21671018276761,92.88256227758008,99.42528735632183,98.34710743801654,99.01960784313727,100.0,100.0,98.27586206896551,100.0,89.65517241379311,100.0,100.0,100.0,100.0,100.0,100.0,90.9090909090909,93.75,100.0,100.0,90.0,100.0,100.0,100.0,100.0,100.0,100.0,100.0,100.0,100.0,100.0,100.0,100.0,100.0,100.0,100.0,100.0,100.0,100.0,100.0,100.0,100.0,100.0,100.0,100.0,100.0,100.0,100.0,100.0,100.0,100.0,100.0,100.0,100.0,100.0,100.0,100.0,100.0,100.0,100.0,100.0,100.0],"cluster_post_filtering_doc_counts":[74,6,47,3,20,1,2,1,0,0,1,0,3,0,0,0,0,0,0,1,1,0,0,1,0,0,0,0,0,0,0,0,0,0,0,0,0,0,0,0,0,0,0,0,0,0,0,0,0,0,0,0,0,0,0,0,0,0,0,0,0,0,0,0,0],"tail_threshold":122,"tail_removal_rate":88.23529411764706,"tail_post_filtering_doc_counts":2,"global_removal_rate":99.0375531412376}