{"cluster_sizes":[1,2,3,4,5,6,7,8,9,10,11,12,13,14,15,16,17,18,19,20,21,22,23,24,29,30,31,33,37,45],"cluster_removal_rates":[66.09547123623011,38.287153652392945,54.70297029702971,46.20253164556962,75.0,69.0721649484536,73.52941176470588,77.77777777777779,54.166666666666664,34.61538461538461,38.88888888888889,33.33333333333333,38.095238095238095,30.76923076923077,57.14285714285714,40.0,57.14285714285714,60.0,100.0,66.66666666666666,100.0,100.0,100.0,100.0,100.0,0.0,100.0,0.0,100.0,0.0],"cluster_post_filtering_doc_counts":[277,245,183,85,68,30,18,6,11,17,22,18,13,9,6,9,3,2,0,1,0,0,0,0,0,1,0,1,0,1],"tail_threshold":51,"tail_removal_rate":33.33333333333333,"tail_post_filtering_doc_counts":2,"global_removal_rate":58.02368313597387}