{"cluster_sizes":[1,2,3,4,5,6,7,8,9,10,12,15,16,17,18,21,33,34,35,36,38,39,43,45,47],"cluster_removal_rates":[99.812734082397,25.649350649350648,88.88888888888889,100.0,100.0,100.0,100.0,100.0,100.0,100.0,100.0,100.0,100.0,100.0,100.0,100.0,100.0,100.0,100.0,100.0,100.0,100.0,100.0,100.0,100.0],"cluster_post_filtering_doc_counts":[1,229,3,0,0,0,0,0,0,0,0,0,0,0,0,0,0,0,0,0,0,0,0,0,0],"tail_threshold":203,"tail_removal_rate":100.0,"tail_post_filtering_doc_counts":0,"global_removal_rate":75.55089192025184}