{"cluster_sizes":[1,2,3,4,5,6,7,8,9,10,11,12,13,14,17,18,19,20,22,24,25,27,28,35],"cluster_removal_rates":[64.28571428571429,52.77777777777778,55.00000000000001,85.71428571428571,50.0,100.0,100.0,75.0,100.0,100.0,100.0,100.0,66.66666666666666,100.0,100.0,100.0,100.0,100.0,100.0,100.0,100.0,0.0,100.0,100.0],"cluster_post_filtering_doc_counts":[20,17,9,1,1,0,0,1,0,0,0,0,1,0,0,0,0,0,0,0,0,1,0,0],"tail_threshold":78,"tail_removal_rate":100.0,"tail_post_filtering_doc_counts":0,"global_removal_rate":66.22516556291392}