{"cluster_sizes":[1,2,3,4,5,6,7,8,9,10,11,12,13,14,15,16,17,18,19,20,21,22,23,24,25,26,27,28,29,30,31,32,33,34,35,36,37,38,39,40,41,42,43,44,45,46,47,48,49,50,51,52,53,54,55,56,57,58,59,60,61,62,63,64,65,66,67,68,69,70,71,72,73,74,75,76,77,78,79,80,81,83,84,85,88,89,90,91,92,93,95,96,97,98,99,103,105,106,110,112,113,115,116,120,122,123,124,125,126,127,131,133,143,144,148,149,155,159],"cluster_removal_rates":[97.01538461538462,90.90686274509804,89.3658536585366,92.37510955302366,96.24352331606218,97.40518962075848,96.9309462915601,97.72079772079772,96.19377162629758,93.83116883116884,94.79768786127167,96.75324675324676,95.32710280373831,94.6236559139785,90.0,88.88888888888889,95.34883720930233,95.38461538461539,96.07843137254902,98.18181818181819,97.61904761904762,93.61702127659575,82.97872340425532,95.83333333333334,97.14285714285714,100.0,96.42857142857143,96.66666666666667,90.9090909090909,100.0,91.66666666666666,100.0,96.29629629629629,100.0,100.0,95.45454545454545,75.0,100.0,100.0,100.0,100.0,90.0,100.0,91.66666666666666,100.0,100.0,66.66666666666666,100.0,100.0,100.0,100.0,100.0,100.0,100.0,100.0,100.0,100.0,100.0,100.0,100.0,100.0,100.0,100.0,100.0,100.0,100.0,100.0,100.0,100.0,100.0,100.0,100.0,100.0,100.0,100.0,100.0,100.0,100.0,100.0,100.0,100.0,100.0,100.0,100.0,100.0,100.0,100.0,100.0,100.0,100.0,100.0,100.0,100.0,100.0,100.0,100.0,100.0,100.0,100.0,100.0,100.0,100.0,100.0,100.0,100.0,100.0,100.0,100.0,100.0,100.0,50.0,100.0,100.0,100.0,100.0,100.0,100.0,100.0],"cluster_post_filtering_doc_counts":[970,371,218,87,29,13,12,8,11,19,9,5,5,5,8,7,2,3,2,1,1,3,8,2,1,0,1,1,3,0,2,0,1,0,0,1,3,0,0,0,0,1,0,1,0,0,2,0,0,0,0,0,0,0,0,0,0,0,0,0,0,0,0,0,0,0,0,0,0,0,0,0,0,0,0,0,0,0,0,0,0,0,0,0,0,0,0,0,0,0,0,0,0,0,0,0,0,0,0,0,0,0,0,0,0,0,0,0,0,0,1,0,0,0,0,0,0,0],"tail_threshold":161,"tail_removal_rate":97.82608695652173,"tail_post_filtering_doc_counts":1,"global_removal_rate":95.87446388453945}