{"cluster_sizes":[1,2,14,15,16,17,18,19,20,21,22,23,24,25,26,27,28,29,30],"cluster_removal_rates":[66.66666666666666,24.285714285714285,50.0,50.0,0.0,0.0,20.0,10.0,23.52941176470588,53.333333333333336,7.142857142857142,11.11111111111111,20.0,0.0,60.0,0.0,0.0,0.0,0.0],"cluster_post_filtering_doc_counts":[1,106,1,1,4,8,12,9,13,7,13,8,4,3,2,2,1,1,4],"tail_threshold":34,"tail_removal_rate":100.0,"tail_post_filtering_doc_counts":0,"global_removal_rate":23.371647509578544}