{"cluster_sizes":[1,2,3,4,5,6,7,8,9,10,12,13,14,15,18,19,21,23,29,36,38,40,54,70,89],"cluster_removal_rates":[78.27715355805243,82.35294117647058,60.0,88.88888888888889,100.0,100.0,100.0,100.0,100.0,100.0,100.0,100.0,100.0,100.0,100.0,100.0,100.0,100.0,100.0,100.0,100.0,100.0,100.0,100.0,100.0],"cluster_post_filtering_doc_counts":[58,12,14,1,0,0,0,0,0,0,0,0,0,0,0,0,0,0,0,0,0,0,0,0,0],"tail_threshold":168,"tail_removal_rate":100.0,"tail_post_filtering_doc_counts":0,"global_removal_rate":80.45977011494253}