{"cluster_sizes":[1,2,3,4,5,6,7,9,10,12,14,17,21,23,24,25,26,27,29,30,35],"cluster_removal_rates":[98.14814814814815,95.83333333333334,100.0,92.3076923076923,100.0,100.0,100.0,100.0,50.0,100.0,100.0,100.0,100.0,100.0,100.0,100.0,100.0,100.0,0.0,100.0,100.0],"cluster_post_filtering_doc_counts":[2,1,0,1,0,0,0,0,1,0,0,0,0,0,0,0,0,0,1,0,0],"tail_threshold":38,"tail_removal_rate":0.0,"tail_post_filtering_doc_counts":1,"global_removal_rate":96.3917525773196}