{"cluster_sizes":[1,2,3,4,5,6,7,8,9,10,11,12,13,14,15,16,17,20,21,22,30,45],"cluster_removal_rates":[99.609375,99.02912621359224,93.22033898305084,97.43589743589743,96.7741935483871,100.0,100.0,100.0,100.0,100.0,100.0,100.0,100.0,100.0,100.0,100.0,100.0,100.0,100.0,100.0,100.0,100.0],"cluster_post_filtering_doc_counts":[1,1,4,1,1,0,0,0,0,0,0,0,0,0,0,0,0,0,0,0,0,0],"tail_threshold":51,"tail_removal_rate":100.0,"tail_post_filtering_doc_counts":0,"global_removal_rate":98.59894921190893}