{"cluster_sizes":[1,2,3,4,5,6,7,8,9,10,11,12,13,14,17,19,20,21,22,24,30,31,36,37,39,41,53,61],"cluster_removal_rates":[80.5,80.8080808080808,94.0,63.46153846153846,92.3076923076923,100.0,100.0,100.0,100.0,100.0,83.33333333333334,100.0,66.66666666666666,100.0,100.0,100.0,100.0,100.0,100.0,0.0,100.0,100.0,100.0,100.0,100.0,100.0,100.0,100.0],"cluster_post_filtering_doc_counts":[78,19,3,19,1,0,0,0,0,0,1,0,1,0,0,0,0,0,0,1,0,0,0,0,0,0,0,0],"tail_threshold":179,"tail_removal_rate":100.0,"tail_post_filtering_doc_counts":0,"global_removal_rate":82.19971056439942}