{"cluster_sizes":[1,2,3,4,5,6,7,8,9,10,11,12,13,14,15,16,17,18,19,20,21,22,23,24,25,26,27,28,29,30,31,32,33,34,35,36,37,38,39,40,41,43,44,45,46,47,48,50,53,57,59,62,63,64,69],"cluster_removal_rates":[96.36033857315599,81.203007518797,77.42616033755274,81.4935064935065,70.74235807860262,72.51461988304094,80.9090909090909,62.71186440677966,60.19417475728155,67.9245283018868,88.88888888888889,93.75,91.30434782608695,100.0,93.33333333333333,75.0,92.85714285714286,83.33333333333334,100.0,88.88888888888889,80.0,100.0,75.0,77.77777777777779,66.66666666666666,100.0,100.0,100.0,100.0,100.0,87.5,100.0,100.0,100.0,85.71428571428571,100.0,100.0,100.0,100.0,100.0,100.0,100.0,0.0,100.0,100.0,100.0,0.0,66.66666666666666,100.0,0.0,100.0,100.0,100.0,100.0,100.0],"cluster_post_filtering_doc_counts":[602,225,107,57,67,47,21,44,41,17,5,2,2,0,1,3,1,1,0,1,1,0,1,2,1,0,0,0,0,0,1,0,0,0,1,0,0,0,0,0,0,0,1,0,0,0,2,1,0,1,0,0,0,0,0],"tail_threshold":70,"tail_removal_rate":95.0,"tail_post_filtering_doc_counts":1,"global_removal_rate":93.59033195655499}