{"cluster_sizes":[1,2,3,4,5,6,7,8,9,10,11,12,13,14,15,16,17,18,19,20,21,22,23,24,25,26,27,28,29,30,31,32,33,34,35,36,37,38,39,40,41,42,43,44,45,46,47,48,49,50,51,52,53,54,55,56,57,58,59,60,61,62,63,64,65,66,67,68,69,70,71,73,74],"cluster_removal_rates":[97.14889123548046,66.66277985074626,66.6991711360312,63.56092040739344,55.319148936170215,61.88118811881188,57.78032036613272,61.13902847571189,64.55696202531645,66.77740863787376,66.80497925311202,66.82926829268293,58.57142857142858,61.904761904761905,64.3312101910828,69.12751677852349,73.33333333333333,60.909090909090914,52.22222222222223,59.49367088607595,75.86206896551724,75.0,71.875,80.55555555555556,76.92307692307693,93.54838709677419,66.66666666666666,65.38461538461539,73.07692307692307,60.0,84.61538461538461,80.76923076923077,82.6086956521739,71.42857142857143,96.15384615384616,70.37037037037037,83.33333333333334,68.57142857142857,61.29032258064516,69.56521739130434,83.33333333333334,82.35294117647058,78.57142857142857,73.33333333333333,68.75,70.0,62.5,50.0,54.54545454545454,37.5,33.33333333333333,33.33333333333333,100.0,100.0,50.0,100.0,33.33333333333333,75.0,60.0,75.0,66.66666666666666,100.0,100.0,100.0,50.0,100.0,66.66666666666666,100.0,75.0,66.66666666666666,0.0,100.0,100.0],"cluster_post_filtering_doc_counts":[2997,2859,1366,966,819,385,369,232,140,100,80,68,87,72,56,46,28,43,43,32,14,12,9,7,9,2,7,9,7,6,4,5,4,8,1,8,6,11,12,7,1,3,3,4,5,3,6,7,5,5,2,4,0,0,3,0,2,1,2,1,1,0,0,0,1,0,1,0,1,1,1,0,0],"tail_threshold":75,"tail_removal_rate":82.17054263565892,"tail_post_filtering_doc_counts":23,"global_removal_rate":91.38495689351956}