{"cluster_sizes":[1,2,3,4,5,6,7,8,9,10,11,12,13,14,15,16,17,18,19,20,21,22,23,24,25,26,27,28,29,30,31,32,33,34,35,36,37,38,39,40,41,42,43,44,45,46,47,48,49,50,51,52,53,54,55,56,57,59,60,62,63,64,68,71,72,73,75,79,83,86,87,88,100,112,122,168,169,201],"cluster_removal_rates":[96.5528508413658,99.39341421143848,99.8266897746967,98.83040935672514,97.86096256684492,99.3006993006993,100.0,98.82352941176471,100.0,100.0,100.0,100.0,100.0,100.0,94.73684210526315,100.0,87.5,72.0,65.95744680851064,68.96551724137932,57.89473684210527,61.417322834645674,59.68992248062015,59.87261146496815,72.18045112781954,76.61290322580645,72.09302325581395,76.74418604651163,81.3953488372093,76.19047619047619,66.66666666666666,75.0,61.53846153846154,66.66666666666666,81.81818181818183,70.58823529411765,94.44444444444444,91.30434782608695,90.47619047619048,85.71428571428571,100.0,100.0,100.0,75.0,100.0,100.0,100.0,100.0,100.0,100.0,100.0,100.0,66.66666666666666,100.0,100.0,100.0,100.0,100.0,100.0,100.0,100.0,100.0,100.0,100.0,100.0,100.0,100.0,100.0,100.0,100.0,100.0,100.0,100.0,100.0,100.0,100.0,100.0,100.0],"cluster_post_filtering_doc_counts":[211,7,1,4,4,1,0,1,0,0,0,0,0,0,1,0,4,7,16,18,40,49,52,63,37,29,24,10,8,5,4,2,5,2,2,5,1,2,2,2,0,0,0,1,0,0,0,0,0,0,0,0,1,0,0,0,0,0,0,0,0,0,0,0,0,0,0,0,0,0,0,0,0,0,0,0,0,0],"tail_threshold":210,"tail_removal_rate":100.0,"tail_post_filtering_doc_counts":0,"global_removal_rate":94.01272657153876}