{"cluster_sizes":[1,2,3,4,5,6,7,8,9,10,11,12,13,14,15,16,17,18,19,20,21,22,23,24,25,26,27,28,29,30,31,32,33,34,35,36],"cluster_removal_rates":[98.72671035258448,96.82807133847103,96.65478711499061,97.42567077592457,97.09715012183494,98.01539084649656,94.51640759930915,79.07239819004525,78.55787476280834,70.78651685393258,82.28155339805825,88.69936034115139,85.15625,85.5072463768116,82.12290502793296,78.47222222222221,78.84615384615384,81.70731707317073,78.3132530120482,81.0126582278481,86.66666666666667,84.28571428571429,82.35294117647058,84.12698412698413,84.0909090909091,100.0,90.9090909090909,91.66666666666666,87.5,80.55555555555556,87.87878787878788,93.33333333333333,92.10526315789474,91.42857142857143,87.87878787878788,91.8918918918919],"cluster_post_filtering_doc_counts":[4166,3445,1943,568,274,147,127,185,113,130,73,53,38,30,32,31,22,15,18,15,8,11,6,10,7,0,4,3,5,7,4,3,3,3,4,3],"tail_threshold":37,"tail_removal_rate":81.2937062937063,"tail_post_filtering_doc_counts":107,"global_removal_rate":97.85040380126647}