{"cluster_sizes":[1,2,3,4,5,6,7,8,9,10,11,12,13,14,15,16,17,18,19,20,21,22,23,24,25,26,27,28,29,30,31,32,33,34,35,36,37,38,39,40,41,42,43,44,45,46,47,48,49,50,51,52,53,54,55,56,57,58,59,60,61,62,63,64,65,66,67,68,70,71,72,73,74,75,76,77,78,79,82,84,85,86,88,89,90,91,93,95,98,100,101,103,104,105,106,107,108,109,112,113,114],"cluster_removal_rates":[99.4592516658124,99.2953744743721,99.03687396807925,97.78129952456418,98.66548042704626,98.52760736196319,99.48275862068967,97.77227722772277,97.72079772079772,98.01324503311258,97.3913043478261,97.1830985915493,97.8102189781022,100.0,99.04761904761905,100.0,98.27586206896551,87.03703703703704,95.0,98.14814814814815,100.0,100.0,96.875,100.0,96.55172413793103,100.0,100.0,100.0,100.0,100.0,90.0,100.0,100.0,100.0,100.0,100.0,100.0,100.0,100.0,100.0,100.0,100.0,100.0,90.0,100.0,100.0,100.0,100.0,100.0,100.0,100.0,100.0,100.0,100.0,100.0,100.0,100.0,80.0,100.0,100.0,100.0,100.0,100.0,100.0,100.0,100.0,50.0,100.0,100.0,100.0,100.0,100.0,100.0,100.0,100.0,100.0,100.0,100.0,100.0,100.0,100.0,100.0,100.0,100.0,100.0,100.0,100.0,100.0,100.0,100.0,100.0,100.0,100.0,100.0,100.0,100.0,100.0,100.0,100.0,100.0,100.0],"cluster_post_filtering_doc_counts":[211,62,35,42,15,12,3,9,8,6,6,6,3,0,1,0,1,7,2,1,0,0,1,0,1,0,0,0,0,0,1,0,0,0,0,0,0,0,0,0,0,0,0,1,0,0,0,0,0,0,0,0,0,0,0,0,0,1,0,0,0,0,0,0,0,0,1,0,0,0,0,0,0,0,0,0,0,0,0,0,0,0,0,0,0,0,0,0,0,0,0,0,0,0,0,0,0,0,0,0,0],"tail_threshold":117,"tail_removal_rate":100.0,"tail_post_filtering_doc_counts":0,"global_removal_rate":99.25689840301331}