{"cluster_sizes":[1,2,3,4,5,6,7,8,9,10,11,12,13,14,15,16,17,18,19,20,21,22,23,24,25,26,27,28,29,30,31,32,33,34,35,36,37,38,39,40,41,42,43,44,45,46,47,48,49,50,51,52,53,54,55,56,57,58,59,60,61,62,63,65,66,70,71,72,77,80,83,84,87,90,95,101,103,107,109,113,115,124,140,147,149,157,158,164,170,174,183,188,198,204,212,221,225],"cluster_removal_rates":[96.58350191054168,87.47165532879818,87.9424778761062,95.0959488272921,99.63503649635037,100.0,100.0,100.0,100.0,97.22222222222221,100.0,100.0,98.57142857142858,100.0,63.41463414634146,100.0,93.47826086956522,100.0,100.0,100.0,100.0,100.0,100.0,100.0,95.0,100.0,100.0,100.0,90.47619047619048,75.0,95.65217391304348,100.0,91.30434782608695,100.0,89.47368421052632,95.65217391304348,100.0,100.0,100.0,100.0,92.3076923076923,100.0,91.66666666666666,87.5,87.5,100.0,100.0,100.0,66.66666666666666,100.0,100.0,100.0,100.0,100.0,100.0,100.0,100.0,100.0,100.0,100.0,100.0,100.0,100.0,100.0,100.0,100.0,100.0,100.0,100.0,100.0,100.0,100.0,100.0,100.0,100.0,100.0,100.0,100.0,100.0,100.0,100.0,100.0,100.0,100.0,100.0,100.0,100.0,100.0,100.0,100.0,100.0,100.0,100.0,100.0,100.0,100.0,100.0],"cluster_post_filtering_doc_counts":[304,221,109,23,1,0,0,0,0,3,0,0,1,0,30,0,3,0,0,0,0,0,0,0,1,0,0,0,2,6,1,0,2,0,2,1,0,0,0,0,1,0,1,1,1,0,0,0,2,0,0,0,0,0,0,0,0,0,0,0,0,0,0,0,0,0,0,0,0,0,0,0,0,0,0,0,0,0,0,0,0,0,0,0,0,0,0,0,0,0,0,0,0,0,0,0,0],"tail_threshold":242,"tail_removal_rate":100.0,"tail_post_filtering_doc_counts":0,"global_removal_rate":94.93992932862191}