{"cluster_sizes":[1,2,3,4,5,6,7,8,9,10,11,12,13,14,15,16,17,18,19,20,22,23,27,36,38,45,59],"cluster_removal_rates":[93.50553505535055,93.25842696629213,97.05882352941177,88.63636363636364,100.0,100.0,100.0,100.0,100.0,100.0,100.0,100.0,100.0,100.0,100.0,100.0,100.0,100.0,100.0,100.0,100.0,100.0,100.0,100.0,100.0,100.0,100.0],"cluster_post_filtering_doc_counts":[176,6,1,5,0,0,0,0,0,0,0,0,0,0,0,0,0,0,0,0,0,0,0,0,0,0,0],"tail_threshold":71,"tail_removal_rate":100.0,"tail_post_filtering_doc_counts":0,"global_removal_rate":93.72287145242069}