{"cluster_sizes":[1,2,3,4,5,6,7,8,9,10,11,12,15,16,18,22,24,26,35,36,37,219],"cluster_removal_rates":[98.46153846153847,94.44444444444444,100.0,90.9090909090909,93.33333333333333,100.0,100.0,100.0,100.0,100.0,100.0,100.0,0.0,0.0,100.0,100.0,100.0,100.0,100.0,100.0,100.0,100.0],"cluster_post_filtering_doc_counts":[2,1,0,1,1,0,0,0,0,0,0,0,1,1,0,0,0,0,0,0,0,0],"tail_threshold":1647,"tail_removal_rate":100.0,"tail_post_filtering_doc_counts":0,"global_removal_rate":96.66666666666667}