{"cluster_sizes":[1,2,3,4,5,6,7,8,9,10,11,12,13,14,15,16,17,18,19,20,21,22,23,24,25,26,27,28,29,30,31,32,33,34,35,36,37,38,39,40,41,42,43,44,45,46,47,48,49,50,51,52,53,54,55,56,57,58,59,60,61,62,63,64,65,66,67,68,69,70,71,72,73,74,75,76,77,78,79,80,81,82,83,84,85,86,87,88,89,90,91,92,93,94,95,96,97,98,99,100,101,102,103,104,105,106,107,108,109,110,111,112,113,114,115,116,117,118,119,120,121,122,123,124,125,126,127,128,129,130,132,133,134,135,136,137,138,139,140,141,142,143,144,146,147,148,149,150,153,154,155,159,162,164,165,166,167,169,175,176,178,179,180,183,185,186,187,190,191,193,196,197,199,200,201,202,210,213,214,221,224,226,227,232,234,235,236,237,240,241,243,244,248,250,258,260,262,267,270,284,285,286],"cluster_removal_rates":[81.37636134674729,67.53914733112356,56.544974566995045,53.49636988918609,50.294844968613276,49.345417925478344,43.70159453302961,42.25618999494694,42.50576479631053,47.00763629905878,46.93534844668346,46.8957345971564,48.38068181818182,50.20804438280167,51.205469593378915,48.80857823669579,45.81302614089499,43.68318756073858,42.6450742240216,47.35973597359736,51.94029850746269,55.39971949509116,62.14689265536724,65.80188679245283,63.24324324324324,61.30030959752322,71.875,72.3404255319149,75.47169811320755,69.31216931216932,76.31578947368422,75.0,69.7841726618705,76.5625,76.0,78.0701754385965,79.7979797979798,79.41176470588235,67.41573033707866,73.25581395348837,62.5,72.05882352941177,75.92592592592592,70.2127659574468,90.2439024390244,68.18181818181817,78.43137254901961,68.75,72.22222222222221,76.31578947368422,83.33333333333334,75.86206896551724,81.25,84.61538461538461,64.28571428571429,62.06896551724138,76.0,80.76923076923077,75.0,70.58823529411765,79.3103448275862,81.81818181818183,76.92307692307693,70.58823529411765,78.94736842105263,76.19047619047619,73.33333333333333,70.58823529411765,87.5,72.72727272727273,82.35294117647058,81.81818181818183,58.333333333333336,90.0,70.58823529411765,85.71428571428571,37.5,88.23529411764706,69.23076923076923,75.0,87.5,57.14285714285714,50.0,61.53846153846154,80.0,83.33333333333334,88.88888888888889,75.0,100.0,75.0,66.66666666666666,100.0,80.0,50.0,87.5,100.0,100.0,100.0,50.0,80.0,100.0,100.0,100.0,85.71428571428571,100.0,50.0,100.0,100.0,0.0,66.66666666666666,100.0,100.0,50.0,66.66666666666666,100.0,75.0,100.0,75.0,100.0,100.0,100.0,66.66666666666666,100.0,100.0,66.66666666666666,100.0,100.0,100.0,100.0,100.0,50.0,100.0,100.0,50.0,100.0,100.0,100.0,75.0,50.0,100.0,50.0,100.0,100.0,100.0,100.0,0.0,100.0,100.0,100.0,100.0,100.0,0.0,0.0,0.0,100.0,100.0,100.0,100.0,0.0,100.0,100.0,100.0,100.0,100.0,100.0,100.0,100.0,100.0,0.0,100.0,100.0,100.0,100.0,100.0,100.0,0.0,100.0,100.0,100.0,100.0,100.0,100.0,0.0,0.0,100.0,100.0,100.0,100.0,100.0,100.0,0.0,100.0,100.0,100.0,0.0,100.0,100.0,100.0,100.0,100.0,100.0,100.0],"cluster_post_filtering_doc_counts":[13458,8520,6749,6085,5226,4527,4943,4571,3740,2984,2528,2241,1817,1436,1356,1289,1223,1159,850,638,483,318,201,145,136,125,81,65,52,58,36,33,42,30,30,25,20,21,29,23,36,19,13,14,4,14,11,15,10,9,5,7,6,4,10,11,6,5,6,5,6,4,3,5,4,5,4,5,1,3,3,2,5,1,5,2,5,2,4,3,1,3,3,5,1,2,1,1,0,1,2,0,1,2,1,0,0,0,2,1,0,0,0,1,0,1,0,0,1,1,0,0,4,1,0,1,0,1,0,0,0,1,0,0,1,0,0,0,0,0,1,0,0,2,0,0,0,1,1,0,1,0,0,0,0,1,0,0,0,0,0,1,1,1,0,0,0,0,1,0,0,0,0,0,0,0,0,0,1,0,0,0,0,0,0,1,0,0,0,0,0,0,1,1,0,0,0,0,0,0,1,0,0,0,1,0,0,0,0,0,0,0],"tail_threshold":287,"tail_removal_rate":84.83412322274881,"tail_post_filtering_doc_counts":32,"global_removal_rate":63.0496943169113}