{"cluster_sizes":[1,2,3,4,5,6,7,8,9,10,11,12,13,14,15,16,17,18,19,20,21,22,23,24,25,26,27,28,29,30,31,32,33,34,35,36,37,38,39,40,41,42,43,44,45,46,47,48,49,50,51,52,53,54,55,56,57,58,59,60,61,62,63,64,65,66,67,68,69,70,71,72,73,74,75,76,77,78,79,80,81,82,83,84,85,86,87,88,89,90,91,92,93,94,95,96,97,98,99,100,101,102,103,104,105,106,107,108,109,110,111,112,113,114,115,116,117,118,119,120,121,122,123,124,125,126,127,128,129,130,131,132,133,134,135,136,137,138,139,140,141,142,143,144,145,146,147,148,149,150,151,152,153,154,155,156,157,158,159,160,161,162,163,164,165,166,167,168,169,170,171,172,173,174,175,176,177,178,179,180,181,182,183,184,185,186,187,188,189,190,191,192,193,194,195,196,197,198,199,200],"cluster_removal_rates":[67.81861411166759,53.67911409613907,50.57649169542403,49.476257473095316,47.38946719614413,47.53734536279178,43.97870604195794,43.69208292672494,43.00187772521373,42.65847890895925,41.72242729042472,42.67549786413563,40.677723659483874,41.63838196394028,41.75309426626992,41.703585871776,40.921556641074105,41.90858798188859,40.65143136964948,41.61228345533471,41.364263025878664,41.62360815499696,41.300607287449395,43.045031392076204,41.96951545771797,42.14928325322217,42.71991160168479,43.655915373290185,43.28286852589641,45.09642476753057,44.91165753641677,46.330946464287884,46.53256330850282,46.46385957992308,47.44390943550866,47.632099402381876,46.318974211208754,45.61966514539739,45.28498891511121,45.802069466295535,45.054524901921674,46.43047461880941,45.5273281131007,45.868014268727705,46.564956079519185,46.736205438376174,46.41959448137184,47.9095848223365,47.78131200201556,48.07010502374741,47.53173483779972,47.878326996197714,47.33679766157843,48.19197352089367,48.65220827113882,50.24763619990995,49.04118970746502,48.19946009270106,48.43732984863334,49.430176127378814,48.4000709765186,48.84218244027617,49.02209000569656,49.44157795049311,49.53076120959333,49.59827833572453,49.984980474617004,50.47708431096511,49.43251408508206,50.185750846198296,49.47738252086078,50.2495403204623,50.00475330354597,49.965513843728445,50.27893295466072,50.16324381253291,49.68574263976183,50.84803256445048,49.96416626851409,51.2878878639032,50.61790038696792,50.45194143857415,50.515889393314076,50.53951982735365,50.09402574858961,50.16601267733173,50.3951650395165,50.22547037785725,50.83780160857909,52.03196735249107,50.93319379033665,51.45071183997116,51.18050266565118,52.132974634896236,50.39953225492106,52.25137039937353,51.08673152556407,52.63938944244223,51.63384064458371,52.371497904257666,52.082843021887506,52.70205643232902,50.62344139650873,52.016129032258064,51.84538653366584,51.925078043704474,52.950864671973655,53.97377575595398,52.82234105763518,53.2319391634981,52.647145814847676,51.414204902577,51.50201300712295,52.6024723487313,54.77318889641164,52.98482293423271,54.303491185620466,51.58532240826506,52.62395946435034,53.645833333333336,53.13492063492063,53.24324324324324,55.10679611650485,51.95624737063525,52.396425670186844,52.54680017414019,52.54389914452949,55.83623693379791,55.170842824601365,53.02695536897923,51.79437439379243,53.95584176632935,52.44191559981034,55.1231527093596,56.79425837320574,53.85810460901087,54.678998911860724,52.98189563365282,54.339622641509436,55.328310010764255,52.97142857142857,55.166666666666664,54.16427340608846,56.526674233825204,54.43993035403366,56.529209621993125,56.484848484848484,55.84170854271356,56.93101225016118,58.27564505978603,55.27009222661397,53.79163713678242,56.24178712220762,55.42406311637082,55.66231983527798,56.984785615491006,55.30685920577617,56.05828220858896,58.48506919155134,58.33940276766205,54.00616332819723,57.354085603112836,55.65217391304348,55.70962479608483,58.333333333333336,56.155890168290526,55.50774526678141,56.298870547350134,56.57781599312124,57.49559082892416,53.75457875457875,55.51537070524412,54.47897623400365,55.94470046082949,54.56171735241503,56.62414131501472,58.454106280193244,56.405163853028796,55.46875,55.27015057573074,55.818540433925044,57.26227795193313,56.0204081632653,55.92315901814301,55.77942735949099,58.836944127708094,55.45134818288394,61.029411764705884,61.66097838452787,59.447513812154696,57.81420765027322,62.94642857142857,58.95953757225434,58.992805755395686,59.04392764857881,60.09615384615385,57.475490196078425,57.33830845771144,58.22328931572629,59.65770171149144],"cluster_post_filtering_doc_counts":[21539446,9865558,5441208,3925377,3040379,2268396,1755411,1500798,1157128,980372,827140,710563,572317,489361,423402,368308,316023,279946,244817,219111,193091,170598,150787,136799,122554,108801,96419,86873,78298,72683,66068,61984,57493,54291,51300,48721,44712,41347,38254,35827,33053,31163,27896,25494,23116,20783,19185,17929,16581,15526,14508,13708,12972,12522,11696,11050,10417,10170,9470,9274,8724,8373,8054,7741,7260,7026,6660,6332,6193,6034,5752,5682,5259,5078,4902,4732,4563,4347,4189,4066,3956,3892,3597,3667,3450,3302,3201,3201,2934,2821,2813,2694,2564,2491,2545,2439,2363,2234,2161,2159,2036,1978,1980,1904,1931,1848,1714,1720,1588,1599,1601,1546,1566,1457,1336,1394,1322,1359,1309,1335,1181,1211,1156,1142,1172,1090,1054,1014,984,1063,994,1001,1003,911,903,891,833,883,847,830,823,807,798,766,785,759,718,703,668,663,679,652,666,678,646,622,619,573,570,572,597,548,561,543,510,495,517,503,505,482,505,492,498,478,508,442,430,439,456,505,448,409,431,413,417,361,380,371,337,367,386,332,355,342,317,332,347,343,348,330],"tail_threshold":201,"tail_removal_rate":62.602205845273865,"tail_post_filtering_doc_counts":51913,"global_removal_rate":57.950363031398396}