{"cluster_sizes":[1,2,3,4,5,6,7,8,9,10,11,12,13,14,15,16,17,18,19,20,21,22,23,24,25,26,28,29,30,31,32,33,34,35,36,37,38,39,40,41,42,43,44,45,46,47,48,49,50,51,52,53,54,56,57,58,59,63,64,65,88,89,93,94],"cluster_removal_rates":[69.10535117056857,66.11418047882137,85.88175331294597,81.89655172413794,61.61971830985915,68.75,71.42857142857143,74.39024390243902,75.43859649122807,82.92682926829268,93.05555555555556,90.0,83.33333333333334,68.75,60.0,71.42857142857143,76.92307692307693,81.81818181818183,100.0,100.0,100.0,90.0,83.33333333333334,90.0,100.0,100.0,66.66666666666666,100.0,60.0,50.0,50.0,100.0,100.0,81.81818181818183,100.0,62.5,66.66666666666666,66.66666666666666,33.33333333333333,0.0,100.0,100.0,100.0,0.0,50.0,50.0,66.66666666666666,66.66666666666666,66.66666666666666,50.0,100.0,100.0,100.0,0.0,0.0,100.0,100.0,100.0,100.0,0.0,100.0,100.0,100.0,0.0],"cluster_post_filtering_doc_counts":[739,368,277,210,109,55,34,21,14,7,5,6,6,5,8,4,3,2,0,0,0,2,1,1,0,0,1,0,2,2,1,0,0,2,0,3,2,1,2,1,0,0,0,1,1,1,1,1,1,1,0,0,0,1,2,0,0,0,0,1,0,0,0,1],"tail_threshold":105,"tail_removal_rate":100.0,"tail_post_filtering_doc_counts":0,"global_removal_rate":75.47606793618117}