{"cluster_sizes":[1,2,3,4,5,6,7,8,9,10,11,23,33,38,42],"cluster_removal_rates":[93.65079365079364,19.090909090909093,67.74193548387096,58.82352941176471,67.74193548387096,35.714285714285715,53.333333333333336,66.66666666666666,0.0,0.0,100.0,100.0,100.0,100.0,100.0],"cluster_post_filtering_doc_counts":[4,89,10,28,20,54,7,1,1,2,0,0,0,0,0],"tail_threshold":56,"tail_removal_rate":100.0,"tail_post_filtering_doc_counts":0,"global_removal_rate":51.67785234899329}