{"cluster_sizes":[1,2,3,4,5,6,7,8,9,11,12,19,26,27,28,31,32,33,34,35,36,37,38,39],"cluster_removal_rates":[98.35345773874863,28.40909090909091,55.00000000000001,22.448979591836736,21.73913043478261,26.666666666666668,16.666666666666664,33.33333333333333,0.0,100.0,100.0,100.0,100.0,100.0,100.0,100.0,100.0,100.0,100.0,100.0,100.0,100.0,100.0,100.0],"cluster_post_filtering_doc_counts":[15,126,18,38,18,11,5,2,1,0,0,0,0,0,0,0,0,0,0,0,0,0,0,0],"tail_threshold":40,"tail_removal_rate":50.0,"tail_post_filtering_doc_counts":1,"global_removal_rate":81.24501197126895}