{"cluster_sizes":[1,2,3,4,5,6,7,8,9,10,11,12,13,14,15,16,17,18,19,23,25,27,33,35,36,37,38,39,40,41,42,45,52,62,65,69,82,87,96,102,216],"cluster_removal_rates":[90.5241935483871,86.28571428571429,80.0,92.5,66.66666666666666,78.78787878787878,92.85714285714286,62.5,83.33333333333334,100.0,100.0,100.0,100.0,100.0,100.0,50.0,50.0,100.0,0.0,100.0,100.0,0.0,75.0,100.0,100.0,100.0,85.71428571428571,100.0,100.0,100.0,0.0,0.0,100.0,100.0,100.0,100.0,100.0,100.0,100.0,100.0,100.0],"cluster_post_filtering_doc_counts":[141,24,12,3,10,7,1,3,2,0,0,0,0,0,0,1,2,0,1,0,0,1,1,0,0,0,1,0,0,0,1,1,0,0,0,0,0,0,0,0,0],"tail_threshold":254,"tail_removal_rate":100.0,"tail_post_filtering_doc_counts":0,"global_removal_rate":89.05524006195147}