{"cluster_sizes":[1,2,3,4,5,6,7,8,9,10,11,12,14,15,19,25,30,37,58],"cluster_removal_rates":[95.3307392996109,100.0,100.0,100.0,100.0,66.66666666666666,100.0,100.0,100.0,100.0,100.0,100.0,100.0,100.0,100.0,100.0,100.0,100.0,100.0],"cluster_post_filtering_doc_counts":[12,0,0,0,0,1,0,0,0,0,0,0,0,0,0,0,0,0,0],"tail_threshold":258,"tail_removal_rate":100.0,"tail_post_filtering_doc_counts":0,"global_removal_rate":96.40883977900553}