{"cluster_sizes":[1,2,3,4,5,6,7,8,9,10,11,12,13,14,15,16,17,18,19,20,21,22,23,24,25,26,27,28,29,30,31,32,33,34,35,36,37,38,39,40,41,42,43,44,45,46,47,48,49,50,51,52,53,54,55,56,57,58,59,60,61,62,63,64,65,66,67,68,69,70,71,72,73,74,75,76,77,78,79,80,81,82,83,84,85,86,87,88,89,90,91,92,93,94,95,96,97,98,99,100,101,102,103],"cluster_removal_rates":[98.66448144915957,96.50645364861731,93.62306956402897,92.90564219379709,91.74950298210736,92.1671953340837,93.41269351754765,95.74028997777543,94.09827309951932,92.01583185478368,92.84757118927973,90.80411505353769,90.20664869721473,91.53667441088616,91.19547657512116,90.81726354453627,90.88366890380313,89.82645122681029,91.3135593220339,87.17948717948718,86.96785403996525,90.16913319238901,92.3076923076923,93.0635838150289,91.81547619047619,94.27609427609428,94.22718808193669,94.14225941422593,94.5945945945946,93.09309309309309,92.05882352941175,92.33128834355828,92.7797833935018,95.03311258278146,93.1740614334471,94.23076923076923,90.6614785992218,91.49797570850203,95.5,97.02380952380952,94.19354838709677,95.20958083832335,93.71428571428572,93.4640522875817,92.85714285714286,95.0,95.23809523809523,94.28571428571428,97.75280898876404,92.0,88.46153846153845,93.6842105263158,90.19607843137256,88.09523809523809,88.77551020408163,87.62886597938144,87.35632183908046,85.14851485148515,80.76923076923077,83.6734693877551,82.02247191011236,85.18518518518519,90.0,78.65168539325843,81.11111111111111,80.59701492537313,87.14285714285714,83.60655737704919,73.23943661971832,86.4406779661017,82.66666666666667,80.32786885245902,68.65671641791045,77.96610169491525,68.96551724137932,77.19298245614034,78.18181818181819,78.68852459016394,70.9090909090909,82.35294117647058,73.77049180327869,73.84615384615385,80.88235294117648,79.36507936507937,75.32467532467533,77.04918032786885,73.4375,75.80645161290323,74.57627118644068,80.76923076923077,84.90566037735849,76.92307692307693,89.58333333333334,70.0,75.0,91.8918918918919,73.07692307692307,92.85714285714286,63.1578947368421,88.88888888888889,86.36363636363636,83.87096774193549,81.48148148148148],"cluster_post_filtering_doc_counts":[14676,6477,4666,3239,2241,1531,1068,805,663,585,427,438,327,255,218,200,163,170,123,185,150,93,63,48,55,34,31,28,22,23,27,25,20,15,20,15,24,21,9,5,9,8,11,10,8,6,5,6,2,8,9,6,10,10,11,12,11,15,15,16,16,12,8,19,17,13,9,10,19,8,13,12,21,13,18,13,12,13,16,9,16,17,13,13,19,14,17,15,15,10,8,12,5,12,10,3,7,2,7,3,3,5,5],"tail_threshold":104,"tail_removal_rate":96.90522243713733,"tail_post_filtering_doc_counts":48,"global_removal_rate":97.41940780118006}