{"cluster_sizes":[1,2,3,4,5,6,7,8,9,10,11,12,13,14,15,17,19,20,24,25,29,30,33,34,39,43,47,48,53,58,60],"cluster_removal_rates":[69.72027972027972,40.86021505376344,43.452380952380956,62.0,86.36363636363636,93.33333333333333,100.0,100.0,100.0,100.0,100.0,100.0,100.0,100.0,100.0,100.0,100.0,100.0,100.0,100.0,100.0,100.0,100.0,100.0,100.0,100.0,100.0,100.0,100.0,100.0,100.0],"cluster_post_filtering_doc_counts":[433,220,95,19,3,1,0,0,0,0,0,0,0,0,0,0,0,0,0,0,0,0,0,0,0,0,0,0,0,0,0],"tail_threshold":61,"tail_removal_rate":75.0,"tail_post_filtering_doc_counts":1,"global_removal_rate":63.789868667917446}