{"cluster_sizes":[1,2,3,4,5,6,7,8,9,10,11,12,13,14,15,16,17,18,19,20,21,22,23,24,25,26,27,28,29,30,31,32,33,34,35,36,37,38,39,40,41,42,43,44,45,46,47,48,49,50,51,52,53,54,55,56,57,58,59,60,61,62,63,64,65,66,67,68,69,70,71,72,73,74,75,76,77,78,79,80,81,82,83,84,85,86,87,88,89,90,91,92,93,94,95,96,97,98,99,100,101,102,103,104,105,106,107,108,109,110,111,112,113,114,115,116,117,118,119,120,121,122,123,124,125,126,127,128,129,130,131,132,133,134,135,136,137,138,139,140,141,142,143,144,145,146,147,148,149,150,151,152,153,154,155,156,157,158,159,160,161,162,163,164,165,166,167,168,169,170,171,172,173,174,175,176,177,178,179,180,181,182,183,184,185,186,187,188,189,190,191,192,193,194,195,196,197,198,199,200,201,202,203,204,205,206,207,208,209,210,211,212,213,214,215,216,217,218,219,220,221,222,223,224,225,226,227,228,229,230,231,232,233,234,235,236,237,238,239,240,241,242,243,244,245,246,247,248,249,250,251,252,253,254,255,256,257,258,259,260,261,262,263,264,265,266,267,268,269,270,271,272,273,274,275,276,277,278,279,280,281],"cluster_removal_rates":[99.30168252792761,98.29323802058586,97.55534486343979,96.36930277562134,94.66938167009073,93.44639371371024,93.08732913095828,92.2529956546548,91.40801233545587,92.12774393540712,93.38365896980461,95.87622869772582,95.94081942336874,96.60124888492417,96.94429708222812,97.11111111111111,97.6010101010101,98.37731270852291,98.28761429758937,98.41990250462263,98.68785806690076,97.42594484167519,97.63837638376384,98.40439445461679,98.7094837935174,99.20935029219663,99.24865831842577,98.63945578231292,99.31914893617021,99.48870899020025,99.119804400978,99.59798994974875,99.48586118251927,99.25611052072264,99.3717277486911,99.23788786064235,98.83177570093457,98.06060606060606,97.26118904475618,96.82539682539682,97.80123131046614,99.26739926739927,99.60396039603961,99.8997995991984,99.88023952095809,99.48783610755441,99.21465968586386,99.74457215836526,99.55223880597015,99.68553459119497,99.65928449744463,99.83277591973244,99.62335216572504,99.61315280464217,100.0,100.0,100.0,100.0,99.3006993006993,99.53379953379954,100.0,99.74093264248705,100.0,99.73118279569893,100.0,100.0,98.75,100.0,99.68847352024922,100.0,99.08536585365853,99.66887417218543,100.0,99.64912280701755,99.66101694915255,99.66555183946488,99.21259842519686,100.0,99.56331877729258,99.14893617021276,99.1304347826087,100.0,99.0521327014218,100.0,99.50980392156863,100.0,99.02439024390245,100.0,100.0,100.0,100.0,99.35897435897436,100.0,99.36305732484077,100.0,99.42528735632183,100.0,99.32432432432432,100.0,100.0,100.0,99.33333333333333,99.14529914529915,100.0,100.0,98.46153846153847,100.0,100.0,100.0,100.0,100.0,100.0,100.0,100.0,100.0,100.0,100.0,100.0,100.0,100.0,100.0,98.80952380952381,100.0,100.0,98.9247311827957,100.0,100.0,100.0,100.0,100.0,100.0,100.0,100.0,100.0,100.0,100.0,100.0,100.0,100.0,100.0,100.0,100.0,100.0,100.0,100.0,98.4375,100.0,100.0,100.0,100.0,100.0,100.0,100.0,100.0,100.0,100.0,100.0,100.0,100.0,100.0,100.0,100.0,100.0,100.0,100.0,100.0,100.0,98.07692307692307,100.0,100.0,100.0,100.0,100.0,100.0,100.0,100.0,100.0,97.87234042553192,100.0,100.0,100.0,100.0,100.0,100.0,100.0,100.0,100.0,100.0,100.0,100.0,100.0,100.0,100.0,100.0,100.0,100.0,100.0,100.0,100.0,100.0,100.0,100.0,100.0,100.0,100.0,100.0,100.0,100.0,100.0,100.0,100.0,100.0,100.0,100.0,100.0,100.0,100.0,100.0,100.0,100.0,100.0,100.0,100.0,100.0,100.0,100.0,100.0,100.0,100.0,100.0,100.0,100.0,100.0,100.0,100.0,100.0,100.0,100.0,100.0,96.66666666666667,100.0,100.0,100.0,100.0,100.0,100.0,100.0,100.0,100.0,100.0,100.0,100.0,100.0,100.0,100.0,100.0,100.0,100.0,100.0,100.0,100.0,100.0,100.0,100.0,100.0,100.0,100.0,100.0,100.0,100.0,100.0,100.0,100.0,100.0,100.0,100.0,100.0,100.0,100.0,100.0,100.0],"cluster_post_filtering_doc_counts":[21292,11279,6936,6454,5864,5271,3904,3530,3009,2184,1341,709,535,381,288,247,171,107,103,94,71,126,96,61,43,23,21,36,16,12,18,8,10,14,12,14,20,32,41,42,25,8,4,1,1,4,6,2,3,2,2,1,2,2,0,0,0,0,3,2,0,1,0,1,0,0,4,0,1,0,3,1,0,1,1,1,2,0,1,2,2,0,2,0,1,0,2,0,0,0,0,1,0,1,0,1,0,1,0,0,0,1,1,0,0,2,0,0,0,0,0,0,0,0,0,0,0,0,0,0,0,1,0,0,1,0,0,0,0,0,0,0,0,0,0,0,0,0,0,0,0,0,0,0,0,1,0,0,0,0,0,0,0,0,0,0,0,0,0,0,0,0,0,0,0,0,0,1,0,0,0,0,0,0,0,0,0,1,0,0,0,0,0,0,0,0,0,0,0,0,0,0,0,0,0,0,0,0,0,0,0,0,0,0,0,0,0,0,0,0,0,0,0,0,0,0,0,0,0,0,0,0,0,0,0,0,0,0,0,0,0,0,0,0,0,0,0,0,0,1,0,0,0,0,0,0,0,0,0,0,0,0,0,0,0,0,0,0,0,0,0,0,0,0,0,0,0,0,0,0,0,0,0,0,0,0,0,0,0,0,0],"tail_threshold":282,"tail_removal_rate":99.85197716219074,"tail_post_filtering_doc_counts":7,"global_removal_rate":98.42162197878159}