{"cluster_sizes":[1,2,3,4,5,6,7,8,9,10,11,12,13,14,15,16,17,18,19,20,21,22,23,24,25,26,27,28,29,30,31,32,33,34,35,36,37,38,39,40,41,42,43,44,45,46,47,48,49,50,51,52,53,54,55,56,57,58,59,61,63,64,65,66,67,68,69,70,71,72,73,75,76,77,78,80,81,82,84,85,86,87,88,89,91,93,94,96,98,99,100,101,102,103,120,122,130,132,133,144,170],"cluster_removal_rates":[96.67736981711573,91.71084337349397,91.34615384615384,85.21462639109699,83.43815513626835,83.50515463917526,84.64730290456431,81.77570093457945,80.64516129032258,87.5,88.3495145631068,92.07920792079209,96.82539682539682,81.69014084507043,90.56603773584906,77.77777777777779,80.76923076923077,88.88888888888889,76.19047619047619,73.17073170731707,71.7948717948718,43.75,63.888888888888886,48.38709677419355,50.0,51.515151515151516,58.333333333333336,72.72727272727273,72.41379310344827,81.25,82.6086956521739,69.56521739130434,62.5,65.21739130434783,52.63157894736842,78.57142857142857,87.5,82.35294117647058,100.0,57.14285714285714,87.5,100.0,87.5,75.0,0.0,57.14285714285714,100.0,50.0,100.0,100.0,0.0,100.0,33.33333333333333,100.0,0.0,100.0,100.0,100.0,57.14285714285714,100.0,33.33333333333333,25.0,0.0,100.0,100.0,0.0,33.33333333333333,100.0,100.0,0.0,50.0,100.0,33.33333333333333,100.0,75.0,50.0,0.0,50.0,0.0,100.0,100.0,25.0,100.0,100.0,0.0,100.0,66.66666666666666,0.0,50.0,100.0,0.0,100.0,50.0,100.0,0.0,100.0,0.0,100.0,0.0,50.0,100.0],"cluster_post_filtering_doc_counts":[238,172,81,93,79,64,37,39,36,15,12,8,2,13,5,10,10,5,5,11,11,27,13,16,13,16,10,6,8,3,4,7,6,8,9,3,1,3,0,3,1,0,1,1,2,3,0,1,0,0,3,0,2,0,1,0,0,0,3,0,2,3,1,0,0,2,2,0,0,2,2,0,2,0,1,1,1,1,1,0,0,3,0,0,1,0,1,1,1,0,1,0,1,0,1,0,1,0,1,1,0],"tail_threshold":183,"tail_removal_rate":100.0,"tail_post_filtering_doc_counts":0,"global_removal_rate":91.53896913263436}