{"cluster_sizes":[1,2,3,4,5,6,7,8,9,10,11,12,13,14,15,16,17,18,19,20,21,22,23,24,25,26,27,28,29,30,31,32,33,34,35,36,37,38,39,40,41,42,43,44,45,46,47,48,49,50,51,52,53,54,55,56,57,58,59,60,61,62,63,64,65,66,67,68,69,70,71,72,73,74,75,76,77,78,79,80,81,82,83,84,85,86,87,88,89,90,91,92,93,94,95,96,97,98,99,100,101,102,103,104,105,106,107,108,109,110,111,112,113,114,115,116,117,118,119,120,121,122,123,124,125,126,127,128,129,130,131,132,133,134,135,136,137,138,139,140,141,142,143,144,145,146,147,148,149,150,151,152,153,154,155,156,157,158,159,160,161,162,163,164,165,166,167,168,169,170,171,172,173,174,175,176,177,178,179,180,181,182,183,184,185,186,187,188,189,190,191,192,193,194,195,196,197],"cluster_removal_rates":[74.30246395920801,60.36872491487068,58.60519687066951,58.133680927697604,56.34386797644979,56.36401941673497,53.05513548940984,53.07770677727844,51.97191832584828,50.98919018501504,49.93436673677072,51.11848547705628,48.143935473579496,46.88375891269675,45.93718078443676,45.42235139138597,44.17202571778452,44.44202184525522,43.33290627080884,43.98840937921229,43.34780581044777,43.327476171524125,43.07711494098657,44.08195227963535,43.207170396882255,43.427468547104745,43.79466196355085,44.41462955110362,44.00164695818536,45.33702599891684,44.68175209692451,45.84064143309777,46.03394236052868,46.78248718957833,47.462207172547835,48.691769408653144,47.89860406424985,48.48767499760742,48.679448439829095,50.03651578421562,49.37066675454447,50.412382825038584,49.61810765686751,50.83158368660595,51.117257164655946,50.991882612458305,51.120752187101594,52.37421485371596,51.748809597427496,52.350812574714865,52.50671580643266,52.59142235197333,52.34009329924072,53.27204885749366,53.22145333145729,53.766918351901715,53.53944772713428,53.4227673814516,53.5441421775572,54.967745291853085,53.99826372142375,54.50676638176638,54.81449277137206,55.10924444841607,55.29348628161267,55.86606505451244,55.4254966277227,55.98321560103846,56.242595605541254,56.65782878141948,56.12902677866201,57.311378509605234,56.553375953955154,56.87475380315507,57.28336327006165,57.42118847478734,57.56161157372362,58.02729688035653,57.944280901265934,58.34050552636347,58.51068877974708,58.45026408990086,58.85682448431743,59.85690768646321,59.136838728648186,59.42658557775847,59.1759610485195,59.81486796785305,59.56895375801391,60.33338874699633,59.73526291622465,59.95633893919793,60.12240269486042,59.888210508212225,60.10162280007736,60.923217550274224,60.080712341953756,60.88645660172958,61.02404342341654,61.91424794742427,60.47172317943058,60.9730377967083,60.719682251867205,61.40343235473473,61.41138804277742,60.761394349603826,61.31761932822628,61.81198814718029,61.687127150815954,61.829660868914225,61.3536274434057,62.368672397325696,62.10368757654102,62.20984215413184,61.68015629360871,61.763870747912996,62.340413184772515,62.39473919123992,62.367081362773746,62.44991751119491,62.175658165039025,62.126149378932084,62.45475592656602,62.97886285433394,62.6197221098071,63.417431192660544,62.64640709085153,63.086649046360456,63.28221527727306,62.97194064933157,62.71281993460368,63.246394140946116,63.08832131019692,63.22660000793556,63.58353896362334,63.8795316008983,63.19080189668919,63.73813883802231,63.309982486865145,64.04215215901303,63.91872019963459,63.59830752610731,63.7947007596813,64.86070215175538,64.24795321637427,63.4775136064165,64.19063350174893,62.93668391229367,63.50063051702396,64.41717791411043,63.52247220337214,64.34267128318119,64.55498789997311,64.4656118824669,64.9562363238512,64.96720498263792,64.82348182816202,64.93395581872011,64.66914147663661,65.20959814975427,64.73338462448956,65.37744360902255,65.44980443285529,65.56765163297045,65.85792896448224,65.38727741773107,65.51991221842123,66.37599384457553,66.201448321264,65.79749407382323,65.45885540128683,65.66055733460516,65.21556256572029,66.57784011220195,66.08296253767763,66.4651493598862,65.44101553950537,66.58529368249742,66.00633330878563,67.43231566820278,65.99783080260305,66.15951690063524,66.15863389722311,66.77852348993288,66.95299837925445,66.78082191780823,65.56835507369134,67.28567794454338,67.03114065780265,66.66955391944565,66.57965718263291,67.3113782889005,66.87127640368298,67.16916410904496,67.5276409922884,67.48668992105746,66.44109797941289],"cluster_post_filtering_doc_counts":[261467236,123398314,64645954,45566775,33783131,26399578,19367916,16677784,13279657,11623015,10408908,9465306,7405325,6268919,5389929,4540397,3944851,3503685,3047456,2723013,2414972,2161566,1926160,1753765,1528395,1348038,1195066,1070965,946590,842791,741956,668522,597115,535481,485476,443083,396377,360628,329830,303072,276544,257989,238392,220600,205024,190843,177897,169313,156054,147479,137371,130238,122088,117218,109713,105073,99151,94855,90234,86561,81073,76647,73792,70329,66644,63676,60472,58324,55403,53782,51655,50554,47707,45981,43996,42397,40364,39179,37573,36787,34973,33905,32492,31701,30573,29421,28843,28001,26676,26247,25430,24763,23913,23323,22693,22230,21564,20941,20393,20457,19340,18875,18197,17722,17356,16986,16411,16367,15542,15296,15006,14578,13925,13838,13730,13466,12979,12638,12493,12746,11968,11739,11514,11297,11084,10846,10620,10335,10104,10082,9921,9836,9466,9268,9150,9007,8772,8713,8380,8394,8097,8087,7816,7757,7642,7650,7371,7522,7236,7076,6988,6797,6591,6603,6406,6356,6088,6159,5996,6017,5959,5756,5565,5535,5460,5501,5342,5244,5134,5050,5100,5040,4962,4766,4726,4715,4737,4517,4616,4523,4389,4315,4241,4158,4078,4074,4065,3858,3769,3848,3841,3752,3670,3637,3495,3542,3521],"tail_threshold":198,"tail_removal_rate":72.7705978776637,"tail_post_filtering_doc_counts":552328,"global_removal_rate":65.37036728401765}