{"cluster_sizes":[1,2,3,4,5,6,7,8,9,10,11,13,18,23,29],"cluster_removal_rates":[93.67088607594937,17.586206896551722,10.48951048951049,13.114754098360656,29.411764705882355,29.411764705882355,60.0,25.0,40.0,0.0,100.0,100.0,100.0,100.0,100.0],"cluster_post_filtering_doc_counts":[5,239,128,53,24,12,6,3,3,1,0,0,0,0,0],"tail_threshold":37,"tail_removal_rate":100.0,"tail_post_filtering_doc_counts":0,"global_removal_rate":27.743902439024392}