{"cluster_sizes":[1,2,3,4,5,6,7,8,9,10,11,12,13,14,15,16,17,18,19,20,21,22,23,24,25,26,27,28,29,30,31,32,33,34,35,36,37,38,39,40,41,45,47,48,51,58,67,82,83,86,109,117,129,149],"cluster_removal_rates":[94.6518668012109,84.03908794788273,91.71974522292994,89.8876404494382,86.4406779661017,95.74468085106383,100.0,96.0,100.0,100.0,100.0,100.0,100.0,100.0,100.0,100.0,100.0,100.0,100.0,100.0,94.73684210526315,91.30434782608695,86.36363636363636,84.61538461538461,83.87096774193549,91.30434782608695,77.77777777777779,85.71428571428571,62.5,100.0,71.42857142857143,100.0,100.0,100.0,100.0,100.0,100.0,100.0,100.0,100.0,100.0,100.0,100.0,100.0,100.0,100.0,100.0,100.0,100.0,100.0,100.0,100.0,100.0,100.0],"cluster_post_filtering_doc_counts":[53,49,13,9,8,2,0,1,0,0,0,0,0,0,0,0,0,0,0,0,1,2,3,4,5,2,2,2,3,0,2,0,0,0,0,0,0,0,0,0,0,0,0,0,0,0,0,0,0,0,0,0,0,0],"tail_threshold":178,"tail_removal_rate":100.0,"tail_post_filtering_doc_counts":0,"global_removal_rate":92.16163583252191}