{"cluster_sizes":[1,2,3,4,5,6,7,8,9,10,11,12,13,14,15,16,17,18,19,20,21,22,23,24,25,26,27,28,29,30,31,32,33,34,35,36,37,38,39,40,41,42,43,44,45,46,47,48,49,50,51,52,53,54,55,56,57,58,59,60,61,62,63,64,65,66,67,68,69,70,71,72,73,74,75,76,77,78,79,80,81,82,83,84,85,86,87,88,89,90,91,92,93,94,95,96,97,98,99,100,101,102,103,104,105,106,107,108,109,110,111,112,113,114,115,116,117,118,119,120,122,123,124,125,126,127,128,129,130,131,132,133,134,136,137,138,139,140,141,142,144,145,146,147,148,149,151,152,153,154,156,157,158,159,160,161,162,163,164,165,167,168,170,171,172,173,174,175,177,178,180,182,183,184,185,186,187,188,189,190,191,194,195,197,198,200,202,204,206,209,210,213,214,215,216,217,218,219,220,221,222,224,225,226,227,228,229,230,231,233,235,236,237,238,242,243,244,247,250,251,252,253,254,255,257,258,259,260,261,263,264,266,267,268,269,271,272,273,275,277,280,281,283,285,286,288,290,291,292,293,295,299,302,303,304,305,307,310,311,316,317,319,320,328,329,331,332,335,338],"cluster_removal_rates":[99.47110496795787,95.33085242470055,90.19637235796732,92.2929631402585,92.78876834716017,88.29525483304043,79.79568671963678,83.17503392130257,87.51131221719457,91.81084198385237,97.46646795827124,99.47089947089947,98.70967741935483,98.76847290640394,99.35064935064936,98.93238434163702,97.32142857142857,95.0530035335689,93.33333333333333,89.95633187772926,87.96680497925311,83.61344537815127,85.09615384615384,79.27927927927928,83.6734693877551,87.59689922480621,87.03703703703704,96.05263157894737,96.34146341463415,100.0,95.83333333333334,97.53086419753086,96.875,97.36842105263158,92.20779220779221,90.78947368421053,96.72131147540983,96.72131147540983,100.0,98.4126984126984,100.0,100.0,98.0,100.0,100.0,98.24561403508771,100.0,97.95918367346938,100.0,100.0,100.0,100.0,100.0,95.0,100.0,91.30434782608695,100.0,100.0,100.0,100.0,100.0,100.0,94.44444444444444,100.0,100.0,100.0,100.0,100.0,100.0,100.0,100.0,90.0,90.0,100.0,76.92307692307693,93.75,90.9090909090909,100.0,100.0,100.0,85.71428571428571,100.0,100.0,100.0,100.0,100.0,100.0,100.0,100.0,100.0,100.0,100.0,100.0,100.0,100.0,100.0,100.0,100.0,100.0,100.0,100.0,100.0,100.0,100.0,100.0,100.0,100.0,100.0,100.0,100.0,100.0,100.0,100.0,100.0,100.0,100.0,100.0,85.71428571428571,100.0,100.0,100.0,100.0,100.0,100.0,100.0,100.0,100.0,100.0,100.0,100.0,100.0,100.0,100.0,100.0,75.0,100.0,100.0,100.0,100.0,100.0,100.0,100.0,100.0,100.0,100.0,100.0,100.0,100.0,100.0,100.0,100.0,100.0,100.0,100.0,100.0,100.0,100.0,100.0,100.0,100.0,100.0,100.0,100.0,100.0,100.0,100.0,100.0,100.0,100.0,100.0,100.0,100.0,100.0,100.0,100.0,100.0,100.0,100.0,100.0,100.0,100.0,100.0,100.0,100.0,100.0,100.0,100.0,100.0,100.0,100.0,100.0,100.0,100.0,100.0,100.0,100.0,100.0,100.0,100.0,100.0,100.0,100.0,100.0,100.0,100.0,100.0,100.0,100.0,100.0,100.0,100.0,100.0,100.0,100.0,100.0,100.0,100.0,100.0,100.0,100.0,100.0,100.0,100.0,100.0,100.0,100.0,100.0,100.0,100.0,100.0,100.0,100.0,100.0,100.0,100.0,100.0,100.0,100.0,100.0,100.0,100.0,100.0,100.0,100.0,100.0,100.0,100.0,100.0,100.0,100.0,100.0,100.0,100.0,100.0,100.0,100.0,100.0,100.0,100.0,100.0,100.0,100.0,100.0,100.0,100.0,100.0,100.0,100.0,100.0],"cluster_post_filtering_doc_counts":[926,803,654,322,226,333,356,248,138,71,17,3,6,5,2,3,6,14,15,23,29,39,31,46,32,16,14,3,3,0,3,2,2,2,6,7,2,2,0,1,0,0,1,0,0,1,0,1,0,0,0,0,0,1,0,2,0,0,0,0,0,0,1,0,0,0,0,0,0,0,0,1,1,0,3,1,1,0,0,0,1,0,0,0,0,0,0,0,0,0,0,0,0,0,0,0,0,0,0,0,0,0,0,0,0,0,0,0,0,0,0,0,0,0,0,0,0,1,0,0,0,0,0,0,0,0,0,0,0,0,0,0,0,0,1,0,0,0,0,0,0,0,0,0,0,0,0,0,0,0,0,0,0,0,0,0,0,0,0,0,0,0,0,0,0,0,0,0,0,0,0,0,0,0,0,0,0,0,0,0,0,0,0,0,0,0,0,0,0,0,0,0,0,0,0,0,0,0,0,0,0,0,0,0,0,0,0,0,0,0,0,0,0,0,0,0,0,0,0,0,0,0,0,0,0,0,0,0,0,0,0,0,0,0,0,0,0,0,0,0,0,0,0,0,0,0,0,0,0,0,0,0,0,0,0,0,0,0,0,0,0,0,0,0,0,0,0,0,0],"tail_threshold":339,"tail_removal_rate":100.0,"tail_post_filtering_doc_counts":0,"global_removal_rate":98.00375985609759}