{"cluster_sizes":[1,2,3,4,5,6,7,8,9,10,11,12,13,14,15,16,17,18,19,20,21,22,23,24,25,26,27,28,29,30,31,32,33,34,35,36,37,38,39,40,41,42,43,44,45,46,47,48,49,50,51,52,53,54,55,56,57,58,59,60,61,62,63,64,65,66,67,68,69,70,71,72,73,74,75,76,77,78,79,80,81,82,83,84,85,86,87,88,89,90,91,92,93,94,95,96,97,98,99,100,101,102,103,104,105,106,107,108,109,110,111,112,113,114,115,116,117,118,119,120,121,122,123,124,125,126,127,128,129,130,131,132,133,134,135,136,137,138,139,140,141,142,143,144,145,146,147,148,149,150,151,152,153,154,155,156,157,158,159,160,161,162,163,164,165,166,167,168,169,170,171,172,173,174,175,176,177,178,179,180,181,182,183,184,185,186,187,188,189,190,191,192,193,194,195,196,197,198],"cluster_removal_rates":[89.19800360128811,78.20098796318752,78.0344357313331,78.92986202365309,82.68981181051267,80.99742697139398,79.4540837917901,80.97498396407954,84.95994173343044,83.37114337568057,85.52263834544438,89.18373233342948,89.84522461306153,90.29741589468551,90.36873968079252,91.61213563355146,91.70182841068917,90.47267355982275,92.18351741716228,93.02093718843469,92.27110582639715,93.67088607594937,92.18045112781955,94.07665505226481,94.43413729128015,93.48314606741573,95.09345794392523,92.12410501193318,91.32947976878613,88.28828828828829,93.88489208633094,92.56756756756756,91.84397163120568,93.7984496124031,92.41071428571429,98.50746268656717,96.41025641025641,91.23711340206185,87.67123287671232,92.94871794871796,90.9090909090909,94.02985074626866,90.43478260869566,88.53503184713377,91.17647058823529,90.75630252100841,88.8,89.90825688073394,92.80000000000001,93.93939393939394,92.90780141843972,95.7983193277311,92.07920792079209,90.9090909090909,93.93939393939394,91.0891089108911,90.32258064516128,91.01123595505618,89.42307692307693,90.80459770114942,78.78787878787878,88.18181818181819,89.33333333333333,85.85858585858585,82.6923076923077,85.71428571428571,86.0,89.39393939393939,80.64516129032258,80.82191780821918,80.82191780821918,81.94444444444444,85.71428571428571,86.25,81.35593220338984,82.92682926829268,83.82352941176471,81.81818181818183,82.35294117647058,82.08955223880598,84.50704225352112,77.94117647058823,87.09677419354838,85.9375,74.07407407407408,78.87323943661971,84.61538461538461,83.01886792452831,90.76923076923077,87.5,85.36585365853658,91.11111111111111,80.55555555555556,76.31578947368422,86.36363636363636,77.77777777777779,85.71428571428571,96.0,86.95652173913044,82.6086956521739,78.94736842105263,88.23529411764706,88.23529411764706,91.66666666666666,84.21052631578947,81.81818181818183,94.11764705882352,100.0,82.35294117647058,100.0,73.33333333333333,100.0,82.35294117647058,95.45454545454545,86.66666666666667,77.77777777777779,73.33333333333333,92.3076923076923,100.0,100.0,93.33333333333333,94.44444444444444,100.0,93.33333333333333,100.0,88.88888888888889,100.0,100.0,100.0,100.0,87.5,100.0,100.0,100.0,100.0,85.71428571428571,100.0,100.0,100.0,90.9090909090909,100.0,100.0,100.0,100.0,85.71428571428571,83.33333333333334,100.0,100.0,100.0,100.0,100.0,85.71428571428571,100.0,100.0,75.0,100.0,100.0,100.0,100.0,50.0,100.0,80.0,100.0,100.0,100.0,80.0,100.0,100.0,100.0,100.0,100.0,100.0,100.0,80.0,100.0,100.0,100.0,100.0,100.0,100.0,100.0,100.0,100.0,100.0,100.0,100.0,100.0,100.0,100.0,100.0,100.0,100.0,100.0,100.0,100.0,80.0,100.0,100.0],"cluster_post_filtering_doc_counts":[28915,17078,7731,5131,3201,2511,1942,1483,826,733,518,375,269,199,175,141,118,129,92,70,65,50,52,34,30,29,21,33,30,39,17,22,23,16,17,3,7,17,18,11,13,8,11,18,12,11,14,11,9,8,10,5,8,9,6,9,9,8,11,8,21,13,8,14,18,11,14,7,18,14,14,13,11,11,11,14,11,14,12,12,11,15,8,9,14,15,10,9,6,6,6,4,7,9,6,6,5,1,3,4,4,2,2,1,3,4,1,0,3,0,4,0,3,1,2,4,4,1,0,0,1,1,0,1,0,1,0,0,0,0,1,0,0,0,0,1,0,0,0,1,0,0,0,0,1,1,0,0,0,0,0,1,0,0,2,0,0,0,0,2,0,1,0,0,0,1,0,0,0,0,0,0,0,1,0,0,0,0,0,0,0,0,0,0,0,0,0,0,0,0,0,0,0,0,0,1,0,0],"tail_threshold":199,"tail_removal_rate":98.8,"tail_post_filtering_doc_counts":6,"global_removal_rate":85.38385757652975}