{"cluster_sizes":[1,2,3,4,5,6,7,8,9,10,11,12,13,14,15,16,17,18,19,20,21,22,23,24,25,26,27,28,29,30,31,32,33,34,35,36,37,38,39,40,41,42,43,44,45,46,47,48,49,50,51,52,53,54,55,56,57,58,59,60,61,62,63,64,65,66,67,68,69,70,71,72,73,74,75,76,77,78,79,80,81,82,83,84,85,86,87,88,89,90,91,92,93,94,95,96,97,98,99,100,101,102,103,104,105,106,107,108,109,110,111,112,113,114,115,116,117,118,119,120,121,122,123,124,125,126,127,128,129,130,131,132,133,134,135,136,137,138,139,140,141,142,143,144,145,146,147,148,149,150,151,152,153,154,155,156,157,158,159,160,161,162,163,164,165,166],"cluster_removal_rates":[91.66643081538504,86.86499171728327,90.13880701002196,89.3506083109496,82.9483595703987,80.96189049758695,82.312764955252,82.56608256608257,80.58622002283974,74.74129821260583,72.27414330218068,68.2842287694974,70.95269820119921,73.47436940602115,77.94594594594595,84.32732316227461,88.58520900321544,86.50646950092421,89.65517241379311,87.68267223382045,88.46153846153845,87.87878787878788,88.14432989690721,85.92057761732852,83.73983739837398,88.93280632411067,88.96797153024912,87.6923076923077,86.99186991869918,87.5,88.28125,91.11969111969111,86.86868686868688,89.3048128342246,83.16326530612244,87.13450292397661,88.23529411764706,86.99551569506725,88.41463414634147,91.91919191919192,92.74193548387096,87.90322580645162,89.92248062015504,82.56880733944955,81.13207547169812,75.0,73.68421052631578,76.19047619047619,79.1044776119403,76.81159420289855,73.17073170731707,70.1492537313433,76.19047619047619,77.77777777777779,78.125,73.49397590361446,85.0,71.42857142857143,74.35897435897436,80.89887640449437,76.66666666666667,86.20689655172413,75.36231884057972,78.08219178082192,77.96610169491525,75.92592592592592,73.52941176470588,75.51020408163265,79.3103448275862,69.23076923076923,80.0,79.54545454545455,74.4186046511628,80.0,68.42105263157895,76.19047619047619,68.08510638297872,80.95238095238095,60.0,80.0,72.72727272727273,74.19354838709677,75.67567567567568,73.33333333333333,72.22222222222221,66.66666666666666,77.27272727272727,80.0,82.14285714285714,70.0,80.0,75.0,70.37037037037037,68.75,70.37037037037037,82.6086956521739,68.75,37.5,50.0,75.0,100.0,66.66666666666666,72.72727272727273,80.0,66.66666666666666,66.66666666666666,80.0,83.33333333333334,90.0,81.81818181818183,62.5,84.61538461538461,100.0,100.0,66.66666666666666,57.14285714285714,100.0,80.0,80.0,62.5,70.0,50.0,75.0,40.0,100.0,71.42857142857143,100.0,66.66666666666666,60.0,77.77777777777779,60.0,100.0,100.0,100.0,40.0,71.42857142857143,40.0,50.0,100.0,100.0,100.0,100.0,75.0,80.0,0.0,100.0,66.66666666666666,75.0,0.0,66.66666666666666,66.66666666666666,100.0,100.0,66.66666666666666,50.0,100.0,100.0,0.0,100.0,0.0,50.0,66.66666666666666,0.0,100.0,0.0,40.0],"cluster_post_filtering_doc_counts":[5889,3806,1840,1348,1159,1144,751,587,510,537,534,549,436,326,204,113,71,73,54,59,51,48,46,39,40,28,31,32,32,28,30,23,26,20,33,22,26,29,19,16,9,15,13,19,20,27,20,25,14,16,22,20,15,14,14,22,12,20,20,17,14,8,17,16,13,13,9,12,12,16,10,9,11,8,12,10,15,8,14,7,9,8,9,8,10,11,5,7,5,6,5,3,8,5,8,4,5,5,5,3,0,4,3,1,3,3,2,1,1,2,3,2,0,0,4,3,0,2,3,3,3,3,1,3,0,2,0,2,2,2,2,0,0,0,3,2,3,1,0,0,0,0,1,1,1,0,1,1,1,2,1,0,0,2,2,0,0,1,0,1,1,1,1,0,1,3],"tail_threshold":167,"tail_removal_rate":79.66101694915254,"tail_post_filtering_doc_counts":36,"global_removal_rate":87.75255048155147}