{"cluster_sizes":[1,2,3,4,5,6,7,8,9,10,11,12,13,14,15,16,17,18,19,20,21,22,23,24,25,26,27,28,29,30,31,32,33,34,35,36,37,38,39,40,41,42,43,44,45,46,47,48,49,50,51,52,53,54,55,56,57,58,59,60,61,62,63,64,65,66,67,68,69,70,71,72,73,74,75,76,77,78],"cluster_removal_rates":[99.6399895786457,98.58354832307997,98.12269527321489,98.87235419169978,98.14402375649591,97.11645101663586,97.2356935014549,97.21458046767538,98.31023994592768,97.81529294935451,97.95081967213115,97.61904761904762,96.67093469910371,94.5226917057903,96.3265306122449,95.1338199513382,99.46524064171123,97.42857142857143,96.08540925266904,96.3302752293578,96.82539682539682,95.74468085106383,95.20958083832335,100.0,94.6969696969697,97.8021978021978,97.36842105263158,97.75280898876404,97.89473684210527,97.24770642201835,99.08256880733946,96.80851063829788,100.0,98.71794871794873,100.0,96.7741935483871,96.36363636363636,97.84946236559139,91.39784946236558,92.6829268292683,90.58823529411765,90.66666666666666,90.0,100.0,100.0,100.0,96.7741935483871,100.0,98.33333333333333,100.0,95.16129032258065,98.4126984126984,98.27586206896551,100.0,100.0,97.61904761904762,100.0,100.0,93.75,95.23809523809523,100.0,100.0,90.625,86.66666666666667,75.51020408163265,71.42857142857143,50.76923076923077,52.83018867924528,48.10606060606061,50.470219435736674,47.4934036939314,53.37078651685393,52.59938837920489,43.983402489626556,46.56488549618321,52.74725274725275,58.139534883720934,52.94117647058824],"cluster_post_filtering_doc_counts":[456,571,336,122,125,156,114,81,50,44,35,27,26,35,18,20,2,9,11,8,6,10,8,0,7,2,2,2,2,3,1,3,0,1,0,3,4,2,8,6,8,7,6,0,0,0,2,0,1,0,3,1,1,0,0,1,0,0,1,1,0,0,3,4,12,24,64,100,137,158,199,166,155,135,70,43,18,16],"tail_threshold":79,"tail_removal_rate":84.25531914893617,"tail_post_filtering_doc_counts":37,"global_removal_rate":98.41346980904868}