{"cluster_sizes":[1,2,3,4,5,6,7,8,9,10,11,12,13,14,15,16,17,18,19,20,21,22,23,24,25,26,27,28,29,30,31,32,33,34,35,36,37,38,39,40,42,43,44,45,46,47,49,52,53,55,56,59,60,61,71,72,73,74,75,80,97,112,122,125,138,152],"cluster_removal_rates":[97.64439411098527,98.13874788494078,100.0,98.49246231155779,99.53271028037383,99.31506849315068,95.6989247311828,97.2972972972973,95.16129032258065,100.0,100.0,100.0,95.45454545454545,100.0,100.0,92.3076923076923,80.0,71.42857142857143,50.0,48.888888888888886,40.42553191489361,45.0,49.35064935064935,52.17391304347826,71.42857142857143,75.40983606557377,69.23076923076923,69.56521739130434,63.63636363636363,90.0,100.0,66.66666666666666,57.14285714285714,42.857142857142854,33.33333333333333,54.54545454545454,33.33333333333333,77.77777777777779,50.0,66.66666666666666,100.0,100.0,100.0,0.0,100.0,100.0,100.0,100.0,100.0,100.0,100.0,100.0,100.0,100.0,100.0,100.0,100.0,100.0,100.0,100.0,100.0,100.0,100.0,100.0,100.0,100.0],"cluster_post_filtering_doc_counts":[104,11,0,3,1,1,4,2,3,0,0,0,1,0,0,1,3,4,13,23,28,44,39,33,14,15,12,7,4,1,0,2,3,4,6,5,2,2,1,1,0,0,0,1,0,0,0,0,0,0,0,0,0,0,0,0,0,0,0,0,0,0,0,0,0,0],"tail_threshold":164,"tail_removal_rate":100.0,"tail_post_filtering_doc_counts":0,"global_removal_rate":94.28653459661211}