{"cluster_sizes":[1,2,3,4,5,6,7,8,9,10,11,12,13,14,15,16,17,18,19,20,21,22,23,24,25,26,27,28,29,30,31,32,33,34,35,36,37,38,39,40,41,42,43,44,46,47,50,55,56,59],"cluster_removal_rates":[93.98938459331517,86.18556701030928,87.23221936589546,85.03562945368171,83.70607028753993,81.65548098434004,83.33333333333334,84.45121951219512,82.59493670886076,79.85347985347985,78.66108786610879,73.87387387387388,78.57142857142857,78.98089171974523,75.86206896551724,78.89908256880734,75.29411764705883,65.21739130434783,73.97260273972603,64.51612903225806,62.31884057971014,72.3076923076923,56.41025641025641,64.1025641025641,70.73170731707317,62.16216216216216,66.66666666666666,74.35897435897436,51.724137931034484,60.0,61.53846153846154,69.23076923076923,66.66666666666666,88.88888888888889,62.5,66.66666666666666,75.0,100.0,100.0,50.0,66.66666666666666,0.0,100.0,50.0,100.0,100.0,100.0,0.0,100.0,100.0],"cluster_post_filtering_doc_counts":[419,335,149,126,102,82,60,51,55,55,51,58,39,33,28,23,21,24,19,22,26,18,17,14,12,14,13,10,14,6,10,4,5,1,3,2,1,0,0,1,1,1,0,1,0,0,0,1,0,0],"tail_threshold":61,"tail_removal_rate":93.75,"tail_post_filtering_doc_counts":1,"global_removal_rate":87.64102564102564}