{"cluster_sizes":[1,2,3,4,5,6,7,8,9,10,11,12,13,16,17,18,19,21,28,31,32,34,56,64,78,113],"cluster_removal_rates":[98.64864864864865,98.07692307692307,100.0,90.47619047619048,100.0,100.0,100.0,100.0,100.0,100.0,100.0,100.0,100.0,66.66666666666666,50.0,100.0,100.0,0.0,0.0,0.0,100.0,100.0,100.0,100.0,100.0,100.0],"cluster_post_filtering_doc_counts":[5,1,0,2,0,0,0,0,0,0,0,0,0,1,1,0,0,1,1,1,0,0,0,0,0,0],"tail_threshold":286,"tail_removal_rate":100.0,"tail_post_filtering_doc_counts":0,"global_removal_rate":97.5925925925926}