{"cluster_sizes":[1,2,3,4,5,6,7,8,9,10,11,12,17,18,19,20,21,22,23,24,25,26,27,28,29,30,31,32,33,34,35,36,37,38,39,40,41,42,60,65,91],"cluster_removal_rates":[78.84615384615384,93.75,100.0,100.0,80.0,100.0,100.0,100.0,100.0,100.0,100.0,100.0,0.0,33.33333333333333,18.181818181818183,3.8461538461538463,17.24137931034483,11.76470588235294,15.0,25.0,29.78723404255319,27.27272727272727,36.36363636363637,41.66666666666667,100.0,50.0,50.0,0.0,0.0,0.0,0.0,12.5,0.0,50.0,50.0,100.0,0.0,0.0,100.0,0.0,100.0],"cluster_post_filtering_doc_counts":[33,1,0,0,1,0,0,0,0,0,0,0,1,4,9,25,24,30,34,30,33,24,7,7,0,3,1,2,4,4,2,7,1,1,1,0,1,1,0,1,0],"tail_threshold":110,"tail_removal_rate":100.0,"tail_post_filtering_doc_counts":0,"global_removal_rate":47.387387387387385}