{"cluster_sizes":[1,2,3,4,5,6,7,8,9,10,11,13,16,25,27,30,33,36,38,72,73,76,77,101,102],"cluster_removal_rates":[89.42528735632183,57.6271186440678,40.476190476190474,65.0,85.71428571428571,80.0,100.0,100.0,100.0,100.0,100.0,100.0,100.0,100.0,100.0,100.0,100.0,100.0,100.0,100.0,100.0,100.0,100.0,100.0,100.0],"cluster_post_filtering_doc_counts":[46,75,50,7,1,1,0,0,0,0,0,0,0,0,0,0,0,0,0,0,0,0,0,0,0],"tail_threshold":2392,"tail_removal_rate":100.0,"tail_post_filtering_doc_counts":0,"global_removal_rate":76.03195739014647}