{"cluster_sizes":[1,2,3,4,5,6,7,8,9,10,11,12,13,14,15,16,20,21,22,23,26,28,29,30,34,36,38,58],"cluster_removal_rates":[99.54248366013073,99.54128440366972,98.05825242718447,100.0,91.30434782608695,95.23809523809523,100.0,88.88888888888889,100.0,100.0,100.0,100.0,100.0,100.0,100.0,100.0,100.0,100.0,100.0,100.0,100.0,100.0,100.0,0.0,100.0,100.0,100.0,100.0],"cluster_post_filtering_doc_counts":[7,1,2,0,2,1,0,1,0,0,0,0,0,0,0,0,0,0,0,0,0,0,0,1,0,0,0,0],"tail_threshold":61,"tail_removal_rate":100.0,"tail_post_filtering_doc_counts":0,"global_removal_rate":99.2588932806324}