{"cluster_sizes":[1,2,3,4,5,6,7,8,9,10,11,12,13,14,15,16,17,18,19,20,21,22,23,24,25,26,27,28,29,30,31,32,33,34,35,36,37,38,39,40,41,42,43,44,45,46,47,48,49,50,51,52,53,54,55,56,57,58,59,60,61,62,63,64,65,66,67,68,69,70,71,72,73,74,75,76,77,78,79,80,81,82,83,84,85,86,87,88,89,90,91,92,93,94,95,96,97,98,99,100,101,102,103,104,105,106,107,108,109,110,111,112,113,114,115,116,117,118,119,120,121,122,123,124,125,126,127,128,129,130,131,132,133,134,135,136,137,138,139,140,141,142,143,144,145,146,147,148,149,150,151,152,153,154,155,156,157,158,159,160,161,162,163,164,165,166,167,168,169,170,171,172,173,174,175,176,177,178,179,180,181,182,183,184,185,186,187,188,189,190,191,192,193,194,195,196,197,198,199,200,201,202,203,204,205,206,207,208,209,210,211,212,213,214,215,216,217,218,219,220,221,222,223,224,225,226,227,228,229,230,231,232,233,234,235,236,237,238,239,240,241,242,243,244,245,246,247,248,249,250,251,252,253,254,255,256,257,258,259,260,261,262,263,264,265,266,267,268,269,270,271,272,273,274,275,276,277,278,279,280],"cluster_removal_rates":[99.94471047777645,99.83112755888179,99.74015249525173,99.66095055710306,99.50402890645931,99.45627045921104,99.40238483604253,99.49079848948277,99.4785249075867,99.21398310729796,99.08204820081448,99.21384896370999,99.2290585618977,99.31888876970932,99.28540890490441,99.29019364619943,99.33222036727881,99.2615758839371,99.13642538327187,99.06083244397011,98.96156600620674,99.04483947996816,99.25044091710758,99.21474358974359,99.22671353251317,99.36926605504587,99.22431865828092,99.20838682071032,99.35882757041448,99.39866369710467,99.05599656726024,99.25249169435216,99.23857868020305,99.1822429906542,99.2462311557789,99.05263157894737,99.22636103151862,98.83720930232558,98.73194786896795,99.12045889101339,98.87103777681286,98.25927622537792,98.87459807073955,98.71007371007371,98.54771784232366,97.86628733997155,98.130081300813,98.20051413881748,97.03429101019464,96.82386910490857,98.00569800569801,96.80412371134021,96.59936238044634,96.875,96.8,96.4747356051704,97.12230215827337,95.45454545454545,96.45203679369251,96.28154050464808,95.80152671755725,95.80152671755725,95.40389972144847,96.45669291338582,95.0381679389313,95.62841530054644,96.68109668109668,95.59032716927453,93.88059701492537,95.1937984496124,93.07086614173228,92.53731343283582,93.37979094076655,94.84193011647255,94.53125,91.20458891013385,92.8709055876686,92.6829268292683,93.58178053830227,93.15068493150685,89.47368421052632,92.79069767441861,88.29268292682927,90.44117647058823,87.88598574821853,89.75,84.07494145199064,88.85714285714286,86.04060913705584,85.87896253602305,88.65671641791046,85.3211009174312,85.0609756097561,88.11881188118812,86.82432432432432,90.35714285714286,92.7710843373494,93.24894514767934,87.77777777777777,89.42307692307693,90.77669902912622,95.06726457399103,88.37209302325581,92.20779220779221,92.5531914893617,93.75,90.58823529411765,92.17877094972067,92.42424242424242,96.96969696969697,92.26190476190477,91.97860962566845,91.44736842105263,93.19727891156462,92.02127659574468,93.67088607594937,96.02649006622516,94.375,96.21212121212122,95.45454545454545,96.2406015037594,95.94594594594594,95.1219512195122,94.9579831932773,96.0,97.5609756097561,94.39252336448598,97.3913043478261,93.87755102040816,97.16981132075472,91.66666666666666,99.16666666666667,97.14285714285714,95.1219512195122,94.68085106382979,97.05882352941177,94.1747572815534,86.27450980392157,93.61702127659575,87.2340425531915,91.0,94.89795918367348,95.34883720930233,92.3076923076923,95.55555555555556,91.66666666666666,94.3820224719101,94.87179487179486,96.73913043478261,93.90243902439023,96.96969696969697,92.85714285714286,93.87755102040816,97.10144927536231,95.8904109589041,92.5925925925926,91.86046511627907,87.67123287671232,97.33333333333334,94.87179487179486,92.85714285714286,94.91525423728814,95.83333333333334,98.48484848484848,98.11320754716981,98.4126984126984,100.0,94.8051948051948,98.30508474576271,92.72727272727272,90.32258064516128,97.14285714285714,100.0,100.0,98.4375,97.72727272727273,94.54545454545455,98.27586206896551,93.87755102040816,100.0,98.24561403508771,96.29629629629629,97.87234042553192,100.0,94.33962264150944,89.83050847457628,96.42857142857143,96.29629629629629,97.72727272727273,96.0,94.33962264150944,98.11320754716981,89.13043478260869,96.22641509433963,97.61904761904762,100.0,97.61904761904762,97.5609756097561,98.11320754716981,100.0,100.0,100.0,96.36363636363636,95.45454545454545,97.61904761904762,97.43589743589743,95.65217391304348,97.14285714285714,97.61904761904762,94.73684210526315,100.0,96.66666666666667,100.0,100.0,95.23809523809523,100.0,100.0,100.0,100.0,97.43589743589743,97.43589743589743,100.0,100.0,100.0,100.0,100.0,96.7741935483871,100.0,91.42857142857143,100.0,100.0,100.0,96.66666666666667,97.14285714285714,100.0,100.0,96.42857142857143,94.11764705882352,100.0,100.0,100.0,100.0,100.0,100.0,100.0,100.0,96.29629629629629,100.0,96.875,96.42857142857143,100.0,100.0,100.0,96.55172413793103,100.0,100.0,100.0,100.0,96.55172413793103,100.0,100.0,100.0,100.0,95.0,100.0,100.0,100.0,94.73684210526315,100.0,94.11764705882352,100.0,100.0,100.0,100.0,95.65217391304348,95.65217391304348,100.0,95.0,100.0,100.0],"cluster_post_filtering_doc_counts":[2684,1473,944,779,722,588,425,298,237,295,275,198,156,127,117,103,84,85,89,88,87,72,51,49,44,33,37,37,28,27,44,36,36,35,30,36,27,38,36,23,26,38,21,21,21,30,23,21,32,33,21,31,32,29,28,30,24,38,27,28,33,33,33,27,39,32,23,31,41,31,44,45,38,31,28,46,37,36,31,30,48,31,48,39,51,41,68,39,55,49,38,48,49,36,39,27,18,16,33,22,19,11,25,18,14,12,16,14,15,5,13,15,13,10,15,10,6,9,5,6,5,6,6,6,5,3,6,3,6,3,11,1,3,6,5,3,6,14,6,12,9,5,4,8,4,7,5,4,3,5,3,6,6,2,3,6,7,9,2,4,5,3,3,1,1,1,0,4,1,4,6,2,0,0,1,1,3,1,3,0,1,2,1,0,3,6,2,2,1,2,3,1,5,2,1,0,1,1,1,0,0,0,2,2,1,1,2,1,1,2,0,1,0,0,2,0,0,0,0,1,1,0,0,0,0,0,1,0,3,0,0,0,1,1,0,0,1,2,0,0,0,0,0,0,0,0,1,0,1,1,0,0,0,1,0,0,0,0,1,0,0,0,0,1,0,0,0,1,0,1,0,0,0,0,1,1,0,1,0,0],"tail_threshold":281,"tail_removal_rate":99.6629213483146,"tail_post_filtering_doc_counts":24,"global_removal_rate":99.81423515866688}