{"cluster_sizes":[1,2,3,4,5,6,7,8,9,10,11,12,13,14,15,16,17,18,19,20,21,22,23,24,25,26,27,28,29,30,31,32,33,34,35,36,37,38,39,40,41,42,43,44,45,46,47,48,49,50,51,52,53,54,55,56,57,58,59,60,61,62,63,64,65,66,67,68,69,70,71,72,73,74,75,76,77,78,79,80,81,82,83,84,85,86,87,88,89,90,91,92,93,94,95,96,97,98,99,100,101,102,103,104,105,106,107,108,109,110,111,112,113,114,115,116,117,118,119,120,121,122,123,124,125,126,127,128,129,130,131,132,133,134,135,136,137,138,139,140,141,142,143,144,145,146,147,148,149,150,151,152,153,154,155,156,157,158,159,160,161,162,163,164,165,166,167,168,169,170,171,172,173,174,175,176,177,178,179,180,181,182,183,184,185,186,187,188,189,190,191,192,193,194,195,196,197,198,199,200,201,202,203,204,205,206,207,208,209,210,211,212,213,214,215,216,217,218,219,220,221,222,223,224,225],"cluster_removal_rates":[99.9831315670029,99.95042127503798,99.93002723771954,99.90448415629125,99.89474976358478,99.87971095763443,99.85453844082889,99.82626914280677,99.83424421352541,99.78538605261829,99.76276374767683,99.79403995857527,99.7311029469241,99.70663596865832,99.65187119234116,99.6847399706399,99.63501646542261,99.63638397851868,99.71731913355028,99.64190746321574,99.65703506816428,99.68064622176303,99.6361106651683,99.73950026581605,99.5717481623522,99.56353396691306,99.53016065474387,99.54702684895405,99.50023137436372,99.56398104265402,99.52541657878085,99.58194876192518,99.52298352124892,99.49681314994969,99.51343580670131,99.43119667468825,99.38195302843016,99.21536796536796,99.13908267774974,99.17573359709858,99.0978886756238,99.1556091676719,99.09617612977983,98.99755501222494,98.65806451612903,98.67473350619417,98.68622059272838,98.82075471698113,98.99305555555556,98.70493524676233,98.52656068243505,98.53291038858049,98.3913043478261,98.10254339927332,98.29749103942652,98.26958105646631,98.7150068838917,98.34437086092716,97.9713013359723,98.18094782192436,98.12332439678283,98.0498374864572,98.12568908489526,98.31019915509958,97.42331288343559,98.0719794344473,97.63513513513513,97.83549783549783,98.06590257879655,97.76657060518733,98.64325618515562,98.7987987987988,98.18652849740933,97.44493392070484,98.66190900981266,98.60853432282003,98.39015151515152,98.30028328611898,98.41101694915254,97.32739420935413,98.98305084745763,97.8562421185372,99.0450204638472,97.708082026538,98.73595505617978,98.7012987012987,97.88557213930348,98.84020618556701,97.8021978021978,98.74651810584957,98.47094801223241,98.21693907875185,98.75,98.71175523349437,98.58156028368793,98.60031104199068,99.02120717781403,98.76543209876543,99.09747292418773,98.95652173913044,99.60238568588468,99.22178988326849,98.7152034261242,99.35897435897436,99.57894736842105,99.11699779249447,99.13232104121475,99.42857142857143,99.17525773195877,99.23224568138195,99.29906542056075,99.74424552429667,99.01719901719902,99.76635514018692,99.48717948717949,99.47229551451187,99.22279792746113,99.7005988023952,99.17127071823204,99.23076923076923,99.42857142857143,99.70674486803519,99.37694704049844,100.0,98.95470383275261,99.6875,99.62825278810409,100.0,99.29078014184397,99.36908517350159,99.3127147766323,100.0,99.65635738831615,99.64788732394366,100.0,99.27007299270073,99.61389961389962,99.58333333333333,99.15611814345992,99.6124031007752,100.0,100.0,100.0,99.5850622406639,99.57264957264957,99.2248062015504,99.49238578680203,99.61977186311786,99.02912621359224,100.0,100.0,99.54128440366972,100.0,98.52941176470588,100.0,100.0,98.96373056994818,100.0,99.43502824858757,100.0,100.0,99.49238578680203,99.50248756218906,99.37106918238993,100.0,100.0,100.0,99.47916666666666,100.0,100.0,100.0,100.0,99.35483870967742,99.42528735632183,100.0,100.0,100.0,99.39024390243902,100.0,100.0,100.0,100.0,100.0,100.0,99.31972789115646,100.0,100.0,100.0,100.0,100.0,100.0,100.0,100.0,100.0,100.0,99.25373134328358,99.28571428571429,98.9795918367347,100.0,100.0,100.0,100.0,100.0,100.0,100.0,100.0,100.0,100.0,100.0,99.12280701754386,99.21875,100.0,100.0,100.0,100.0,100.0,100.0,100.0,100.0,100.0,100.0,100.0,100.0,100.0,100.0],"cluster_post_filtering_doc_counts":[2490,1204,745,657,463,414,362,335,249,255,217,177,172,158,164,131,133,130,86,101,80,68,68,49,67,62,62,55,54,46,45,39,44,45,44,52,50,58,58,50,47,42,39,41,52,46,43,40,29,37,38,37,37,47,38,38,28,35,41,38,35,36,34,28,42,30,35,30,27,31,17,16,21,29,15,15,17,18,15,24,9,17,7,19,9,10,17,9,16,9,10,12,8,8,8,9,6,7,5,6,2,4,6,3,2,4,4,3,4,4,3,1,4,1,2,2,3,1,3,3,2,1,2,0,3,1,1,0,2,2,2,0,1,1,0,2,1,1,2,1,0,0,0,1,1,2,1,1,2,0,0,1,0,3,0,0,2,0,1,0,0,1,1,1,0,0,0,1,0,0,0,0,1,1,0,0,0,1,0,0,0,0,0,0,1,0,0,0,0,0,0,0,0,0,0,1,1,1,0,0,0,0,0,0,0,0,0,0,0,1,1,0,0,0,0,0,0,0,0,0,0,0,0,0,0],"tail_threshold":226,"tail_removal_rate":99.94403507135529,"tail_post_filtering_doc_counts":12,"global_removal_rate":99.94672302320139}