{"cluster_sizes":[1,2,3,4,5,6,7,8,9,10,11,12,13,14,15,16,17,18,19,20,21,22,23,24,25,26,28,29,30,31,32,36,37,38,39,40,41,42,49,63,64,65,72,102,107,119],"cluster_removal_rates":[97.08846584546473,95.8904109589041,96.1038961038961,95.45454545454545,100.0,89.74358974358975,100.0,100.0,88.88888888888889,95.45454545454545,100.0,90.0,100.0,100.0,100.0,100.0,100.0,66.66666666666666,100.0,66.66666666666666,100.0,100.0,100.0,100.0,100.0,75.0,0.0,100.0,100.0,66.66666666666666,100.0,100.0,100.0,100.0,0.0,100.0,100.0,0.0,100.0,100.0,100.0,100.0,100.0,100.0,100.0,100.0],"cluster_post_filtering_doc_counts":[26,6,3,2,0,4,0,0,2,1,0,2,0,0,0,0,0,1,0,1,0,0,0,0,0,1,1,0,0,1,0,0,0,0,1,0,0,1,0,0,0,0,0,0,0,0],"tail_threshold":148,"tail_removal_rate":100.0,"tail_post_filtering_doc_counts":0,"global_removal_rate":96.32963988919667}