{"cluster_sizes":[1,2,3,4,5,6,7,8,9,10,11,12,13,14,15,16,17,18,19,20,21,22,23,24,25,26,27,28,29,30,31,32,33,34,35,36,37,38,39,40,41,42,43,44,45,46,47,48,49,50,51,52,53,54,55,56,57,58,59,60,61,62,63,64,65,66,67,68,69,70,71,72,73,74,75,76,77,78,79,80,81,82,83,84,85,86,87,88,89,90,91,92,93,94,95,96,97,98,99,100,101,102,103,104,105,106,107,108,109,110,111,112,113,115,116,117,118,119,120,121,122,123,124,125,126,127,128,129,130,131,132,133,134,135,136,137,138,139,140,141,142,144,145,146,147,148,149,150,151,152,153,154,155,156,157,159,160,161,162],"cluster_removal_rates":[77.35729917220978,68.68134365672208,62.313655336911154,52.6624143633357,54.494469543542614,57.377049180327866,56.92897571663319,58.02412929660824,59.31894192763758,62.14025131738954,61.43687268885367,58.61148197596796,60.70038910505836,63.182238667900094,68.55491329479769,72.39512855209743,75.27733755942948,74.32950191570882,68.48341232227489,70.39800995024875,69.27374301675978,76.49122807017544,72.86245353159852,79.92565055762083,79.70297029702971,76.08695652173914,81.17647058823529,80.66666666666666,79.59183673469387,71.12676056338029,71.31782945736434,76.11940298507463,77.89473684210526,78.86178861788618,73.84615384615385,79.84496124031007,83.1858407079646,83.06451612903226,82.0,82.41758241758241,79.16666666666666,87.1559633027523,82.41758241758241,75.38461538461539,92.3076923076923,78.72340425531915,87.5,85.18518518518519,76.92307692307693,86.66666666666667,79.41176470588235,84.375,84.21052631578947,77.14285714285715,83.78378378378379,90.9090909090909,88.88888888888889,95.83333333333334,90.32258064516128,100.0,95.45454545454545,90.9090909090909,92.0,95.65217391304348,100.0,88.0,92.3076923076923,100.0,100.0,100.0,91.66666666666666,95.23809523809523,91.66666666666666,100.0,88.23529411764706,86.66666666666667,81.81818181818183,88.23529411764706,100.0,85.71428571428571,92.85714285714286,100.0,88.23529411764706,90.9090909090909,100.0,100.0,100.0,94.11764705882352,100.0,90.9090909090909,100.0,62.5,66.66666666666666,100.0,85.71428571428571,100.0,88.88888888888889,100.0,92.3076923076923,90.9090909090909,75.0,100.0,77.77777777777779,90.0,85.71428571428571,100.0,100.0,90.9090909090909,85.71428571428571,100.0,100.0,100.0,66.66666666666666,100.0,100.0,100.0,100.0,100.0,100.0,100.0,100.0,100.0,75.0,100.0,100.0,100.0,100.0,100.0,83.33333333333334,100.0,100.0,100.0,100.0,100.0,100.0,100.0,100.0,100.0,100.0,100.0,100.0,100.0,100.0,100.0,83.33333333333334,100.0,100.0,100.0,100.0,100.0,100.0,100.0,66.66666666666666,100.0,100.0,66.66666666666666,100.0,100.0,100.0],"cluster_post_filtering_doc_counts":[52354,20670,10744,10019,5842,3328,2359,1844,1338,934,730,620,505,398,272,204,156,134,133,119,110,67,73,54,41,44,32,29,30,41,37,32,21,26,34,26,19,21,18,16,20,14,16,16,5,10,6,8,9,6,7,5,6,8,6,2,3,1,3,0,1,2,2,1,0,3,1,0,0,0,1,1,1,0,2,2,2,2,0,2,1,0,2,1,0,0,0,1,0,1,0,3,2,0,1,0,1,0,1,1,1,0,2,1,1,0,0,1,1,0,0,0,2,0,0,0,0,0,0,0,0,0,1,0,0,0,0,0,1,0,0,0,0,0,0,0,0,0,0,0,0,0,0,0,1,0,0,0,0,0,0,0,1,0,0,1,0,0,0],"tail_threshold":163,"tail_removal_rate":97.0,"tail_post_filtering_doc_counts":12,"global_removal_rate":71.43700584630767}