{"cluster_sizes":[1,2,3,4,5,6,7,8,9,10,11,12,13,14,15,16,17,18,19,20,21,22,23,24,25,26,27,28,29,30,31,32,33,34,35,36,37,38,39,41,42,43,46,47,48,49,52,53,58,60,64,65,67,68,71,72,73,75],"cluster_removal_rates":[94.71125138616395,79.23946557040082,80.09708737864078,86.79245283018868,97.08029197080292,97.97979797979798,98.21428571428571,100.0,86.66666666666667,97.14285714285714,100.0,100.0,100.0,100.0,100.0,100.0,100.0,100.0,100.0,100.0,100.0,100.0,100.0,100.0,100.0,100.0,100.0,100.0,100.0,100.0,100.0,100.0,100.0,100.0,100.0,100.0,66.66666666666666,100.0,100.0,100.0,50.0,100.0,100.0,100.0,100.0,100.0,100.0,100.0,100.0,100.0,66.66666666666666,0.0,33.33333333333333,100.0,0.0,0.0,0.0,100.0],"cluster_post_filtering_doc_counts":[620,202,82,28,4,2,1,0,4,1,0,0,0,0,0,0,0,0,0,0,0,0,0,0,0,0,0,0,0,0,0,0,0,0,0,0,1,0,0,0,1,0,0,0,0,0,0,0,0,0,1,1,2,0,1,1,2,0],"tail_threshold":78,"tail_removal_rate":93.33333333333333,"tail_post_filtering_doc_counts":1,"global_removal_rate":93.14527706000574}