{"cluster_sizes":[1,2,3,4,5,6,7,8,9,10,11,12,13,15,16,18,19,20,21,23,30,31,35,36,37,42,58,63,70,306],"cluster_removal_rates":[95.75645756457564,92.0,92.85714285714286,96.42857142857143,93.75,81.81818181818183,100.0,75.0,60.0,100.0,75.0,100.0,100.0,50.0,100.0,66.66666666666666,66.66666666666666,100.0,0.0,0.0,100.0,100.0,100.0,100.0,100.0,100.0,100.0,100.0,100.0,100.0],"cluster_post_filtering_doc_counts":[23,6,2,1,1,2,0,3,2,0,1,0,0,1,0,1,1,0,1,1,0,0,0,0,0,0,0,0,0,0],"tail_threshold":1224,"tail_removal_rate":100.0,"tail_post_filtering_doc_counts":0,"global_removal_rate":93.97905759162303}