{"cluster_sizes":[1,2,3,4,5,6,7,8,9,12,16,17,18,19,20,21,22,23,24,25,26,27,28,29,30,31,32,33,34,35,36,37,38,39],"cluster_removal_rates":[75.45871559633028,65.0,97.14285714285714,80.0,81.81818181818183,100.0,100.0,100.0,100.0,100.0,100.0,0.0,53.84615384615385,48.38709677419355,68.0,56.25,58.06451612903226,73.07692307692307,72.38805970149254,71.31782945736434,73.83177570093457,78.66666666666666,80.0,82.14285714285714,68.75,87.5,100.0,25.0,0.0,0.0,0.0,0.0,0.0,0.0],"cluster_post_filtering_doc_counts":[107,14,1,2,2,0,0,0,0,0,0,2,6,16,16,35,39,35,37,37,28,16,7,5,5,1,0,6,3,2,2,3,3,1],"tail_threshold":42,"tail_removal_rate":0.0,"tail_post_filtering_doc_counts":2,"global_removal_rate":71.28647214854111}