{"cluster_sizes":[1,2,3,4,5,6,7,8,9,10,11,12,13,14,15,16,17,18,19,20,21,22,23,24,25,26,27,28,29,30,31,32,33,34,35,36,37,38,39,40,41,42,43,44,45,46,47,48,49,50,51,52,53,54,55,56,57,58,59,60,61,62],"cluster_removal_rates":[99.73119129692293,98.6646190825933,95.35511747231973,95.26184538653366,94.8069241011984,96.31336405529954,95.85798816568047,97.30941704035875,99.29078014184397,95.90163934426229,96.5909090909091,98.7012987012987,100.0,98.14814814814815,100.0,100.0,100.0,100.0,100.0,100.0,100.0,100.0,100.0,100.0,92.85714285714286,100.0,100.0,100.0,100.0,100.0,100.0,91.66666666666666,100.0,100.0,100.0,100.0,100.0,85.71428571428571,100.0,100.0,100.0,100.0,100.0,100.0,100.0,100.0,100.0,100.0,100.0,100.0,100.0,100.0,100.0,100.0,100.0,100.0,100.0,100.0,100.0,100.0,100.0,100.0],"cluster_post_filtering_doc_counts":[425,200,172,76,39,16,14,6,1,5,3,1,0,1,0,0,0,0,0,0,0,0,0,0,1,0,0,0,0,0,0,1,0,0,0,0,0,1,0,0,0,0,0,0,0,0,0,0,0,0,0,0,0,0,0,0,0,0,0,0,0,0],"tail_threshold":63,"tail_removal_rate":99.4535519125683,"tail_post_filtering_doc_counts":1,"global_removal_rate":99.46944779597706}