{"cluster_sizes":[1,2,3,4,5,6,7,8,9,10,11,12,13,14,15,16,17,18,19,20,21,22,23,24,25,26,27,28,29,30,31,32,33,34,35,36,37,38,39,40,41,42,43,44,45,46,47,48,49,50,51,52,53,54,55,56,57,58,59,60,61,62,63,64,65,66,67,68,69,70,71,72,73,74,75,76,77,78,79,80,81,82,83,84,85,86,87,88,89,90,91,92,93,94,95,96,97,98,99,100,101,102,103,104,105,106,107,108,109,110,111,112,113,114,115,116,117,118,119,120,121,122,123,124,125,126,127,128,129,130,131,132,133,134,135,136,137,138,139,140],"cluster_removal_rates":[99.67919967159777,99.27444035624634,99.0708826614716,98.71167839675535,98.50693834533638,98.46372016071851,97.77397260273972,98.001998001998,96.69649002064695,95.08856682769726,96.54471544715447,95.77142857142857,94.52804377564979,95.29220779220779,94.19795221843003,96.69724770642202,94.01544401544402,95.65217391304348,94.51371571072319,94.62915601023018,91.35802469135803,94.98607242339833,93.51851851851852,92.94117647058823,92.5925925925926,90.38461538461539,92.27642276422763,91.12426035502959,89.56043956043956,84.8314606741573,87.57062146892656,86.07594936708861,87.5,89.54248366013073,93.71069182389937,93.05555555555556,90.54054054054053,88.97058823529412,89.60000000000001,86.02150537634408,88.0,90.0,82.75862068965517,85.71428571428571,88.59649122807018,88.37209302325581,95.29411764705881,89.69072164948454,85.22727272727273,91.35802469135803,88.1578947368421,93.54838709677419,83.87096774193549,92.10526315789474,86.66666666666667,91.46341463414635,86.07594936708861,86.36363636363636,83.63636363636363,85.71428571428571,89.79591836734694,83.92857142857143,86.11111111111111,78.04878048780488,92.85714285714286,89.70588235294117,84.21052631578947,88.33333333333333,89.47368421052632,85.71428571428571,78.26086956521739,90.0,89.47368421052632,83.33333333333334,80.85106382978722,90.9090909090909,79.48717948717949,82.22222222222221,87.5,91.66666666666666,88.57142857142857,81.63265306122449,78.18181818181819,89.1891891891892,89.36170212765957,92.72727272727272,78.18181818181819,83.78378378378379,86.66666666666667,82.85714285714286,78.18181818181819,84.61538461538461,91.8918918918919,89.74358974358975,72.72727272727273,88.0,85.71428571428571,86.36363636363636,85.71428571428571,76.47058823529412,94.11764705882352,62.5,76.47058823529412,93.75,77.77777777777779,100.0,91.66666666666666,77.77777777777779,75.0,62.5,76.92307692307693,100.0,80.0,92.85714285714286,100.0,88.88888888888889,87.5,71.42857142857143,66.66666666666666,100.0,66.66666666666666,100.0,100.0,75.0,100.0,100.0,100.0,80.0,100.0,100.0,100.0,100.0,100.0,100.0,100.0,100.0,100.0,100.0,100.0,50.0],"cluster_post_filtering_doc_counts":[422,211,124,108,85,65,52,40,48,61,34,37,40,29,34,18,31,22,22,21,35,18,21,24,20,25,19,15,19,27,22,22,17,16,10,10,14,15,13,13,12,10,15,16,13,10,4,10,13,7,9,4,15,6,10,7,11,9,9,9,5,9,10,9,3,7,9,7,6,7,10,5,4,6,9,5,8,8,6,3,4,9,12,4,5,4,12,6,6,6,12,8,3,4,9,3,3,3,3,4,1,6,4,1,2,0,1,4,2,3,3,0,1,1,0,1,1,2,2,0,1,0,0,2,0,0,0,1,0,0,0,0,0,0,0,0,0,0,0,1],"tail_threshold":141,"tail_removal_rate":96.26168224299066,"tail_post_filtering_doc_counts":8,"global_removal_rate":98.88467481387835}