{"cluster_sizes":[1,2,3,4,5,6,7,8,9,10,11,12,13,14,15,16,17,18,19,20,21,22,23,24,25,26,27,28,29,30,31,32,33,34,35,36,37,38,39,40,41,42,43,44,45,46,47,48],"cluster_removal_rates":[99.99714690581936,98.49827671097981,100.0,100.0,100.0,100.0,100.0,98.33333333333333,100.0,100.0,100.0,98.57142857142858,95.45454545454545,92.45283018867924,87.17948717948718,90.9090909090909,82.35294117647058,80.64516129032258,73.33333333333333,62.96296296296296,46.15384615384615,40.0,59.09090909090909,47.61904761904761,50.0,31.57894736842105,38.46153846153847,80.0,94.73684210526315,91.66666666666666,88.88888888888889,83.33333333333334,63.63636363636363,83.33333333333334,88.88888888888889,100.0,90.9090909090909,100.0,100.0,100.0,66.66666666666666,100.0,100.0,100.0,100.0,100.0,100.0,50.0],"cluster_post_filtering_doc_counts":[3,61,0,0,0,0,0,3,0,0,0,1,2,4,5,3,6,6,8,10,28,27,18,22,15,13,8,2,1,1,1,2,4,2,1,0,1,0,0,0,1,0,0,0,0,0,0,1],"tail_threshold":49,"tail_removal_rate":100.0,"tail_post_filtering_doc_counts":0,"global_removal_rate":99.77082213153047}