{"cluster_sizes":[1,2,3,4,5,6,7,8,9,10,11,12,14,15,17,20,21,22,27,32,57,58],"cluster_removal_rates":[81.875,94.35897435897435,49.22600619195047,84.61538461538461,100.0,74.19354838709677,91.66666666666666,100.0,100.0,100.0,100.0,100.0,100.0,100.0,100.0,0.0,100.0,100.0,100.0,100.0,100.0,100.0],"cluster_post_filtering_doc_counts":[29,11,164,8,0,8,1,0,0,0,0,0,0,0,0,1,0,0,0,0,0,0],"tail_threshold":254,"tail_removal_rate":100.0,"tail_post_filtering_doc_counts":0,"global_removal_rate":73.22074788902292}