{"cluster_sizes":[1,2,3,4,5,6,7,8,9,10,11,12,13,14,15,16,17,18,19,20,21,22,23,24,25,26,27,28,29,30,31,32,33,34,35,36,37,38,39,40,41,42,43,44,45,47,48,49,50,51,54,55,58,60,61,63,65,70,72,73,74,77,86,88,92,93],"cluster_removal_rates":[98.48200312989044,91.70337738619678,88.30845771144278,88.38821490467937,73.46625766871165,80.42553191489363,84.5679012345679,84.4155844155844,90.97744360902256,85.41666666666666,83.09859154929578,88.0,100.0,80.0,81.81818181818183,91.66666666666666,100.0,66.66666666666666,94.11764705882352,86.66666666666667,92.85714285714286,100.0,100.0,100.0,100.0,85.71428571428571,100.0,66.66666666666666,100.0,83.33333333333334,83.33333333333334,100.0,83.33333333333334,100.0,100.0,92.85714285714286,88.88888888888889,100.0,100.0,100.0,100.0,100.0,100.0,100.0,100.0,33.33333333333333,75.0,100.0,100.0,100.0,100.0,100.0,100.0,100.0,100.0,100.0,100.0,100.0,100.0,100.0,100.0,100.0,100.0,100.0,50.0,100.0],"cluster_post_filtering_doc_counts":[194,113,94,67,173,46,25,24,12,14,12,6,0,8,6,2,0,4,1,2,1,0,0,0,0,2,0,2,0,1,1,0,1,0,0,1,1,0,0,0,0,0,0,0,0,2,1,0,0,0,0,0,0,0,0,0,0,0,0,0,0,0,0,0,1,0],"tail_threshold":94,"tail_removal_rate":100.0,"tail_post_filtering_doc_counts":0,"global_removal_rate":95.3306281076756}