{"cluster_sizes":[1,2,3,4,5,6,7,8,9,10,11,12,13,14,15,16,17,18,19,20,21,22,23,24,25,26,27,28,29,30,31,32,33,34,35,36,37,38,39,40,41,42,43,44,45,47,48,49,50,51,52,53,54,55,57,58,60,61,64,65,66,67,68,69,71,72,73,75,76,77,78,80,82,83,84,87,90,91,92,94,96,97,99,102,103,104,106,107,111,112,116,125,126,133,136,139,144,147,151,155,162,177,194,198],"cluster_removal_rates":[96.01920889675219,87.74716369529983,87.75147928994083,85.2054794520548,87.95355587808417,96.32768361581921,97.16599190283401,98.67256637168141,99.47916666666666,100.0,100.0,98.93617021276596,100.0,99.25925925925925,100.0,100.0,100.0,98.71794871794873,100.0,100.0,100.0,100.0,100.0,100.0,100.0,100.0,100.0,100.0,100.0,100.0,100.0,100.0,100.0,100.0,100.0,100.0,100.0,100.0,100.0,100.0,100.0,100.0,100.0,100.0,100.0,100.0,100.0,100.0,100.0,100.0,100.0,100.0,100.0,100.0,100.0,100.0,100.0,100.0,100.0,100.0,100.0,100.0,100.0,100.0,100.0,100.0,100.0,100.0,100.0,100.0,100.0,100.0,100.0,100.0,100.0,100.0,100.0,100.0,100.0,100.0,100.0,100.0,100.0,100.0,100.0,100.0,100.0,100.0,100.0,100.0,100.0,100.0,100.0,100.0,100.0,100.0,100.0,100.0,100.0,100.0,100.0,100.0,100.0,100.0],"cluster_post_filtering_doc_counts":[630,378,207,162,83,13,7,3,1,0,0,1,0,1,0,0,0,1,0,0,0,0,0,0,0,0,0,0,0,0,0,0,0,0,0,0,0,0,0,0,0,0,0,0,0,0,0,0,0,0,0,0,0,0,0,0,0,0,0,0,0,0,0,0,0,0,0,0,0,0,0,0,0,0,0,0,0,0,0,0,0,0,0,0,0,0,0,0,0,0,0,0,0,0,0,0,0,0,0,0,0,0,0,0],"tail_threshold":204,"tail_removal_rate":100.0,"tail_post_filtering_doc_counts":0,"global_removal_rate":94.04031902528956}