{"cluster_sizes":[1,2,3,4,5,6,7,8,9,10,12,14,15,16,17,18,19,20,21,22,23,24,25,26,27,28,29,30,31,32,33,34,35,37,38,39,40],"cluster_removal_rates":[80.89430894308943,58.333333333333336,33.33333333333333,66.66666666666666,100.0,100.0,100.0,100.0,100.0,100.0,100.0,100.0,100.0,90.0,91.66666666666666,45.45454545454545,50.0,45.83333333333333,44.642857142857146,42.10526315789473,37.17948717948718,48.78048780487805,56.94444444444444,60.0,81.3953488372093,66.66666666666666,80.0,85.71428571428571,66.66666666666666,0.0,33.33333333333333,0.0,0.0,0.0,0.0,0.0,0.0],"cluster_post_filtering_doc_counts":[47,20,4,1,0,0,0,0,0,0,0,0,0,1,1,6,14,13,31,33,49,42,31,28,8,10,4,1,1,6,2,2,1,1,4,1,1],"tail_threshold":41,"tail_removal_rate":0.0,"tail_post_filtering_doc_counts":1,"global_removal_rate":62.55144032921811}