{"cluster_sizes":[1,2,3,4,5,6,7,8,9,10,11,12,13,14,15,17,19,20,21,22,23,24,25,28,29,31,34,35,36,37,38,39,41,50,53,54,57,58,78,83],"cluster_removal_rates":[94.24242424242424,95.98765432098766,50.15873015873016,81.9047619047619,89.74358974358975,77.61194029850746,84.48275862068965,82.05128205128204,85.0,92.3076923076923,100.0,100.0,100.0,100.0,100.0,100.0,100.0,100.0,100.0,100.0,100.0,100.0,100.0,100.0,100.0,100.0,100.0,100.0,100.0,100.0,100.0,100.0,100.0,100.0,100.0,100.0,100.0,100.0,100.0,100.0],"cluster_post_filtering_doc_counts":[133,13,157,19,8,15,9,7,3,1,0,0,0,0,0,0,0,0,0,0,0,0,0,0,0,0,0,0,0,0,0,0,0,0,0,0,0,0,0,0],"tail_threshold":98,"tail_removal_rate":100.0,"tail_post_filtering_doc_counts":0,"global_removal_rate":89.28361714621256}