{"cluster_sizes":[1,2,3,4,5,6,7,8,9,10,16,17,18,19,20,21,22,23,24,25,26,27,28,29,30,31,32,33,34,35,36,37,38,39],"cluster_removal_rates":[92.34360410830999,40.0,76.47058823529412,58.333333333333336,33.33333333333333,33.33333333333333,16.666666666666664,33.33333333333333,0.0,0.0,100.0,66.66666666666666,70.0,55.55555555555556,55.00000000000001,71.21212121212122,65.88235294117646,68.10344827586206,68.9922480620155,67.76859504132231,73.33333333333333,70.27027027027027,72.0,75.86206896551724,71.42857142857143,50.0,0.0,0.0,0.0,0.0,0.0,0.0,0.0,0.0],"cluster_post_filtering_doc_counts":[328,54,12,5,4,2,5,2,2,1,0,1,3,8,18,19,29,37,40,39,28,22,14,7,4,2,2,2,1,1,2,5,2,3],"tail_threshold":40,"tail_removal_rate":12.5,"tail_post_filtering_doc_counts":7,"global_removal_rate":86.70779584969152}