{"cluster_sizes":[1,2,3,4,5,6,7,8,10,12,14,17,29,56,65],"cluster_removal_rates":[98.36065573770492,96.875,83.33333333333334,66.66666666666666,100.0,50.0,100.0,100.0,100.0,100.0,100.0,100.0,100.0,100.0,100.0],"cluster_post_filtering_doc_counts":[1,1,1,3,0,1,0,0,0,0,0,0,0,0,0],"tail_threshold":146,"tail_removal_rate":100.0,"tail_post_filtering_doc_counts":0,"global_removal_rate":94.44444444444444}