{"cluster_sizes":[1,2,3,4,5,6,7,8,9,10,11,12,13,14,15,16,17,19,20,22,24,25,26,29,30,32,37,43,68,72,74,75,76],"cluster_removal_rates":[89.53152111046847,49.48453608247423,49.45054945054945,43.20987654320987,44.89795918367347,46.51162790697674,62.5,54.54545454545454,73.33333333333333,50.0,33.33333333333333,45.45454545454545,28.57142857142857,33.33333333333333,0.0,80.0,100.0,100.0,25.0,100.0,0.0,100.0,100.0,50.0,0.0,0.0,100.0,100.0,100.0,100.0,100.0,75.0,50.0],"cluster_post_filtering_doc_counts":[181,98,46,46,54,23,6,5,4,4,8,6,5,2,1,1,0,0,3,0,1,0,0,1,1,1,0,0,0,0,0,1,1],"tail_threshold":78,"tail_removal_rate":75.0,"tail_post_filtering_doc_counts":1,"global_removal_rate":78.77758913412563}