{"cluster_sizes":[1,2,3,4,5,6,8,9,11,15,18,21,22,23,24,25,26,27,28,29],"cluster_removal_rates":[86.27450980392157,100.0,100.0,80.0,50.0,100.0,0.0,100.0,100.0,0.0,100.0,100.0,100.0,100.0,88.88888888888889,100.0,100.0,100.0,100.0,100.0],"cluster_post_filtering_doc_counts":[7,0,0,1,1,0,1,0,0,1,0,0,0,0,1,0,0,0,0,0],"tail_threshold":34,"tail_removal_rate":0.0,"tail_post_filtering_doc_counts":1,"global_removal_rate":88.18181818181819}