{"cluster_sizes":[1,2,3,4,5,6,7,8,9,10,11,12,13,14,15,16,17,18,19,20,21,22,23,24,25,26,27,28,29,30,31,32,33,34,35,36,37,38,39,40,41,42,43,44,45,46,47,48,49,50,51,52,53,54,55,56,57,58,59,60,61,62,63,64,65,66,67,68,69,70,71,72,73,74,75,76,77,78,79,80,81,82,83,84,85,86,87,88,89,90,91,92,93,94,95,96,97,98,99,100,101,102,103,104,105,106,107,108,109,110,111,112,113,114,115,116,117,118,119,120,121,122,123,124,125,126,127,128,129,130,131,132,133,134,135,136,137,138,139,140,141,142,143,144,145,146,147,148,149,150,151,152,153,154,155,156,157,158,159,160,161,162,163,164,165,166,167,168,169,170,171,172,173,174,175,176,177,178,179,180,181,182,183,184,185,186,187,188,189,190,191,192,193,194,195,196,197,198,199,200,201,202,203,204,205,206,207],"cluster_removal_rates":[75.50907203665227,64.59929609242197,56.88492099348167,58.23422034615409,53.81040303719431,53.70417633361079,52.664612251228604,51.9500961799388,48.92466167726545,48.729362721738006,47.55177067212175,47.94492471100504,46.8248776886502,47.49692518849931,46.57246344408174,46.391387045111045,45.557892466159736,45.843844751983575,44.956925302744196,46.53344166863796,45.37960726661766,45.27411193990924,45.33760853442011,46.293914464370935,45.39271300764824,47.91253906329786,46.55708105192811,46.56282265363093,46.07547278266368,47.009757388070156,47.322431218416625,48.68096093399192,49.063800988494904,48.53732126459399,48.83328647736857,50.78602939384338,49.99063394792475,51.30829834953131,53.11527449271753,53.86450223621004,53.45643768294005,54.10508104855391,53.41129798752014,54.38704028021015,53.90877192982456,53.52407180742554,54.0740338098603,55.270880361173816,53.78476272331021,54.19654971893778,54.37470118161328,54.956926987713594,54.40757564092694,54.57815310032059,55.35862183203578,55.53572945874756,55.306911117102544,55.78174381855363,55.15611149413966,55.89867796952266,55.601300108342365,55.22853957636566,54.933519944016794,55.57746826081598,55.473617291799115,56.89196381053752,55.37327957736689,55.79772079772079,55.23299091856484,55.184615384615384,55.295447206974494,56.28674069235794,56.220960247805884,56.65112943707422,56.09400619420659,56.54187572365882,55.14354066985646,55.10412413229889,56.73199829569664,57.84105397365066,56.39887902849136,55.56849953401678,55.541810984661055,56.335234316885696,56.891790107958826,57.6303062869425,55.64053537284895,56.180089485458616,57.11334120425029,58.41735410937977,57.35883986423943,58.6117418099254,58.27263267429761,57.53856942496493,58.26271186440678,58.98668639053254,58.96153846153847,58.50340136054422,58.37644249900518,59.021783806000826,59.602076124567475,59.515570934256054,59.59367945823928,60.104364326375716,59.64912280701754,60.65732237796036,59.587020648967545,59.463562753036435,61.28364389233955,59.76008724100327,58.77659574468085,61.00427350427351,60.7532751091703,62.65413975337639,59.166666666666664,60.55488540410132,60.646735814521044,62.03346203346203,60.87533156498674,61.78967994774657,59.589525831564046,61.75298804780876,62.7906976744186,62.72401433691756,61.80014174344437,60.19711902956786,59.847908745247146,63.08049535603715,59.29067077872012,62.93103448275862,63.18725099601593,64.6761984861228,63.69582992641046,62.44689889549703,64.02387041773231,62.35294117647059,64.84018264840182,62.095238095238095,63.61867704280155,62.14028776978417,65.48672566371681,66.14173228346458,61.382113821138205,62.89370078740157,63.498920086393085,64.7117296222664,64.42105263157895,64.61377870563675,61.9625137816979,65.72972972972973,64.26116838487972,65.20231213872833,63.24786324786324,62.4113475177305,65.6479217603912,65.4320987654321,64.58333333333334,64.08364083640836,64.9497487437186,62.09068010075567,65.78212290502793,63.78162450066578,64.63414634146342,61.885245901639344,65.814266487214,66.66666666666666,61.64179104477612,67.5,61.58730158730159,63.27160493827161,65.03703703703704,65.74500768049155,65.72700296735906,62.735849056603776,64.97695852534562,65.99063962558502,64.24870466321244,64.4122383252818,66.77631578947368,68.46543001686341,65.07666098807495,63.80597014925373,66.50563607085346,64.57627118644068,65.37785588752196,65.6198347107438,65.70841889117042,66.05166051660517,65.2014652014652,65.18375241779498,68.2092555331992,65.48507462686567,63.565891472868216,66.52173913043478,67.03296703296702,68.50094876660341,63.04347826086957,66.80584551148226,68.07511737089203,63.86554621848739,63.25678496868476,67.6056338028169,63.097949886104786,63.2258064516129,66.8141592920354,66.34146341463415,68.9873417721519],"cluster_post_filtering_doc_counts":[12732410,4434118,2839112,1883498,1371395,1082932,766030,639217,541252,460478,391761,342867,278024,235638,203116,178410,151428,136102,117179,103970,93627,83932,72965,66392,58047,51003,45582,41922,37525,34051,30022,27429,24837,23538,21840,20192,18688,16934,15065,13926,12880,12203,11274,10418,9852,9113,8449,7926,7528,7089,6680,6379,5922,5809,5390,5233,4973,4757,4553,4370,4098,4016,3864,3604,3502,3240,3210,3103,3007,2913,2769,2677,2544,2418,2410,2252,2250,2199,2031,1984,1867,1907,1797,1761,1717,1577,1624,1567,1453,1361,1382,1276,1203,1211,1182,1109,1067,1037,1046,997,934,936,895,841,874,814,822,801,748,738,775,730,719,636,686,654,645,590,590,585,571,576,512,520,539,525,528,477,528,473,462,420,444,442,422,416,385,398,374,421,351,344,380,377,338,355,338,339,345,317,312,301,301,318,281,280,272,292,279,301,245,272,261,279,254,235,257,221,242,238,236,223,231,237,228,218,207,221,202,187,205,194,208,209,197,208,167,184,190,180,158,185,188,154,150,166,187,159,136,172,176,138,162,171,150,138,147],"tail_threshold":208,"tail_removal_rate":69.92968411942881,"tail_post_filtering_doc_counts":27797,"global_removal_rate":67.43057338255414}