{"cluster_sizes":[1,2,3,4,5,6,7,8,9,10,11,12,13,15,16,19,24,25,34,35,39,41,44,45,46,48,65,83],"cluster_removal_rates":[97.44680851063829,84.84848484848484,26.666666666666668,31.818181818181817,56.00000000000001,34.146341463414636,50.0,66.66666666666666,100.0,50.0,100.0,100.0,100.0,100.0,100.0,100.0,100.0,100.0,100.0,100.0,100.0,100.0,100.0,100.0,100.0,100.0,100.0,100.0],"cluster_post_filtering_doc_counts":[6,5,132,30,11,27,5,1,0,2,0,0,0,0,0,0,0,0,0,0,0,0,0,0,0,0,0,0],"tail_threshold":480,"tail_removal_rate":100.0,"tail_post_filtering_doc_counts":0,"global_removal_rate":63.31658291457286}