{"cluster_sizes":[1,2,3,4,5,6,7,8,9,10,11,12,13,14,15,16,17,18,19,20,21,22,23,24,25,26,27,28,29,30,31,32,33,34,35,36,37,38,39,40,41,42,43,44,45,46,47,48,49,50,51,52,53,54,55,56,57,58,59,60,61,62,63,64,65,66,67,68,69,70,71,72,73,74,75,76,77,78,79,80,81,82,83,84,85,86,87,88,89,90,91,92,93,94,95,96,97,98,99,100,101,102,103,104,105,106,107,108,109,110,111,112,113,114,115,116,117,118,119,120,121,122,123,124,125,126,127,128,129,130,131,132,133,134,135,136,137,138,139,140,141,142,143,144,145,146,147,148,149,150,151,152,153,154,155,156,157,158,159,160,161,162,163,164,165,166,167,168,169,170,171,172,173,174,175,176,177,178,179,180,181,182,183,184,185,186,187,188,189,190,191,192,193,194,195,196,197,198,199,200,201,202,203,204,205,206,207,208,209,210,211,212,213,214,215,216,217,218,219,220,221],"cluster_removal_rates":[75.24624992122934,63.27358824910361,59.25062830348094,57.41951189693576,54.59459016735217,54.92946642818781,51.60700227239159,52.153282641686324,51.255517530097464,50.96618183477294,50.441026817067744,51.43302820353174,50.391930435918056,51.15681123032256,51.668252925642435,50.18553034318839,48.516084602591995,49.139806209214946,49.39155884165126,50.01704267058648,49.865365806537305,49.89508170089485,50.00388772257212,51.52922039412373,51.14146635976001,51.69710616295555,51.62409772348695,52.06809551721502,52.191447055199255,52.50946828497302,52.00147019513499,52.79743476337904,52.068758744753154,53.01251120884751,53.010471204188484,53.20283018867924,53.46745685173633,54.40417383582172,54.64059660337156,55.031743887613125,55.83077597544936,55.72984085890504,55.19512195121952,54.80835044490075,55.5738756068517,55.79347608565139,55.68500539374326,56.57744223289865,55.59719535783365,56.27054361567636,56.56929438442043,56.45766717642152,57.07137601177337,57.09326894053728,56.619587148843706,56.58213535777742,57.25602561941682,57.99046441815292,57.508047718235176,58.290005777007515,59.04601807102332,58.170496027485505,58.28124999999999,57.87871692811988,57.251347378735915,57.375431672422295,56.36083269082498,57.86608600979859,58.57504928189242,59.442815249266864,58.225508317929766,58.05626598465473,58.48434925864909,59.298365122615806,58.182451253481894,57.29589951976357,56.68129238133227,57.95053003533569,58.89649272882805,58.5801393728223,57.59717314487632,58.23772372648004,56.94174757281554,59.20612147297943,57.407407407407405,58.666666666666664,56.58036677454154,58.909287257019436,59.582089552238806,59.036144578313255,61.14928169893816,58.734177215189874,60.62786134728581,58.83547731888964,59.280575539568346,58.83620689655172,60.695389266817834,59.6229379418696,61.478599221789885,61.31386861313869,58.44044558697515,62.5,64.22764227642277,61.81139122315593,62.733529990167156,60.89159067882473,62.4618514750763,63.12056737588653,61.111111111111114,62.38839285714286,61.757990867579906,64.5955451348183,62.74271844660194,58.98389095415118,62.68292682926829,62.87978863936592,61.165048543689316,62.89893617021277,65.48672566371681,63.98852223816356,63.19758672699849,65.28662420382165,64.83870967741936,64.86486486486487,66.38513513513513,63.71100164203612,65.54621848739495,63.45177664974619,66.84303350970018,61.49732620320856,64.38848920863309,70.2803738317757,64.43594646271511,66.66666666666666,65.63636363636364,62.74900398406375,68.57749469214437,67.52136752136752,63.102725366876314,68.46473029045643,68.31896551724138,68.42105263157895,61.124121779859486,68.84875846501129,66.98564593301435,65.21739130434783,66.83417085427136,69.27083333333334,64.93827160493827,63.24582338902148,69.46778711484593,66.66666666666666,70.6371191135734,68.68686868686868,70.60301507537689,66.66666666666666,66.07669616519173,68.35820895522387,69.78193146417445,67.2566371681416,65.95744680851064,70.15873015873015,63.60655737704918,67.70833333333334,64.47368421052632,66.03174603174602,65.88921282798835,68.26923076923077,68.21192052980133,64.98194945848375,68.86446886446886,69.96466431095406,70.3125,66.53992395437263,70.65217391304348,71.16788321167883,64.70588235294117,68.97810218978103,66.54411764705883,63.63636363636363,68.67469879518072,66.94214876033058,69.23076923076923,68.64406779661016,72.09302325581395,67.79026217228464,63.1578947368421,64.54545454545455,63.4453781512605,67.55555555555556,68.58407079646017,64.52991452991454,71.68949771689498,72.6829268292683,64.06926406926407,64.65116279069767,69.40639269406392,66.66666666666666,71.56398104265402,63.101604278074866,68.94736842105263,67.3076923076923,71.77033492822966,69.19431279620854,71.35135135135135,69.94818652849742,68.51851851851852,73.46938775510205,69.62025316455697,64.21052631578948,75.0,68.13186813186813,73.51351351351352,70.3225806451613,71.20418848167539,73.33333333333333,72.25806451612902,70.6896551724138,67.66917293233082,67.66467065868264,67.37588652482269],"cluster_post_filtering_doc_counts":[4678410,1866347,1062993,794098,609811,457360,357135,301097,239856,204193,172884,146647,121574,113219,108165,87396,70274,61728,52568,46925,41520,37011,32150,28606,25896,23168,20910,18808,17071,15925,14365,12807,11990,11004,10411,9921,8951,8215,7238,6658,6045,5814,5511,5282,4850,4418,4108,3796,3673,3459,3256,3132,2917,2843,2795,2688,2536,2379,2244,2166,1949,1948,1869,1799,1745,1728,1698,1548,1471,1383,1356,1312,1260,1195,1201,1156,1086,1071,961,951,960,910,887,853,828,775,805,761,677,680,622,652,602,608,566,573,520,514,495,477,485,423,396,409,379,386,369,364,371,337,335,302,307,331,306,281,280,279,234,251,244,218,218,221,199,221,205,216,188,216,198,159,186,162,189,187,148,152,176,152,147,144,166,138,138,144,132,118,142,154,109,114,106,124,117,128,115,106,97,111,112,94,111,93,108,107,117,99,96,97,85,85,76,88,81,79,84,85,91,100,78,80,68,74,72,86,77,78,87,73,71,83,62,56,83,76,67,66,60,69,59,68,59,65,53,58,51,52,48,68,46,58,49,46,55,40,43,51,43,54,46],"tail_threshold":222,"tail_removal_rate":73.05240500041394,"tail_post_filtering_doc_counts":9765,"global_removal_rate":66.66786166120401}