{"cluster_sizes":[1,2,3,4,5,6,7,8,9,10,11,12,13,14,15,16,17,18,19,20,21,22,23,24,25,26,27,28,29,30,31,32,33,34,35,36,37,38,39,40,41,42,43,44,45,46,47,48,49,50,51,52,53,54,55,56,57,58,59,60,61,62,63,64,65,66,67,68,69,70,71,72,73,74,75,76,77,78,79,80,81,82,83,84,85,86,87,88,89,90,91,92,93,95,96,97,98,99,100,101,102,103,104,105,106,107,108,109,111,113,114,115,116,117,118,119,121,123,124,125,126,128,129,130,131,132,133,134,135,136,137,139,140,142,143,145,146,147,148,150],"cluster_removal_rates":[98.10512873481191,96.51684592919723,96.18174875906834,95.88602773122048,96.23666343355966,94.02940294029403,94.2053685556029,95.57752341311134,96.35890767230168,96.59178931061193,96.47651006711409,95.64315352697096,94.89414694894147,94.62068965517241,92.67100977198697,93.87755102040816,95.96774193548387,94.18886198547214,95.49295774647887,90.57239057239057,93.22709163346613,92.04545454545455,95.45454545454545,94.5273631840796,98.30508474576271,94.64285714285714,94.57364341085271,95.1048951048951,95.74468085106383,94.11764705882352,97.27272727272728,95.7983193277311,97.43589743589743,98.18181818181819,99.07407407407408,96.46017699115043,95.34883720930233,92.0,94.11764705882352,85.13513513513513,96.36363636363636,85.71428571428571,86.27450980392157,87.2340425531915,85.29411764705883,86.20689655172413,92.5925925925926,87.09677419354838,100.0,81.81818181818183,81.81818181818183,84.0,81.25,94.11764705882352,92.85714285714286,95.65217391304348,89.47368421052632,92.3076923076923,100.0,90.9090909090909,100.0,100.0,100.0,94.11764705882352,90.9090909090909,85.71428571428571,88.88888888888889,100.0,77.77777777777779,100.0,100.0,100.0,100.0,100.0,83.33333333333334,0.0,100.0,100.0,50.0,100.0,75.0,100.0,80.0,75.0,100.0,100.0,80.0,100.0,33.33333333333333,50.0,100.0,66.66666666666666,100.0,100.0,100.0,80.0,100.0,75.0,66.66666666666666,33.33333333333333,100.0,100.0,100.0,100.0,100.0,100.0,100.0,80.0,100.0,100.0,100.0,50.0,100.0,100.0,100.0,100.0,100.0,100.0,100.0,100.0,100.0,66.66666666666666,100.0,100.0,100.0,100.0,100.0,100.0,100.0,100.0,100.0,100.0,100.0,100.0,100.0,50.0,100.0,100.0,100.0,100.0],"cluster_post_filtering_doc_counts":[1009,489,300,270,194,199,136,85,56,44,42,42,41,39,45,33,20,24,16,28,17,21,11,11,3,9,7,7,6,7,3,5,3,2,1,4,4,6,5,11,2,6,7,6,5,4,2,4,0,4,4,4,3,1,1,1,2,1,0,2,0,0,0,1,1,1,1,0,2,0,0,0,0,0,1,1,0,0,1,0,1,0,1,2,0,0,1,0,2,2,0,1,0,0,0,1,0,1,1,2,0,0,0,0,0,0,0,1,0,0,0,2,0,0,0,0,0,0,0,0,0,1,0,0,0,0,0,0,0,0,0,0,0,0,0,1,0,0,0,0],"tail_threshold":153,"tail_removal_rate":73.14814814814815,"tail_post_filtering_doc_counts":29,"global_removal_rate":96.86264293489891}