{"cluster_sizes":[1,2,3,4,5,6,7,8,9,10,11,12,13,14,15,16,17,18,19,20,21,22,23,24,25,26,27,28,29,30,31,32,33,34,35,36,37,38,39,40,41,42,43,44,45,46,47,48,49,50,51,52,53,54,55,56,57,58,59,60,61,62,63,64,65,66,67,68,69,70,71,72,73,74,75,76,77,78,79,80,81,82,83,84,85,86,87,88,89,90,91,92,93,94,95,96,97,98,99,100,101,102,103,104,105,106,107,108,109,110,111,112,113,114,115,116,117,118,119,120,121,122,123,124,125,126,127,128,129,130,131,132,133,134,135,136,137,138,139,140,141,142,143,144,145,146,147,148,149,150,151,152,153,154,155,156,157,158,159,160,161,162,163,164,165,166,167,168,169,170,171,172],"cluster_removal_rates":[99.06699952271656,98.19812661257151,97.9981449992271,97.89095698806705,97.42586438158378,97.15775749674054,97.07129628026932,96.68313641245973,96.86720957287685,97.24590382309844,96.83448529712486,96.69935873255375,96.52173913043478,96.57878848862951,95.86439613905674,95.8176302969023,96.34422516984795,96.27584586466166,96.38506355932203,97.10843373493975,96.87599111956867,96.53284671532847,95.99679743795036,95.52694741435741,95.59781193019016,96.45348837209302,95.76018549188473,96.17124956491472,96.62447257383965,96.44994016753091,96.91749773345421,96.05958673714561,96.44308943089432,96.83893627696939,96.94656488549617,97.59486905398182,96.964586846543,97.86975045648204,97.48620478234213,97.41620111731844,97.09934735315446,97.93357933579335,97.24349157733538,96.62162162162163,96.22093023255815,96.22425629290618,95.55837563451777,96.90265486725663,95.27326440177252,95.67164179104478,97.05882352941177,96.73202614379085,95.41595925297113,95.1937984496124,96.09375,95.47038327526133,95.26515151515152,93.52380952380952,94.79905437352247,94.97816593886463,95.65217391304348,96.15384615384616,92.73182957393483,95.42857142857143,94.76744186046511,95.28301886792453,95.30201342281879,94.44444444444444,94.44444444444444,92.80575539568345,93.07958477508652,93.82716049382715,92.88702928870293,94.27312775330397,94.46808510638299,93.24324324324324,95.85253456221197,96.66666666666667,95.20958083832335,93.95604395604396,94.3820224719101,94.27083333333334,95.34883720930233,97.54601226993866,93.86503067484662,94.47852760736197,94.87179487179486,93.91891891891892,97.88732394366197,94.73684210526315,92.6829268292683,96.92307692307692,96.21212121212122,94.48818897637796,96.3302752293578,94.66666666666667,95.7983193277311,98.01980198019803,95.6140350877193,93.85964912280701,96.7741935483871,97.77777777777777,95.78947368421052,95.83333333333334,97.75280898876404,97.84946236559139,95.83333333333334,100.0,96.90721649484536,100.0,97.36842105263158,100.0,95.23809523809523,95.08196721311475,98.73417721518987,96.47058823529412,96.34146341463415,95.0,100.0,96.7741935483871,96.20253164556962,96.49122807017544,100.0,95.52238805970148,98.27586206896551,98.11320754716981,98.14814814814815,98.11320754716981,100.0,97.72727272727273,100.0,100.0,96.07843137254902,98.18181818181819,95.91836734693877,98.0,100.0,100.0,100.0,94.11764705882352,96.7741935483871,100.0,97.77777777777777,95.0,100.0,98.0392156862745,100.0,94.73684210526315,100.0,98.11320754716981,100.0,100.0,97.05882352941177,100.0,97.43589743589743,97.22222222222221,98.0392156862745,96.7741935483871,96.15384615384616,100.0,96.7741935483871,96.96969696969697,100.0,100.0,96.66666666666667,100.0,100.0,97.14285714285714,97.14285714285714,100.0,96.29629629629629,100.0],"cluster_post_filtering_doc_counts":[25784,11565,5698,4035,3013,2398,1692,1544,1131,827,774,700,608,510,527,455,339,317,273,204,197,190,200,205,169,122,128,110,88,89,68,82,70,63,60,45,54,35,41,37,40,28,36,40,39,33,35,21,32,29,19,20,27,31,25,26,25,34,22,23,16,13,29,16,18,15,14,16,15,20,20,15,17,13,13,15,9,6,8,11,10,11,8,4,10,9,8,9,3,7,9,4,5,7,4,8,5,2,5,7,3,2,4,4,2,2,4,0,3,0,2,0,4,3,1,3,3,3,0,2,3,2,0,3,1,1,1,1,0,1,0,0,2,1,2,1,0,0,0,3,2,0,1,2,0,1,0,2,0,1,0,0,1,0,1,1,1,1,1,0,1,1,0,0,1,0,0,1,1,0,1,0],"tail_threshold":173,"tail_removal_rate":97.61851769419097,"tail_post_filtering_doc_counts":107,"global_removal_rate":98.53364961593194}