{"cluster_sizes":[1,2,3,4,5,6,7,8,9,10,11,12,13,14,15,16,17,18,19,20,21,22,23,24,25,26,27,28,29,30,31,32,33,34,35,36,37,38,39,40,41,42,43,44,45,46,47,48,49,50,51,52,53,54,55,57,58,59,60,61,62,63,64,65,66,68,70,73,75,76,77,80,86,91,92,93,96,97,105,106,108,112,151,159,160,165,169,206,209,219,252,257,258,259,260,261,262,263,264],"cluster_removal_rates":[95.36224617698672,81.10119047619048,72.91666666666666,69.28104575163398,53.608247422680414,60.66666666666667,56.49717514124294,49.681528662420384,67.79661016949152,61.33333333333333,57.14285714285714,45.45454545454545,44.44444444444444,56.25,39.21568627450981,31.818181818181817,44.11764705882353,48.64864864864865,42.30769230769231,35.483870967741936,33.33333333333333,61.53846153846154,52.63157894736842,42.30769230769231,55.55555555555556,57.14285714285714,46.15384615384615,36.36363636363637,62.5,37.5,55.55555555555556,57.14285714285714,44.44444444444444,0.0,66.66666666666666,57.14285714285714,66.66666666666666,62.5,75.0,33.33333333333333,50.0,75.0,66.66666666666666,40.0,25.0,20.0,100.0,33.33333333333333,0.0,25.0,0.0,0.0,66.66666666666666,0.0,16.666666666666664,66.66666666666666,33.33333333333333,0.0,16.666666666666664,0.0,33.33333333333333,33.33333333333333,50.0,0.0,50.0,0.0,100.0,100.0,100.0,0.0,0.0,100.0,100.0,0.0,0.0,0.0,50.0,0.0,100.0,0.0,0.0,100.0,100.0,0.0,100.0,100.0,100.0,0.0,100.0,0.0,100.0,0.0,0.0,0.0,0.0,0.0,0.0,0.0,0.0],"cluster_post_filtering_doc_counts":[555,254,169,141,180,118,77,79,38,29,30,36,30,21,31,30,19,19,15,20,16,5,9,15,8,6,7,7,3,5,4,3,5,1,2,3,1,3,1,2,3,1,2,3,3,4,0,2,3,3,1,2,1,3,5,1,2,1,5,1,2,2,1,1,1,1,0,0,0,1,1,0,0,1,1,1,1,1,0,1,1,0,0,1,0,0,0,1,0,1,0,1,3,1,1,3,1,1,1],"tail_threshold":266,"tail_removal_rate":16.666666666666664,"tail_post_filtering_doc_counts":15,"global_removal_rate":87.27084475303003}