{"cluster_sizes":[1,2,3,4,5,6,7,8,9,10,13,14,15,16,22,25,39],"cluster_removal_rates":[53.47432024169184,54.794520547945204,37.5,32.240437158469945,32.69230769230769,71.42857142857143,100.0,86.66666666666667,50.0,0.0,100.0,100.0,100.0,100.0,100.0,0.0,100.0],"cluster_post_filtering_doc_counts":[154,33,90,124,35,2,0,2,1,1,0,0,0,0,0,1,0],"tail_threshold":69,"tail_removal_rate":100.0,"tail_post_filtering_doc_counts":0,"global_removal_rate":45.90964590964591}