{"cluster_sizes":[1,2,3,4,5,6,7,8,9,10,11,12,13,14,15,16,17,18,19,20,21,22,23,24,25,26,27,28,29,30,31,32,33,34,35,36,37,38,39,40,41,43,44,46,47,48,50,51,60,63,67,70,72,76,93,100,112,135,142,152,161,178],"cluster_removal_rates":[53.783783783783775,78.94736842105263,89.28571428571429,61.111111111111114,53.333333333333336,58.333333333333336,85.71428571428571,66.66666666666666,100.0,100.0,50.0,33.33333333333333,57.14285714285714,50.0,100.0,33.33333333333333,0.0,33.33333333333333,40.909090909090914,42.857142857142854,40.816326530612244,34.84848484848485,32.758620689655174,43.75,49.09090909090909,67.85714285714286,60.0,36.36363636363637,55.55555555555556,80.0,33.33333333333333,33.33333333333333,0.0,0.0,33.33333333333333,0.0,25.0,14.285714285714285,0.0,0.0,100.0,0.0,0.0,0.0,100.0,100.0,0.0,0.0,0.0,100.0,0.0,0.0,0.0,0.0,0.0,0.0,0.0,0.0,0.0,0.0,100.0,0.0],"cluster_post_filtering_doc_counts":[171,8,3,7,7,5,1,3,0,0,1,2,3,2,0,2,3,8,13,20,29,43,39,36,28,18,10,7,4,1,4,2,5,2,2,4,3,6,1,4,0,1,1,1,0,0,1,1,1,0,1,1,1,1,1,1,1,1,1,1,0,1],"tail_threshold":253,"tail_removal_rate":0.0,"tail_post_filtering_doc_counts":2,"global_removal_rate":50.330500472143534}