{"cluster_sizes":[1,2,3,4,5,6,7,8,9,10,11,12,13,14,15,16,17,18,19,20,21,22,23,24,25,26,27,28,29,30,31,32,33,34,35,36,37,38,39,40,41,42,43,44,45,46,47,48,49,50,51,52,53,54,55,56,57,58,59,60,61,62,63,64,65,66,67,68,69,70,71,72,73,74,75,76,77,78,79,80,81,82,83,84,85,86,87,90,92,93,94,95,96,97,98,99,100,101,102,103,104,105,106,107,108,109,110,111,112,113,114,115,116,117,118,120,121,122,124,125,127,128,129,130,132,134,135,136,138,139,140,141,142,143,144,145,146,149,150,151,153,158,159,160,163,164,165,166,167,168,172,175,176,177,178,180,181,184,188,190,191,193,196,197,199,200,201,204,206,208,209,210,212,217,223,226,229,232,234,237,238,239,242],"cluster_removal_rates":[97.94945869879231,95.89162628813213,95.44213973799127,94.53563266154165,93.72995042286381,92.62152777777779,90.473017988008,88.68217054263566,87.77533039647577,84.52535760728217,86.99551569506725,86.46748681898066,84.80725623582767,88.28125,84.9624060150376,84.8249027237354,85.94594594594595,87.00564971751412,93.7062937062937,88.13559322033898,91.17647058823529,88.29787234042553,93.97590361445783,88.37209302325581,93.65079365079364,90.76923076923077,91.48936170212765,93.33333333333333,90.69767441860465,95.55555555555556,91.30434782608695,91.17647058823529,93.93939393939394,93.54838709677419,76.31578947368422,88.88888888888889,80.0,77.77777777777779,81.25,85.18518518518519,91.30434782608695,89.47368421052632,96.875,96.0,92.85714285714286,100.0,100.0,100.0,100.0,100.0,100.0,87.5,78.57142857142857,100.0,100.0,100.0,100.0,90.9090909090909,100.0,100.0,100.0,100.0,100.0,100.0,100.0,100.0,100.0,100.0,85.71428571428571,100.0,100.0,100.0,100.0,100.0,100.0,100.0,100.0,100.0,100.0,100.0,100.0,100.0,100.0,100.0,100.0,100.0,100.0,100.0,100.0,100.0,100.0,100.0,100.0,100.0,100.0,100.0,100.0,100.0,100.0,100.0,100.0,100.0,100.0,100.0,100.0,100.0,100.0,100.0,100.0,100.0,100.0,100.0,100.0,100.0,100.0,100.0,100.0,100.0,100.0,100.0,100.0,100.0,100.0,100.0,100.0,100.0,100.0,100.0,100.0,0.0,100.0,100.0,100.0,100.0,100.0,100.0,100.0,100.0,100.0,100.0,100.0,100.0,100.0,100.0,100.0,100.0,100.0,100.0,100.0,100.0,100.0,100.0,100.0,100.0,100.0,100.0,100.0,100.0,100.0,100.0,100.0,100.0,100.0,100.0,100.0,100.0,100.0,100.0,100.0,100.0,100.0,100.0,100.0,100.0,100.0,100.0,100.0,100.0,100.0,100.0,100.0,100.0,100.0],"cluster_post_filtering_doc_counts":[1377,602,334,263,215,170,143,146,111,119,87,77,67,45,40,39,26,23,9,14,9,11,5,10,4,6,4,3,4,2,2,3,2,2,9,4,4,8,6,4,2,2,1,1,1,0,0,0,0,0,0,1,3,0,0,0,0,1,0,0,0,0,0,0,0,0,0,0,1,0,0,0,0,0,0,0,0,0,0,0,0,0,0,0,0,0,0,0,0,0,0,0,0,0,0,0,0,0,0,0,0,0,0,0,0,0,0,0,0,0,0,0,0,0,0,0,0,0,0,0,0,0,0,0,0,0,0,0,0,1,0,0,0,0,0,0,0,0,0,0,0,0,0,0,0,0,0,0,0,0,0,0,0,0,0,0,0,0,0,0,0,0,0,0,0,0,0,0,0,0,0,0,0,0,0,0,0,0,0,0,0,0,0],"tail_threshold":244,"tail_removal_rate":90.0,"tail_post_filtering_doc_counts":11,"global_removal_rate":96.29993120843842}