{"cluster_sizes":[1,2,3,4,5,6,7,8,9,10,11,12,13,14,15,16,17,18,19,20,21,22,23,24,25,26,27,28,29,30,31,32,33,34,35,36,37,38,39,40,41,42,43,44,45,46,47,48,49,50,51,52,53,54,55,56,57,58,59,60,61,62,63,64,65,66,67,68,69,70,71,72,73,74,75,76,77,78,79,80,81,82,83,84,85,86,87,88,89,90,91,92],"cluster_removal_rates":[82.30213540102797,67.15481957117645,66.970723181123,68.79200413579183,67.21174004192872,65.89089555017688,56.8974358974359,55.565721256480636,56.6680016019223,63.740259740259745,61.52777777777778,64.8444863336475,61.58612143742255,61.965811965811966,57.66062602965404,61.8348623853211,66.1214953271028,71.75398633257403,69.26829268292683,70.68493150684931,69.00584795321637,71.42857142857143,71.60493827160494,61.940298507462686,68.51851851851852,67.01570680628272,66.12021857923497,70.6896551724138,64.38356164383562,65.86826347305389,54.037267080745345,58.5635359116022,57.57575757575758,52.89855072463768,69.16666666666667,66.66666666666666,73.63636363636363,72.28915662650603,74.74747474747475,67.12328767123287,61.72839506172839,74.44444444444444,59.523809523809526,53.57142857142857,47.706422018348626,65.51724137931035,76.19047619047619,83.82352941176471,78.2051282051282,82.35294117647058,82.22222222222221,90.2439024390244,84.375,76.0,75.0,83.33333333333334,65.51724137931035,73.91304347826086,61.904761904761905,63.63636363636363,50.0,48.148148148148145,70.83333333333334,68.18181818181817,60.0,41.66666666666667,61.111111111111114,72.22222222222221,73.33333333333333,92.3076923076923,65.51724137931035,57.89473684210527,61.111111111111114,70.58823529411765,57.89473684210527,60.0,57.89473684210527,63.1578947368421,46.666666666666664,50.0,69.23076923076923,63.63636363636363,85.71428571428571,57.14285714285714,63.1578947368421,81.81818181818183,58.333333333333336,55.55555555555556,71.42857142857143,33.33333333333333,66.66666666666666,50.0],"cluster_post_filtering_doc_counts":[70140,17494,6047,3622,2346,1832,1681,1457,1082,698,554,373,310,267,257,208,145,124,126,107,106,80,69,102,68,63,62,51,52,57,74,75,70,65,37,38,29,23,25,24,31,23,34,39,57,30,20,11,17,12,8,4,5,6,9,5,10,6,8,12,9,14,7,7,6,14,7,5,4,1,10,8,7,5,8,6,8,7,8,5,4,4,1,6,7,2,5,4,2,2,2,4],"tail_threshold":93,"tail_removal_rate":81.33333333333333,"tail_post_filtering_doc_counts":98,"global_removal_rate":78.55350384751777}