{"cluster_sizes":[1,2,3,4,5,6,7,8,9,10,11,12,13,14,15,16,17,18,19,20,21,22,23,24,25,26,27,28,29,30,31,32,33,34,35,36,37,38,39,40,41,42,43,44,45,46,47,48,49,50,51,52,53,54,55,56,57,58,59,60,61,62,63,64,65,66,67,68,69,70,71,72,73,74,75,76,77,78,79,80,81,82,83,84,85,86,87,88,89,90,91,92,93,94,95,96,97,98,99,100,101,102,103,104,105,106,107,108,109,110,111,112,113,114,115,116,117,118,119,120,123,125,127,128,129,132,133,134,135,137,139,140,141,142,146,147,150,151,153,154,155,158,159,160,161,162,163,164,165,168,170,173,174,175,177,179,181,186,188,189,192,193,195,198,204,205,215,216,222,223,227,228,232,233,237],"cluster_removal_rates":[97.83575293298334,95.7441887359778,94.78914202617548,91.59538862030494,92.58010118043845,90.79048349961627,89.9425287356322,88.82978723404256,88.15384615384615,89.13412563667232,89.54372623574145,93.90243902439023,91.0493827160494,87.32394366197182,92.85714285714286,93.42723004694837,92.34972677595628,93.28358208955224,94.61538461538461,94.0677966101695,95.45454545454545,93.10344827586206,88.70967741935483,95.8904109589041,93.75,96.42857142857143,95.83333333333334,88.63636363636364,88.88888888888889,96.0,97.5609756097561,97.14285714285714,87.5,96.7741935483871,93.93939393939394,95.83333333333334,100.0,100.0,100.0,96.29629629629629,100.0,100.0,92.5925925925926,100.0,100.0,100.0,90.9090909090909,93.75,100.0,100.0,94.44444444444444,100.0,100.0,100.0,100.0,100.0,100.0,92.3076923076923,100.0,100.0,100.0,100.0,100.0,100.0,100.0,100.0,100.0,100.0,100.0,100.0,100.0,100.0,100.0,100.0,100.0,100.0,100.0,100.0,100.0,75.0,100.0,100.0,100.0,100.0,83.33333333333334,100.0,100.0,100.0,100.0,100.0,100.0,100.0,100.0,100.0,100.0,100.0,100.0,100.0,100.0,100.0,100.0,100.0,100.0,100.0,100.0,100.0,100.0,100.0,100.0,100.0,100.0,100.0,100.0,100.0,100.0,100.0,100.0,100.0,100.0,100.0,100.0,100.0,100.0,100.0,100.0,100.0,100.0,100.0,100.0,100.0,100.0,100.0,100.0,100.0,100.0,100.0,100.0,100.0,100.0,100.0,100.0,100.0,100.0,100.0,100.0,100.0,100.0,100.0,100.0,100.0,100.0,100.0,100.0,100.0,100.0,100.0,100.0,100.0,100.0,100.0,50.0,100.0,100.0,100.0,100.0,100.0,100.0,100.0,100.0,100.0,100.0,100.0,100.0,100.0,100.0],"cluster_post_filtering_doc_counts":[808,368,215,226,132,120,105,84,77,64,55,25,29,36,18,14,14,9,7,7,4,6,7,3,4,2,2,5,4,1,1,1,4,1,2,1,0,0,0,1,0,0,2,0,0,0,1,1,0,0,1,0,0,0,0,0,0,1,0,0,0,0,0,0,0,0,0,0,0,0,0,0,0,0,0,0,0,0,0,1,0,0,0,0,1,0,0,0,0,0,0,0,0,0,0,0,0,0,0,0,0,0,0,0,0,0,0,0,0,0,0,0,0,0,0,0,0,0,0,0,0,0,0,0,0,0,0,0,0,0,0,0,0,0,0,0,0,0,0,0,0,0,0,0,0,0,0,0,0,0,0,0,0,0,0,0,0,0,0,0,1,0,0,0,0,0,0,0,0,0,0,0,0,0,0],"tail_threshold":245,"tail_removal_rate":88.88888888888889,"tail_post_filtering_doc_counts":7,"global_removal_rate":96.06529264187495}