{"cluster_sizes":[1,2,3,4,5,6,7,8,9,10,11,12,13,14,15,16,17,18,19,20,21,22,23,24,25,26,27,28,29,30,31,32,33,34,35,36,37,38,39,40,41,42,43,44,45,46,47,48,49,50,51,52,53,54,55,56,57,58,59,60,61,62,63,64,65,66],"cluster_removal_rates":[97.30410663505684,82.18618214932299,85.15671367605913,86.30560759879744,84.68189806678383,81.78351676921743,79.80756013745705,81.49577361264241,79.61393596986818,83.78298250815298,88.52523659305994,89.71028971028971,88.92988929889299,90.48059149722735,88.94009216589862,90.01280409731113,90.88235294117646,93.62745098039215,93.62934362934364,93.18936877076412,91.36960600375235,94.07744874715262,91.3157894736842,92.91139240506328,88.9967637540453,92.4914675767918,94.6843853820598,88.62745098039215,92.5925925925926,93.46153846153847,92.4901185770751,92.7927927927928,86.53061224489797,86.59003831417624,84.51327433628319,81.01851851851852,83.79629629629629,81.0,80.97826086956522,80.85106382978722,83.91608391608392,86.25954198473282,86.5546218487395,91.86046511627907,89.69072164948454,88.88888888888889,84.50704225352112,87.5,88.88888888888889,88.05970149253731,83.33333333333334,88.0,85.41666666666666,92.72727272727272,91.66666666666666,88.70967741935483,79.62962962962963,94.0,85.96491228070175,92.6829268292683,88.88888888888889,92.10526315789474,86.95652173913044,100.0,92.0,90.74074074074075],"cluster_post_filtering_doc_counts":[49307,16432,5252,3143,2179,2102,1469,1007,866,547,291,206,150,103,96,78,62,39,33,41,46,26,33,28,34,22,16,29,18,17,19,16,33,35,35,41,35,38,35,27,23,18,16,7,10,9,11,10,8,8,9,9,7,4,4,7,11,3,8,3,5,3,6,0,4,5],"tail_threshold":67,"tail_removal_rate":90.97925711529184,"tail_post_filtering_doc_counts":187,"global_removal_rate":95.87600196862613}