{"cluster_sizes":[1,2,3,4,5,6,7,8,9,12,31,32,33,34,35,37,38,39,42],"cluster_removal_rates":[94.54545454545455,39.130434782608695,17.91907514450867,20.930232558139537,10.204081632653061,0.0,0.0,0.0,0.0,100.0,100.0,100.0,100.0,100.0,100.0,100.0,100.0,100.0,100.0],"cluster_post_filtering_doc_counts":[3,14,142,34,44,3,3,5,2,0,0,0,0,0,0,0,0,0,0],"tail_threshold":43,"tail_removal_rate":0.0,"tail_post_filtering_doc_counts":1,"global_removal_rate":33.773087071240106}