{"cluster_sizes":[1,2,3,4,5,6,7,8,9,10,11,12,13,14,15,16,17,18,19,20,21,22,23,24,25,26,27,29,32,35,36,40,48,71,77,134],"cluster_removal_rates":[90.67909454061251,55.32994923857868,61.98347107438017,67.21311475409836,60.526315789473685,52.63157894736842,51.42857142857142,50.0,64.70588235294117,78.94736842105263,30.76923076923077,50.0,100.0,60.0,50.0,40.0,100.0,66.66666666666666,0.0,0.0,60.0,0.0,20.0,0.0,0.0,100.0,0.0,0.0,0.0,0.0,100.0,0.0,100.0,0.0,100.0,0.0],"cluster_post_filtering_doc_counts":[70,88,46,20,15,81,17,9,6,4,9,9,0,2,1,3,0,1,1,2,2,1,4,2,2,0,1,4,2,1,0,1,0,1,0,1],"tail_threshold":548,"tail_removal_rate":100.0,"tail_post_filtering_doc_counts":0,"global_removal_rate":73.20132013201321}