{"cluster_sizes":[1,2,3,4,5,6,7,8,9,10,11,12,13,14,15,16,17,18,19,20,21,22,23,24,25,26,27,28,29,30,31,32,33,34,35,36,37,38,39,40,41,42,43,44,45,46,47,48,49,50,51,52,53,54,55,56,57,58,59,60,61,62,63,64,65,66,67,68,69,70,71,73,74,75,76,77,78,79,80,81,82,84,85,86,87,88,90,91,92,93,95,96,98,99,100,101,102,103,104,105,106,108,109,113],"cluster_removal_rates":[99.53754552286259,99.72306840210467,99.58530805687204,99.6068796068796,99.02786779001944,98.39167455061495,99.06417112299465,99.32885906040269,98.80239520958084,98.96103896103897,99.0,99.71751412429379,99.67532467532467,99.65753424657534,99.5,99.23076923076923,100.0,100.0,100.0,98.86363636363636,100.0,100.0,96.92307692307692,98.46153846153847,97.91666666666666,100.0,100.0,100.0,100.0,100.0,100.0,94.44444444444444,95.65217391304348,97.67441860465115,96.07843137254902,97.91666666666666,100.0,97.95918367346938,100.0,100.0,100.0,100.0,89.47368421052632,100.0,92.85714285714286,100.0,100.0,100.0,100.0,100.0,100.0,100.0,100.0,100.0,80.0,100.0,85.71428571428571,100.0,66.66666666666666,100.0,85.71428571428571,100.0,100.0,100.0,100.0,100.0,100.0,100.0,100.0,100.0,100.0,100.0,100.0,100.0,100.0,100.0,100.0,100.0,100.0,100.0,100.0,100.0,100.0,100.0,100.0,100.0,100.0,100.0,100.0,100.0,100.0,100.0,100.0,100.0,100.0,100.0,100.0,100.0,100.0,100.0,100.0,100.0,100.0,100.0],"cluster_post_filtering_doc_counts":[320,20,14,8,15,17,7,4,6,4,3,1,1,1,1,1,0,0,0,1,0,0,2,1,1,0,0,0,0,0,0,2,2,1,2,1,0,1,0,0,0,0,2,0,1,0,0,0,0,0,0,0,0,0,1,0,1,0,1,0,1,0,0,0,0,0,0,0,0,0,0,0,0,0,0,0,0,0,0,0,0,0,0,0,0,0,0,0,0,0,0,0,0,0,0,0,0,0,0,0,0,0,0,0],"tail_threshold":114,"tail_removal_rate":100.0,"tail_post_filtering_doc_counts":0,"global_removal_rate":99.50632109143068}