{"cluster_sizes":[1,2,3,4,5,6,7,8,9,10,11,12,13,15,16,23],"cluster_removal_rates":[96.37990644702053,68.79432624113475,69.56521739130434,100.0,95.83333333333334,95.0,95.23809523809523,100.0,100.0,100.0,100.0,100.0,100.0,100.0,100.0,100.0],"cluster_post_filtering_doc_counts":[178,44,7,0,1,1,1,0,0,0,0,0,0,0,0,0],"tail_threshold":28,"tail_removal_rate":83.33333333333334,"tail_post_filtering_doc_counts":1,"global_removal_rate":95.51578137028484}