{"cluster_sizes":[1,2,3,4,5,6,7,8,9,10,11,12,22,32,36,38,39,41,43],"cluster_removal_rates":[94.5945945945946,17.449664429530202,32.8719723183391,32.5,32.5,9.090909090909092,5.88235294117647,40.0,44.44444444444444,16.666666666666664,40.0,100.0,100.0,100.0,100.0,100.0,100.0,100.0,100.0],"cluster_post_filtering_doc_counts":[4,123,194,27,27,10,16,3,5,5,3,0,0,0,0,0,0,0,0],"tail_threshold":45,"tail_removal_rate":100.0,"tail_post_filtering_doc_counts":0,"global_removal_rate":37.10407239819005}