{"cluster_sizes":[1,2,3,4,5,6,7,8,9,10],"cluster_removal_rates":[74.97474747474747,23.809523809523807,14.583333333333334,24.096385542168676,27.77777777777778,40.0,50.0,25.0,100.0,25.0],"cluster_post_filtering_doc_counts":[991,32,82,63,26,3,1,3,0,3],"tail_threshold":11,"tail_removal_rate":57.14285714285714,"tail_post_filtering_doc_counts":3,"global_removal_rate":71.53301886792453}