{"cluster_sizes":[1,2,3,4,5,6,7,8,9,10,11,12,13,14,15,16,17,18,19,20,21,22,23,24,25,26,27,28,29,30,31,32,33,34,35,36,37,38,39,40,41,42,43,44,45,46,47,48,49,50,51,52,53,54,55,56,57,58,59,60,61,62,63,64,65,66,67,68,69,70,71,72,73,74,75,76,77,78,79,80,81,82,83,84,85,86,87,88,89,90,91,92,93,94,95,96,97,98,99,100,101,102,103,104,105,106,107,108,109,110,111,112,113,114,115,116,117,118,119,120,121,122,123,124,125,126,127,128,129,130,131,132,133,134,135,136,137,138,139,140,141,142,143,144,145,146,147,148,149,150,151,152,153,154,155],"cluster_removal_rates":[80.91657707257713,59.877264454216984,51.79409067218301,49.87097197141716,48.54454675026014,50.17447903776667,48.16259709498764,47.07178977395514,47.62056665603341,48.857675924948076,49.56469269890527,52.45377311344328,49.76656724160291,51.268062518431144,52.836879432624116,55.22029651284193,58.363680504976934,62.96002118083135,64.72005669737774,67.18526750277822,68.1657223796034,64.94142705005325,64.25712267482929,63.909574468085104,63.507255325717814,65.29351184346035,66.67893961708394,70.14809041309431,72.07281754240795,73.91484084332369,72.11538461538461,70.3125,65.85365853658537,64.4056183624529,62.15786123488224,61.11443978430198,62.64715240216354,59.81104651162791,60.89285714285714,62.879205736348595,63.42710997442455,64.81481481481481,61.46076146076146,64.34859154929578,62.20302375809935,65.37982565379825,68.80597014925374,67.56756756756756,70.82494969818913,73.5812133072407,72.6161369193154,75.93457943925233,77.45098039215686,71.73913043478261,73.06666666666666,75.12562814070351,77.7262180974478,81.79551122194513,79.71360381861575,78.74015748031496,80.6282722513089,78.36990595611285,80.50314465408806,80.51575931232091,80.0,77.77777777777779,75.1937984496124,74.4186046511628,77.92207792207793,73.00884955752213,71.13821138211382,81.17647058823529,75.33783783783784,83.65019011406845,76.51245551601423,77.61194029850746,67.05426356589147,66.66666666666666,71.34831460674157,67.87564766839378,64.375,68.25396825396825,60.10928961748634,66.86046511627907,74.83443708609272,77.37226277372264,78.67647058823529,78.68852459016394,71.96969696969697,71.30434782608695,80.0,75.96153846153845,72.82608695652173,74.72527472527473,70.66666666666667,75.5813953488372,68.75,71.25,72.15189873417721,79.41176470588235,81.35593220338984,80.32786885245902,73.23943661971832,83.33333333333334,72.85714285714285,85.39325842696628,79.06976744186046,86.04651162790698,81.25,86.66666666666667,81.60919540229885,83.15789473684211,79.16666666666666,84.0,84.0,83.63636363636363,77.58620689655173,72.88135593220339,67.27272727272727,80.76923076923077,80.95238095238095,82.8125,72.91666666666666,82.22222222222221,85.41666666666666,62.7906976744186,91.42857142857143,76.31578947368422,84.61538461538461,77.77777777777779,78.94736842105263,91.66666666666666,93.33333333333333,77.5,86.11111111111111,80.55555555555556,87.5,94.87179487179486,83.72093023255815,80.0,87.5,85.0,92.5925925925926,92.06349206349206,94.11764705882352,93.65079365079364,95.23809523809523,93.22033898305084,94.28571428571428,94.54545454545455,95.23809523809523,90.9090909090909,92.6829268292683,87.17948717948718,91.17647058823529],"cluster_post_filtering_doc_counts":[403810,193331,119313,84113,58846,40265,29764,24492,18062,14528,11702,9514,7747,6610,5187,4289,3430,2798,2489,2067,1798,1646,1518,1357,1182,1011,905,766,675,631,667,703,882,1039,1189,1298,1174,1106,876,673,572,513,496,405,350,278,209,180,145,135,112,103,92,117,101,99,96,73,85,81,74,69,62,68,60,52,64,66,51,61,71,48,73,43,66,60,85,67,51,62,57,60,73,57,38,31,29,26,37,33,19,25,25,23,22,21,25,23,22,14,11,12,19,14,19,13,18,12,18,12,16,16,15,12,12,9,13,16,18,10,8,11,13,8,7,16,3,9,6,8,8,3,2,9,5,7,4,2,7,7,4,6,4,5,4,4,3,4,4,3,2,4,3,5,3],"tail_threshold":156,"tail_removal_rate":91.93324061196105,"tail_post_filtering_doc_counts":290,"global_removal_rate":70.15047408861237}