{"cluster_sizes":[1,2,3,4,5,6,7,8,9,10,11,12,13,14,15,16,17,18,19,20,21,22,23,24,25,26,27,28,29,30,31,32,33,34,35,36,37,38,39,40,41,42,43,44,45,46,47,48,49,50,51,52,53,54,55,56,57,58,59,60,61,62,63,64,65,66,67,68,69,70,71,72,73,74,75,76,77,78,79,80,81,82,83,84,85,86,87,88,89,90,91,92,93,94,95,96,97,98,99,100,101,102,103,104,105,106,107,108,109,110,111,112,113,114,115,116,117,118,119,120,121,122,123,124,125,126,127,128,129,130,131,132,133,134,135,136,137,138,139,140,141,142,143,144,145,146,147,148,149,150,151,152,153,154,155,156,157,158,159,160,161,162,163,164,165,166,167,168,169,170,171,172,173,174,175,176,177,178,179,180,181,182,183,184,185,186],"cluster_removal_rates":[69.0563469053219,57.209639074295715,53.02245552483096,50.85998711449702,49.29233907400975,49.10568957610367,47.26975692320148,46.55048037541648,45.14882662694829,44.985715789346685,44.251769183325685,44.900134493682245,43.17476149525468,43.36579043941131,42.997312328309675,42.55441654029609,41.87644865933332,42.670706435080994,41.8992128091632,42.72976050653136,42.413530069428525,42.64059368162965,42.43687994468527,43.50367730821219,42.84042336136125,43.04950429749087,43.35956968619817,43.73576138627997,43.531799248311955,44.71651743710082,44.189262791417924,45.26537232063818,45.61839633999518,46.12764649330459,46.41338653010183,46.67693666429667,45.73573944750016,45.280101822085825,44.80277311961044,44.83789138174295,44.176527890895734,44.59139477376626,44.21329069710973,44.62391568975922,44.73893267155501,44.3998749463488,44.4976566476897,45.527897206142384,44.92515193952331,45.294304505714265,45.191148764875905,45.69643242167416,45.219954890155755,45.984924183470014,46.07189760275986,46.76589740088306,46.55678956544199,46.52638896011031,46.30767007478594,47.652088331180416,46.81196536065054,46.98822604341258,47.6912054451012,47.701373186181286,47.5976046774802,48.15245478036176,47.76902435668088,48.31746312945657,48.445135699757955,48.91587655346957,48.812365602004384,49.49882725577852,48.73893382587096,48.70407607789986,48.96592700930094,48.779988191490645,48.59096193701663,49.10166406656266,49.35980573415381,49.907536808820005,49.30747100868998,49.608031907578045,49.88711523785297,50.66782530333752,50.40395879620279,50.28217795671514,50.38430237815354,51.15399660972747,50.42361354008783,51.112171268411956,50.91030845854434,51.01276449189574,51.116463332282905,51.183506669421675,51.40373378936868,51.610205934349466,51.137304075235114,52.415823838176934,51.29248823809272,52.46135861800234,51.56946968445399,52.17995631577455,52.01615263065489,51.793208131194376,52.087938709384375,52.334439702860756,52.92373154535491,52.45672263438761,52.037639007698886,52.71656271656272,53.131866152793286,53.41202106410024,52.8184591914569,53.30411987949451,53.478451540884265,52.97126156843643,53.7688653466179,53.52160890029953,53.33945676420417,54.924423922986456,53.49396496959796,53.61263476451674,54.118797360058664,54.139438903355774,54.07708114068059,54.909220002028604,54.060567955569525,54.419992540096985,54.298716964579455,54.87125181139226,54.58766177238697,55.32845874834476,55.10072238209902,54.63132236441195,55.179638873482475,55.175866816873196,55.31780597109134,56.66343981929655,55.030773347605034,55.981021117348305,54.64178288214383,54.3745282371509,53.71969330662431,52.529623219278385,51.587301587301596,50.42987641053197,49.46402251105454,48.69302508866413,48.318042813455655,50.5846717385179,51.889590145236106,54.66559871846215,55.82441840719986,56.77636693443897,55.70151921358356,56.54603512506653,56.306389246915856,56.39347284963584,55.72519083969466,57.134620928221395,57.061369000786776,56.47840531561462,57.33520900321544,56.70356703567035,57.36056396433755,57.61295101047508,57.70065075921909,57.369153376859686,57.840531561461795,58.27563100290373,59.058877017503974,58.320959451741864,59.25402988586893,58.195633819804605,59.468558374413846,59.75772259236825,57.786885245901644,57.73589554077358,57.9590786256595,60.103308326159144,57.95574288724974,58.01993355481727,57.771341883878094,57.98856831790964,59.70559911954877,57.78977980889074],"cluster_post_filtering_doc_counts":[152131472,69734939,40883274,31374397,25201064,18945034,14250499,11777855,9353990,7934280,6675151,5758104,4725276,4134410,3629063,3162743,2746121,2445244,2136144,1921176,1705402,1531873,1374487,1254737,1114997,1001655,903480,823646,746561,687449,627114,592955,564617,550277,539928,526481,491708,450562,407164,377284,349561,327369,298672,267034,235815,209856,189717,177755,162028,151549,140514,130965,123380,117304,110050,105255,99321,93851,89169,85102,80582,76857,73010,69849,66681,64208,60730,58347,56019,54094,51893,50383,48291,46173,44664,42508,40681,39151,36703,35485,34184,32976,31519,30656,29466,28279,27435,26222,25513,24594,23458,22758,21717,21263,20460,20255,19484,18584,18428,18300,17589,16858,16398,16197,15822,15079,14604,14611,14017,13646,13012,12828,12371,11935,11669,11586,10997,10862,10668,10348,10249,9810,9385,9334,9163,8891,8768,8554,8335,8097,7825,7759,7645,7445,7273,7162,7079,6715,6722,6587,6635,6649,6700,7131,7198,7380,7543,7812,7605,7015,6327,5660,5203,5004,4957,4899,4746,4730,4756,4461,4366,4454,4246,4224,4113,4006,3900,3983,3807,3736,3602,3649,3463,3466,3371,3322,3399,3431,3267,3244,3192,3159,3062,3087,2929,3048],"tail_threshold":187,"tail_removal_rate":64.15382841860144,"tail_post_filtering_doc_counts":388689,"global_removal_rate":59.13254143470322}