{"cluster_sizes":[1,2,3,4,5,6,7,8,9],"cluster_removal_rates":[87.47586872586872,44.221105527638194,38.59649122807017,32.758620689655174,13.513513513513514,46.666666666666664,0.0,100.0,100.0],"cluster_post_filtering_doc_counts":[519,111,35,39,32,8,1,0,0],"tail_threshold":10,"tail_removal_rate":100.0,"tail_post_filtering_doc_counts":0,"global_removal_rate":83.51769911504425}