{"cluster_sizes":[1,2,3,4,5,6,7,9,15,19,21,23,24,25,28,38,40,58,190],"cluster_removal_rates":[92.96875,92.22222222222223,42.5531914893617,87.5,80.0,100.0,100.0,100.0,100.0,100.0,100.0,0.0,100.0,100.0,100.0,100.0,100.0,100.0,100.0],"cluster_post_filtering_doc_counts":[9,7,27,1,1,0,0,0,0,0,0,1,0,0,0,0,0,0,0],"tail_threshold":537,"tail_removal_rate":100.0,"tail_post_filtering_doc_counts":0,"global_removal_rate":84.61538461538461}