{"cluster_sizes":[1,2,3,4,5,6,8,9,13,16,17,18,19,20,21,22,23,24,25,26,27,28,29,30,31,32,33,34,35,36,37,38,39,40,41,43,44,47],"cluster_removal_rates":[75.25773195876289,44.680851063829785,64.28571428571429,33.33333333333333,37.5,100.0,100.0,0.0,100.0,50.0,0.0,50.0,42.857142857142854,36.11111111111111,54.54545454545454,45.45454545454545,44.0,54.63917525773196,61.53846153846154,58.82352941176471,63.63636363636363,65.11627906976744,57.14285714285714,50.0,12.5,33.33333333333333,33.33333333333333,0.0,0.0,0.0,0.0,0.0,0.0,0.0,0.0,0.0,0.0,100.0],"cluster_post_filtering_doc_counts":[72,26,5,14,5,0,0,1,0,1,1,7,12,23,20,30,42,44,35,21,20,15,6,4,7,2,2,3,2,2,1,3,2,1,4,1,1,0],"tail_threshold":55,"tail_removal_rate":50.0,"tail_post_filtering_doc_counts":1,"global_removal_rate":57.66990291262136}