{"cluster_sizes":[1,2,3,4,5,6,7,8,9,10,11,12,13,14,15,16,17,18,19,20,21,22,23,24,25,26,27,28,29,30,31,32,33,34,35,36,37,38,39,40,41,42,45,51],"cluster_removal_rates":[93.28968903436989,96.8609865470852,52.57731958762887,60.86956521739131,76.47058823529412,89.47368421052632,100.0,93.75,90.0,88.23529411764706,86.36363636363636,94.11764705882352,100.0,86.66666666666667,81.81818181818183,88.23529411764706,93.10344827586206,83.33333333333334,87.27272727272727,80.68181818181817,84.84848484848484,84.48275862068965,82.12765957446808,85.11627906976744,89.62264150943396,87.97814207650273,90.0,91.04477611940298,91.66666666666666,78.57142857142857,100.0,60.0,60.0,50.0,75.0,40.0,0.0,100.0,100.0,0.0,100.0,0.0,100.0,100.0],"cluster_post_filtering_doc_counts":[164,7,46,9,4,2,0,1,2,2,3,1,0,2,4,4,2,8,7,17,20,27,42,32,22,22,13,6,4,3,0,2,2,2,1,3,3,0,0,1,0,1,0,0],"tail_threshold":59,"tail_removal_rate":100.0,"tail_post_filtering_doc_counts":0,"global_removal_rate":89.51974386339381}