{"cluster_sizes":[1,2,3,4,5,6,7,8,9,10,11,12,13,14,15,16,17,18,19,20,21,22,23,24,25,26,27,28,29,30,31,32,33,34,35,36,37,38,39,40,41,42,43,44,45,46,47,48,49,50,51,52,53,54,55],"cluster_removal_rates":[99.96609735058169,99.57174693701496,99.38421481975229,99.2464817912555,99.03826936936392,98.81312980486182,98.69246650204428,98.60939005920419,98.65506653019447,98.14829162469978,98.12137640237934,98.42619968160109,98.50411368735976,98.29059829059828,98.01526717557252,98.27516643130926,97.88816894648427,97.91456016177958,97.57977493448435,97.68805495057798,97.4274661508704,97.75739041794088,98.16492450638792,97.76230730979613,97.80748663101603,97.76292852992447,97.66643788606726,97.90823211875843,98.11827956989248,98.35144248782316,98.06996381182147,97.73848684210526,98.13587406793704,97.9381443298969,97.67726161369194,98.20554649265905,98.4304932735426,98.33256137100508,97.43315508021391,98.5424588086185,97.56295694557271,97.89915966386555,97.74647887323944,97.87234042553192,98.79663056558363,97.4390243902439,98.66844207723035,97.26775956284153,97.54601226993866,98.55072463768117,98.0456026058632,96.63093415007657,97.02479338842976,97.64065335753176,98.1549815498155],"cluster_post_filtering_doc_counts":[7333,3753,2559,1964,1588,1391,969,808,657,717,499,346,240,232,221,171,176,165,157,138,133,110,79,90,82,77,68,62,49,44,48,55,45,50,57,44,35,36,48,23,30,25,24,20,10,21,10,20,16,10,12,22,18,13,10],"tail_threshold":56,"tail_removal_rate":97.9491454772822,"tail_post_filtering_doc_counts":492,"global_removal_rate":99.89094521080196}