{"cluster_sizes":[1,2,3,5,10,20,21,22,23,24,25,27],"cluster_removal_rates":[84.21052631578947,66.66666666666666,100.0,50.0,0.0,50.0,100.0,100.0,100.0,66.66666666666666,100.0,100.0],"cluster_post_filtering_doc_counts":[6,1,0,1,1,1,0,0,0,1,0,0],"tail_threshold":30,"tail_removal_rate":100.0,"tail_post_filtering_doc_counts":0,"global_removal_rate":81.35593220338984}