{"cluster_sizes":[1,2,3,4,5,6,7,8,9,10,11,12,14,15,16,17,18,19,20,21,22,23,24,25,26,27,28,29,30,31,32,33,34,35,36,37,38,39,40,41,42,43,45],"cluster_removal_rates":[59.72006220839814,44.285714285714285,33.933933933933936,35.35353535353536,41.17647058823529,20.0,66.66666666666666,50.0,100.0,100.0,100.0,100.0,50.0,50.0,0.0,40.0,42.30769230769231,50.0,42.5531914893617,34.72222222222222,39.0625,42.138364779874216,34.57446808510639,38.55421686746988,43.28358208955223,44.21052631578947,51.35135135135135,40.74074074074074,41.17647058823529,60.0,100.0,0.0,0.0,0.0,0.0,0.0,0.0,0.0,0.0,0.0,0.0,100.0,0.0],"cluster_post_filtering_doc_counts":[518,390,220,64,10,4,1,1,0,0,0,0,2,1,1,3,15,20,27,47,78,92,123,102,76,53,36,16,10,2,0,2,5,2,2,1,2,2,1,1,1,0,1],"tail_threshold":47,"tail_removal_rate":20.0,"tail_post_filtering_doc_counts":4,"global_removal_rate":47.190398254228036}