{"cluster_sizes":[1,2,3,4,5,6,7,8,9,10,11,12,13,14,15,16,17,18,19,20,21,22,23,24,25,26,27,28,29,30,31,32,33,34,35,36,37,38,39,40,41,42,43,44,45,46,47,48,49,50,51,52,53,54,55,56,57,58,59,60,61,62,63,64,65,66,67,68,69,70,71,72,73,74,75,76,77,78,79,80,81,82,83,84,85,86,87,88,89,90,91,92,93,94,96,97,99,100,101,102,103,104,105,107,108,109,110,111,112,113,114,115,118,123,125,126,127,130,132,133,134,135,137,139,140,141,142,144,145,149,151,153,162,169,172,178,182,189,200,201,203,204],"cluster_removal_rates":[95.48718885034387,84.34828127726401,81.5997130559541,84.5407872219053,95.0199203187251,97.10564399421129,98.2102908277405,96.32768361581921,97.61904761904762,98.64253393665159,98.23529411764706,95.51282051282051,98.47328244274809,97.36842105263158,100.0,97.1830985915493,93.82716049382715,92.07920792079209,93.33333333333333,91.25,75.0,77.47747747747748,78.2258064516129,73.14814814814815,62.5,63.52941176470588,74.32432432432432,80.0,82.6086956521739,93.65079365079364,94.36619718309859,94.11764705882352,95.52238805970148,92.72727272727272,90.9090909090909,100.0,84.84848484848484,80.0,100.0,82.35294117647058,65.21739130434783,90.9090909090909,89.65517241379311,77.77777777777779,84.21052631578947,80.0,83.33333333333334,92.3076923076923,100.0,100.0,100.0,100.0,85.71428571428571,88.88888888888889,75.0,100.0,80.0,100.0,100.0,100.0,50.0,85.71428571428571,100.0,75.0,85.71428571428571,100.0,91.66666666666666,100.0,100.0,100.0,100.0,100.0,100.0,100.0,50.0,100.0,100.0,100.0,100.0,75.0,100.0,100.0,100.0,75.0,66.66666666666666,100.0,100.0,100.0,100.0,100.0,100.0,100.0,100.0,100.0,66.66666666666666,0.0,100.0,50.0,66.66666666666666,100.0,50.0,100.0,100.0,100.0,100.0,100.0,100.0,100.0,100.0,100.0,0.0,100.0,100.0,100.0,100.0,100.0,100.0,100.0,100.0,100.0,100.0,100.0,100.0,100.0,100.0,100.0,100.0,100.0,100.0,100.0,100.0,100.0,100.0,100.0,100.0,100.0,100.0,100.0,100.0,100.0,100.0,100.0],"cluster_post_filtering_doc_counts":[1483,897,513,271,50,20,8,13,7,3,3,7,2,3,0,2,5,8,6,7,23,25,27,29,30,31,19,12,12,4,4,4,3,4,4,0,5,4,0,3,8,1,3,2,3,2,1,1,0,0,0,0,1,2,2,0,1,0,0,0,1,1,0,1,1,0,1,0,0,0,0,0,0,0,1,0,0,0,0,1,0,0,0,1,1,0,0,0,0,0,0,0,0,0,1,1,0,1,1,0,1,0,0,0,0,0,0,0,0,0,1,0,0,0,0,0,0,0,0,0,0,0,0,0,0,0,0,0,0,0,0,0,0,0,0,0,0,0,0,0,0,0],"tail_threshold":207,"tail_removal_rate":96.0,"tail_post_filtering_doc_counts":2,"global_removal_rate":92.66416357180753}