{"cluster_sizes":[1,2,3,4,5,6,7,8,9,10,11,12,13,14,15,16,17,18,19,20,21,22,23,24,25,26,27,28,29,30,31,32,33,34,35,36,37,38,39,40,41,42,43,44,45,46,47,48,49,50,51,52,53,54,55,56,57,58,59,60,61,62,63,64,65,66,67,68,69,70,71,72,73,74,75,76,77,78,79,80,81,82,83,84,85,86,87,88,89,90,91,92,93,94,95,96,97,98,99,100,101,102,103,104,105,106,107,108,109,110,111,112,113,114,115,116,117,118,119,120,121,122,123,124,125,126,127,128,129,130,131,132,133,134,135,136,137,138,139,140,141,142,143,144,145,146,147,148,149,150,151,152,153,154,155,156],"cluster_removal_rates":[65.8926845874462,57.540600949166986,56.0707475119304,54.9088498187643,52.5793495407404,51.86004238343786,51.94921265996288,49.37257363367971,50.38338406792585,50.04185347029113,49.00793822929771,49.35552834222379,48.387455516014235,49.3399994334759,49.47090824653353,50.53067564069376,50.69459185358145,52.12504297691149,50.90999440959065,51.81859158836378,52.53109403469857,53.412779581128554,54.586525240620695,55.1041219407471,55.21019411694653,55.959742139192215,56.47340889276373,56.535126813062156,58.41240875912409,56.70824459993915,56.771290605794555,58.32463162779905,58.200343726982574,57.43674929721442,56.95266272189349,57.54585881045025,58.94386298763082,60.00349467062729,62.9905523255814,64.15686274509804,65.32190635451505,65.97711267605634,66.11418047882137,66.11904761904762,66.59903626680193,66.58589122240173,66.7408850542722,66.61703394877904,65.56482670089859,66.12903225806451,66.82692307692307,65.24257784214338,64.99411995295962,62.18181818181818,65.31058617672791,65.60779330792037,64.03107861060329,64.26198386331276,64.44987775061125,62.324127149557064,63.05048335123523,66.59376708583926,64.08209806157355,63.317479191438764,64.72772277227723,61.072555205047315,62.42257398485891,60.816326530612244,60.96866096866097,58.57038657913931,60.079365079365076,57.06393054459353,60.1027397260274,58.91608391608392,58.49557522123894,61.53846153846154,60.76076076076076,61.563876651982376,58.97727272727272,61.8531889290012,61.224489795918366,61.608300907911804,60.554089709762536,63.98852223816356,63.87665198237885,61.88197767145136,61.658841940532085,60.77441077441077,62.07455429497569,61.923847695390776,61.5234375,61.67664670658682,61.29707112970711,62.8755364806867,64.46469248291572,57.59803921568627,59.83606557377049,63.104325699745544,65.56473829201101,64.72303206997084,67.66467065868264,64.78405315614619,64.89028213166145,69.31407942238266,67.16981132075472,66.79245283018868,63.286713286713294,70.16129032258065,63.6734693877551,64.85355648535564,71.36150234741784,65.21739130434783,66.98564593301435,66.15384615384615,60.10362694300518,67.42857142857143,69.15422885572139,65.21739130434783,65.24064171122996,70.96774193548387,71.34502923976608,70.9090909090909,65.81632653061224,67.6056338028169,63.08724832214765,69.76744186046511,65.33333333333333,67.14285714285714,66.43356643356644,62.676056338028175,71.09375,66.9172932330827,68.57142857142857,70.28985507246377,70.6896551724138,67.5,68.8,68.50393700787401,67.9245283018868,76.10619469026548,69.72477064220183,71.81818181818181,76.57657657657657,66.93548387096774,67.3913043478261,79.38144329896907,71.69811320754717,71.42857142857143,78.15126050420169,69.6078431372549,68.80733944954129,68.26923076923077,68.75,56.94444444444444,70.73170731707317,70.75471698113208],"cluster_post_filtering_doc_counts":[1607047,685583,370422,279525,211930,156516,119892,108892,81986,70425,58776,48800,41769,35769,30465,24843,20905,18102,15806,13896,11984,10477,9248,8365,7522,6695,5991,5364,4558,4269,3939,3592,3405,3331,3201,3055,2589,2289,2037,1828,1659,1546,1472,1423,1317,1241,1195,1121,1073,1029,966,960,893,936,793,812,787,753,727,723,688,611,630,617,570,617,546,576,548,568,503,544,466,470,469,405,392,349,361,317,304,296,299,251,246,239,245,233,234,190,197,192,185,173,156,173,147,145,125,121,108,106,112,85,87,88,105,74,89,84,61,72,69,66,77,57,62,56,65,45,49,48,67,46,55,52,52,46,48,53,37,44,33,41,34,39,39,40,34,27,33,31,26,41,30,20,30,28,26,31,34,33,30,31,24,31],"tail_threshold":157,"tail_removal_rate":77.91226880991576,"tail_post_filtering_doc_counts":2281,"global_removal_rate":59.75885540758421}