{"cluster_sizes":[1,2,3,4,5,6,7,8,9,10,11,12,13,14,15,16,17,18,19,20,21,22,23,24,25,26,27,28,29,30,31,32,33,34,35,36,37,38,39,40,41,42,43,44,45,46,47,48,49,50,51,52,53,54,55,56,57,58,59,60,61,62,63,64,65,66,67,68,69,70,71,72,73,74,75,76,77,78,79,80,81,82,83,84,85,86,87,88,89,90,91,92,93,94,95,96,97,98,99,100,101,102,103,104,105,106,107,108,109,110,111,112,113,114,115,116,117,118,119,120,121,122,123,124,125,126,127,128,129,130,131,132,133,134,135,136,137,138,139,140,141,142],"cluster_removal_rates":[74.22986339460496,68.4839395649834,65.80501750224866,64.82702077036846,63.816823451700344,64.64511881622673,63.03146170150866,62.537578573380706,58.04446978335234,57.289726074656734,59.270628683693516,60.40050062578223,59.04184813482295,58.7510384934921,61.53902852509766,61.23451936308236,60.648039445879306,60.0264725347452,58.84881043745204,61.13311520578611,61.016949152542374,61.066778664426714,60.10125361620058,59.907583582495235,57.178683385579944,59.54435623058336,59.16209866875489,58.002560819462225,57.58542141230068,59.386189258312015,58.28729281767956,59.297639608520434,59.919493962047156,61.40142517814727,63.09808612440191,62.911611785095324,62.01497617426821,63.05309734513275,65.03690036900369,60.83172147001934,61.6118769883351,63.62573099415205,61.6580310880829,58.07799442896936,59.70149253731343,60.435571687840294,64.42687747035573,62.426614481409004,57.72727272727273,59.56043956043956,58.924205378973106,57.30337078651685,61.40350877192983,61.146496815286625,57.05521472392638,60.06191950464397,58.862876254180605,58.909090909090914,65.35433070866141,58.50622406639005,58.13008130081301,62.231759656652365,59.64912280701754,67.00507614213198,62.96296296296296,57.05882352941176,64.76683937823834,59.64912280701754,49.101796407185624,60.89743589743589,58.38509316770186,62.758620689655174,64.44444444444444,64.02877697841727,59.11949685534591,65.15151515151516,59.71223021582733,61.33333333333333,56.55172413793104,58.4070796460177,55.73770491803278,60.36036036036037,60.71428571428571,50.68493150684932,61.36363636363637,62.5,68.35443037974683,72.61904761904762,52.054794520547944,51.06382978723404,61.904761904761905,57.971014492753625,65.07936507936508,49.333333333333336,65.3061224489796,58.92857142857143,58.730158730158735,62.121212121212125,64.81481481481481,64.28571428571429,60.416666666666664,67.3076923076923,64.58333333333334,61.53846153846154,61.53846153846154,47.368421052631575,58.97435897435898,52.94117647058824,57.407407407407405,70.58823529411765,52.94117647058824,70.0,61.111111111111114,63.829787234042556,53.125,71.42857142857143,61.111111111111114,67.56756756756756,68.96551724137932,67.44186046511628,78.94736842105263,56.666666666666664,60.60606060606061,66.66666666666666,52.0,64.51612903225806,62.06896551724138,75.0,61.29032258064516,61.53846153846154,59.45945945945946,68.42105263157895,50.0,52.0,66.66666666666666,47.82608695652174,60.0,60.71428571428571,64.0,73.91304347826086,50.0,36.84210526315789],"cluster_post_filtering_doc_counts":[194438,96037,59687,43758,31771,22555,17790,16449,14718,12380,9951,7910,6489,5958,5218,3944,3352,3020,2681,2257,2047,1854,1655,1475,1366,1172,1043,984,931,794,755,707,697,650,617,642,558,501,379,405,362,311,296,301,270,218,180,192,186,184,168,152,132,122,140,129,123,113,88,100,103,88,92,65,70,73,68,69,85,61,67,54,48,50,65,46,56,58,63,47,54,44,44,36,34,30,25,23,35,46,24,29,22,38,17,23,26,25,19,20,19,17,17,15,15,20,16,24,23,10,16,12,14,17,15,8,14,12,9,14,8,13,13,11,12,11,11,5,12,10,15,6,16,12,9,12,10,11,9,6,12,12],"tail_threshold":143,"tail_removal_rate":71.33655394524959,"tail_post_filtering_doc_counts":534,"global_removal_rate":68.45270119048644}