{"cluster_sizes":[1,2,3,4,5,6,7,9,22],"cluster_removal_rates":[56.00000000000001,100.0,23.333333333333332,66.66666666666666,100.0,50.0,100.0,100.0,100.0],"cluster_post_filtering_doc_counts":[11,0,23,2,0,1,0,0,0],"tail_threshold":105,"tail_removal_rate":100.0,"tail_post_filtering_doc_counts":0,"global_removal_rate":51.31578947368421}