{"cluster_sizes":[1,2,3,4,5,6,7,8,9,10,11,12,15,18,19,21,25,31,41,50],"cluster_removal_rates":[75.72254335260115,55.11363636363637,45.16129032258064,61.76470588235294,50.0,83.33333333333334,100.0,100.0,100.0,0.0,100.0,100.0,100.0,100.0,100.0,100.0,100.0,100.0,100.0,100.0],"cluster_post_filtering_doc_counts":[42,79,119,13,2,1,0,0,0,1,0,0,0,0,0,0,0,0,0,0],"tail_threshold":59,"tail_removal_rate":100.0,"tail_post_filtering_doc_counts":0,"global_removal_rate":59.27099841521395}