{"cluster_sizes":[1,2,3,4,5,6,7,8,9,10,11,13,14,15,16,18,19,20,35,36,37,38,70,98],"cluster_removal_rates":[97.9498861047836,49.504950495049506,98.73417721518987,100.0,100.0,92.3076923076923,100.0,100.0,100.0,100.0,100.0,100.0,100.0,100.0,100.0,100.0,100.0,100.0,100.0,100.0,100.0,100.0,100.0,100.0],"cluster_post_filtering_doc_counts":[9,204,1,0,0,1,0,0,0,0,0,0,0,0,0,0,0,0,0,0,0,0,0,0],"tail_threshold":111,"tail_removal_rate":100.0,"tail_post_filtering_doc_counts":0,"global_removal_rate":78.85939036381514}