{"cluster_sizes":[1,2,3,4,5,6,7,8,9,10,11,12,13,14,15,16,17,18,19,20,21,22,23,24,25,26,27,28,29,30,31,32,33,34,35,36,37,38,39,40,41,42,43,44,45,46,47,48,49,50,51,52,53,54,55,56,57,58,59,60,61,62,63,64,65,66,67,68,69,70,71,72,73,74,75,76,77,78,79,80,81,82,83,84,85,86,87,88,89,90,91],"cluster_removal_rates":[99.53246777104698,96.7304625199362,96.07727183126356,96.56013001083423,94.56469456469456,93.00891021247429,93.89830508474576,94.84536082474226,94.28571428571428,95.92760180995475,97.2809667673716,98.25174825174825,97.72727272727273,97.43589743589743,97.46835443037975,97.22222222222221,100.0,97.47899159663865,97.14285714285714,99.12280701754386,99.05660377358491,98.78048780487805,97.75280898876404,100.0,98.38709677419355,96.22641509433963,100.0,100.0,100.0,100.0,100.0,98.0,100.0,94.54545454545455,100.0,100.0,97.67441860465115,100.0,93.75,100.0,100.0,100.0,100.0,96.0,100.0,100.0,100.0,100.0,100.0,93.33333333333333,100.0,100.0,95.23809523809523,88.88888888888889,100.0,100.0,100.0,100.0,92.3076923076923,85.71428571428571,100.0,100.0,100.0,100.0,93.75,100.0,100.0,100.0,100.0,90.9090909090909,100.0,83.33333333333334,100.0,87.5,85.71428571428571,92.3076923076923,75.0,87.5,93.33333333333333,100.0,91.66666666666666,100.0,100.0,90.0,90.0,100.0,100.0,57.14285714285714,100.0,100.0,100.0],"cluster_post_filtering_doc_counts":[1018,328,199,127,113,102,54,40,30,18,9,5,5,5,4,4,0,3,3,1,1,1,2,0,1,2,0,0,0,0,0,1,0,3,0,0,1,0,2,0,0,0,0,1,0,0,0,0,0,1,0,0,1,1,0,0,0,0,1,1,0,0,0,0,1,0,0,0,0,1,0,1,0,1,1,1,4,1,1,0,1,0,0,1,1,0,0,3,0,0,0],"tail_threshold":92,"tail_removal_rate":96.35627530364373,"tail_post_filtering_doc_counts":9,"global_removal_rate":99.14192865228027}