{"cluster_sizes":[1,2,3,4,5,6,7,8,9,10,11,39],"cluster_removal_rates":[94.44444444444444,83.24607329842932,93.90243902439023,58.333333333333336,80.0,0.0,57.14285714285714,60.0,0.0,33.33333333333333,100.0,100.0],"cluster_post_filtering_doc_counts":[1,32,5,5,1,5,3,2,3,2,0,0],"tail_threshold":40,"tail_removal_rate":100.0,"tail_post_filtering_doc_counts":0,"global_removal_rate":82.33532934131736}