{"cluster_sizes":[1,2,3,4,5,6,7,8,9,10,11,12,13,14,20,23,26,30,33,36,37,40,53],"cluster_removal_rates":[96.96969696969697,100.0,100.0,100.0,100.0,100.0,100.0,80.0,100.0,100.0,100.0,100.0,100.0,100.0,100.0,100.0,100.0,100.0,100.0,100.0,100.0,100.0,100.0],"cluster_post_filtering_doc_counts":[2,0,0,0,0,0,0,1,0,0,0,0,0,0,0,0,0,0,0,0,0,0,0],"tail_threshold":215,"tail_removal_rate":100.0,"tail_post_filtering_doc_counts":0,"global_removal_rate":98.5981308411215}