{"cluster_sizes":[1,2,3,4,5,6,7,8,9,10,11,12,13,15,16,43],"cluster_removal_rates":[64.28571428571429,46.15384615384615,30.0,83.33333333333334,66.66666666666666,90.0,100.0,100.0,66.66666666666666,80.0,100.0,100.0,100.0,100.0,100.0,100.0],"cluster_post_filtering_doc_counts":[30,14,7,1,1,1,0,0,1,1,0,0,0,0,0,0],"tail_threshold":1177,"tail_removal_rate":100.0,"tail_post_filtering_doc_counts":0,"global_removal_rate":65.85365853658537}