{"cluster_sizes":[1,2,3,4,5,6,7,8,9,10,11,12,13,14,15,16,17,18,19,20,21,22,23,24,25,26,27,28,29,30,31,32,33,34,35,36,37,38,39,40,41,42,43,44,45,46,47,48,49,50,51,52,53,54,55,56,57,58,59,60,61,62,63,64,65,66,67,68,69,70,71,72,73,74,75,76,77,78,79,80,81,82,83,84,85,86,87,88,89,90,91,92,93,94,95,96,97,98,99,100,101,102,103,104,105,106,107,108,109,110,111,112,113,114,115,116,117,118,119,120,121,122,125,126,129,130,132,133,134,135,136,137,138,140,144,145,146,148,149,150,151,152,153,154,155,156,159,161,162,164,170,178,183,184,189,197,202,211,264,284],"cluster_removal_rates":[94.97792494481236,87.5,84.25196850393701,79.2156862745098,76.6497461928934,70.0,74.24242424242425,67.3913043478261,69.0909090909091,73.61111111111111,78.37837837837837,77.27272727272727,71.1864406779661,74.57627118644068,75.0,75.38461538461539,60.65573770491803,64.28571428571429,66.66666666666666,53.84615384615385,58.333333333333336,54.90196078431373,68.29268292682927,53.84615384615385,42.22222222222222,38.775510204081634,63.1578947368421,54.347826086956516,59.61538461538461,52.38095238095239,56.81818181818182,52.77777777777778,70.0,64.86486486486487,47.61904761904761,72.41379310344827,62.96296296296296,56.52173913043478,46.666666666666664,61.76470588235294,75.0,53.84615384615385,55.00000000000001,52.63157894736842,65.38461538461539,68.0,73.33333333333333,70.0,76.47058823529412,70.0,64.0,47.368421052631575,76.47058823529412,65.0,74.07407407407408,60.0,53.84615384615385,60.71428571428571,61.53846153846154,31.25,51.85185185185185,36.84210526315789,65.21739130434783,50.0,70.83333333333334,54.54545454545454,47.368421052631575,48.0,57.89473684210527,52.17391304347826,58.333333333333336,65.21739130434783,56.25,78.57142857142857,64.0,66.66666666666666,57.14285714285714,58.82352941176471,41.66666666666667,46.42857142857143,69.23076923076923,43.24324324324324,66.66666666666666,53.57142857142857,62.857142857142854,47.82608695652174,46.15384615384615,54.166666666666664,38.70967741935484,48.275862068965516,58.06451612903226,58.333333333333336,64.70588235294117,64.28571428571429,62.5,38.88888888888889,45.45454545454545,54.54545454545454,23.076923076923077,45.45454545454545,27.27272727272727,50.0,37.5,42.857142857142854,25.0,66.66666666666666,37.5,33.33333333333333,42.857142857142854,0.0,40.0,33.33333333333333,100.0,100.0,33.33333333333333,66.66666666666666,0.0,75.0,25.0,0.0,0.0,0.0,33.33333333333333,66.66666666666666,80.0,0.0,50.0,0.0,0.0,0.0,50.0,100.0,100.0,50.0,0.0,0.0,100.0,0.0,50.0,100.0,50.0,0.0,100.0,100.0,100.0,0.0,0.0,0.0,0.0,100.0,100.0,0.0,100.0,100.0,0.0,100.0,0.0,0.0,100.0,100.0],"cluster_post_filtering_doc_counts":[182,98,60,53,46,39,34,45,34,19,16,15,17,15,17,16,24,20,16,24,30,23,13,18,26,30,14,21,21,20,19,17,9,13,11,8,10,10,8,13,4,12,9,9,9,8,4,6,4,6,9,10,4,7,7,8,12,11,5,11,13,12,8,16,7,10,10,13,8,11,10,8,7,3,9,10,9,7,14,15,8,21,11,13,13,12,14,11,19,15,13,10,6,5,6,11,6,5,10,6,8,5,5,4,3,2,5,4,4,5,3,2,0,0,2,1,1,1,3,1,1,1,2,1,1,1,1,1,3,1,1,0,0,1,2,1,0,1,1,0,1,3,0,0,0,1,1,1,1,0,0,1,0,0,2,0,1,1,0,0],"tail_threshold":322,"tail_removal_rate":77.77777777777779,"tail_post_filtering_doc_counts":2,"global_removal_rate":79.4435502414348}