{"cluster_sizes":[1,2,3,4,5,6,7,8,9,10,11,12,13,14,16,17,18,19,20,21,22,23,24,25,26,27,28,29,30,31,32,33,34,35,36,37,38,39,41,42,43,44,46,60],"cluster_removal_rates":[96.06299212598425,89.58333333333334,87.03703703703704,96.0,94.73684210526315,100.0,100.0,100.0,100.0,100.0,100.0,100.0,100.0,100.0,100.0,100.0,77.77777777777779,55.55555555555556,68.75,32.142857142857146,41.66666666666667,36.53846153846153,40.625,34.375,34.48275862068966,55.00000000000001,42.5,26.08695652173913,11.11111111111111,50.0,0.0,0.0,0.0,100.0,0.0,0.0,33.33333333333333,0.0,0.0,0.0,0.0,20.0,0.0,100.0],"cluster_post_filtering_doc_counts":[10,15,7,1,1,0,0,0,0,0,0,0,0,0,0,0,2,4,5,19,21,33,38,42,38,18,23,17,8,1,1,1,1,0,2,1,4,3,3,3,2,4,1,0],"tail_threshold":75,"tail_removal_rate":100.0,"tail_post_filtering_doc_counts":0,"global_removal_rate":67.68172888015717}