{"cluster_sizes":[1,2,3,4,5,6,7,8,9,10,11,12,13,14,15,16,19,27,34,35,37],"cluster_removal_rates":[94.2769665567593,31.48936170212766,24.390243902439025,33.76623376623377,61.53846153846154,79.48717948717949,47.82608695652174,94.44444444444444,88.23529411764706,100.0,100.0,66.66666666666666,100.0,100.0,100.0,100.0,100.0,100.0,100.0,100.0,100.0],"cluster_post_filtering_doc_counts":[243,161,62,51,15,8,12,1,2,0,0,1,0,0,0,0,0,0,0,0,0],"tail_threshold":39,"tail_removal_rate":100.0,"tail_post_filtering_doc_counts":0,"global_removal_rate":88.4383447702225}