{"cluster_sizes":[1,2,3,4,5,6,7,8,9,10,11,12,13,14,15,16,17,18,19,20,21,22,23,24,25,26,27,28,29,30,31,32,33,34,35,36,37,38,45,49,72,153],"cluster_removal_rates":[76.45161290322581,83.5820895522388,97.2972972972973,92.85714285714286,90.0,100.0,66.66666666666666,100.0,100.0,80.0,54.54545454545454,35.714285714285715,47.61904761904761,40.0,16.666666666666664,25.0,25.0,22.22222222222222,10.526315789473683,9.090909090909092,3.8461538461538463,3.225806451612903,3.225806451612903,3.3333333333333335,17.142857142857142,9.523809523809524,15.384615384615385,8.333333333333332,66.66666666666666,33.33333333333333,16.666666666666664,0.0,50.0,0.0,0.0,0.0,0.0,0.0,0.0,100.0,100.0,0.0],"cluster_post_filtering_doc_counts":[73,11,1,1,1,0,1,0,0,1,5,9,11,12,10,6,3,7,17,20,25,30,30,29,29,19,11,11,1,4,5,2,1,3,2,2,5,1,1,0,0,1],"tail_threshold":167,"tail_removal_rate":0.0,"tail_post_filtering_doc_counts":1,"global_removal_rate":52.02863961813843}