{"cluster_sizes":[1,2,3,4,5,6,7,8,9,10,11,12,13,14,15,16,17,18,19,20,21,22,23,24,25,26,27,28,29,30,31,32,33,34,35,36,37,38,39,40,41,42,43,44,45,46,47,48,49,50,51,52,53,54,55,56,57,58,59,60,61,62,63,64,65,66,67,68,69,70,71,72,73,74,75,76,77,78,79,80,81,82,83,84,85,86,87,88,89,90,91,92,93,94,95,96,97,98,99,100,101,102,103,104,105,106,107,108,109,110,111,112,113,114,115,116,117,118,119,120,121,122,123,124,125,126,127,128,129,130,131,132,133,134,135,136,137,138,139,140,141,142,143,144,145,146,147,148,149,150,151,152,153,154,155,156,157,158,159,160,161,162,163,164,165,166,167,168,169,170,171,172,173,174,175,176,177,178,179,180,181,182,183,184,185,186,187,188,189,190,191],"cluster_removal_rates":[91.12176368306028,89.68892915960058,91.51503023199302,91.56323038870862,91.86201515102253,93.55510317386879,92.93453578148316,89.57055214723927,92.18713450292397,90.44627666535794,89.52091474887828,89.81223922114047,88.92079444843264,90.82085413200221,92.34323432343234,93.21033210332104,93.75,92.35181644359464,93.40720221606648,93.36027713625866,93.68770764119601,93.54838709677419,92.82836422240129,92.85134037367993,93.7095282146161,95.0354609929078,94.24379232505643,92.28028503562945,92.75167785234899,94.15670650730412,93.51988217967599,93.06122448979592,91.66666666666666,91.52542372881356,91.24839124839124,92.53554502369668,91.5014164305949,92.85714285714286,89.89547038327527,92.44935543278085,90.48543689320388,91.23711340206185,89.53229398663697,89.53168044077135,91.61073825503355,93.77162629757785,87.39837398373984,89.63963963963964,89.76744186046511,90.14084507042254,93.30143540669856,94.68085106382979,89.01734104046243,92.5,90.60402684563759,89.53488372093024,92.98245614035088,87.67123287671232,85.61643835616438,92.63803680981594,89.86486486486487,87.41258741258741,93.20987654320987,94.48275862068965,91.76470588235294,91.50326797385621,87.5,89.6969696969697,91.83673469387756,91.57303370786516,87.59124087591242,88.34355828220859,88.52459016393442,86.71875,87.06896551724138,86.76470588235294,88.78504672897196,90.32258064516128,85.71428571428571,92.72727272727272,89.81481481481481,84.78260869565217,87.2,82.72727272727273,82.82828282828282,87.25490196078431,85.47008547008546,85.84070796460178,85.83333333333333,87.25490196078431,89.2156862745098,80.45977011494253,84.04255319148936,83.11688311688312,83.54430379746836,81.0126582278481,86.11111111111111,88.05970149253731,88.33333333333333,78.43137254901961,96.0,88.63636363636364,89.28571428571429,84.44444444444444,93.75,76.92307692307693,89.74358974358975,90.69767441860465,88.88888888888889,97.77777777777777,78.57142857142857,84.375,75.55555555555556,89.74358974358975,96.42857142857143,92.5,92.0,91.66666666666666,96.15384615384616,88.46153846153845,74.19354838709677,85.71428571428571,88.0,96.42857142857143,100.0,84.375,86.95652173913044,92.85714285714286,100.0,92.85714285714286,88.46153846153845,92.3076923076923,95.23809523809523,92.3076923076923,100.0,96.15384615384616,93.33333333333333,90.9090909090909,90.0,92.85714285714286,85.71428571428571,100.0,88.23529411764706,100.0,90.9090909090909,94.11764705882352,88.23529411764706,87.5,100.0,100.0,88.23529411764706,100.0,100.0,100.0,92.3076923076923,100.0,100.0,91.66666666666666,94.11764705882352,93.33333333333333,100.0,92.85714285714286,88.88888888888889,85.71428571428571,91.66666666666666,93.33333333333333,100.0,100.0,81.81818181818183,100.0,100.0,100.0,100.0,90.9090909090909,100.0,87.5,100.0,92.3076923076923,100.0,100.0,100.0,100.0,100.0,100.0,93.33333333333333,75.0,100.0,100.0,90.0,83.33333333333334,91.66666666666666],"cluster_post_filtering_doc_counts":[66786,16842,5936,3718,2503,1393,1089,1343,668,730,724,586,463,331,232,184,135,160,119,115,95,84,89,88,68,49,51,65,54,44,44,51,64,65,68,63,60,43,58,41,49,51,47,38,25,18,31,23,22,21,14,10,19,15,14,18,12,18,21,12,15,18,11,8,14,13,20,17,12,15,17,19,14,17,15,18,12,12,13,8,11,14,16,19,17,13,17,16,17,13,11,17,15,13,13,15,10,8,7,11,2,5,6,7,3,12,4,4,5,1,9,5,11,4,1,3,2,3,1,3,8,4,3,1,0,5,3,1,0,2,3,2,1,2,0,1,2,2,2,1,2,0,2,0,2,1,2,2,0,0,2,0,0,0,1,0,0,1,1,1,0,1,1,1,1,1,0,0,2,0,0,0,0,1,0,1,0,1,0,0,0,0,0,0,1,1,0,0,1,1,1],"tail_threshold":192,"tail_removal_rate":96.99248120300751,"tail_post_filtering_doc_counts":36,"global_removal_rate":91.05319111415659}