{"cluster_sizes":[1,2,3,4,6,8,9,10,15,16,17,18,19,20,21,22,23,24,25,26,27,28,29,30,31,32,33,34,35,36,37,38,39,40,41],"cluster_removal_rates":[72.18934911242604,46.666666666666664,0.0,100.0,0.0,0.0,100.0,0.0,0.0,50.0,75.0,40.0,31.25,46.15384615384615,38.0,43.333333333333336,45.83333333333333,49.504950495049506,58.620689655172406,62.5,64.58333333333334,66.66666666666666,53.84615384615385,85.71428571428571,100.0,100.0,0.0,0.0,0.0,0.0,0.0,0.0,0.0,0.0,0.0],"cluster_post_filtering_doc_counts":[47,8,1,0,1,1,0,1,1,1,1,3,11,14,31,34,39,51,24,18,17,7,6,1,0,0,4,5,2,4,4,1,1,2,1],"tail_threshold":43,"tail_removal_rate":0.0,"tail_post_filtering_doc_counts":1,"global_removal_rate":54.20560747663551}