{"cluster_sizes":[1,2,3,4,5,6,7,8,9,10,12],"cluster_removal_rates":[81.6708229426434,38.226299694189606,20.0,22.58064516129032,28.57142857142857,66.66666666666666,33.33333333333333,0.0,0.0,0.0,0.0],"cluster_post_filtering_doc_counts":[294,202,56,24,5,2,4,4,1,4,1],"tail_threshold":16,"tail_removal_rate":100.0,"tail_post_filtering_doc_counts":0,"global_removal_rate":71.07558139534885}