{"cluster_sizes":[1,2,3,4,5,6,7,8,9,10,11,12,13,14,15,16,17,18,19,20,21,22,23,24,25,26,27,28,30,31,32,34,36,37,38,41,60,64,69,78,91,145],"cluster_removal_rates":[65.86826347305389,59.67213114754099,72.89719626168224,89.58333333333334,94.54545454545455,96.15384615384616,100.0,94.11764705882352,100.0,100.0,100.0,90.9090909090909,100.0,100.0,100.0,100.0,100.0,100.0,100.0,100.0,100.0,100.0,100.0,100.0,83.33333333333334,100.0,100.0,50.0,100.0,100.0,100.0,100.0,100.0,100.0,100.0,50.0,100.0,100.0,100.0,100.0,100.0,0.0],"cluster_post_filtering_doc_counts":[456,123,29,5,3,1,0,1,0,0,0,1,0,0,0,0,0,0,0,0,0,0,0,0,1,0,0,1,0,0,0,0,0,0,0,1,0,0,0,0,0,1],"tail_threshold":195,"tail_removal_rate":100.0,"tail_post_filtering_doc_counts":0,"global_removal_rate":69.94693680656054}