{"cluster_sizes":[1,2,3,4,5,6,7,8,10,11,12,14],"cluster_removal_rates":[30.625000000000004,55.55555555555556,44.44444444444444,50.0,60.0,100.0,100.0,100.0,100.0,50.0,100.0,100.0],"cluster_post_filtering_doc_counts":[111,80,10,2,2,0,0,0,0,1,0,0],"tail_threshold":89,"tail_removal_rate":100.0,"tail_post_filtering_doc_counts":0,"global_removal_rate":46.21409921671018}