{"cluster_sizes":[1,2,3,4,5,6,7,8,9,10,11,12,13,14,15,16,17,18,19,20,21,22,23,24,25,26,27,28,29,30,31,32,33,34,35,36,37,38,39,40,41,42,43,44,45,46,47,48,49,50,51,52,53,54,55,56,57,58,59,60,61,62,63,64,65,66,67,68,69,70,71,72,73,74,75,76,77,78,79,80,81,82,83,84,85,86,87,88,89,90,91,92,93,94,95,96,97,98,99,100,101,102,103,104,105,106,107,108,109,110,111,112,113,114,115,116,117,118,119,120,121,122,123,124,125,126,127,128,129,130,131,132,133,134,135,136,137,138,139,140,141,142,143,144,145,146,147,148,149,150,151,152,153,154,155,156,157,158,159,160,161,162,163,164,165,166,167,168,169,170,171,172,173,174,175,176,177,178,179,180,181,182,183,184,185,186,187,188],"cluster_removal_rates":[80.67068951961971,68.64902389103264,66.98709278584724,65.21460400532588,61.64668293955563,62.29633094018819,59.65244201997858,58.275406838044994,56.348459112859025,56.26927824817331,56.29712781009124,57.42388784452568,55.4267701192831,55.62406965826969,55.03732694516794,53.82939795415725,53.43805641602898,53.53578972201796,52.40005363248341,52.9342580692097,52.49384116819633,52.57054913276029,52.74955046393098,53.89756000669064,52.68979640292039,52.30259105996091,51.92674847577301,52.359330087286494,51.83865482542589,52.306628565350046,51.79480769335283,53.06496945483264,53.83074865801799,54.56377286266898,55.858678092294724,56.923562719332864,57.05733003165846,57.19259713283618,57.37154997297751,57.83302063789869,57.36303040156072,57.68189162740948,57.777312889173295,57.653464824385615,58.15181901292972,57.80100469940043,58.240467120019936,58.88742110670776,58.81096332124144,59.174770710531355,58.77771120431397,59.23680543672232,59.31994869512865,60.11853214981598,60.02992255339122,60.06807101462607,59.70942245252697,60.36159430215039,60.29043383554185,60.520902211446625,58.854292380722505,59.99246483590087,60.46353101567825,60.06336275175379,60.27298850574713,60.85690717647629,60.74223811745193,61.0590739755189,60.87946255066349,61.74672987947678,62.807017543859644,61.52108893365074,62.35093696763203,62.10051898388419,62.24124622833486,63.51061469043569,62.61166783189621,63.19993479501181,62.54154947583738,62.537842747167204,62.85662365982192,63.151938130717724,62.91130537275317,63.46251138318324,62.81663713124153,62.49731817206609,62.31410545290671,64.04054365353605,61.989642297964586,62.84053759535053,62.6600102406554,63.73143963847644,63.54069535100572,63.650096127437514,64.26400347372991,64.25992779783394,63.29320850052014,64.0896614821592,64.55676516329704,64.77967696408969,64.57368330759992,65.22753792298717,64.30247247789208,63.82480173035327,65.17923823749067,65.81228797587637,64.91829735727255,65.12051853352239,64.42229454841333,65.32579090718626,66.0146173688736,66.31205673758865,63.6635256262928,65.0705528568124,65.33557854221795,65.96102958864566,65.03460651115098,66.61676646706587,66.15668689000263,65.10691823899371,66.15969581749049,66.0188784008884,66.01859678782756,65.79977628635348,66.02000606244316,67.98272671190622,66.15629984051037,65.49907005579665,66.18468616496878,66.52010050251256,67.46031746031747,66.15182385803483,67.96251301631378,66.57193605683837,66.36819484240688,66.28033321260412,66.08695652173913,68.74518860662047,66.97459584295612,65.85956416464892,67.40106079151367,67.68045417680455,68.77865777407253,66.88232915487262,67.01434159061279,69.25452139391265,66.13545816733067,68.75285518501599,67.88732394366197,68.14442413162706,68.20388349514563,67.6153091265947,66.4832416208104,68.34817012858556,68.07653575025176,70.40609137055837,70.01018329938901,67.45283018867924,68.06768558951966,69.38997821350763,67.70652801848642,68.62406447898675,67.87626412849494,69.64078794901506,69.8135198135198,67.59744037230948,67.68768768768768,69.79542719614922,67.16141001855289,69.28571428571428,68.61042183622828,69.37340153452686,68.94915254237289,68.9119170984456,69.81505944517833,71.30197682344922,70.80610021786492,69.55602536997885,71.50877192982456,70.14725568942436,69.92424242424242,69.97870830376152,67.70045385779122,70.7943925233645,70.69625095638867,70.96018735362998,69.27949326999209,68.4640522875817],"cluster_post_filtering_doc_counts":[20157705,10421446,5539411,3978396,3219504,2390275,1803531,1557834,1280081,1085428,907505,776848,635025,558669,490438,433035,376830,336787,298207,271719,244518,219116,193664,176399,159407,143273,130179,117510,106779,98638,88699,80824,72850,67421,62844,60024,54800,50285,45748,42253,39339,37190,34311,32119,28838,26041,23458,22408,20438,19185,17888,16675,15541,14737,13625,13023,12285,11576,10938,10747,10228,9557,9280,8824,8295,8067,7574,7317,7046,6697,6148,6304,5746,5550,5381,4933,4813,4515,4395,4331,4088,3907,3776,3611,3567,3496,3345,3122,3156,3069,2917,2809,2737,2647,2469,2475,2470,2355,2279,2246,2065,2086,1978,2007,1865,1814,1739,1722,1749,1655,1581,1520,1581,1510,1441,1415,1364,1338,1283,1387,1246,1224,1206,1223,1121,1038,1061,1113,1029,1066,943,1030,923,941,939,931,897,812,858,846,799,797,749,819,759,697,765,684,684,697,655,660,670,640,634,583,589,621,585,562,559,545,540,524,518,557,538,502,531,473,506,479,458,480,457,421,402,432,406,446,397,423,427,375,383,372,388,386],"tail_threshold":189,"tail_removal_rate":73.98502316054532,"tail_post_filtering_doc_counts":55376,"global_removal_rate":71.96456931743785}