{"cluster_sizes":[1,2,3,4,5,6,7,8,9,10,11,12,13,14,15,16,17,18,19,20,21,22,23,24,25,26,27,29,30,31,33,34,35,36,37,38,39,40,41,42,44,45,46,47,50,51,62,64,65,69,70,82,86,95],"cluster_removal_rates":[99.30445151033386,90.80118694362018,93.51351351351352,95.42483660130719,96.89922480620154,83.0,83.54430379746836,90.9090909090909,92.5925925925926,96.15384615384616,86.36363636363636,92.3076923076923,100.0,100.0,100.0,100.0,100.0,91.66666666666666,100.0,100.0,100.0,100.0,100.0,100.0,100.0,100.0,100.0,100.0,100.0,100.0,100.0,100.0,100.0,0.0,100.0,100.0,100.0,100.0,100.0,100.0,100.0,100.0,100.0,100.0,100.0,100.0,100.0,100.0,100.0,100.0,100.0,100.0,100.0,100.0],"cluster_post_filtering_doc_counts":[35,31,12,7,4,17,13,4,2,1,3,2,0,0,0,0,0,1,0,0,0,0,0,0,0,0,0,0,0,0,0,0,0,1,0,0,0,0,0,0,0,0,0,0,0,0,0,0,0,0,0,0,0,0],"tail_threshold":125,"tail_removal_rate":100.0,"tail_post_filtering_doc_counts":0,"global_removal_rate":97.89523658806773}