{"cluster_sizes":[1,2,3,4,5,6,7,8,9,10,11,12,13,14,15,16,17,18,19,20,21,22,23,24,25,26,27,28,29,30,31,32,33,34,35,36,37,38,39,40,41,42,43,44,45,46,47,48,49,50,51,52,53,54,55,56,57,58,59,60,61,62,63,64,65,66,67,68,69,70,71,72,73,74,75,76,77,78,79,80,81,82,83,84,85,86,87,88,89,90,91,92,93,94,95,96,97,98,99,100,101,102,103,104,105,106,107,108,109,110,111,112,113,114,115,116,117,118,119,120,121,122,123,124,125,126,127,128,129,130,131,132,133,134,135],"cluster_removal_rates":[80.81620596654425,65.33553361172869,57.314840360161526,53.51002075070264,49.80928918013106,58.97228923812315,56.660344983292696,56.77759672081576,55.49429896003007,53.150599506788744,52.58690744920993,53.95237216171312,52.0298621328538,55.54566616458989,57.85758404658961,57.58762679521945,55.6705827614284,56.57307793230123,57.11681855840928,60.348583877995644,60.42664344797563,61.48905803996194,60.52294283517047,61.04697986577181,58.550558579203674,55.65610859728507,56.11004478566859,54.471830985915496,52.08183776022972,55.00758725341427,57.555178268251275,61.15585030791094,63.160518444666,66.09418282548476,69.09480449919657,69.77152899824253,67.10608913998745,66.44474034620505,63.96761133603239,67.69109535066981,61.327231121281464,63.90438247011952,64.55256298870547,63.116883116883116,65.4471544715447,63.33333333333333,65.53524804177546,66.4179104477612,69.0677966101695,69.29460580912863,65.61514195583597,67.70293609671847,69.73451327433628,69.6917808219178,72.568093385214,68.98496240601504,70.9278350515464,73.70689655172413,64.61538461538461,69.93318485523386,67.1264367816092,69.41747572815534,66.5903890160183,65.78947368421053,67.68447837150127,68.42105263157895,63.61256544502618,62.22826086956522,67.0487106017192,68.08510638297872,63.190184049079754,68.96551724137932,63.81578947368421,58.730158730158735,67.61904761904762,65.54054054054053,59.01639344262295,62.37942122186495,63.76811594202898,68.21705426356588,68.44262295081968,68.46473029045643,66.52542372881356,63.1578947368421,62.21198156682027,64.21052631578948,62.23404255319149,67.2811059907834,66.33165829145729,66.83417085427136,67.1875,66.18357487922705,64.32748538011695,69.56521739130434,63.975155279503106,59.036144578313255,59.61538461538461,66.4179104477612,63.57142857142857,65.87301587301587,70.08547008547008,58.24175824175825,65.0,59.4059405940594,68.81720430107528,66.66666666666666,63.1578947368421,73.39449541284404,61.25000000000001,70.83333333333334,77.27272727272727,77.94117647058823,76.36363636363637,61.29032258064516,70.37037037037037,68.11594202898551,67.44186046511628,85.71428571428571,67.3076923076923,72.46376811594203,68.75,63.26530612244898,73.77049180327869,66.66666666666666,66.07142857142857,71.42857142857143,71.11111111111111,78.66666666666666,78.33333333333333,78.26086956521739,69.35483870967742,75.0,71.7948717948718,79.16666666666666,70.83333333333334],"cluster_post_filtering_doc_counts":[447476,195987,119133,88496,80269,90981,28794,25729,17760,16528,15753,12472,8803,6493,4776,4223,3811,3310,2588,2184,1818,1619,1540,1451,1447,1470,1372,1293,1335,1186,1000,820,739,612,577,516,524,504,534,410,507,453,408,426,340,330,264,270,219,222,218,187,171,177,141,165,141,122,161,135,143,126,146,130,127,120,139,139,115,105,120,99,110,130,102,102,125,117,100,82,77,76,79,77,82,68,71,71,67,66,63,70,61,49,58,68,63,45,51,43,35,38,35,41,29,33,35,29,31,21,15,15,13,24,24,22,14,7,17,19,15,18,16,17,19,18,13,16,13,10,19,8,11,10,14],"tail_threshold":136,"tail_removal_rate":87.72976844115541,"tail_post_filtering_doc_counts":514,"global_removal_rate":71.12097446062799}