{"cluster_sizes":[1,2,3,4,5,6,7,8,9,10,11,12,13,17,20,21,25,31,33,34,38,39,40,43],"cluster_removal_rates":[97.48803827751196,38.84892086330935,76.0,69.44444444444444,58.333333333333336,100.0,88.88888888888889,100.0,100.0,50.0,100.0,100.0,100.0,100.0,100.0,100.0,100.0,100.0,100.0,100.0,100.0,100.0,100.0,0.0],"cluster_post_filtering_doc_counts":[21,255,12,11,15,0,2,0,0,1,0,0,0,0,0,0,0,0,0,0,0,0,0,1],"tail_threshold":53,"tail_removal_rate":100.0,"tail_post_filtering_doc_counts":0,"global_removal_rate":77.73109243697479}