{"cluster_sizes":[1,2,3,4,5,6,7,8,9,10,11,12,13,14,16,17,18,23,25,32,33,34,40,75,84,105],"cluster_removal_rates":[89.32584269662921,43.47826086956522,65.71428571428571,90.9090909090909,89.74358974358975,95.65217391304348,100.0,100.0,100.0,100.0,100.0,100.0,100.0,100.0,0.0,100.0,100.0,100.0,100.0,100.0,100.0,100.0,100.0,100.0,100.0,100.0],"cluster_post_filtering_doc_counts":[19,39,12,1,4,1,0,0,0,0,0,0,0,0,1,0,0,0,0,0,0,0,0,0,0,0],"tail_threshold":209,"tail_removal_rate":100.0,"tail_post_filtering_doc_counts":0,"global_removal_rate":79.94791666666666}