{"cluster_sizes":[1,2,3,4,5,6,7,8,9,10,11,12,13,14,15,16,17,18,19,20,21,22,23,24,25,26,27,28,29,30,31,32,33,34,35,36,37,38,40,42,43,45,46,47,52,53,54,57,61,62,66,70,71,74,75,79,82,83,84,90,92,103,106,110,120,123,128,129,163,178],"cluster_removal_rates":[98.72928738436515,88.14935064935064,94.73684210526315,100.0,98.52941176470588,100.0,100.0,100.0,100.0,100.0,100.0,100.0,100.0,100.0,100.0,100.0,87.5,100.0,100.0,100.0,100.0,100.0,100.0,100.0,100.0,100.0,85.71428571428571,100.0,100.0,100.0,100.0,100.0,100.0,100.0,100.0,100.0,100.0,100.0,100.0,100.0,100.0,100.0,100.0,100.0,100.0,100.0,100.0,100.0,100.0,100.0,100.0,100.0,100.0,100.0,100.0,100.0,100.0,100.0,100.0,100.0,100.0,100.0,100.0,100.0,100.0,100.0,100.0,100.0,100.0,100.0],"cluster_post_filtering_doc_counts":[125,73,14,0,3,0,0,0,0,0,0,0,0,0,0,0,1,0,0,0,0,0,0,0,0,0,1,0,0,0,0,0,0,0,0,0,0,0,0,0,0,0,0,0,0,0,0,0,0,0,0,0,0,0,0,0,0,0,0,0,0,0,0,0,0,0,0,0,0,0],"tail_threshold":234,"tail_removal_rate":100.0,"tail_post_filtering_doc_counts":0,"global_removal_rate":98.13429627719027}