{"cluster_sizes":[1,2,3,4,5,6,7,8,9,10,11,12,13,14,15,16,17,18,19,20,21,22,23,24,25,26,27,28,29,30,31,32,33,34,35,36,37,38,39,40,41,42,43,44,45,46,47,48,49,50,51,52,53,54,55,56,57,58,59,60,61,62,63,64,65,66,67,68,69,70,71,72,73,74,75,76,77,78,79,80,81,82,83,84,85,86,87,88,89,90,91,92,93,94,95,96,97,98,99,100,101,102,103,104,105,106,107,108,109,111,112,113,114,115,116,117,118,120,121,122,123,124,125,131,134,135,136,139,140,141,142,144,148,150,154,156,158,162,172,185,197],"cluster_removal_rates":[98.01948051948052,95.76170717249556,94.88341968911918,93.56270810210877,85.52845528455283,79.03614457831326,71.61290322580646,65.33333333333333,68.37606837606837,70.99236641221374,57.49999999999999,55.96330275229357,48.64864864864865,75.30864197530865,72.0,55.55555555555556,66.66666666666666,64.40677966101694,61.904761904761905,62.857142857142854,70.37037037037037,77.27272727272727,80.0,38.095238095238095,58.333333333333336,53.333333333333336,80.0,90.9090909090909,100.0,81.81818181818183,62.5,100.0,93.33333333333333,72.72727272727273,77.77777777777779,100.0,84.61538461538461,83.33333333333334,50.0,86.66666666666667,90.9090909090909,88.88888888888889,57.14285714285714,83.33333333333334,100.0,92.3076923076923,75.0,100.0,77.77777777777779,100.0,85.71428571428571,75.0,88.88888888888889,100.0,100.0,100.0,100.0,100.0,100.0,100.0,83.33333333333334,88.88888888888889,90.9090909090909,88.88888888888889,92.3076923076923,80.0,90.0,93.33333333333333,88.23529411764706,90.47619047619048,70.0,80.76923076923077,76.47058823529412,84.61538461538461,94.11764705882352,81.81818181818183,86.66666666666667,80.95238095238095,94.11764705882352,100.0,94.11764705882352,100.0,90.9090909090909,100.0,75.0,100.0,84.61538461538461,80.0,93.33333333333333,100.0,94.44444444444444,100.0,83.33333333333334,88.88888888888889,78.57142857142857,100.0,100.0,100.0,84.61538461538461,75.0,80.0,100.0,100.0,100.0,100.0,100.0,83.33333333333334,80.0,83.33333333333334,100.0,100.0,100.0,100.0,100.0,100.0,100.0,100.0,0.0,100.0,100.0,100.0,100.0,100.0,100.0,100.0,100.0,100.0,100.0,100.0,100.0,100.0,100.0,100.0,100.0,100.0,100.0,100.0,100.0,100.0,100.0,100.0],"cluster_post_filtering_doc_counts":[183,143,79,58,89,87,88,78,37,38,51,48,38,20,21,32,16,21,16,13,8,5,4,13,10,7,2,1,0,2,3,0,1,3,2,0,2,1,4,2,1,1,3,2,0,1,1,0,2,0,1,1,1,0,0,0,0,0,0,0,2,1,1,1,1,2,1,1,2,2,6,5,4,2,1,2,2,4,1,0,1,0,1,0,3,0,2,2,1,0,1,0,2,1,3,0,0,0,2,2,1,0,0,0,0,0,1,1,1,0,0,0,0,0,0,0,0,1,0,0,0,0,0,0,0,0,0,0,0,0,0,0,0,0,0,0,0,0,0,0,0],"tail_threshold":202,"tail_removal_rate":100.0,"tail_post_filtering_doc_counts":0,"global_removal_rate":93.00021422450729}