{"cluster_sizes":[1,2,3,4,5,6,7,8,9,10,11,12,14,15,16,18,23,24,25,26,33,43,45],"cluster_removal_rates":[89.29765886287625,95.6896551724138,97.26027397260275,97.43589743589743,95.23809523809523,94.11764705882352,87.5,100.0,100.0,87.5,100.0,87.5,100.0,100.0,100.0,100.0,100.0,100.0,100.0,100.0,100.0,100.0,100.0],"cluster_post_filtering_doc_counts":[32,5,2,1,1,1,1,0,0,1,0,1,0,0,0,0,0,0,0,0,0,0,0],"tail_threshold":53,"tail_removal_rate":100.0,"tail_post_filtering_doc_counts":0,"global_removal_rate":92.776886035313}