{"cluster_sizes":[1,2,3,4,5,6,7,8,9,10,11,12,13,14,15,16,17,18,19,20,21,22,23,24,25,26,27,28,29,30,31,32,33,34,35,36,37,38,39,40,41,42,43,44,45,46,47,48,49,50,51,52,53,54,55,56,57,58,59,60,61,62,63,64,65,66,67,68,69,70,71,72,73,74,75,76,77,78,79,80,81,82,83,84,85,86,87,88,89,90,91,92,93,94,95,96,97,98,99,100,101,102,103,104,105,106,107,108,109,110,111,112,113,114,115,116,117,118,119,120,121,122,123,124,125,126,127,128,129,130,131,132,133,134,135,136,137,138,139,140,141,142,143,144,145,146,147,148,149,150,151,152,153,154,155,156,157,158,159,160,161,162,163,164,165,166,167,168,169,170,171,172,173,174,175,176,177,178,179,180,181,182,183,184,185,186,187,188,189,190,191,192,193,194,195,196,197,198,199,200,201,202,203,204,205,206,207,208,209,210,211,212,213,214,215],"cluster_removal_rates":[99.88892292479999,99.72206041441292,99.64865892750421,99.52262349522624,99.34899968243886,99.5070005915993,99.11869491843241,98.60743025104804,98.85703807835708,98.40034278368921,97.92436735854422,98.10468319559229,97.9157744468237,98.56365285757485,98.11616954474097,98.67203219315896,98.79097884212975,98.91732283464567,98.63945578231292,99.07318632150847,99.02621722846442,98.62956810631229,98.80952380952381,98.86755292959133,99.2622020431328,99.27184466019418,99.23769923769925,98.91304347826086,98.94259818731118,99.14833215046131,98.91640866873065,98.87808526551981,98.82720875684127,99.55947136563876,99.58974358974359,99.89572471324296,99.43757030371204,99.22779922779922,99.24471299093656,99.36708860759494,98.88888888888889,97.96672828096118,99.31662870159454,98.84526558891456,98.65951742627345,99.44444444444444,97.51552795031056,98.78419452887537,98.90510948905109,98.59649122807016,97.65625,97.04797047970479,96.1038961038961,97.75784753363229,96.6804979253112,96.90265486725663,97.6303317535545,97.67441860465115,96.41255605381166,95.02487562189054,96.31901840490798,97.14285714285714,96.0,94.28571428571428,90.96385542168674,95.02762430939227,94.04761904761905,96.875,92.99363057324841,98.125,93.02325581395348,94.0,93.4640522875817,95.39473684210526,94.24460431654677,95.8904109589041,96.26865671641791,95.58823529411765,95.57522123893806,91.91919191919192,95.14563106796116,97.11538461538461,97.84946236559139,91.37931034482759,92.66055045871559,93.04347826086956,95.65217391304348,94.0,92.5,93.87755102040816,98.9795918367347,94.5054945054945,94.36619718309859,94.52054794520548,94.94949494949495,98.88888888888889,97.82608695652173,94.44444444444444,95.83333333333334,95.83333333333334,95.23809523809523,95.23809523809523,100.0,100.0,96.07843137254902,100.0,100.0,100.0,97.72727272727273,100.0,98.11320754716981,93.47826086956522,100.0,100.0,100.0,96.96969696969697,96.875,100.0,96.29629629629629,100.0,97.05882352941177,100.0,100.0,100.0,96.875,100.0,100.0,100.0,100.0,97.2972972972973,97.22222222222221,96.55172413793103,100.0,96.66666666666667,100.0,100.0,100.0,100.0,100.0,100.0,96.0,100.0,100.0,100.0,94.73684210526315,100.0,100.0,100.0,100.0,94.44444444444444,100.0,100.0,100.0,100.0,100.0,100.0,100.0,90.9090909090909,100.0,100.0,100.0,95.83333333333334,100.0,100.0,100.0,100.0,100.0,100.0,100.0,95.0,100.0,100.0,100.0,100.0,100.0,100.0,100.0,100.0,100.0,100.0,100.0,100.0,91.66666666666666,100.0,100.0,100.0,93.33333333333333,100.0,100.0,100.0,100.0,100.0,100.0,87.5,100.0,100.0,100.0,100.0,100.0,100.0,100.0,100.0,100.0,100.0,100.0,100.0,100.0,100.0,100.0,100.0,100.0,100.0,100.0,100.0,100.0],"cluster_post_filtering_doc_counts":[1193,668,388,391,328,175,235,289,187,224,219,172,146,95,108,66,52,44,44,29,26,33,26,23,13,12,11,16,14,12,14,15,15,5,4,1,5,6,5,4,6,11,3,5,5,2,8,4,3,4,6,8,9,5,8,7,5,5,8,10,6,5,7,10,15,9,10,5,11,3,12,9,10,7,8,6,5,6,5,8,5,3,2,10,8,8,4,6,6,6,1,5,4,4,5,1,2,4,3,3,3,3,0,0,2,0,0,0,1,0,1,3,0,0,0,1,1,0,2,0,1,0,0,0,1,0,0,0,0,1,1,1,0,1,0,0,0,0,0,0,1,0,0,0,1,0,0,0,0,1,0,0,0,0,0,0,0,2,0,0,0,1,0,0,0,0,0,0,0,1,0,0,0,0,0,0,0,0,0,0,0,0,1,0,0,0,1,0,0,0,0,0,0,1,0,0,0,0,0,0,0,0,0,0,0,0,0,0,0,0,0,0,0,0,0],"tail_threshold":216,"tail_removal_rate":99.83089064261556,"tail_post_filtering_doc_counts":3,"global_removal_rate":99.67747557799727}