{"cluster_sizes":[1,2,3,4,5,6,7,8,9,10,11,12,13,14,15,16,17,18,19,20,21,22,23,24,25,26,27,28,29,30,31,32,33,34,35,36,37,38,39,40,41,42,43,44,45,48,49,52,53,54,55,56,57,59,61,66,67,68,69,71,73,78,83,110,119,155,184,205],"cluster_removal_rates":[68.08106396453452,68.71401151631477,62.323943661971825,85.46255506607929,47.368421052631575,92.45283018867924,83.07692307692308,85.71428571428571,93.33333333333333,86.48648648648648,75.0,100.0,88.88888888888889,100.0,83.33333333333334,87.5,87.5,83.33333333333334,100.0,100.0,100.0,100.0,100.0,100.0,100.0,100.0,100.0,100.0,92.3076923076923,100.0,100.0,100.0,100.0,100.0,100.0,100.0,100.0,100.0,100.0,100.0,100.0,100.0,100.0,100.0,100.0,100.0,100.0,100.0,0.0,100.0,100.0,100.0,100.0,100.0,100.0,100.0,100.0,100.0,100.0,100.0,100.0,100.0,100.0,100.0,100.0,100.0,0.0,100.0],"cluster_post_filtering_doc_counts":[504,163,107,33,100,4,11,6,2,5,7,0,2,0,1,1,1,1,0,0,0,0,0,0,0,0,0,0,1,0,0,0,0,0,0,0,0,0,0,0,0,0,0,0,0,0,0,0,1,0,0,0,0,0,0,0,0,0,0,0,0,0,0,0,0,0,1,0],"tail_threshold":257,"tail_removal_rate":100.0,"tail_post_filtering_doc_counts":0,"global_removal_rate":71.2688821752266}