{"cluster_sizes":[1,2,3,4,5,6,7,8,9,10,11,12,13,14,15,16,17,18,21,23,24,26,27,34,35,38,40,47,60,62,72,84],"cluster_removal_rates":[78.43803056027164,81.25,94.44444444444444,91.17647058823529,87.64044943820225,78.28571428571428,63.86138613861386,60.76555023923444,62.643678160919535,54.65116279069767,62.22222222222222,27.77777777777778,33.33333333333333,60.0,42.857142857142854,66.66666666666666,66.66666666666666,33.33333333333333,0.0,100.0,50.0,100.0,100.0,100.0,0.0,0.0,100.0,100.0,100.0,100.0,100.0,100.0],"cluster_post_filtering_doc_counts":[127,6,1,3,11,38,73,82,65,39,17,13,4,2,4,1,1,2,1,0,1,0,0,0,1,1,0,0,0,0,0,0],"tail_threshold":762,"tail_removal_rate":100.0,"tail_post_filtering_doc_counts":0,"global_removal_rate":71.30384167636788}