{"cluster_sizes":[1,2,3,4,5,6,7,8,9,10,11,13,17,18,19,20,21,22,23,24,25,26,27,28,31,32,33,34,35,37,40],"cluster_removal_rates":[81.53310104529616,33.170731707317074,45.65217391304348,56.25,75.0,60.0,66.66666666666666,75.0,50.0,100.0,100.0,100.0,66.66666666666666,25.0,20.0,41.66666666666667,20.0,16.666666666666664,22.22222222222222,9.090909090909092,8.333333333333332,58.333333333333336,25.0,0.0,25.0,0.0,0.0,0.0,100.0,50.0,0.0],"cluster_post_filtering_doc_counts":[53,137,25,14,4,2,1,1,1,0,0,0,1,3,4,7,8,10,14,20,11,5,3,4,3,1,1,2,0,1,1],"tail_threshold":43,"tail_removal_rate":0.0,"tail_post_filtering_doc_counts":1,"global_removal_rate":53.950953678474114}