{"cluster_sizes":[1,2,3,4,5,6,7,8,9,10,11,12,13,14,15,16,17,18,19,20,21,22,23,24,25,26,27,28,29,30,31,32,33,34,35,36,37,38,39,40,41,42,43,44,45,46,47,48,49,50,51,52,53,54,55,56,57,58,59,60,61,62,63,64,65,66,67,68,69,70,71,72,73,74,75,76,77,78,79,80,81,82,83,84,85,86,87,88,89,90,91,92,93,94,95,96,97,98,99,100,101,102,103,104,105,106,107,108,109,110,111,112,113,114,115,116,117,118,119,120,121],"cluster_removal_rates":[65.26370432822402,55.919444707694254,54.39243296454022,53.54259662626124,54.924749499522655,56.19638190173618,56.63003952285397,55.10583207400064,54.885027572573094,56.1629523787575,56.7107418134039,56.76724523575199,56.94347522679693,57.44490601888936,58.03479602331162,58.55892874407812,59.023157160705466,59.58581228258396,60.09353967831477,60.529250300223026,60.72404032378209,61.1380985426787,62.05817138385288,63.34241468310869,62.84893922475674,62.80330637276686,63.00519189656928,63.272727272727266,63.395731489209496,65.67598330593145,65.5668358714044,64.77389140933704,65.16990291262135,66.79051157473563,67.3390439347886,66.83848797250859,67.1081042176479,66.42371234207968,66.34463722397477,68.54545454545455,67.76500638569604,70.12847965738757,70.66150013838916,71.17224880382776,72.03838517538055,71.69466764061359,71.51418298042348,71.73465183353936,71.80417044424297,71.77033492822966,71.29237288135593,71.5036803364879,72.74238227146814,75.0,73.70242214532871,72.95032914422501,74.05189620758483,72.78401997503121,72.6740403383214,73.13432835820896,73.56733524355302,75.54904831625183,74.8221906116643,74.51420029895365,72.16238608119305,74.25742574257426,74.67134092900965,74.1472172351885,73.2701421800948,75.91876208897486,77.02205882352942,74.66529351184346,73.17813765182186,75.56207233626589,72.15727948990435,73.8562091503268,72.63157894736842,76.07655502392345,75.09293680297398,74.90445859872611,74.46808510638297,76.86335403726709,77.5330396475771,76.69172932330827,74.21487603305785,75.83892617449665,78.79282218597064,77.38693467336684,77.52613240418118,78.59848484848484,77.38970588235294,79.06976744186046,77.08333333333334,79.68397291196389,76.77419354838709,75.669099756691,80.93922651933701,74.16879795396419,82.40223463687151,81.20649651972158,78.57142857142857,77.11267605633803,80.1526717557252,79.18088737201366,78.49462365591397,75.18248175182481,79.83193277310924,79.6875,74.34782608695653,74.04255319148936,78.44827586206897,83.11688311688312,77.5330396475771,79.42583732057416,84.65346534653465,75.24752475247524,75.71428571428571,73.68421052631578,79.41176470588235,79.58115183246073,73.29545454545455],"cluster_post_filtering_doc_counts":[2485218,1037245,532799,380501,258260,180343,120817,93282,69376,57064,46784,38657,28999,22844,19586,17145,14103,12431,10495,9203,7909,6720,5818,5113,4658,4185,3634,3333,3070,2714,2442,2407,2296,2324,2364,2509,2285,2073,1707,1384,1262,1116,1060,964,845,775,713,686,622,590,542,542,492,423,456,452,390,436,420,414,369,334,354,341,336,312,289,288,282,249,250,246,265,250,262,240,234,200,201,197,180,149,153,155,156,144,130,135,129,113,123,108,99,90,108,100,69,101,63,81,66,65,52,61,60,68,48,52,59,61,50,39,51,43,31,50,51,60,42,39,47],"tail_threshold":122,"tail_removal_rate":81.78541136556404,"tail_post_filtering_doc_counts":2577,"global_removal_rate":60.67505549842892}