{"cluster_sizes":[1,2,3,4,5,6,7,8,9,10,11,12,13,14,15,16,17,18,19,21,22,23,24,25,26,27,28,29,30,31,32,33,34,36,37,38,39,40,41,43,45,46,48,49,50,61,62,65,117,151],"cluster_removal_rates":[93.72549019607843,90.94827586206897,91.07142857142857,91.07142857142857,86.58536585365853,96.22641509433963,89.1891891891892,96.42857142857143,94.44444444444444,94.44444444444444,93.33333333333333,100.0,80.0,100.0,100.0,60.0,100.0,100.0,100.0,100.0,100.0,100.0,75.0,100.0,100.0,100.0,100.0,100.0,100.0,100.0,100.0,100.0,100.0,100.0,100.0,100.0,100.0,100.0,100.0,50.0,100.0,100.0,100.0,100.0,100.0,100.0,100.0,100.0,100.0,100.0],"cluster_post_filtering_doc_counts":[48,21,10,10,11,2,4,1,1,1,1,0,2,0,0,2,0,0,0,0,0,0,1,0,0,0,0,0,0,0,0,0,0,0,0,0,0,0,0,1,0,0,0,0,0,0,0,0,0,0],"tail_threshold":523,"tail_removal_rate":100.0,"tail_post_filtering_doc_counts":0,"global_removal_rate":92.66750948166877}