{"cluster_sizes":[1,2,3,4,5,6,7,8,9,10,11,12,13,14,15,16,17,18,19,20,21,22,23,24,25,26,27,28,29,30,31,32,33,34,35,36,37,38,39,40,41,42,43,44,45,46,47,48,49,50,51,52,53,54,55,56,57,58,59,60,61,62,63,64,65,66,67,68,69,70,71,72,73,74,75,76,77,78,79,80,81,82,83,84,85,86,87,88,89,90,91,92,93,94,95,96,97,98,99,100,101,102,103,104,105,106,107,108,109,110,111,112,113,114,115,116,117,118,119,120,121,122,123,124,125,126,127,128,129,130,131,132,133,134,135,136,137,138,139,140,141,142,143,144,145,146,147,148,149,150,151,152,153,154,155,156,157,158,159,160,161,162,163,164,165,166,167,168,169,170,171,172,173,174,175,176,177,178,179,180,181],"cluster_removal_rates":[93.97033470807285,91.6017897989486,90.31128931405476,89.31563540930655,88.60680263800684,88.3591471180313,87.1943985670753,86.739814357401,85.82080766060986,85.74656089968873,85.47347868532378,85.13959111892724,84.04669260700389,84.22032320839327,85.04974455498791,84.66834124104568,83.93226346362115,82.23350253807106,79.47528109941103,81.96419167983149,83.57310137169623,85.50607287449394,86.06941838649156,87.57062146892656,87.2100728959576,86.85446009389672,86.02620087336244,89.65183752417795,89.75188781014025,90.2073732718894,87.53148614609572,92.10526315789474,90.60568603213845,92.04244031830238,91.31075110456554,92.50681198910081,90.73529411764706,91.46537842190016,94.24083769633508,95.77464788732394,93.7246963562753,94.09190371991247,94.9868073878628,93.66391184573003,94.73684210526315,93.22033898305084,93.88379204892966,93.84615384615384,94.44444444444444,93.75,94.31818181818183,96.66666666666667,95.37815126050421,95.40229885057471,95.81589958158996,93.68932038834951,95.3125,94.61883408071749,96.01990049751244,93.93939393939394,96.02272727272727,95.625,94.57831325301204,93.53233830845771,92.12121212121212,96.64429530201343,94.0,95.58823529411765,95.33333333333334,98.68421052631578,95.58823529411765,93.47826086956522,92.80575539568345,93.93939393939394,95.48387096774194,96.12403100775194,95.55555555555556,94.92753623188406,94.07407407407408,96.63865546218487,92.74193548387096,96.06299212598425,95.45454545454545,92.10526315789474,93.25842696629213,94.05940594059405,97.02970297029702,93.38842975206612,94.1747572815534,92.45283018867924,91.91919191919192,96.42857142857143,97.53086419753086,97.33333333333334,97.87234042553192,95.45454545454545,92.64705882352942,89.65517241379311,93.65079365079364,91.04477611940298,95.16129032258065,96.29629629629629,92.5925925925926,98.50746268656717,94.23076923076923,94.23076923076923,96.7741935483871,90.9090909090909,89.13043478260869,91.11111111111111,97.87234042553192,95.55555555555556,91.8918918918919,97.67441860465115,94.23076923076923,100.0,97.36842105263158,92.5,96.55172413793103,100.0,96.7741935483871,97.2972972972973,100.0,96.96969696969697,100.0,97.5,93.10344827586206,95.0,96.7741935483871,93.54838709677419,97.22222222222221,100.0,94.5945945945946,93.54838709677419,100.0,100.0,94.11764705882352,100.0,94.28571428571428,100.0,96.7741935483871,96.96969696969697,100.0,95.34883720930233,94.73684210526315,100.0,96.0,97.43589743589743,96.29629629629629,95.23809523809523,91.30434782608695,97.22222222222221,100.0,93.33333333333333,100.0,96.29629629629629,100.0,100.0,95.23809523809523,100.0,100.0,94.11764705882352,100.0,93.75,100.0,100.0,100.0,96.0,100.0,100.0,100.0,100.0,100.0,100.0,86.66666666666667,100.0,93.33333333333333,100.0,100.0,100.0,90.9090909090909],"cluster_post_filtering_doc_counts":[60542,25113,15030,10585,7463,5667,5505,5100,3613,2839,2232,2028,1968,1865,1668,1648,1632,1575,1150,685,491,358,297,220,193,168,160,107,95,85,99,63,76,60,59,55,63,53,33,24,31,27,19,23,20,24,20,20,16,18,15,9,11,12,10,13,9,12,8,12,7,7,9,13,13,5,9,6,7,2,6,9,10,8,7,5,6,7,8,4,9,5,5,9,6,6,3,8,6,8,8,3,2,2,2,4,5,6,4,6,3,2,4,1,3,3,2,5,5,4,1,2,3,1,3,0,1,3,1,0,1,1,0,1,0,1,2,1,1,2,1,0,2,2,0,0,2,0,2,0,1,1,0,2,1,0,1,1,1,1,2,1,0,2,0,1,0,0,1,0,0,1,0,1,0,0,0,1,0,0,0,0,0,0,2,0,1,0,0,0,1],"tail_threshold":182,"tail_removal_rate":99.27909371781668,"tail_post_filtering_doc_counts":14,"global_removal_rate":91.68360228451735}