{"cluster_sizes":[1,2,3,4,5,6,7,8,9,10,11,12,13,14,15,16,17,18,19,20,21,22,23,24,25,26,27,28,29,30,31,32,33,34,35,36,37,38,39,40,41,42,43,44,45,46,47,48,49,50,51,52,53,54,55,56,57,58,59,60,61,62,63,64,65,66,67,68,69,70,71,72,73,74,75,76,77,78,79,80,81,82,83,84,85,86,87,88,89,90,91,92,93,94,95,96,97,98,99,100,101,102,103,104,105,106],"cluster_removal_rates":[66.0864656348497,61.681837884698744,73.09048178613396,61.117717003567186,52.875695732838594,51.42857142857142,18.694904321651258,17.742426548942,17.328074932215923,18.861607142857142,41.47909967845659,63.681592039801,67.88321167883211,80.2547770700637,66.66666666666666,62.23776223776224,72.26890756302521,54.629629629629626,54.761904761904766,62.5,82.05128205128204,55.172413793103445,63.63636363636363,71.42857142857143,73.91304347826086,76.0,70.0,72.72727272727273,68.75,91.66666666666666,83.33333333333334,81.48148148148148,76.19047619047619,60.0,76.47058823529412,76.19047619047619,68.42105263157895,78.26086956521739,83.33333333333334,66.66666666666666,58.82352941176471,82.35294117647058,90.47619047619048,86.95652173913044,76.0,86.66666666666667,56.25,95.45454545454545,72.22222222222221,61.53846153846154,80.0,75.0,70.0,75.0,80.0,84.61538461538461,81.81818181818183,81.81818181818183,50.0,60.0,100.0,63.63636363636363,72.72727272727273,50.0,60.0,71.42857142857143,70.0,62.5,71.42857142857143,83.33333333333334,33.33333333333333,62.5,25.0,60.0,42.857142857142854,100.0,37.5,80.0,50.0,60.0,62.5,71.42857142857143,100.0,50.0,50.0,66.66666666666666,85.71428571428571,66.66666666666666,66.66666666666666,75.0,100.0,100.0,55.55555555555556,50.0,100.0,80.0,60.0,57.14285714285714,50.0,75.0,75.0,60.0,33.33333333333333,50.0,80.0,33.33333333333333],"cluster_post_filtering_doc_counts":[7209,1768,916,327,254,221,7563,10807,3354,1454,182,73,44,31,69,54,33,49,38,21,7,13,12,12,6,6,6,6,5,1,3,5,5,6,4,5,6,5,2,5,7,3,2,3,6,2,7,1,5,5,2,2,6,4,2,2,2,2,5,4,0,4,3,3,4,2,3,3,2,2,4,3,6,2,4,0,5,1,6,2,3,2,0,4,1,1,1,1,1,2,0,0,4,2,0,1,2,3,1,1,1,2,4,1,1,2],"tail_threshold":107,"tail_removal_rate":60.317460317460316,"tail_post_filtering_doc_counts":25,"global_removal_rate":43.91124871001032}