{"cluster_sizes":[1,2,3,4,5,6,7,8,16,17,18,19,20,21,22,23,24,25,26,27,28,29,30,31,32,33,34,35,36,37,38,40,43,44,47,48],"cluster_removal_rates":[83.0078125,50.0,19.718309859154928,21.052631578947366,0.0,40.0,50.0,100.0,100.0,66.66666666666666,64.28571428571429,75.0,60.0,64.70588235294117,52.83018867924528,63.503649635036496,61.53846153846154,60.264900662251655,55.81395348837209,52.94117647058824,51.85185185185185,51.42857142857142,35.294117647058826,10.0,0.0,16.666666666666664,100.0,0.0,0.0,0.0,33.33333333333333,0.0,0.0,0.0,100.0,100.0],"cluster_post_filtering_doc_counts":[87,21,57,15,4,3,1,0,0,2,5,6,14,24,50,50,55,60,57,48,26,17,11,9,4,5,0,4,5,2,2,2,1,2,0,0],"tail_threshold":54,"tail_removal_rate":100.0,"tail_post_filtering_doc_counts":0,"global_removal_rate":62.333139872315726}