{"cluster_sizes":[1,2,3,4,5,6,7,8,9,10,11,12,13,14,15,16,18,19,22,37,38,39,88],"cluster_removal_rates":[95.32163742690058,96.66666666666667,100.0,90.0,100.0,100.0,100.0,100.0,100.0,100.0,100.0,100.0,100.0,100.0,100.0,100.0,100.0,100.0,100.0,100.0,100.0,100.0,100.0],"cluster_post_filtering_doc_counts":[8,1,0,1,0,0,0,0,0,0,0,0,0,0,0,0,0,0,0,0,0,0,0],"tail_threshold":176,"tail_removal_rate":100.0,"tail_post_filtering_doc_counts":0,"global_removal_rate":96.32352941176471}