{"cluster_sizes":[1,2,3,4,5,6,7,8,9,10,11,12,13,14,15,16,17,18,19],"cluster_removal_rates":[97.23756906077348,100.0,100.0,100.0,97.2972972972973,100.0,100.0,100.0,100.0,100.0,100.0,100.0,100.0,100.0,100.0,100.0,100.0,100.0,100.0],"cluster_post_filtering_doc_counts":[5,0,0,0,1,0,0,0,0,0,0,0,0,0,0,0,0,0,0],"tail_threshold":22,"tail_removal_rate":100.0,"tail_post_filtering_doc_counts":0,"global_removal_rate":98.8929889298893}