{"cluster_sizes":[1,2,3,4,5,6,7,9,10,11,13,14,20,25,30,33,34,36,37,38],"cluster_removal_rates":[93.84615384615384,60.86956521739131,33.33333333333333,13.402061855670103,20.588235294117645,19.047619047619047,60.0,100.0,100.0,100.0,100.0,100.0,100.0,100.0,100.0,100.0,100.0,100.0,100.0,100.0],"cluster_post_filtering_doc_counts":[4,9,80,84,27,17,2,0,0,0,0,0,0,0,0,0,0,0,0,0],"tail_threshold":290,"tail_removal_rate":100.0,"tail_post_filtering_doc_counts":0,"global_removal_rate":41.46981627296588}