{"cluster_sizes":[1,3,4,6,7,16,17,18,19,20,21,22,23,24,25,26,27,28,29,30,31,32,33,34,36,37,39,40,41,43],"cluster_removal_rates":[61.111111111111114,0.0,100.0,100.0,100.0,0.0,0.0,0.0,25.0,14.814814814814813,14.814814814814813,13.333333333333334,12.903225806451612,15.151515151515152,32.25806451612903,9.67741935483871,45.0,23.076923076923077,16.666666666666664,33.33333333333333,100.0,25.0,0.0,0.0,0.0,14.285714285714285,0.0,0.0,0.0,0.0],"cluster_post_filtering_doc_counts":[14,1,0,0,0,1,3,7,6,23,23,26,27,28,21,28,11,10,5,2,0,3,4,1,5,6,1,1,2,1],"tail_threshold":52,"tail_removal_rate":100.0,"tail_post_filtering_doc_counts":0,"global_removal_rate":23.303834808259587}