{"cluster_sizes":[1,2,3,4,5,6,7,8,9,10,11,12,13,14,15,16,17,18,19,20,21,22,23,24,25,26,27,28,29,30,31,32,33,37],"cluster_removal_rates":[64.16,49.46808510638298,43.689320388349515,58.18181818181818,60.0,88.88888888888889,66.66666666666666,0.0,100.0,100.0,66.66666666666666,100.0,71.42857142857143,38.46153846153847,54.385964912280706,34.82142857142857,34.61538461538461,30.735930735930733,36.27760252365931,47.987616099071204,51.6728624535316,62.80487804878049,55.84415584415584,50.0,44.44444444444444,0.0,12.5,0.0,20.0,0.0,0.0,100.0,0.0,0.0],"cluster_post_filtering_doc_counts":[224,95,58,23,14,3,2,1,0,0,1,0,2,16,26,73,102,160,202,168,130,61,34,16,5,7,14,9,4,4,2,0,4,1],"tail_threshold":50,"tail_removal_rate":100.0,"tail_post_filtering_doc_counts":0,"global_removal_rate":49.270833333333336}