{"cluster_sizes":[1,2,3,4,5,6,9,10,13,16,17,18,19,20,21,22,23,24,25,26,27,28,29,30,31,33,34,35,36,37,38,39,40,60,64],"cluster_removal_rates":[53.28719723183391,58.2089552238806,41.37931034482759,50.0,33.33333333333333,50.0,100.0,100.0,100.0,0.0,66.66666666666666,50.0,15.0,38.88888888888889,43.58974358974359,40.74074074074074,44.827586206896555,47.368421052631575,50.79365079365079,54.83870967741935,60.0,54.54545454545454,77.77777777777779,44.44444444444444,75.0,0.0,0.0,0.0,0.0,0.0,0.0,0.0,100.0,0.0,100.0],"cluster_post_filtering_doc_counts":[135,28,17,2,2,1,0,0,0,1,1,1,17,11,22,32,32,30,31,28,10,5,2,5,1,2,3,3,2,2,5,1,0,1,0],"tail_threshold":67,"tail_removal_rate":0.0,"tail_post_filtering_doc_counts":1,"global_removal_rate":49.18032786885246}