{"cluster_sizes":[1,2,3,4,5,6,7,8,9,10,11,12,13,14,15,16,17,18,19,20,21,22,23,24,25,26,27,28,29,30,31,32,33,34,35,36,37,38,39,40,41,42,43,44,45,46,47,48,49,50,51,53,54,55,56,57,58,59,60,61,62,63,65,66,67,69,70,71,72,73,74,75,76,77,78,79,81,82,83,84,86,90,92,94,95,99,103,104,106,108,109,119,132,140],"cluster_removal_rates":[92.83664576469339,95.6003406187908,95.91041869522883,94.6974847042828,94.89894128970164,95.26315789473684,92.98245614035088,90.625,94.55958549222798,89.52702702702703,88.31168831168831,88.73239436619718,87.42514970059881,86.22754491017965,91.72932330827066,92.4812030075188,89.47368421052632,92.5,96.3855421686747,93.33333333333333,89.13043478260869,94.11764705882352,94.64285714285714,92.5,88.57142857142857,93.75,73.07692307692307,88.88888888888889,93.10344827586206,94.73684210526315,94.44444444444444,70.0,90.9090909090909,90.9090909090909,88.88888888888889,83.33333333333334,80.0,100.0,88.88888888888889,91.66666666666666,100.0,75.0,100.0,83.33333333333334,91.66666666666666,75.0,100.0,100.0,87.5,75.0,100.0,100.0,100.0,50.0,100.0,100.0,100.0,100.0,100.0,100.0,75.0,100.0,100.0,100.0,100.0,100.0,100.0,100.0,100.0,100.0,100.0,100.0,100.0,66.66666666666666,100.0,100.0,100.0,100.0,100.0,100.0,100.0,100.0,100.0,100.0,0.0,100.0,100.0,50.0,100.0,100.0,100.0,100.0,100.0,100.0],"cluster_post_filtering_doc_counts":[674,155,84,78,53,36,36,39,21,31,27,24,21,23,11,10,10,6,3,4,5,2,3,3,4,2,7,3,2,1,2,6,2,2,2,3,2,0,1,1,0,1,0,1,1,1,0,0,1,1,0,0,0,1,0,0,0,0,0,0,1,0,0,0,0,0,0,0,0,0,0,0,0,1,0,0,0,0,0,0,0,0,0,0,1,0,0,1,0,0,0,0,0,0],"tail_threshold":144,"tail_removal_rate":100.0,"tail_post_filtering_doc_counts":0,"global_removal_rate":93.56751824817519}