{"cluster_sizes":[1,2,3,4,5,6,7,8,9,10,11,12,13,14,15,16,17,18,19,20,21,22,23,24,25,26,27,28,29,30,31,32,33,34,35,36,37,38,39,40,41,42,43,44,45,46,47,48,49,50,51,52,54,55,56,58,59,60,61,62,63,65,66,68,69,70,71,72,75,77,78,80,82,83,88,90,91,94,95,100,102,104,110,111,112,115,118,123,126,129,130,133,145,148,150,151,159,167,169,170,171,174,185,193,212,213,218,220,239,245,257,270,275,297,302,322,339,343,375,384,403,424,426,447,470,475,532,554,555,562,611,622,636],"cluster_removal_rates":[91.77391677391678,68.79334257975034,83.83838383838383,72.76507276507277,91.92307692307692,61.130742049469966,80.92105263157895,87.21804511278195,89.53488372093024,96.55172413793103,85.29411764705883,87.6923076923077,88.70967741935483,75.0,86.48648648648648,84.84848484848484,84.61538461538461,83.33333333333334,100.0,93.75,80.0,100.0,100.0,100.0,100.0,100.0,100.0,100.0,94.11764705882352,100.0,100.0,90.0,100.0,84.61538461538461,81.81818181818183,87.5,100.0,100.0,85.71428571428571,100.0,100.0,100.0,75.0,100.0,100.0,100.0,100.0,100.0,50.0,100.0,100.0,100.0,100.0,100.0,50.0,100.0,100.0,100.0,100.0,100.0,100.0,100.0,100.0,0.0,100.0,100.0,100.0,100.0,100.0,100.0,100.0,100.0,100.0,100.0,100.0,100.0,100.0,100.0,100.0,100.0,100.0,100.0,100.0,100.0,100.0,100.0,100.0,100.0,100.0,100.0,100.0,100.0,100.0,100.0,100.0,100.0,100.0,100.0,100.0,100.0,100.0,100.0,100.0,100.0,100.0,100.0,100.0,100.0,100.0,100.0,100.0,100.0,100.0,100.0,100.0,100.0,100.0,100.0,100.0,100.0,100.0,100.0,100.0,100.0,100.0,100.0,100.0,100.0,100.0,100.0,100.0,100.0,100.0],"cluster_post_filtering_doc_counts":[1534,450,96,131,21,110,29,17,9,2,5,8,7,9,5,5,4,2,0,1,2,0,0,0,0,0,0,0,1,0,0,1,0,2,2,1,0,0,1,0,0,0,1,0,0,0,0,0,1,0,0,0,0,0,1,0,0,0,0,0,0,0,0,1,0,0,0,0,0,0,0,0,0,0,0,0,0,0,0,0,0,0,0,0,0,0,0,0,0,0,0,0,0,0,0,0,0,0,0,0,0,0,0,0,0,0,0,0,0,0,0,0,0,0,0,0,0,0,0,0,0,0,0,0,0,0,0,0,0,0,0,0,0],"tail_threshold":677,"tail_removal_rate":100.0,"tail_post_filtering_doc_counts":0,"global_removal_rate":89.22908453788875}