{"cluster_sizes":[1,2,3,4,5,6,7,8,9,10,11,12,13,14,15,16,17,18,19,20,21,22,23,24,25,26,27,28,29,30,31,32,33,34,35,36,37,38,39,40,41,42,43,44,45,46,47,48,49,50,51,52,53,54,55,56,57,58,59,60,61,62,63,64,65,66,67,68,69,70,71,72,73,74,75,76,77,78,79,80,81,82,83,84,85,86],"cluster_removal_rates":[74.48769412487196,71.99544326483917,70.68434935521688,71.24405511364654,70.34030104978616,70.68823300038993,70.5602149202515,70.62510484498193,71.34200201310573,73.6245398773006,71.38437509386357,72.39707308472185,71.75660792951541,72.40668041785881,73.0048076923077,73.22097378277154,71.93905513537213,72.08889939709185,73.40312547413139,74.0734529599195,74.57327839905827,73.06264501160092,73.82075471698113,74.15602836879432,73.63896848137536,76.4553207267334,77.66950872919203,80.04705882352941,77.69110764430577,77.98672566371681,78.09747504403994,79.22926192031352,79.05604719764013,76.80060652009098,75.75289575289575,79.67687074829932,80.24369016536119,81.35746606334841,82.98453139217472,83.92857142857143,80.69458631256384,81.04448742746615,83.73702422145328,81.6588785046729,82.70858524788392,81.55940594059405,80.688622754491,81.33903133903134,84.22712933753942,79.7716150081566,82.02247191011236,80.77634011090574,81.48854961832062,80.56112224448898,84.04255319148936,78.0241935483871,78.19383259911893,81.49038461538461,81.08108108108108,83.13253012048193,80.0,78.1094527363184,81.38957816377172,80.05181347150258,75.99009900990099,81.3157894736842,78.2874617737003,79.87616099071208,77.3972602739726,78.1456953642384,80.17492711370262,77.27272727272727,78.68217054263566,82.77310924369748,76.34854771784232,85.18518518518519,82.32558139534883,75.1269035532995,80.75117370892019,75.40106951871658,80.43478260869566,76.92307692307693,75.79617834394905,81.04575163398692,77.18120805369128,79.47019867549669],"cluster_post_filtering_doc_counts":[1138280,345637,156039,96379,64078,39089,26081,19262,13951,10748,9527,6262,5129,4147,3369,2860,2560,2361,1753,1546,1296,1161,999,911,828,635,550,424,429,398,373,318,284,306,314,239,227,206,187,162,189,196,141,157,143,149,129,131,100,124,96,104,97,97,75,109,99,77,77,70,80,88,75,77,97,71,71,65,66,66,68,60,55,41,57,36,38,49,41,46,36,39,38,29,34,31],"tail_threshold":87,"tail_removal_rate":82.8862660944206,"tail_post_filtering_doc_counts":1276,"global_removal_rate":73.3447160894303}