{"cluster_sizes":[1,2,3,4,7,8,11,17,18,19,20,21,22,23,24,25,26,27,28,29,42,66],"cluster_removal_rates":[61.904761904761905,50.0,100.0,100.0,100.0,0.0,100.0,0.0,0.0,100.0,0.0,50.0,100.0,100.0,60.0,100.0,71.42857142857143,100.0,100.0,100.0,0.0,0.0],"cluster_post_filtering_doc_counts":[8,1,0,0,0,1,0,1,1,0,1,1,0,0,2,0,2,0,0,0,1,1],"tail_threshold":89,"tail_removal_rate":0.0,"tail_post_filtering_doc_counts":1,"global_removal_rate":68.65671641791045}