{"cluster_sizes":[1,2,3,4,5,6,7,8,9,10,11,12,13,14,15,16,17,18,19,20,21,22,23,24,25,26,27,28,29,30,31,32,33,34,35,36,37,38,39,40,41,42,43,44,45,46,47,48,50,51,52,54,55,57,59,60,61,62,63,64,65,71,72,73,75,76,78,81,82,84,85,89,90,92,94,96,97,101,112,117,120,121],"cluster_removal_rates":[98.91161178509532,89.47677836566726,87.94416243654823,85.58758314855875,93.05135951661632,97.5609756097561,98.33333333333333,98.98989898989899,98.71794871794873,100.0,100.0,100.0,100.0,93.54838709677419,93.33333333333333,70.96774193548387,75.0,35.55555555555556,23.91304347826087,36.734693877551024,10.526315789473683,24.390243902439025,42.857142857142854,61.904761904761905,58.333333333333336,59.09090909090909,44.44444444444444,50.0,50.0,52.94117647058824,80.0,57.14285714285714,62.5,81.81818181818183,100.0,100.0,100.0,100.0,100.0,100.0,60.0,100.0,100.0,100.0,100.0,100.0,100.0,100.0,100.0,100.0,100.0,100.0,100.0,100.0,100.0,100.0,100.0,100.0,100.0,100.0,100.0,100.0,100.0,100.0,100.0,100.0,0.0,100.0,100.0,100.0,100.0,100.0,100.0,100.0,100.0,100.0,100.0,100.0,100.0,100.0,100.0,100.0],"cluster_post_filtering_doc_counts":[157,179,95,65,23,6,2,1,1,0,0,0,0,2,2,9,7,29,35,31,34,31,16,8,10,9,5,6,3,8,2,3,3,2,0,0,0,0,0,0,2,0,0,0,0,0,0,0,0,0,0,0,0,0,0,0,0,0,0,0,0,0,0,0,0,0,1,0,0,0,0,0,0,0,0,0,0,0,0,0,0,0],"tail_threshold":125,"tail_removal_rate":100.0,"tail_post_filtering_doc_counts":0,"global_removal_rate":95.87785459878482}