{"cluster_sizes":[1,2,3,4,5,6,7,12,18,19,20,21,22,23,24,25,26,27,28,29,30,31,32,33,35,36,37,38,39,40,41,43,46,51,67],"cluster_removal_rates":[72.22222222222221,40.0,42.857142857142854,14.285714285714285,14.285714285714285,33.33333333333333,0.0,100.0,25.0,50.0,37.5,23.809523809523807,25.0,25.0,31.70731707317073,34.48275862068966,40.625,15.0,33.33333333333333,14.285714285714285,50.0,25.0,0.0,0.0,0.0,0.0,0.0,0.0,25.0,0.0,100.0,100.0,100.0,0.0,100.0],"cluster_post_filtering_doc_counts":[25,27,8,6,6,2,3,0,3,5,10,16,21,33,28,19,19,17,6,6,1,3,1,1,2,2,3,4,3,1,0,0,0,1,0],"tail_threshold":81,"tail_removal_rate":100.0,"tail_post_filtering_doc_counts":0,"global_removal_rate":38.961038961038966}