{"cluster_sizes":[1,2,3,4,5,6,7,8,9,10,11,12,13,14,15,16,17,18,19,20,21,22,23,24,25,26,27,28,29,30,31,32,33,34,35,36,37,38,39,40,42,43,44,45,46,47,49,50,51,52,53,54,55,56,58,63,64,68,72,73,76,77,79,81,83,90,92,98,107,109,111,112,126],"cluster_removal_rates":[25.013448090371167,18.75843454790823,30.434782608695656,41.03896103896104,25.177304964539005,25.842696629213485,27.480916030534353,17.307692307692307,15.492957746478872,14.285714285714285,30.136986301369863,24.489795918367346,13.333333333333334,12.903225806451612,22.58064516129032,14.893617021276595,9.090909090909092,15.0,14.285714285714285,35.294117647058826,40.0,16.666666666666664,16.666666666666664,44.44444444444444,33.33333333333333,37.5,0.0,50.0,33.33333333333333,33.33333333333333,50.0,0.0,0.0,20.0,0.0,16.666666666666664,0.0,50.0,0.0,75.0,50.0,33.33333333333333,25.0,0.0,0.0,50.0,0.0,100.0,0.0,0.0,100.0,100.0,0.0,33.33333333333333,0.0,50.0,100.0,0.0,0.0,0.0,50.0,0.0,100.0,0.0,0.0,0.0,0.0,100.0,0.0,0.0,0.0,0.0,100.0],"cluster_post_filtering_doc_counts":[1394,602,336,227,211,132,95,86,60,72,51,37,26,27,24,40,20,17,18,11,6,10,5,5,6,5,4,4,4,2,4,6,4,4,2,5,1,1,6,1,2,2,3,1,1,2,3,0,1,2,0,0,2,2,1,1,0,1,1,1,1,3,0,1,1,2,1,0,1,1,1,1,0],"tail_threshold":128,"tail_removal_rate":40.0,"tail_post_filtering_doc_counts":3,"global_removal_rate":25.35123966942149}