{"cluster_sizes":[1,2,3,5,6,7,8,9,10,12],"cluster_removal_rates":[31.343283582089555,30.0,50.0,100.0,0.0,100.0,100.0,0.0,100.0,100.0],"cluster_post_filtering_doc_counts":[92,14,4,0,2,0,0,1,0,0],"tail_threshold":35,"tail_removal_rate":100.0,"tail_post_filtering_doc_counts":0,"global_removal_rate":34.68208092485549}