{"cluster_sizes":[1,2,3,4,5,6,7,8,9,10,12,14,16,17,18,19,20,21,22,23,24,25,26,27,28,29,30,31,32,33,34,35,36,37,38,39,40,41,42,43,45,49,50],"cluster_removal_rates":[72.35169491525424,78.65168539325843,66.66666666666666,100.0,100.0,87.5,100.0,100.0,100.0,100.0,100.0,66.66666666666666,75.0,85.71428571428571,57.14285714285714,68.08510638297872,74.0,60.0,69.0,70.77922077922078,81.33333333333333,76.92307692307693,80.0,82.95454545454545,82.6086956521739,76.92307692307693,77.77777777777779,60.0,83.33333333333334,0.0,33.33333333333333,0.0,50.0,0.0,0.0,0.0,100.0,0.0,0.0,100.0,100.0,100.0,100.0],"cluster_post_filtering_doc_counts":[261,19,4,0,0,1,0,0,0,0,0,1,1,1,9,15,13,38,31,45,28,33,23,15,8,6,4,2,1,2,4,1,1,5,2,1,0,2,1,0,0,0,0],"tail_threshold":53,"tail_removal_rate":100.0,"tail_post_filtering_doc_counts":0,"global_removal_rate":73.44970142397796}