{"cluster_sizes":[1,2,3,4,5,6,7,8,9,10,11,12,13,14,15,16,17,18,19,20,21,22,23,24,25,26,27,28,29,30,31,32,33,34,35,36,37,38,39,40,41,42,43,44,45,46,47,48,49,50,51,52,53,54,55,56,57,58,59,60,61,62,63,64,65,66,67,68,69,70,71,72,73,74,75,76,77,78,79,80,81,82,83,84,85,86,87,88,89,90,91,92,93,94,95,96,97,98,99,100,101,102,103,104,105,106,107,108,109,110,111,112,113,114,115,116,117,118,119,120,121,122,123,124,125,126,127,128,129,130,131,132],"cluster_removal_rates":[60.31531729029117,53.2700205338809,46.45708941802748,43.52807486631016,45.50032882212454,46.62624086907661,27.302335108562065,20.410404825830746,27.15066400282054,31.5550417045173,32.67321418987817,35.49607215594995,40.4637610780624,44.900800556909154,43.89747762408462,35.1346624693949,39.697243560777224,42.99172138167285,44.43666899930021,47.53623188405797,48.60696517412935,49.91698948533481,47.31977818853974,45.65075212557227,53.36065573770492,55.14285714285714,54.64601769911505,54.021608643457384,55.83554376657824,55.61797752808989,56.780923994038744,59.2964824120603,56.424581005586596,56.56565656565656,56.20300751879699,57.227722772277225,61.63265306122449,62.06225680933852,63.17829457364341,64.375,62.55411255411255,67.32673267326733,62.824207492795395,65.37216828478964,63.013698630136986,64.25992779783394,58.44155844155844,60.591133004926114,65.19607843137256,64.82412060301507,63.87096774193548,65.74585635359117,69.8224852071006,67.79661016949152,64.70588235294117,62.57309941520468,65.97222222222221,60.17699115044248,66.37931034482759,62.03703703703704,76.28865979381443,55.670103092783506,62.06896551724138,65.26315789473685,66.10169491525424,66.99029126213593,53.16455696202531,66.66666666666666,59.70149253731343,65.82278481012658,58.9041095890411,71.25,58.69565217391305,74.35897435897436,55.38461538461539,62.5,68.05555555555556,74.28571428571429,67.9245283018868,73.21428571428571,74.54545454545455,74.24242424242425,64.40677966101694,63.46153846153846,59.523809523809526,70.0,58.139534883720934,69.23076923076923,70.0,53.84615384615385,56.25,68.75,72.0,60.71428571428571,53.125,75.0,73.52941176470588,53.84615384615385,65.0,83.33333333333334,63.63636363636363,63.1578947368421,60.86956521739131,90.0,56.00000000000001,55.55555555555556,68.75,76.47058823529412,69.23076923076923,71.42857142857143,76.92307692307693,72.72727272727273,56.52173913043478,68.42105263157895,73.33333333333333,52.63157894736842,71.42857142857143,78.94736842105263,69.56521739130434,61.53846153846154,84.61538461538461,75.0,62.5,72.72727272727273,77.77777777777779,63.63636363636363,61.111111111111114,81.81818181818183,91.66666666666666,75.0,62.5,76.92307692307693],"cluster_post_filtering_doc_counts":[262486,100133,52101,42241,31491,22797,35491,45651,24795,16576,12545,8868,4904,3166,2758,3709,2669,1997,1588,1267,1033,905,855,831,569,471,410,383,333,316,290,243,234,215,233,216,188,195,190,171,173,132,129,107,108,99,96,80,71,70,56,62,51,57,66,64,49,45,39,41,23,43,33,33,20,34,37,29,27,27,30,23,19,20,29,24,23,18,17,15,14,17,21,19,17,12,18,12,12,24,14,10,7,11,15,9,9,12,14,3,12,7,9,2,11,8,5,4,4,4,3,6,10,6,4,9,4,4,7,5,2,3,6,3,2,4,7,2,1,2,3,3],"tail_threshold":133,"tail_removal_rate":77.40793201133145,"tail_post_filtering_doc_counts":319,"global_removal_rate":51.15765574003122}