{"cluster_sizes":[1,2,3,4,5,6,7,9,10,12,14,18,25,32],"cluster_removal_rates":[41.07142857142857,36.36363636363637,42.857142857142854,42.857142857142854,100.0,100.0,100.0,100.0,66.66666666666666,100.0,100.0,100.0,100.0,100.0],"cluster_post_filtering_doc_counts":[99,21,12,4,0,0,0,0,1,0,0,0,0,0],"tail_threshold":197,"tail_removal_rate":100.0,"tail_post_filtering_doc_counts":0,"global_removal_rate":44.3089430894309}