{"cluster_sizes":[1,2,3,4,5,6,7,8,16,17,19,20,21,25,29,32,37,39,44,56,59],"cluster_removal_rates":[82.6923076923077,70.58823529411765,17.17171717171717,31.03448275862069,23.456790123456788,8.823529411764707,0.0,25.0,30.0,28.57142857142857,37.5,100.0,0.0,100.0,100.0,100.0,100.0,0.0,0.0,100.0,100.0],"cluster_post_filtering_doc_counts":[9,5,82,20,62,31,9,3,7,5,5,0,1,0,0,0,0,1,1,0,0],"tail_threshold":62,"tail_removal_rate":100.0,"tail_post_filtering_doc_counts":0,"global_removal_rate":33.2409972299169}