{"cluster_sizes":[1,2,3,4,5,6,7,8,9,10,11,12,13,14,15,16,17,18,19,20,21,22,23,24,25,26,27,28,29,30,31,32,33,34,35,36,37,38,39,40,41,42,43,44,45,46,47,48,49,50,51,52,53,54,55,56,57,58,59,60,61,62,63,64,65,66,67,68,69,70,71,72,73,74,75,76,77,78,79,80,81,82,83,84,85,86,87,88,89,90,91,92,93,94,95,96,97,98,99,100,101,102,103,104,105,106,107,108,109,110,111,112,113,114,115,116,117,118,119,120,121,122,123,124,125,126,127,128,129,130,131,132,133,134,135,136,137,138,139,140,141,142,143,144,145,146,147,148],"cluster_removal_rates":[78.89618833907595,63.00731284636753,57.406239218909725,55.22913781965288,53.813323480957074,55.134522898615536,53.41549821493656,53.48460421837058,53.38573939452566,53.146339729606055,52.21031535709554,52.65233608349068,51.70111116217453,52.48862925002714,52.72352999061173,52.81541223044579,51.92832596598508,53.4326318889907,53.493250280010216,54.35327035931501,54.389677103718206,55.04817390471892,55.4992736300817,57.30424780215265,57.137542567702916,57.3264972507059,57.56427005085616,58.9570093457944,59.36339878040609,60.6015620820628,61.024357124671134,61.57595673307319,62.55064270812303,63.52909770421783,63.830726032892095,63.54524992568056,62.414062754553456,61.24223128836695,60.01056872977079,59.27552401072946,57.73232866881952,57.657221280374586,57.463903824080234,58.00172265288545,57.35832181478169,57.25345796157296,57.00919674658444,58.130235071602264,57.87208244922704,58.00176834659593,57.550908842421755,59.29266387330445,59.054341226472374,59.93098159509203,59.599934415477954,60.7434501531133,60.43812020220932,59.99809105660017,60.80032666394447,61.631205673758856,61.33232888506242,61.50271107668473,62.041485995546694,61.658932714617166,62.0376215124353,60.85359675785208,61.620754212356246,62.558606831882116,61.81113265023539,63.08982376350198,61.45801758108518,61.29668994837534,63.52881527801251,61.927413671599716,63.45674617301531,62.1904761904762,63.12597809076682,62.77372262773723,63.64572605561277,63.41991341991342,63.646532438478744,62.99121590383726,63.34212419084152,63.16926770708283,64.11238825031928,63.0965005302227,64.22143441505318,64.1316685584563,63.84615384615384,63.82660687593423,64.06747294716742,64.41815856777494,66.14547926580558,65.21438450899032,65.95446584938705,65.06581287797937,66.25141562853906,66.26602564102564,66.11177170035671,67.80660377358491,66.11535199321459,65.54800339847068,65.61541830924223,66.50290308173291,67.08746618575293,66.30588235294118,66.22549019607843,67.88029925187033,68.28669612174767,65.66265060240963,67.66374419804023,65.71879936808847,67.1858774662513,67.77905638665132,67.48193440800445,69.53405017921148,68.56971153846155,64.87654320987654,68.59872611464968,67.7712800519818,69.55922865013774,67.77620396600567,69.40041350792558,67.8374655647383,71.27222982216142,67.51824817518248,65.46153846153845,70.6103993971364,69.46624803767662,67.24409448818898,69.87951807228916,68.19296811120196,69.7907949790795,67.85714285714286,71.00340136054422,69.61226330027051,68.91766882516188,68.059181897302,70.51643192488262,70.54125998225376,69.42379182156134,69.9047619047619,70.0413223140496,71.75792507204612,69.51710261569416,70.08547008547008,70.08196721311475,68.3368869936034],"cluster_post_filtering_doc_counts":[14704586,6584867,3743368,2614814,1740138,1187949,848669,695354,510800,421831,346242,305418,241720,205681,177760,153516,131913,113833,94671,85484,74582,65738,57895,51965,44934,40201,36381,32937,30321,29459,27555,28063,27823,27324,27051,25752,23071,20330,18162,17156,16492,15735,14082,12190,10489,9055,8087,7748,6949,6650,6212,5732,5395,5225,4928,4615,4226,4191,3840,3787,3593,3479,3239,3305,3007,3091,2870,2795,2758,2597,2543,2549,2158,2161,2053,1985,1885,1836,1765,1690,1625,1601,1529,1534,1405,1392,1312,1264,1222,1210,1129,1113,996,1006,972,982,894,842,855,819,799,811,785,750,730,716,689,644,646,684,627,651,632,560,585,510,523,569,493,496,442,455,444,467,420,445,449,390,389,416,375,389,361,378,341,337,336,367,314,332,329,316,290,294,303,280,292,297],"tail_threshold":149,"tail_removal_rate":76.785699507593,"tail_post_filtering_doc_counts":28051,"global_removal_rate":70.14381936624144}