{"cluster_sizes":[1,2,3,4,5,6,7,8,9,10,11,12,13,14,15,16,17,18,19,20,21,22,23,24,25,26,27,28,29,30,31,32,33,34,35,36,37,38,39],"cluster_removal_rates":[89.35384615384615,91.73553719008265,85.71428571428571,100.0,71.42857142857143,75.0,100.0,100.0,66.66666666666666,100.0,100.0,100.0,100.0,100.0,100.0,95.65217391304348,78.57142857142857,71.875,66.66666666666666,77.58620689655173,69.31818181818183,71.91011235955057,61.36363636363637,59.756097560975604,52.77777777777778,60.0,68.75,68.75,66.66666666666666,60.0,0.0,50.0,33.33333333333333,0.0,0.0,0.0,0.0,0.0,0.0],"cluster_post_filtering_doc_counts":[173,10,5,0,2,1,0,0,1,0,0,0,0,0,0,1,6,9,17,13,27,25,34,33,34,22,10,5,3,2,2,1,2,3,1,3,2,4,4],"tail_threshold":40,"tail_removal_rate":33.33333333333333,"tail_post_filtering_doc_counts":2,"global_removal_rate":82.45681381957773}