{"cluster_sizes":[1,2,3,4,5,6,7,8,9,10,12,17],"cluster_removal_rates":[57.615894039735096,50.0,35.59322033898305,33.33333333333333,43.20987654320987,32.432432432432435,30.0,60.0,0.0,25.0,0.0,100.0],"cluster_post_filtering_doc_counts":[64,30,38,46,46,25,7,2,1,3,3,0],"tail_threshold":50,"tail_removal_rate":100.0,"tail_post_filtering_doc_counts":0,"global_removal_rate":45.02074688796681}