{"cluster_sizes":[1,2,3,4,5,6,7,8,9,11,14,15,20,22,28,33,41],"cluster_removal_rates":[69.48640483383686,87.71929824561403,66.66666666666666,51.724137931034484,25.0,100.0,50.0,100.0,100.0,100.0,100.0,100.0,100.0,100.0,100.0,100.0,100.0],"cluster_post_filtering_doc_counts":[101,7,13,14,12,0,1,0,0,0,0,0,0,0,0,0,0],"tail_threshold":58,"tail_removal_rate":100.0,"tail_post_filtering_doc_counts":0,"global_removal_rate":70.04048582995951}