{"cluster_sizes":[1,2,3,4,5,6,7,10,25,26,37,50],"cluster_removal_rates":[92.85714285714286,100.0,100.0,100.0,66.66666666666666,50.0,100.0,100.0,100.0,0.0,100.0,100.0],"cluster_post_filtering_doc_counts":[4,0,0,0,1,1,0,0,0,1,0,0],"tail_threshold":76,"tail_removal_rate":100.0,"tail_post_filtering_doc_counts":0,"global_removal_rate":91.95402298850574}