{"cluster_sizes":[1,2,3,4,5,6,7,8,9,10,11,12,13,14,15,16,17,18,19,20,21,22,23,24,25,26,27,28,29,30,31,32,33,34,35,36,37,38,39,40,41,42,43,44,45,46,47,48,49,50,51,52,53,54,55,56,57,58,59,60,61,62,63,64,65,66,67,68,69,70,71,72,73,74,75,76,77,78,79,80,81,82,83,84,85,86,87,88,89,90,91,92,93,94,95,96,97,98,99,100,101,102,103,104,105,106,107,108,109,110,111,112,113,114,115,116,117,118,119,120,121,122,123,124,125,126,127,128,129,130,131,132,133,134,135,136,137,138,139,140,141,142,143,144,145,146,147,148,149,150,151,152,153,154,155,156,157,158,159,160,161,162,163,164,165,166,167,168,169,170,171,172,173],"cluster_removal_rates":[98.8189070425355,96.91297472761087,95.07575191062323,94.2031746031746,94.50911458333333,93.92633443509067,90.42592592592592,89.90751548891083,88.82335766423358,88.16091155422775,88.52691218130312,88.41428297177961,88.1405750798722,87.24547971982408,86.26882966396292,88.37832268699773,86.52094717668488,86.35978537136401,83.65584995534385,76.57886385274516,70.09584664536742,72.0042046250876,70.96774193548387,74.64285714285714,75.74931880108991,82.00647249190939,82.63736263736263,86.54602675059009,89.26553672316385,90.0,92.61363636363636,92.68558951965066,93.7748344370861,93.75812743823147,93.84203480589022,94.6376811594203,94.77124183006535,93.95017793594306,92.16417910447761,94.93927125506073,92.3913043478261,92.54079254079254,91.33858267716536,93.17647058823529,91.7948717948718,93.51851851851852,92.49249249249249,94.8220064724919,93.51535836177474,93.83561643835617,95.47169811320755,95.53571428571429,93.33333333333333,90.83665338645417,91.10169491525424,94.4206008583691,91.70984455958549,93.71980676328504,91.70984455958549,93.98907103825137,92.52873563218391,93.15068493150685,97.79411764705883,95.40229885057471,96.37681159420289,97.79411764705883,92.6829268292683,96.8,98.36065573770492,99.07407407407408,98.34710743801654,97.22222222222221,95.86776859504133,98.24561403508771,99.14529914529915,98.11320754716981,97.32142857142857,94.91525423728814,100.0,97.05882352941177,97.89473684210527,100.0,97.05882352941177,98.61111111111111,98.50746268656717,95.94594594594594,92.42424242424242,97.2972972972973,98.82352941176471,100.0,97.14285714285714,97.1830985915493,96.875,98.50746268656717,98.52941176470588,94.52054794520548,100.0,96.22641509433963,98.18181818181819,97.14285714285714,97.05882352941177,98.14814814814815,100.0,100.0,98.27586206896551,92.3076923076923,100.0,96.0,97.5609756097561,94.73684210526315,95.34883720930233,97.77777777777777,100.0,100.0,100.0,93.61702127659575,97.5,100.0,100.0,97.22222222222221,97.36842105263158,96.875,100.0,100.0,100.0,96.0,97.36842105263158,96.0,100.0,100.0,93.75,100.0,96.96969696969697,100.0,95.83333333333334,100.0,95.0,96.0,96.55172413793103,100.0,100.0,100.0,96.7741935483871,93.75,100.0,95.83333333333334,100.0,92.85714285714286,100.0,100.0,100.0,96.0,100.0,100.0,94.11764705882352,95.0,100.0,100.0,92.85714285714286,100.0,100.0,91.66666666666666,100.0,93.75,94.11764705882352,95.0,88.23529411764706,100.0,100.0,100.0,100.0,100.0,100.0],"cluster_post_filtering_doc_counts":[20766,9976,6585,5478,4217,3326,2585,2248,1914,1704,1296,1207,928,783,711,564,518,483,549,738,936,799,747,568,445,278,237,171,114,101,65,67,47,48,46,37,32,34,42,25,35,32,33,29,32,21,25,16,19,18,12,10,15,23,21,13,16,13,16,11,13,10,3,8,5,3,9,4,2,1,2,3,5,2,1,2,3,6,0,3,2,0,2,1,1,3,5,2,1,0,2,2,2,1,1,4,0,2,1,2,2,1,0,0,1,3,0,2,1,2,2,1,0,0,0,3,1,0,0,1,1,1,0,0,0,1,1,1,0,0,1,0,1,0,1,0,1,1,1,0,0,0,1,1,0,1,0,2,0,0,0,1,0,0,1,1,0,0,1,0,0,1,0,1,1,1,2,0,0,0,0,0,0],"tail_threshold":174,"tail_removal_rate":98.37121212121212,"tail_post_filtering_doc_counts":43,"global_removal_rate":97.25264121438651}