{"cluster_sizes":[1,2,3,4,5,6,7,8,9,10,11,12,13,14,15,16,17,18,19,20,21,22,23,24,25,26,27,28,30,31,32,33,34,35,36,37,38,39,41,42,43,44,45,46,47,49,50,51,52,54,58,60,62,66,67,69,70,71,72,75,76,80,84,85,86,90,97,124,130,144,148,150,151,176,261,363,387,428,474],"cluster_removal_rates":[95.33473291345929,97.82608695652173,66.92307692307692,96.80851063829788,77.92207792207793,98.14814814814815,100.0,100.0,100.0,100.0,92.85714285714286,100.0,95.65217391304348,100.0,92.3076923076923,100.0,100.0,100.0,80.0,100.0,87.5,100.0,100.0,100.0,100.0,100.0,100.0,100.0,100.0,100.0,100.0,100.0,100.0,100.0,100.0,100.0,100.0,100.0,100.0,100.0,100.0,100.0,100.0,100.0,100.0,100.0,100.0,100.0,100.0,100.0,100.0,100.0,100.0,100.0,100.0,100.0,100.0,100.0,100.0,100.0,100.0,100.0,100.0,100.0,100.0,100.0,100.0,100.0,100.0,100.0,100.0,100.0,100.0,100.0,100.0,100.0,100.0,100.0,100.0],"cluster_post_filtering_doc_counts":[200,5,43,3,17,1,0,0,0,0,2,0,1,0,1,0,0,0,1,0,1,0,0,0,0,0,0,0,0,0,0,0,0,0,0,0,0,0,0,0,0,0,0,0,0,0,0,0,0,0,0,0,0,0,0,0,0,0,0,0,0,0,0,0,0,0,0,0,0,0,0,0,0,0,0,0,0,0,0],"tail_threshold":865,"tail_removal_rate":100.0,"tail_post_filtering_doc_counts":0,"global_removal_rate":94.8230421686747}