{"cluster_sizes":[1,2,3,4,5,6,7,8,9,10,11,12,13,14],"cluster_removal_rates":[60.28708133971292,52.85714285714286,57.692307692307686,68.96551724137932,70.58823529411765,92.3076923076923,81.48148148148148,73.68421052631578,82.75862068965517,100.0,100.0,100.0,0.0,100.0],"cluster_post_filtering_doc_counts":[83,33,11,9,5,1,5,10,5,0,0,0,2,0],"tail_threshold":26,"tail_removal_rate":100.0,"tail_post_filtering_doc_counts":0,"global_removal_rate":67.26546906187625}