{"cluster_sizes":[1,2,3,4,5,6,7,8,9,10,11,12,14],"cluster_removal_rates":[69.3097547062179,56.43564356435643,17.532467532467532,12.844036697247708,33.33333333333333,20.0,100.0,50.0,100.0,100.0,100.0,100.0,100.0],"cluster_post_filtering_doc_counts":[1614,44,127,95,12,4,0,1,0,0,0,0,0],"tail_threshold":21,"tail_removal_rate":100.0,"tail_post_filtering_doc_counts":0,"global_removal_rate":66.5018541409147}