{"cluster_sizes":[1,2,3,4,5,6,7,8,9,10,11,12,13,14,15,16,17,18,19,20,21,22,23,24,25,26,27,28,29,30,31,32,33,34,35,36,37,38,39,40,41,42,43,44,45,46,47,48,49,50,51,54,56,57,59,60,61,63,64,65,66,68,69,70,71,72,73,74,75,76,77,78,79,80,81,82,84,86,88,90,98,102],"cluster_removal_rates":[90.76620825147347,72.09957726632221,70.56451612903226,68.3090705487122,65.0,72.19730941704036,70.8185053380783,71.42857142857143,66.96428571428571,75.82417582417582,57.49999999999999,62.22222222222222,62.22222222222222,66.66666666666666,77.77777777777779,81.25,60.86956521739131,50.0,100.0,94.11764705882352,76.47058823529412,73.33333333333333,100.0,75.0,85.71428571428571,88.88888888888889,87.5,100.0,100.0,100.0,83.33333333333334,60.0,100.0,62.5,75.0,100.0,100.0,100.0,100.0,75.0,100.0,100.0,100.0,0.0,0.0,33.33333333333333,60.0,0.0,100.0,100.0,100.0,100.0,0.0,100.0,100.0,50.0,50.0,0.0,50.0,50.0,100.0,50.0,33.33333333333333,57.14285714285714,50.0,66.66666666666666,0.0,100.0,66.66666666666666,0.0,0.0,25.0,33.33333333333333,33.33333333333333,100.0,100.0,50.0,100.0,0.0,100.0,100.0,0.0],"cluster_post_filtering_doc_counts":[1081,594,292,283,224,124,82,54,37,22,34,17,17,10,4,6,9,5,0,1,4,4,0,1,1,1,1,0,0,0,1,2,0,3,2,0,0,0,0,1,0,0,0,1,1,2,2,2,0,0,0,0,1,0,0,1,1,2,1,1,0,1,4,3,1,1,1,0,1,1,1,3,2,2,0,0,1,0,1,0,0,1],"tail_threshold":104,"tail_removal_rate":84.21052631578947,"tail_post_filtering_doc_counts":3,"global_removal_rate":83.60664819944598}