{"cluster_sizes":[1,2,3,4,5,6,8,9,11,12,14,15,20,37],"cluster_removal_rates":[96.96969696969697,95.65217391304348,100.0,100.0,100.0,100.0,100.0,0.0,0.0,100.0,100.0,100.0,100.0,0.0],"cluster_post_filtering_doc_counts":[2,1,0,0,0,0,0,1,1,0,0,0,0,1],"tail_threshold":43,"tail_removal_rate":100.0,"tail_post_filtering_doc_counts":0,"global_removal_rate":95.08196721311475}