{"cluster_sizes":[1,2,3,4,5,6,7,8,9,10,11,12,13,14,15,16,17,18,19,20,21,22,23,24,25,26,27,28,29,30,31,32,33,34,35,36,37,38,39,40,41,42,43,44,45,46,47,48,49,50,51,52,55,56,57,58,60,61,62,63,66,69,71,72,74,79,87,89,90,91,93,101,103,104,105,113,120,121,125,127,136,143,144,145,172,176,189,201,203,222,228,230,259,261,278,301],"cluster_removal_rates":[98.6236210909827,98.78957169459963,100.0,100.0,99.29078014184397,100.0,100.0,100.0,100.0,79.01234567901234,98.27586206896551,100.0,100.0,100.0,100.0,95.65217391304348,100.0,100.0,100.0,100.0,93.75,100.0,100.0,100.0,100.0,100.0,100.0,100.0,100.0,50.0,100.0,100.0,100.0,100.0,100.0,100.0,100.0,100.0,100.0,100.0,100.0,100.0,100.0,100.0,100.0,100.0,100.0,100.0,100.0,100.0,100.0,100.0,100.0,100.0,100.0,100.0,100.0,100.0,100.0,100.0,100.0,100.0,100.0,100.0,100.0,100.0,100.0,100.0,100.0,100.0,100.0,100.0,100.0,100.0,100.0,100.0,100.0,100.0,100.0,100.0,100.0,100.0,100.0,100.0,100.0,100.0,100.0,100.0,100.0,100.0,100.0,100.0,100.0,100.0,100.0,100.0],"cluster_post_filtering_doc_counts":[136,13,0,0,2,0,0,0,0,17,1,0,0,0,0,1,0,0,0,0,1,0,0,0,0,0,0,0,0,1,0,0,0,0,0,0,0,0,0,0,0,0,0,0,0,0,0,0,0,0,0,0,0,0,0,0,0,0,0,0,0,0,0,0,0,0,0,0,0,0,0,0,0,0,0,0,0,0,0,0,0,0,0,0,0,0,0,0,0,0,0,0,0,0,0,0],"tail_threshold":322,"tail_removal_rate":100.0,"tail_post_filtering_doc_counts":0,"global_removal_rate":98.72004762613484}