{"cluster_sizes":[1,2,3,4,5,6,7,8,9,10,11,12,13,14,15,16,17,18,19,20,21,22,23,24,25,26,27,28,29,30,31,32,33,34,35,36,37,38,39,40,41,42,43,44,45,46,47,48,49,50,51,52,53,54,55,56,57,58,59,60,61,62,63,64,65,66,67,68,69,70,71,72,73,74,75,76,77,78,79,80,81,82,83,84,85,86,87,88,89,90,91,92,94,95,96,97,98,99,100,101,102,103,104,105,106,107,108,110,111,112,113,114,116,117,119,120,121,122,123,124,125,126,128,130,132,135],"cluster_removal_rates":[97.64262739123075,96.93734194998595,95.91804570527975,95.15219842164599,97.06997587038953,98.61575178997613,98.88971132494449,98.28282828282828,98.39901477832512,97.1563981042654,97.98657718120806,98.34437086092716,99.05660377358491,98.56262833675564,98.38274932614556,98.76543209876543,98.63945578231292,97.76119402985076,98.29059829059828,97.43589743589743,99.03846153846155,100.0,100.0,100.0,98.86363636363636,97.14285714285714,98.21428571428571,98.0392156862745,100.0,100.0,100.0,100.0,100.0,96.875,100.0,100.0,100.0,100.0,100.0,100.0,100.0,100.0,100.0,100.0,100.0,100.0,86.66666666666667,100.0,100.0,100.0,100.0,100.0,100.0,100.0,100.0,100.0,80.0,100.0,100.0,100.0,100.0,100.0,100.0,100.0,100.0,100.0,100.0,100.0,100.0,100.0,100.0,100.0,100.0,100.0,100.0,100.0,100.0,100.0,100.0,100.0,100.0,100.0,100.0,100.0,100.0,100.0,100.0,100.0,100.0,100.0,100.0,100.0,100.0,100.0,100.0,100.0,100.0,100.0,100.0,100.0,100.0,100.0,100.0,100.0,100.0,100.0,100.0,100.0,100.0,100.0,100.0,100.0,100.0,100.0,100.0,100.0,100.0,100.0,100.0,100.0,100.0,100.0,100.0,100.0,100.0,100.0],"cluster_post_filtering_doc_counts":[1671,436,259,215,85,29,15,17,13,18,12,10,5,7,6,3,2,3,2,3,1,0,0,0,1,2,1,1,0,0,0,0,0,1,0,0,0,0,0,0,0,0,0,0,0,0,2,0,0,0,0,0,0,0,0,0,1,0,0,0,0,0,0,0,0,0,0,0,0,0,0,0,0,0,0,0,0,0,0,0,0,0,0,0,0,0,0,0,0,0,0,0,0,0,0,0,0,0,0,0,0,0,0,0,0,0,0,0,0,0,0,0,0,0,0,0,0,0,0,0,0,0,0,0,0,0],"tail_threshold":137,"tail_removal_rate":100.0,"tail_post_filtering_doc_counts":0,"global_removal_rate":97.42691658685638}