{"cluster_sizes":[1,2,3,4,5,6,7,8,9,10,13,14,15,16,17,21,23,25,36,37,38,39,40,44,46,68,89],"cluster_removal_rates":[96.04221635883906,97.95918367346938,64.44444444444444,38.70967741935484,53.84615384615385,100.0,75.0,80.0,66.66666666666666,100.0,100.0,100.0,100.0,100.0,100.0,100.0,100.0,100.0,100.0,100.0,100.0,100.0,100.0,100.0,100.0,100.0,100.0],"cluster_post_filtering_doc_counts":[30,1,16,19,12,0,1,1,1,0,0,0,0,0,0,0,0,0,0,0,0,0,0,0,0,0,0],"tail_threshold":894,"tail_removal_rate":100.0,"tail_post_filtering_doc_counts":0,"global_removal_rate":91.52719665271967}