{"cluster_sizes":[1,2,3,4,5,6,7,8,9,10,11,12,16,17,18,19,20,21],"cluster_removal_rates":[83.33333333333334,61.111111111111114,33.6283185840708,50.0,58.333333333333336,54.83870967741935,35.483870967741936,55.55555555555556,57.14285714285714,44.44444444444444,0.0,33.33333333333333,33.33333333333333,100.0,0.0,40.0,0.0,100.0],"cluster_post_filtering_doc_counts":[4,7,75,14,15,14,20,16,6,5,1,4,12,0,2,3,1,0],"tail_threshold":29,"tail_removal_rate":100.0,"tail_post_filtering_doc_counts":0,"global_removal_rate":47.07446808510639}