{"cluster_sizes":[1,2,3,4,5,6,7,8,9,10,15,16,17,18,19,20],"cluster_removal_rates":[92.63803680981594,48.484848484848484,16.528925619834713,13.157894736842104,11.956521739130435,23.076923076923077,33.33333333333333,25.0,0.0,0.0,0.0,20.0,20.0,33.33333333333333,50.0,0.0],"cluster_post_filtering_doc_counts":[12,34,101,33,81,10,6,3,3,1,1,8,8,2,1,1],"tail_threshold":26,"tail_removal_rate":100.0,"tail_post_filtering_doc_counts":0,"global_removal_rate":43.30855018587361}