{"cluster_sizes":[1,2,3,4,5,6,7,8,9,10,11,12,13,14,15,17,18,22,33],"cluster_removal_rates":[100.0,100.0,92.3076923076923,100.0,100.0,100.0,100.0,100.0,100.0,100.0,100.0,100.0,100.0,100.0,100.0,100.0,0.0,100.0,100.0],"cluster_post_filtering_doc_counts":[0,0,1,0,0,0,0,0,0,0,0,0,0,0,0,0,1,0,0],"tail_threshold":171,"tail_removal_rate":100.0,"tail_post_filtering_doc_counts":0,"global_removal_rate":98.9795918367347}