{"cluster_sizes":[1,2,3,4,5,6,7,8,9,10,11,12,13,14,15,16,17,18,19,20,21,22,23,24,25,26,27,28,29,30,31,32,34,36,37,39,41,42,43,47,50,51,52,54,56,58],"cluster_removal_rates":[99.78436045851777,95.73333333333333,97.6878612716763,98.24561403508771,100.0,98.80952380952381,98.07692307692307,95.65217391304348,100.0,100.0,100.0,87.5,100.0,100.0,100.0,100.0,100.0,100.0,100.0,100.0,100.0,100.0,100.0,100.0,0.0,100.0,100.0,100.0,100.0,0.0,100.0,100.0,100.0,100.0,100.0,100.0,100.0,100.0,100.0,100.0,100.0,100.0,100.0,100.0,100.0,0.0],"cluster_post_filtering_doc_counts":[38,16,4,2,0,1,2,1,0,0,0,1,0,0,0,0,0,0,0,0,0,0,0,0,1,0,0,0,0,1,0,0,0,0,0,0,0,0,0,0,0,0,0,0,0,1],"tail_threshold":59,"tail_removal_rate":94.73684210526315,"tail_post_filtering_doc_counts":1,"global_removal_rate":99.63290061715259}