{"cluster_sizes":[1,2,3,4,5,6,9,13,16,17,25,36],"cluster_removal_rates":[25.438596491228072,17.24137931034483,30.76923076923077,85.71428571428571,0.0,100.0,100.0,100.0,100.0,0.0,100.0,100.0],"cluster_post_filtering_doc_counts":[85,24,9,1,3,0,0,0,0,1,0,0],"tail_threshold":118,"tail_removal_rate":100.0,"tail_post_filtering_doc_counts":0,"global_removal_rate":29.714285714285715}