{"cluster_sizes":[1,2,3,4,5,6,7,8,9,10,11,12,13,14,16,18,19,20,21,40,41,43,46,60,61,67,69],"cluster_removal_rates":[72.16117216117216,41.522491349480966,27.234401349072513,32.983193277310924,31.308411214953267,42.028985507246375,33.33333333333333,70.0,100.0,88.88888888888889,100.0,100.0,100.0,100.0,100.0,100.0,100.0,100.0,100.0,100.0,100.0,100.0,100.0,0.0,0.0,0.0,0.0],"cluster_post_filtering_doc_counts":[760,676,863,319,147,40,12,3,0,1,0,0,0,0,0,0,0,0,0,0,0,0,0,1,1,1,1],"tail_threshold":70,"tail_removal_rate":33.33333333333333,"tail_post_filtering_doc_counts":4,"global_removal_rate":52.0995597697257}