{"cluster_sizes":[1,2,3,4,5,6,7,8,9,10,11,12,13,14,15,16,17,18,19,20,21,22,23,26],"cluster_removal_rates":[86.10478359908885,70.51282051282051,91.66666666666666,100.0,100.0,100.0,100.0,66.66666666666666,60.0,33.33333333333333,20.689655172413794,0.0,9.67741935483871,4.838709677419355,2.564102564102564,10.526315789473683,20.0,0.0,0.0,0.0,100.0,100.0,100.0,100.0],"cluster_post_filtering_doc_counts":[61,23,2,0,0,0,0,1,2,6,23,32,56,59,38,17,8,6,1,3,0,0,0,0],"tail_threshold":35,"tail_removal_rate":100.0,"tail_post_filtering_doc_counts":0,"global_removal_rate":61.28293241695304}