{"cluster_sizes":[1,2,3,4,5,6,7,8,9,10,11,12,13,14,15,16,17,18,19,20,21,22,23,24,25,26,27,28,29,31,32,33,34,35,36,39,40,41,42,43,44,45,47,48,50,58,59,64],"cluster_removal_rates":[91.07206247781328,80.87349397590361,90.30837004405286,90.54054054054053,95.45454545454545,97.5609756097561,94.87179487179486,97.2972972972973,100.0,100.0,91.66666666666666,100.0,93.75,100.0,100.0,100.0,100.0,71.42857142857143,100.0,100.0,50.0,83.33333333333334,100.0,100.0,100.0,100.0,100.0,100.0,100.0,100.0,100.0,100.0,100.0,100.0,100.0,100.0,100.0,100.0,100.0,100.0,100.0,100.0,100.0,100.0,100.0,100.0,100.0,100.0],"cluster_post_filtering_doc_counts":[503,127,22,14,5,2,2,1,0,0,1,0,1,0,0,0,0,2,0,0,1,1,0,0,0,0,0,0,0,0,0,0,0,0,0,0,0,0,0,0,0,0,0,0,0,0,0,0],"tail_threshold":71,"tail_removal_rate":87.5,"tail_post_filtering_doc_counts":1,"global_removal_rate":90.42478620496284}