{"cluster_sizes":[1,2,3,4,5,6,7,8,9,10,11,12,13,14,15,16,17,18,19,20,21,22,23,24,25,26,27,28,29,30,31,32,33,34,35,36,37,38,39,40,41,44,45,47,48,49,50,51,52,54,55,56,58,59,61,67,70,71,75,77,78,79,83,87,89,93,94,95,99,102,108,113,114,115,117,119,120,121,123,125,127,131,132,133,135,136,137,138,139,141,142,144,145,148,150,152,154,159,160,161,163,164,168,172,173,174,175,176,177,196,201,202,203,205,206,251,273,287,291,297,334,380,395,426,690,737,777],"cluster_removal_rates":[79.4163223140496,68.55439642324889,64.82861400894187,54.44444444444444,56.99999999999999,66.79841897233202,55.483870967741936,53.70370370370371,51.76470588235295,48.68421052631579,66.66666666666666,57.14285714285714,53.57142857142857,67.85714285714286,46.666666666666664,65.0,77.77777777777779,56.25,62.5,33.33333333333333,78.57142857142857,63.63636363636363,66.66666666666666,71.42857142857143,100.0,63.63636363636363,66.66666666666666,100.0,66.66666666666666,66.66666666666666,80.0,75.0,60.0,50.0,0.0,100.0,100.0,100.0,100.0,33.33333333333333,50.0,100.0,66.66666666666666,100.0,100.0,100.0,100.0,100.0,100.0,100.0,66.66666666666666,100.0,50.0,50.0,100.0,0.0,100.0,100.0,100.0,100.0,66.66666666666666,66.66666666666666,0.0,0.0,0.0,0.0,66.66666666666666,100.0,100.0,100.0,100.0,100.0,66.66666666666666,100.0,100.0,100.0,0.0,0.0,100.0,100.0,100.0,100.0,50.0,100.0,0.0,100.0,50.0,100.0,100.0,100.0,100.0,100.0,0.0,100.0,0.0,0.0,100.0,100.0,0.0,0.0,100.0,100.0,50.0,100.0,0.0,100.0,100.0,100.0,100.0,100.0,100.0,100.0,100.0,50.0,100.0,0.0,0.0,0.0,100.0,100.0,100.0,50.0,100.0,0.0,100.0,100.0,0.0],"cluster_post_filtering_doc_counts":[797,422,236,246,129,84,69,50,41,39,19,21,13,9,8,7,6,7,6,6,3,4,3,2,0,4,1,0,2,1,1,1,2,2,1,0,0,0,0,2,1,0,1,0,0,0,0,0,0,0,1,0,1,1,0,3,0,0,0,0,1,1,1,1,1,1,1,0,0,0,0,0,1,0,0,0,2,1,0,0,0,0,1,0,2,0,1,0,0,0,0,0,1,0,1,1,0,0,1,1,0,0,1,0,1,0,0,0,0,0,0,0,0,1,0,1,1,1,0,0,0,1,0,1,0,0,1],"tail_threshold":794,"tail_removal_rate":87.5,"tail_post_filtering_doc_counts":1,"global_removal_rate":71.13584619276499}