{"cluster_sizes":[1,2,3,4,5,6,7,8,9,10,11,12,13,14,15,16,17,18,19,20,21,22,23,24,25,26,27,28,29,30,31,32,33,34,35,36,37,38,39,40,41,42,43,44,45,46,47,48,49,50,51,52,53,54,55,56,57,58,59,60,61,62,63,64,65,66,67,68,69,70,71,72,73,74,75,76,77,78,79,80,81,82,83,84,85,86,87,88,89,90,91,92,93,94,95,96,97,98,99,100,101,102,103,104,105,106,107,108,110,111,112,114,115,116,120,121,122,123,124,125,126,127,128,129,130,131,133,136,137,138,139,140,141,143,144,145,146,147,148,165,169,170,172],"cluster_removal_rates":[81.19452931761967,63.10924369747899,52.14752567693745,59.280997798972855,65.8254468980021,66.47058823529412,75.0,73.55555555555556,73.41772151898735,66.88311688311688,64.37908496732027,75.11520737327189,72.91666666666666,70.79646017699115,67.70833333333334,62.65060240963856,63.29113924050633,54.25531914893617,61.53846153846154,50.0,60.78431372549019,66.66666666666666,50.0,43.333333333333336,32.35294117647059,39.21568627450981,21.875,41.17647058823529,64.28571428571429,52.63157894736842,45.83333333333333,57.14285714285714,77.27272727272727,46.42857142857143,58.333333333333336,44.44444444444444,61.904761904761905,50.0,52.94117647058824,54.54545454545454,53.57142857142857,76.19047619047619,90.47619047619048,74.07407407407408,87.5,64.0,60.0,74.07407407407408,65.21739130434783,54.54545454545454,77.27272727272727,56.25,71.42857142857143,100.0,69.23076923076923,84.61538461538461,76.92307692307693,82.35294117647058,58.333333333333336,63.63636363636363,81.81818181818183,70.0,58.333333333333336,69.23076923076923,77.77777777777779,80.0,77.77777777777779,55.00000000000001,66.66666666666666,66.66666666666666,50.0,71.42857142857143,60.0,84.61538461538461,73.33333333333333,80.0,70.0,90.9090909090909,76.47058823529412,100.0,70.0,90.0,54.54545454545454,57.14285714285714,90.9090909090909,44.44444444444444,75.0,60.0,72.72727272727273,55.55555555555556,70.0,100.0,50.0,33.33333333333333,66.66666666666666,100.0,50.0,100.0,100.0,50.0,100.0,100.0,100.0,80.0,100.0,50.0,100.0,0.0,100.0,100.0,100.0,100.0,50.0,0.0,0.0,50.0,50.0,100.0,100.0,50.0,0.0,100.0,50.0,50.0,0.0,0.0,40.0,0.0,50.0,0.0,50.0,0.0,66.66666666666666,0.0,100.0,0.0,100.0,0.0,100.0,100.0,0.0,100.0,100.0],"cluster_post_filtering_doc_counts":[2585,1317,1025,555,325,228,116,119,105,102,109,54,39,33,31,31,29,43,25,36,20,12,16,17,23,31,25,10,5,9,13,9,5,15,10,15,8,11,16,15,13,5,2,7,2,9,10,7,8,10,5,7,4,0,4,2,3,3,5,4,2,3,5,4,2,2,2,9,3,1,6,4,4,2,4,2,3,1,4,0,3,1,5,3,1,5,3,2,3,4,3,0,1,2,2,0,1,0,0,2,0,0,0,1,0,1,0,1,0,0,0,0,1,1,1,1,2,0,0,1,1,0,1,2,1,2,3,2,1,2,1,2,1,1,0,1,0,1,0,0,1,0,0],"tail_threshold":180,"tail_removal_rate":70.37037037037037,"tail_post_filtering_doc_counts":8,"global_removal_rate":72.16907093205769}