{"cluster_sizes":[1,2,3,4,5,6,7,8,9,10,11,12,13,14,15,16,17,18,19,20,21,22,23,24,25,26,27,28,29,30,31,32,33,34,35,36,37,38,39,40,41,42,43,44,46,47,49,53,55,56,57,58,60,62,63,64,65,66,67,68,69,70,71,75,76,77,78,79,80,81,83,84,88,89,90,91,92,94,95,96,98,101,102,107,109,112,114,116,117,118],"cluster_removal_rates":[96.82394723490614,85.66840626254516,85.0,96.66666666666667,99.09638554216868,97.92387543252595,95.17241379310344,97.08029197080292,96.05263157894737,95.08196721311475,96.15384615384616,97.67441860465115,92.85714285714286,96.66666666666667,100.0,100.0,90.0,100.0,100.0,100.0,90.0,100.0,100.0,100.0,87.5,83.33333333333334,100.0,87.5,100.0,90.9090909090909,100.0,100.0,90.0,100.0,100.0,100.0,100.0,100.0,100.0,100.0,100.0,100.0,100.0,100.0,100.0,100.0,100.0,100.0,75.0,100.0,100.0,100.0,100.0,100.0,0.0,100.0,100.0,50.0,100.0,100.0,100.0,100.0,100.0,100.0,100.0,100.0,100.0,100.0,100.0,100.0,100.0,100.0,100.0,100.0,100.0,100.0,100.0,100.0,100.0,100.0,100.0,100.0,100.0,100.0,100.0,100.0,100.0,100.0,100.0,100.0],"cluster_post_filtering_doc_counts":[626,357,126,14,3,6,7,4,3,3,2,1,2,1,0,0,1,0,0,0,1,0,0,0,1,1,0,1,0,1,0,0,1,0,0,0,0,0,0,0,0,0,0,0,0,0,0,0,1,0,0,0,0,0,1,0,0,1,0,0,0,0,0,0,0,0,0,0,0,0,0,0,0,0,0,0,0,0,0,0,0,0,0,0,0,0,0,0,0,0],"tail_threshold":119,"tail_removal_rate":100.0,"tail_post_filtering_doc_counts":0,"global_removal_rate":95.34614309111971}