{"cluster_sizes":[1,2,3,4,5,6,7,8,9,10,11,12,13,14,15,16,17,18,19,20,21,22,23,24,25,26,27,28,29,30,31,32,33,34,35,36,37,38,39,40,41,42,43,44,45,46,47,48,49,50,51,52,53,54,55,56,57,58,59,60,61,62,63,64,65,66,67,68,69,70,71,72,73,74,75,76,77,78,79,80,81,82,83,84,85,86,87,88,89,90,91,92,93,94,95,96,97,98,99,100,101,102,103,104,105,106,107,108,109],"cluster_removal_rates":[99.93455225866961,99.41330498297009,99.37414730276977,99.6575579384296,99.11144823102346,99.29521179975296,99.05500106179656,99.16503587736464,98.56525763653194,98.53924674410419,97.29535662996649,97.86259541984734,97.71428571428571,98.69587897756912,97.94961921499707,98.71186440677965,97.66233766233766,98.53068280034573,98.17131857555341,97.38878143133462,94.94047619047619,94.73684210526315,92.95774647887323,92.56110520722636,91.29943502824858,90.69767441860465,90.42089985486213,84.43759630200309,81.99300699300699,78.11965811965813,75.90618336886993,80.51948051948052,84.29561200923787,87.6574307304786,90.9090909090909,92.3512747875354,95.93023255813954,97.39776951672863,96.8944099378882,96.86274509803921,96.59574468085106,96.88888888888889,96.51162790697676,98.84393063583815,95.30516431924883,97.81420765027322,96.94656488549617,96.81528662420382,98.7012987012987,98.0392156862745,99.19354838709677,100.0,100.0,99.16666666666667,99.03846153846155,100.0,98.91304347826086,99.01960784313727,100.0,97.33333333333334,98.50746268656717,98.83720930232558,100.0,98.71794871794873,100.0,100.0,100.0,97.6470588235294,97.2972972972973,97.14285714285714,100.0,92.42424242424242,100.0,98.55072463768117,98.52941176470588,98.4375,98.46153846153847,100.0,100.0,96.875,97.87234042553192,98.18181818181819,100.0,100.0,93.93939393939394,95.0,97.5609756097561,100.0,100.0,94.44444444444444,98.0392156862745,97.05882352941177,95.45454545454545,97.05882352941177,100.0,97.05882352941177,100.0,96.875,100.0,100.0,100.0,100.0,100.0,100.0,100.0,96.29629629629629,91.66666666666666,96.0,100.0],"cluster_post_filtering_doc_counts":[1404,596,289,99,164,97,89,64,93,83,113,70,56,25,35,19,27,17,19,27,51,50,65,70,77,80,66,101,103,128,113,90,68,49,33,27,14,7,10,8,8,7,6,2,10,4,4,5,2,3,1,0,0,1,1,0,1,1,0,2,1,1,0,1,0,0,0,2,2,2,0,5,0,1,1,1,1,0,0,2,1,1,0,0,2,2,1,0,0,2,1,1,2,1,0,1,0,1,0,0,0,0,0,0,0,1,2,1,0],"tail_threshold":110,"tail_removal_rate":99.30098684210526,"tail_post_filtering_doc_counts":17,"global_removal_rate":99.8055024918058}