{"cluster_sizes":[1,2,3,4,5,6,7,8,10,15,16,17,18,19,20,21,22,23,24,25,26,27,28,29,30,31,32,33,34,35,36,37,38,39,40,41,42],"cluster_removal_rates":[54.01234567901234,40.0,95.1219512195122,50.0,100.0,50.0,100.0,0.0,100.0,100.0,0.0,50.0,75.0,50.0,46.42857142857143,45.83333333333333,46.96969696969697,53.94736842105263,54.666666666666664,52.63157894736842,62.903225806451616,67.64705882352942,74.07407407407408,100.0,50.0,100.0,33.33333333333333,0.0,0.0,0.0,50.0,0.0,0.0,0.0,50.0,0.0,0.0],"cluster_post_filtering_doc_counts":[149,30,2,2,0,1,0,1,0,0,1,2,1,10,15,26,35,35,34,36,23,11,7,0,3,0,2,3,3,4,1,1,1,2,1,2,2],"tail_threshold":290,"tail_removal_rate":100.0,"tail_post_filtering_doc_counts":0,"global_removal_rate":54.8582995951417}