{"cluster_sizes":[1,2,3,4,5,6,7,8,9,10,11,12,13,14,15,16,17,18,19,20,21,22,23,24,25,28,29,34,37,38,39],"cluster_removal_rates":[69.39313984168865,71.37032842582106,27.659574468085108,21.712538226299692,55.81395348837209,70.0,54.54545454545454,93.75,71.42857142857143,91.66666666666666,60.0,72.72727272727273,85.71428571428571,68.75,90.9090909090909,100.0,100.0,75.0,66.66666666666666,83.33333333333334,88.88888888888889,66.66666666666666,100.0,100.0,100.0,100.0,100.0,100.0,100.0,100.0,100.0],"cluster_post_filtering_doc_counts":[116,1264,34,256,19,6,5,1,2,1,2,3,1,5,1,0,0,1,1,1,1,1,0,0,0,0,0,0,0,0,0],"tail_threshold":41,"tail_removal_rate":100.0,"tail_post_filtering_doc_counts":0,"global_removal_rate":68.13553045732272}