{"cluster_sizes":[1,2,3,4,5,6,7,8,9,10,11,12,13,14,15,16,17,18,19,20,24,29,38,46,54,64,65,75],"cluster_removal_rates":[17.92452830188679,27.27272727272727,36.36363636363637,27.27272727272727,50.0,16.666666666666664,100.0,40.0,20.0,0.0,0.0,14.285714285714285,0.0,80.0,33.33333333333333,0.0,20.0,66.66666666666666,0.0,66.66666666666666,100.0,0.0,0.0,0.0,0.0,0.0,0.0,0.0],"cluster_post_filtering_doc_counts":[87,24,14,8,5,5,0,3,4,3,10,6,4,1,2,3,4,1,1,1,0,1,1,1,1,3,1,1],"tail_threshold":108,"tail_removal_rate":0.0,"tail_post_filtering_doc_counts":1,"global_removal_rate":24.615384615384617}