{"cluster_sizes":[1,2,3,4,5,6,7,8,9,10,11,12,13,14,15,16,17,18,20,21,24,31,33,35,37,39,42,45,47,50,54,57,79,121,122],"cluster_removal_rates":[93.72716199756394,99.03381642512076,95.78947368421052,88.88888888888889,80.0,68.75,67.16417910447761,63.08724832214765,57.77777777777777,61.33333333333333,66.66666666666666,50.0,30.0,50.0,66.66666666666666,100.0,66.66666666666666,28.57142857142857,75.0,100.0,50.0,100.0,100.0,100.0,100.0,100.0,100.0,100.0,100.0,100.0,100.0,100.0,100.0,100.0,100.0],"cluster_post_filtering_doc_counts":[103,2,4,7,17,35,44,55,38,29,8,10,7,6,2,0,2,5,1,0,1,0,0,0,0,0,0,0,0,0,0,0,0,0,0],"tail_threshold":123,"tail_removal_rate":100.0,"tail_post_filtering_doc_counts":0,"global_removal_rate":86.41127574990965}