{"cluster_sizes":[1,2,3,4,5,6,7,8,9,10,11,12,13,14,15,16,17,18,19,20,21,22,23,24,26,28,29,30,31,32,33,34,35,36,38,39,41,50],"cluster_removal_rates":[87.01754385964912,87.38738738738738,41.17647058823529,85.13513513513513,52.5,60.0,37.03703703703704,73.91304347826086,66.66666666666666,63.63636363636363,60.0,50.0,100.0,100.0,100.0,100.0,40.0,66.66666666666666,100.0,80.0,50.0,100.0,100.0,0.0,33.33333333333333,100.0,100.0,100.0,50.0,0.0,100.0,100.0,50.0,100.0,0.0,100.0,100.0,0.0],"cluster_post_filtering_doc_counts":[37,196,20,11,19,14,17,6,5,4,2,2,0,0,0,0,3,1,0,1,1,0,0,1,2,0,0,0,1,1,0,0,1,0,1,0,0,1],"tail_threshold":55,"tail_removal_rate":33.33333333333333,"tail_post_filtering_doc_counts":2,"global_removal_rate":83.89478541762806}