{"cluster_sizes":[1,2,3,4,5,6,7,8,9,10,11,12,13,14,15,16,17,18,19,20,21,22,23,24,25,26,27,28,29,30,31,32,33,34,35,36,37,38,39,40,41,42,43,44,45,46,47,48,49,50,51,52,53,54,55,56,57,58,59,60,61,62,63,64],"cluster_removal_rates":[99.0928024151174,92.2176711527209,89.59849097278362,85.59183673469389,76.09801202034213,68.26873385012921,57.10955710955711,58.60552763819096,55.131264916467785,67.18446601941747,86.61417322834646,94.20289855072464,92.6829268292683,96.96969696969697,96.7741935483871,94.24083769633508,94.03973509933775,94.0677966101695,96.42857142857143,95.8904109589041,94.5945945945946,96.22641509433963,95.52238805970148,97.67441860465115,91.11111111111111,92.3076923076923,93.75,93.47826086956522,96.15384615384616,95.65217391304348,95.91836734693877,95.74468085106383,95.34883720930233,86.11111111111111,88.0,88.09523809523809,89.1891891891892,89.74358974358975,93.75,96.0,100.0,100.0,90.0,100.0,89.47368421052632,94.44444444444444,80.0,92.3076923076923,84.61538461538461,92.3076923076923,100.0,90.0,88.88888888888889,90.0,100.0,100.0,100.0,75.0,83.33333333333334,100.0,100.0,88.88888888888889,75.0,100.0],"cluster_post_filtering_doc_counts":[2374,532,386,353,517,614,736,659,376,169,34,12,12,5,6,11,9,7,3,3,4,2,3,1,4,3,2,3,1,2,2,2,2,5,3,5,4,4,2,1,0,0,2,0,2,1,1,1,2,1,0,1,1,1,0,0,0,1,1,0,0,1,2,0],"tail_threshold":65,"tail_removal_rate":94.79166666666666,"tail_post_filtering_doc_counts":15,"global_removal_rate":97.58885552684869}