{"cluster_sizes":[1,2,3,4,5,6,7,8,9,10,11,12,13,14,15,16,17,18,19,20,21,22,23,24,25,26,27,28,29,30,31,32,33,34,36,38,39,41,42,43,44,45,47,48,49,50,54,56,58,61,63,64,66,71,73,76,79,81,89,102,115,120,121,125,130],"cluster_removal_rates":[94.67779056386651,70.90203685741999,81.41592920353983,91.25,100.0,97.22222222222221,98.33333333333333,100.0,96.66666666666667,96.0,95.0,94.44444444444444,83.33333333333334,100.0,92.85714285714286,50.0,66.66666666666666,100.0,80.0,100.0,100.0,100.0,71.42857142857143,100.0,100.0,80.0,100.0,100.0,75.0,100.0,50.0,100.0,100.0,100.0,100.0,100.0,100.0,100.0,100.0,100.0,100.0,100.0,100.0,100.0,100.0,100.0,100.0,100.0,100.0,100.0,100.0,0.0,100.0,0.0,100.0,100.0,100.0,100.0,100.0,100.0,100.0,100.0,100.0,100.0,100.0],"cluster_post_filtering_doc_counts":[370,300,63,14,0,2,1,0,1,1,1,1,2,0,1,7,3,0,1,0,0,0,2,0,0,1,0,0,1,0,1,0,0,0,0,0,0,0,0,0,0,0,0,0,0,0,0,0,0,0,0,1,0,1,0,0,0,0,0,0,0,0,0,0,0],"tail_threshold":143,"tail_removal_rate":100.0,"tail_post_filtering_doc_counts":0,"global_removal_rate":91.44024740446211}