{"cluster_sizes":[1,2,3,4,5,6,7,8,9,10,11,12,13,14,15,16,17,18,20,21,22,31,36,37,38,39,50,52,54,128],"cluster_removal_rates":[79.92700729927007,84.0,58.333333333333336,65.21739130434783,100.0,100.0,100.0,100.0,100.0,100.0,100.0,100.0,100.0,100.0,50.0,100.0,100.0,100.0,0.0,100.0,50.0,100.0,100.0,100.0,100.0,100.0,100.0,100.0,100.0,100.0],"cluster_post_filtering_doc_counts":[55,12,15,8,0,0,0,0,0,0,0,0,0,0,1,0,0,0,1,0,1,0,0,0,0,0,0,0,0,0],"tail_threshold":250,"tail_removal_rate":100.0,"tail_post_filtering_doc_counts":0,"global_removal_rate":80.5439330543933}