{"cluster_sizes":[1,2,3,4,5,6,7],"cluster_removal_rates":[70.24390243902438,60.0,14.285714285714285,11.224489795918368,28.57142857142857,30.0,100.0],"cluster_post_filtering_doc_counts":[61,14,138,87,15,7,0],"tail_threshold":9,"tail_removal_rate":100.0,"tail_post_filtering_doc_counts":0,"global_removal_rate":39.587242026266416}