{"cluster_sizes":[1,2,3,4,5,6,7,8,9,10,11,12,13,14,15,16,17,18,20,22,25,26,27,31,32,41,44,53,60,65,85,112],"cluster_removal_rates":[98.99328859060402,97.91666666666666,100.0,97.95918367346938,100.0,100.0,100.0,100.0,92.3076923076923,100.0,100.0,100.0,100.0,100.0,100.0,100.0,100.0,100.0,100.0,100.0,100.0,100.0,50.0,100.0,100.0,100.0,100.0,100.0,100.0,100.0,100.0,100.0],"cluster_post_filtering_doc_counts":[3,2,0,1,0,0,0,0,1,0,0,0,0,0,0,0,0,0,0,0,0,0,1,0,0,0,0,0,0,0,0,0],"tail_threshold":137,"tail_removal_rate":100.0,"tail_post_filtering_doc_counts":0,"global_removal_rate":98.74804381846636}