{"cluster_sizes":[1,2,3,4,5,6,7,8,9,14,16,18,22,23,25],"cluster_removal_rates":[75.0,17.857142857142858,27.27272727272727,36.36363636363637,100.0,0.0,100.0,50.0,100.0,100.0,0.0,100.0,100.0,100.0,100.0],"cluster_post_filtering_doc_counts":[18,46,8,7,0,1,0,1,0,0,1,0,0,0,0],"tail_threshold":30,"tail_removal_rate":0.0,"tail_post_filtering_doc_counts":1,"global_removal_rate":49.696969696969695}