{"cluster_sizes":[1,2,3,4,5,6,7,8,9,10,11,12,13,15,16,17,18,20,22,23,24,26,30,31,34,35,39,40,44,50,51,60,65,70,74,84,93],"cluster_removal_rates":[91.28367670364501,91.66666666666666,100.0,95.55555555555556,100.0,100.0,100.0,100.0,100.0,100.0,100.0,100.0,100.0,100.0,100.0,100.0,100.0,100.0,100.0,100.0,100.0,100.0,100.0,100.0,100.0,100.0,100.0,100.0,100.0,100.0,100.0,100.0,100.0,100.0,100.0,100.0,100.0],"cluster_post_filtering_doc_counts":[55,11,0,2,0,0,0,0,0,0,0,0,0,0,0,0,0,0,0,0,0,0,0,0,0,0,0,0,0,0,0,0,0,0,0,0,0],"tail_threshold":97,"tail_removal_rate":100.0,"tail_post_filtering_doc_counts":0,"global_removal_rate":95.23141654978961}