{"cluster_sizes":[1,2,3,4,5,6,7,8,9,10,11,12,13,14,17,20,22,23,24,29,33,51,61,82],"cluster_removal_rates":[97.39413680781759,96.1038961038961,100.0,100.0,96.55172413793103,100.0,100.0,100.0,100.0,100.0,100.0,100.0,100.0,100.0,100.0,100.0,100.0,100.0,100.0,100.0,100.0,100.0,100.0,100.0],"cluster_post_filtering_doc_counts":[16,3,0,0,1,0,0,0,0,0,0,0,0,0,0,0,0,0,0,0,0,0,0,0],"tail_threshold":90,"tail_removal_rate":100.0,"tail_post_filtering_doc_counts":0,"global_removal_rate":97.66627771295215}