{"cluster_sizes":[1,2,3,4,5,6,7,8,9,10,11,12,13,14,15,16,17,18,19,20,21,22,23,24,25,26,27,28,29,30,31,32,33,34,35,36,37,38,39,40,41,42,43,44,45,46,47,48,49,50,51,52,53,54,55,56,57,58,59,60,61,62,63,64,65,66,67,68,69,70,71,72,73,74,75,76,77,78,79,80,81,82,83,84,85,86,87,88,89,90,91,92,93,94,95,96,97,98,99,100,101,102,103,104,105,106,107,108,109,110,111,112,113],"cluster_removal_rates":[81.34784279541472,64.2936976381153,59.2984802883365,60.07893535129492,55.77262693156732,56.44288895959274,49.493502506906786,48.6829727187206,35.90427979751495,27.336744237222867,26.336183037087153,40.63631660631143,46.568839015968926,41.324311261478975,43.59654943596549,50.67796610169491,47.907488986784145,51.245551601423486,53.212290502793294,50.0,53.53728489483748,57.2354211663067,55.66750629722922,56.90866510538641,57.10306406685237,57.05329153605015,54.0650406504065,59.64912280701754,54.31654676258992,51.50602409638554,52.45283018867924,57.84313725490197,61.627906976744185,59.411764705882355,61.940298507462686,68.08510638297872,67.16417910447761,69.85294117647058,78.44827586206897,69.5364238410596,78.16901408450704,72.41379310344827,81.73076923076923,70.58823529411765,82.4742268041237,69.01408450704226,72.5,67.56756756756756,81.42857142857143,59.154929577464785,67.1875,76.81159420289855,58.06451612903226,68.42105263157895,72.22222222222221,69.35483870967742,70.76923076923077,76.74418604651163,53.57142857142857,56.71641791044776,76.59574468085107,69.76744186046511,60.78431372549019,67.85714285714286,71.42857142857143,69.38775510204081,57.14285714285714,66.07142857142857,60.78431372549019,61.53846153846154,75.0,77.41935483870968,60.46511627906976,80.0,68.18181818181817,74.4186046511628,66.66666666666666,73.91304347826086,65.78947368421053,72.0,80.0,68.75,65.51724137931035,56.00000000000001,66.66666666666666,86.36363636363636,68.96551724137932,80.64516129032258,70.83333333333334,70.37037037037037,61.53846153846154,82.6086956521739,72.72727272727273,100.0,61.111111111111114,87.5,58.82352941176471,57.14285714285714,80.0,77.77777777777779,85.71428571428571,45.45454545454545,69.23076923076923,60.0,88.88888888888889,71.42857142857143,81.81818181818183,72.72727272727273,83.33333333333334,75.0,88.88888888888889,60.0,66.66666666666666],"cluster_post_filtering_doc_counts":[99499,38656,21908,12239,8014,5476,4936,4364,6964,13208,11977,2295,1238,1214,850,582,473,411,335,303,243,198,176,184,154,137,113,115,127,161,126,86,66,69,51,45,44,41,25,46,31,32,19,35,17,22,22,24,13,29,21,16,26,24,15,19,19,10,26,29,11,13,20,18,14,15,18,19,20,15,9,7,17,8,7,11,10,12,13,14,5,10,10,11,11,3,9,6,7,8,5,4,6,0,7,1,7,6,3,4,1,6,4,6,2,2,2,3,1,3,1,4,3],"tail_threshold":114,"tail_removal_rate":85.38011695906432,"tail_post_filtering_doc_counts":125,"global_removal_rate":71.7683667723676}