{"cluster_sizes":[1,2,3,4,5,6,7,8,9,10,11,12,13,14,15,16,17,18,19,20,21,22,23,24,25,26,27,28,29,30,31,32,35,38,39,41,42,43,45,46,57,59,61,62,63,68,74,89,90,91,92,95,98,108,119,144,152,167],"cluster_removal_rates":[86.30904723779024,97.82335705316032,90.5292479108635,88.74172185430463,79.71014492753623,84.0,77.77777777777779,74.07407407407408,78.26086956521739,84.21052631578947,100.0,100.0,90.0,88.88888888888889,100.0,100.0,93.75,66.66666666666666,100.0,90.0,100.0,50.0,100.0,100.0,100.0,100.0,100.0,100.0,100.0,75.0,100.0,100.0,100.0,100.0,100.0,100.0,100.0,100.0,100.0,100.0,100.0,100.0,100.0,100.0,100.0,100.0,100.0,100.0,100.0,100.0,100.0,100.0,100.0,100.0,100.0,100.0,100.0,100.0],"cluster_post_filtering_doc_counts":[171,52,34,17,14,8,6,7,5,3,0,0,1,1,0,0,1,5,0,1,0,1,0,0,0,0,0,0,0,1,0,0,0,0,0,0,0,0,0,0,0,0,0,0,0,0,0,0,0,0,0,0,0,0,0,0,0,0],"tail_threshold":231,"tail_removal_rate":100.0,"tail_post_filtering_doc_counts":0,"global_removal_rate":92.80386134269416}