{"cluster_sizes":[1,2,3,4,5,6,7,8,9,10,11,12,13,14,15,16,17,18,19,20,21,22,23,24,25,26,27,28,29,30,31,32,33,34,35,37,38,39,40,41,42,46,48,51,54,57,61,68,70,73,74,77,80],"cluster_removal_rates":[88.78110501897933,79.17222963951936,61.38328530259366,56.00000000000001,61.39240506329114,67.3913043478261,78.125,73.80952380952381,87.5,77.77777777777779,79.48717948717949,91.66666666666666,100.0,92.3076923076923,84.61538461538461,100.0,66.66666666666666,80.0,75.0,100.0,100.0,100.0,100.0,75.0,100.0,66.66666666666666,80.0,0.0,100.0,50.0,0.0,100.0,100.0,100.0,100.0,100.0,100.0,66.66666666666666,100.0,0.0,100.0,100.0,100.0,100.0,100.0,100.0,0.0,100.0,100.0,100.0,100.0,0.0,100.0],"cluster_post_filtering_doc_counts":[266,156,134,110,61,30,14,11,6,6,8,6,0,1,2,0,1,1,1,0,0,0,0,1,0,1,1,1,0,3,1,0,0,0,0,0,0,1,0,1,0,0,0,0,0,0,1,0,0,0,0,1,0],"tail_threshold":94,"tail_removal_rate":100.0,"tail_post_filtering_doc_counts":0,"global_removal_rate":81.25283704039946}