{"cluster_sizes":[1,2,3,4,5,6,7,8,9,10,11,12,13,14,15,16,17,18,19,20,21,22,23,24,25,26,27,28,29,30,31,32,33,34,35,36,37,38,39,40,41,42,43,44,45,46],"cluster_removal_rates":[99.88834762759386,96.72003123779773,97.1830985915493,95.24221453287197,94.77756286266924,95.41206457094307,95.4356846473029,96.46017699115043,96.64179104477611,98.01980198019803,97.67441860465115,100.0,95.65217391304348,100.0,100.0,100.0,95.45454545454545,100.0,100.0,100.0,93.33333333333333,90.9090909090909,100.0,100.0,100.0,100.0,92.3076923076923,87.5,91.66666666666666,100.0,91.66666666666666,100.0,100.0,100.0,100.0,100.0,100.0,100.0,100.0,100.0,100.0,100.0,80.0,100.0,100.0,100.0],"cluster_post_filtering_doc_counts":[135,84,38,55,54,54,44,20,9,2,2,0,2,0,0,0,1,0,0,0,1,1,0,0,0,0,1,1,1,0,1,0,0,0,0,0,0,0,0,0,0,0,1,0,0,0],"tail_threshold":48,"tail_removal_rate":93.23308270676691,"tail_post_filtering_doc_counts":9,"global_removal_rate":99.60610085650163}