{"cluster_sizes":[1,2,3,4,5,6,7,8,9,10,11,12,13,14,15,16,17,18,19,20,21,22,23,24,25,26,27,28,29,30,31,32,33,34,35,36,37,38,39,40,41,42,43,44,45,46,47,48,49,50,51,52,53,54,55,56,57,58,59,60,61,62,63,64,65,66,67,68,69,70,71,72,73,74,75,76,77,78,79,80,81,82,83,84,85,86,87,88,89,90,91,92,93,94,95,96,97,98,99,100,101,102,103,104,105,106,107,108,109,110,111,112,113,114,115,116,117,118,119,120,121,122,123,124,125,126,127,128,129,130,131,132,133,134,135,136,137,138,139,140,141,142,143,144,145,146,147,148,149,150,151,152,153,154,155,156,157,158,159,160,161,162,163,164,165,166,167,168,169,170,171,172,173,174,175,176,177,178,179,180,181,182,183,184,185],"cluster_removal_rates":[72.94098437028285,61.187169957325004,57.321859708203405,55.07811923373356,52.300727287672174,51.96274635612301,48.45430056431137,47.9818906417344,46.68122096716599,46.32884499181225,46.10125128483027,47.52579138305691,44.18377166796264,43.85877171330088,43.99673802639473,43.519554117175126,42.60994768159045,44.03025654197065,42.733611208100555,44.142627118144226,43.330617692540905,43.463180060260775,43.57348568317076,45.23551483579534,44.023003309091195,43.927217367119,44.2916426178446,45.32008608172219,44.74672462254443,46.86756479637687,45.9539634906577,47.57726358412273,47.69601257551248,48.23351695480624,48.631803586030834,48.866190099094666,47.175092371760805,46.34307677310643,45.930268199233716,47.179875565979344,45.73729919452819,47.16502115655853,46.072102284636344,46.820835356421,47.19479628586129,45.95416969599052,46.05276399971246,47.997575506704315,46.577455868262504,47.16620423631319,46.793811246659274,47.43036185090367,47.30725798172672,48.04628263985542,47.511211757914836,48.56803273068044,48.43102136951348,48.63888960024585,48.49997287473553,49.75771347222602,48.583008016211224,48.30082198503251,49.18392669657345,49.586667984059545,50.037928418729734,50.24942987457241,49.034617995323934,50.027247956403265,50.3900028586597,51.43398714356354,49.5584033249632,51.105216622458,51.375132224252326,51.090909090909086,50.53911097548571,50.819319830226185,50.89330162066486,51.441740205722,51.320936390443514,51.41127824054653,52.16421240517626,51.97308245132628,52.42906574394463,53.03245004959615,52.03729535276411,52.367941712204,51.101734646038445,53.3491874752279,53.050847457627114,53.189733432367746,53.22638788752704,53.322380430814164,53.48464870973818,52.99187636219537,53.20932134096484,54.70606152908925,53.45100940703943,55.002686727565816,54.5689934189233,56.082496967023275,53.19721237315075,54.41387559808612,53.46447813557198,54.61615654791772,54.9172853979419,56.401109789932626,53.70854547956516,55.8831828442438,54.54816582165225,54.62333825701625,54.92058548738711,55.27419605406245,55.14267795547193,56.04575163398693,54.420983173870006,55.82432664264883,56.23644251626898,55.66772936592278,55.30546623794213,56.414385399892645,54.611602753195676,54.898446833930706,55.81442463533225,56.23217922606925,56.3169164882227,57.007738607050726,55.074424898511495,56.98373802628648,57.47206703910614,59.43775100401606,57.21319547021172,57.58399209486166,57.639939485627835,57.631038026721484,56.85039370078741,58.23186871360508,56.44122383252817,56.969026548672566,57.14688469128841,58.340342024109894,56.79785330948122,58.118872549019606,57.37149892274546,57.765094623009915,57.66793409378961,59.77443609022557,60.19480519480519,58.336117607751426,59.06771010547806,60.06677796327212,58.61948142957253,60.80114449213162,58.49478390461997,60.46425939572586,60.60171919770774,59.67800951335529,59.52197378565921,60.30684500393391,60.22773485156567,60.91908876669285,58.19370657948508,59.86537652503156,60.35848270112547,60.394342048864125,59.70664365832614,58.83658969804618,59.857270294380015,61.93379790940766,59.55357142857143,57.94183445190156,59.83531564501372,60.614525139664806,59.637404580152676,61.74463937621832,59.72495088408645,61.3032581453634,62.15676485272091,60.90863704443335,61.22672508214677,63.76376376376376,59.73741794310722,59.58149779735683,63.6520737327189,62.018669778296385,61.74768518518518],"cluster_post_filtering_doc_counts":[35314126,14204541,8318678,6481908,4897768,4010699,3118621,2742724,2020264,1666294,1416340,1255224,1057343,957533,805547,664567,559219,483770,419868,378818,334580,299099,265287,240530,212974,191525,172770,157786,143895,134212,125710,120144,114461,108633,103022,95565,85495,77061,70561,64861,60294,56190,51458,47096,43107,40142,37523,35176,32896,31229,29265,27516,25664,25010,23642,22502,21019,20056,18986,18352,17254,16856,15972,15307,14490,13962,13515,12838,12148,11786,11651,11060,10113,9953,9725,9154,8878,8639,8089,8108,7504,7351,6874,6629,6533,6276,6258,5885,5540,5672,5190,5114,4939,4745,4578,4461,4404,4187,4211,3982,3828,3811,3714,3618,3461,3300,3364,3127,3048,3072,2895,2879,2861,2690,2763,2575,2421,2503,2363,2436,2308,2265,2181,2149,2040,2000,1992,1931,1827,1717,1738,1717,1680,1649,1644,1578,1623,1556,1520,1486,1449,1367,1385,1406,1336,1284,1226,1247,1203,1196,1181,1096,1114,1073,1100,1102,1050,1009,978,995,1023,954,951,924,934,927,900,874,906,940,878,846,846,785,820,772,758,783,708,724,736,734,631,651,661],"tail_threshold":186,"tail_removal_rate":69.9744035804333,"tail_post_filtering_doc_counts":78359,"global_removal_rate":63.4978158885267}