{"cluster_sizes":[1,2,3,4,5,6,7,8,9,10,11,12,13,14,15,16,17,18,22,23,26,44,57,199],"cluster_removal_rates":[97.78393351800554,95.45454545454545,96.72131147540983,100.0,100.0,100.0,100.0,100.0,100.0,100.0,100.0,100.0,100.0,100.0,100.0,100.0,100.0,100.0,100.0,100.0,100.0,100.0,100.0,100.0],"cluster_post_filtering_doc_counts":[8,3,2,0,0,0,0,0,0,0,0,0,0,0,0,0,0,0,0,0,0,0,0,0],"tail_threshold":869,"tail_removal_rate":100.0,"tail_post_filtering_doc_counts":0,"global_removal_rate":97.7815699658703}