{"cluster_sizes":[1,2,3,4,5,6,7,8,9,10,11,12,13,14,15,16,17,19,21,22,24,26,27,30,31,32,35,37,40,44,52,60],"cluster_removal_rates":[86.94444444444444,93.57142857142857,43.42629482071713,90.47619047619048,95.0,60.0,100.0,86.66666666666667,100.0,100.0,66.66666666666666,64.28571428571429,75.0,100.0,33.33333333333333,50.0,100.0,100.0,100.0,100.0,100.0,100.0,100.0,100.0,100.0,100.0,100.0,100.0,100.0,100.0,100.0,100.0],"cluster_post_filtering_doc_counts":[94,9,142,2,1,8,0,2,0,0,3,5,1,0,8,3,0,0,0,0,0,0,0,0,0,0,0,0,0,0,0,0],"tail_threshold":134,"tail_removal_rate":100.0,"tail_post_filtering_doc_counts":0,"global_removal_rate":78.29820452771273}