{"cluster_sizes":[1,2,3,4,5,6,7,8,9,10,11,12,13,14,15,16,17,18,19,20,21,22,23,24,25,26,27,28,29,30,31,32,33,34,35,36,37,38,39,40,41,42,43,44,45,46,48,49,51,52,53,55,56,57,58,59,60,61,62,63,66,67,68,70,72,73,76,80,93,94,96,98,101,103,104,111,112,116,126,142,180,197],"cluster_removal_rates":[83.33967287942184,82.64512268102932,86.8,96.55172413793103,92.97297297297298,97.16312056737588,98.9795918367347,96.0,98.33333333333333,92.5925925925926,97.2972972972973,95.34883720930233,96.96969696969697,100.0,90.0,95.0,100.0,88.88888888888889,90.9090909090909,70.0,91.66666666666666,100.0,88.88888888888889,62.5,70.0,100.0,100.0,100.0,66.66666666666666,100.0,84.61538461538461,100.0,100.0,100.0,75.0,100.0,100.0,100.0,100.0,100.0,100.0,100.0,100.0,100.0,100.0,100.0,100.0,100.0,100.0,100.0,75.0,100.0,100.0,100.0,100.0,100.0,100.0,100.0,100.0,100.0,100.0,100.0,50.0,100.0,100.0,100.0,100.0,100.0,100.0,100.0,100.0,100.0,100.0,100.0,100.0,100.0,100.0,100.0,100.0,100.0,100.0,100.0],"cluster_post_filtering_doc_counts":[1314,290,66,13,13,4,1,4,1,4,1,2,1,0,2,1,0,2,1,3,1,0,1,3,3,0,0,0,1,0,2,0,0,0,1,0,0,0,0,0,0,0,0,0,0,0,0,0,0,0,1,0,0,0,0,0,0,0,0,0,0,0,1,0,0,0,0,0,0,0,0,0,0,0,0,0,0,0,0,0,0,0],"tail_threshold":200,"tail_removal_rate":100.0,"tail_post_filtering_doc_counts":0,"global_removal_rate":84.93103149128135}