{"cluster_sizes":[1,2,3,4,5,6,7,8,9,10,11,12,13,14,15,16,17,18,19,20,21,22,23,24,25,26,27,28,29,30,31,32,33,34,35,36,37,38,39,40,41,42,43,44,45,46,47,48,49,50,51,52,53,54,55,56,57,58,59,60,61,62,63,64,65,66,67,68,69,70,71,72,73,74,75,76,77,78,79,80,81,82,83,84,85,86,87,88,89,90,91,92,93,94,95,96,97,98,99,100,101,102,103,104,105,106,107,108,109,110,111,112],"cluster_removal_rates":[99.18496710516564,95.10158434296365,93.18759532282664,94.1747572815534,95.70247933884298,97.06384431546603,97.86282306163022,97.42744063324538,97.30434782608695,96.8201754385965,97.22627737226277,97.28813559322033,96.70588235294117,97.38562091503267,97.16494845360825,96.44808743169399,95.76547231270358,96.01328903654485,97.3568281938326,93.08755760368663,88.54961832061069,93.51851851851852,92.3913043478261,91.17647058823529,94.33962264150944,94.9579831932773,93.63636363636364,91.42857142857143,94.5945945945946,96.09375,99.07407407407408,96.5909090909091,95.6989247311828,92.0,97.05882352941177,98.4126984126984,100.0,96.51162790697676,96.92307692307692,93.87755102040816,97.43589743589743,92.72727272727272,92.6829268292683,97.43589743589743,96.96969696969697,87.09677419354838,94.87179487179486,97.43589743589743,100.0,88.0,87.5,95.65217391304348,95.83333333333334,83.33333333333334,95.65217391304348,100.0,96.55172413793103,92.3076923076923,100.0,80.0,80.95238095238095,93.75,93.75,100.0,90.0,93.33333333333333,91.66666666666666,90.9090909090909,100.0,100.0,100.0,100.0,100.0,90.0,88.88888888888889,92.85714285714286,90.9090909090909,100.0,100.0,100.0,100.0,100.0,100.0,100.0,100.0,87.5,100.0,100.0,100.0,100.0,100.0,100.0,100.0,100.0,50.0,100.0,100.0,100.0,100.0,100.0,100.0,100.0,100.0,100.0,100.0,100.0,100.0,100.0,100.0,100.0,100.0,80.0],"cluster_post_filtering_doc_counts":[2749,1314,804,414,182,86,43,39,31,29,19,16,14,12,11,13,13,12,6,15,30,14,14,18,9,6,7,9,6,5,1,3,4,6,2,1,0,3,2,3,1,4,3,1,1,4,2,1,0,3,3,1,1,3,1,0,1,1,0,4,4,1,1,0,1,1,1,1,0,0,0,0,0,1,1,1,1,0,0,0,0,0,0,0,0,1,0,0,0,0,0,0,0,0,1,0,0,0,0,0,0,0,0,0,0,0,0,0,0,0,0,1],"tail_threshold":114,"tail_removal_rate":98.51851851851852,"tail_post_filtering_doc_counts":6,"global_removal_rate":98.50733322428911}