{"cluster_sizes":[1,2,3,4,5,6,7,8,9,10,11,12,13,14,15,16,17,18,19,20,21,22,23,24,25,26,27,28,29,30,31,32,33,34,35,36,37,38],"cluster_removal_rates":[99.86997635933807,97.54601226993866,98.50746268656717,100.0,100.0,96.55172413793103,95.0,100.0,100.0,100.0,100.0,100.0,66.66666666666666,100.0,100.0,83.33333333333334,50.0,41.66666666666667,21.428571428571427,31.57894736842105,16.666666666666664,32.075471698113205,34.42622950819672,30.64516129032258,44.0,47.05882352941176,52.63157894736842,81.25,100.0,66.66666666666666,0.0,50.0,50.0,0.0,20.0,25.0,66.66666666666666,50.0],"cluster_post_filtering_doc_counts":[33,4,1,0,0,1,1,0,0,0,0,0,1,0,0,3,2,7,11,13,25,36,40,43,28,18,9,3,0,3,1,2,2,6,4,3,1,2],"tail_threshold":40,"tail_removal_rate":85.71428571428571,"tail_post_filtering_doc_counts":4,"global_removal_rate":98.83163342974578}