{"cluster_sizes":[1,2,3,4,5,6,7,8,9,10,11,12,13,14,15,16,17,18,20,21,22,23,24,25,26,28,29,31,32,36,37,38,39,40,41,42,43,45,54,55,86,89],"cluster_removal_rates":[89.08474576271188,79.56989247311827,80.3030303030303,86.11111111111111,91.17647058823529,94.44444444444444,85.71428571428571,88.88888888888889,75.0,92.3076923076923,100.0,100.0,100.0,100.0,100.0,100.0,100.0,100.0,100.0,100.0,100.0,100.0,100.0,100.0,100.0,100.0,100.0,100.0,100.0,100.0,100.0,100.0,100.0,100.0,100.0,100.0,100.0,100.0,100.0,100.0,100.0,100.0],"cluster_post_filtering_doc_counts":[161,38,13,5,3,1,2,2,2,1,0,0,0,0,0,0,0,0,0,0,0,0,0,0,0,0,0,0,0,0,0,0,0,0,0,0,0,0,0,0,0,0],"tail_threshold":93,"tail_removal_rate":100.0,"tail_post_filtering_doc_counts":0,"global_removal_rate":88.1619937694704}