{"cluster_sizes":[1,2,3,4,5,7,10,18],"cluster_removal_rates":[39.0625,37.58389261744966,17.24137931034483,44.44444444444444,50.0,50.0,100.0,100.0],"cluster_post_filtering_doc_counts":[117,93,24,5,3,1,0,0],"tail_threshold":22,"tail_removal_rate":100.0,"tail_post_filtering_doc_counts":0,"global_removal_rate":37.851662404092075}