{"cluster_sizes":[1,2,3,4,5,6,7,8,9,10,11,12,13,14,15,16,17,18,19,20,21,22,23,24,25,26,27,28,29,30,31,32,33,34,35,36,37,38,39,40,41,42,43,44,45,46,47,48,49,50,51,52,53,54,55,56,57,58,59,60,61,62,63,64,65,66,67,68,69,70,71,72,73,74,75,76,77,78,79,80,81,82,83,84,85,86,87,88,89,90,91,92,93,94,95,97,99,100,101,102,104,105,106,109,113,114,116,117,119],"cluster_removal_rates":[64.73088571276764,55.497057912666456,48.58411993337035,52.12686567164179,54.17417417417417,54.95495495495496,57.392473118279575,58.666666666666664,51.54867256637168,46.71916010498688,44.83870967741935,50.57034220532319,48.79032258064516,47.45762711864407,40.526315789473685,45.90163934426229,44.44444444444444,57.608695652173914,58.22784810126582,59.30232558139535,39.24050632911392,52.94117647058824,48.837209302325576,46.25,55.223880597014926,51.78571428571429,63.829787234042556,64.1025641025641,73.52941176470588,63.63636363636363,61.53846153846154,61.53846153846154,60.0,60.86956521739131,47.82608695652174,64.28571428571429,68.75,58.333333333333336,50.0,33.33333333333333,62.5,62.5,50.0,81.81818181818183,58.333333333333336,42.857142857142854,70.0,66.66666666666666,83.33333333333334,66.66666666666666,80.0,33.33333333333333,44.44444444444444,100.0,57.14285714285714,37.5,71.42857142857143,62.5,40.0,75.0,20.0,50.0,40.0,30.0,37.5,16.666666666666664,50.0,20.0,83.33333333333334,62.5,88.88888888888889,0.0,0.0,28.57142857142857,0.0,100.0,33.33333333333333,66.66666666666666,50.0,75.0,57.14285714285714,0.0,16.666666666666664,0.0,33.33333333333333,50.0,50.0,50.0,100.0,0.0,100.0,50.0,0.0,100.0,100.0,100.0,50.0,100.0,100.0,100.0,100.0,100.0,100.0,0.0,100.0,50.0,100.0,0.0,100.0],"cluster_post_filtering_doc_counts":[6638,2874,1852,1283,763,550,317,217,219,203,171,130,127,93,113,66,60,39,33,35,48,40,44,43,30,27,17,14,9,12,15,10,12,9,12,5,5,5,9,8,6,3,5,2,5,4,3,2,1,2,1,4,5,0,3,5,2,3,3,1,4,3,3,7,5,5,5,4,1,3,1,3,4,5,5,0,2,2,1,1,3,1,5,5,4,3,1,2,0,3,0,1,1,0,0,0,1,0,0,0,0,0,0,1,0,1,0,1,0],"tail_threshold":120,"tail_removal_rate":65.0,"tail_post_filtering_doc_counts":14,"global_removal_rate":58.57940131912734}