{"cluster_sizes":[1,2,3,4,5,6,7,8,9,10,11,12,13,14,15,16,17,18,19,20,21,22,23,24,25,26,27,28,29,30,31,32,33,34,35,36,37,38,39,40,41,42,43,44,45,46,49,52,55,57,59,65,66,68,71,72,73,75,78,79,82,94,101,102,112,120],"cluster_removal_rates":[97.96550655788495,92.98469387755102,83.81201044386422,76.56565656565657,76.59574468085107,41.19897959183674,32.789855072463766,47.22222222222222,51.578947368421055,70.58823529411765,85.45454545454545,95.0,88.23529411764706,83.33333333333334,84.21052631578947,95.23809523809523,93.33333333333333,100.0,88.88888888888889,93.33333333333333,100.0,88.88888888888889,100.0,100.0,100.0,100.0,100.0,100.0,81.81818181818183,100.0,77.77777777777779,100.0,87.5,100.0,100.0,100.0,100.0,87.5,66.66666666666666,83.33333333333334,100.0,100.0,100.0,100.0,100.0,100.0,100.0,100.0,100.0,100.0,100.0,100.0,100.0,100.0,100.0,100.0,100.0,100.0,100.0,100.0,0.0,100.0,100.0,100.0,100.0,100.0],"cluster_post_filtering_doc_counts":[197,110,124,116,121,461,371,152,92,30,8,2,4,4,3,1,1,0,1,1,0,1,0,0,0,0,0,0,2,0,2,0,1,0,0,0,0,1,1,1,0,0,0,0,0,0,0,0,0,0,0,0,0,0,0,0,0,0,0,0,1,0,0,0,0,0],"tail_threshold":122,"tail_removal_rate":68.75,"tail_post_filtering_doc_counts":5,"global_removal_rate":88.22154405558081}