{"cluster_sizes":[1,2,3,4,5,6,7,8,9,10,11,12,13,14,15,16,17,18,19,20,21,22,23,24,25,26,27,28,29,30,31,32,33,34,35,36,37,38,39,40,41,42,43,44,45,46,47,50,56,59,68,70,72,77,86,93,99,108,112,124,166],"cluster_removal_rates":[96.42857142857143,96.31675874769797,94.53781512605042,95.83333333333334,95.41284403669725,92.88537549407114,85.92964824120602,86.65254237288136,77.05479452054794,75.26881720430107,69.3069306930693,57.14285714285714,65.21739130434783,76.19047619047619,87.5,80.0,65.0,68.0,75.67567567567568,75.92592592592592,62.31884057971014,62.99212598425197,68.18181818181817,69.0,72.94117647058823,63.095238095238095,71.66666666666667,66.66666666666666,78.37837837837837,73.68421052631578,83.33333333333334,71.42857142857143,75.0,25.0,75.0,100.0,42.857142857142854,33.33333333333333,25.0,57.14285714285714,0.0,0.0,0.0,50.0,100.0,0.0,100.0,100.0,100.0,100.0,100.0,100.0,100.0,100.0,100.0,100.0,100.0,100.0,100.0,100.0,100.0],"cluster_post_filtering_doc_counts":[212,20,13,9,15,36,56,63,67,46,31,21,8,5,2,2,7,8,9,13,26,47,49,62,46,62,34,19,8,5,1,2,1,3,1,0,4,4,3,3,2,2,1,2,0,1,0,0,0,0,0,0,0,0,0,0,0,0,0,0,0],"tail_threshold":202,"tail_removal_rate":100.0,"tail_post_filtering_doc_counts":0,"global_removal_rate":90.34824939149972}