{"cluster_sizes":[1,2,3,4,5,6,7,8,9,10,11,12,13,14,15,16,17,18,19,20,21,22,23,24,25,26,27,28,29,30,31,32,33,34,35,36,37,38,39,40,41,42,43,44,45,46,47,48,49,50,51,52,53,54,55,56,57,58,59,60,61,62,63,64,65,66,67,68,69,70,71,72,73,74,75,76,77,78,79,80,81,82,83,84,85,86,87,88,89,90,91,92,93,94,95,96,97,98,99,100,101,102,103,104,105,106,107,108,109,110,111,112,113,114,115,116,117,118,119,120,121,122,123,124,125,126,127,128,129,130,131,132,133,134,135,136,137,138,139,140,141,142,143,144,145,146,147,148,149,150,151,152,153,154,155,156,157,158,159,160,161,162,163,164,165,166,167,168,169,170,171,172,173,174,175,176,177,178,179,180,181,182,183,184,185,186,187,188,189,190,191,192,193,194,195,196,197,198,199,200,201,202,203,204,205,206,207,208,209,210,211,212,213,214,215,216,217,218,219,220,221,222,223,224,225,226,227,228,229,230,231,232,233,234,235,236,237,238,239,240,241,242,243,244,245,246,247,248,249,250,251,252,253,254,255,256,257,258,259,260,261,262,263,266,267,268,269,270,271,272,273,274,275,276,277,278,279,280,281,282,283,284,285,286,287,288,289,290,291,292,293,294,296,297,298,299,302,303,304,306,307,309,311,312,313,314,315,316,317,318,319,320,321,322,323,324,325,326,328,329,330,331,332,333,334,335,336,337,338,339,340,341,343,345,346,347,348,349,350,351,352,353,354,356,357,358,359,360,361,363,364,365,366,367,368,369,370,373,376,378,379],"cluster_removal_rates":[99.6563545654186,99.2292478622535,99.22101199503653,99.08691052836703,99.1313789359392,99.013076733284,98.97284122562674,99.21762404776611,99.43319838056681,99.01823281907434,98.93813481071099,99.49944382647385,99.37772246421905,99.15552427867699,99.27884615384616,99.54001839926403,99.56427015250546,99.77678571428571,99.24242424242425,99.83416252072969,99.45553539019963,97.89473684210527,98.94291754756871,97.3568281938326,98.0,97.8319783197832,95.3623188405797,96.80511182108627,97.01986754966887,97.74436090225564,99.14529914529915,100.0,99.54954954954955,99.4949494949495,100.0,100.0,99.35064935064936,99.35483870967742,100.0,100.0,99.33333333333333,100.0,98.59154929577466,100.0,98.9247311827957,98.98989898989899,98.96907216494846,100.0,98.76543209876543,100.0,99.0,100.0,100.0,100.0,100.0,100.0,100.0,98.71794871794873,100.0,98.4375,100.0,100.0,98.30508474576271,100.0,100.0,100.0,100.0,100.0,100.0,100.0,97.14285714285714,100.0,100.0,100.0,100.0,100.0,100.0,97.14285714285714,100.0,100.0,100.0,97.43589743589743,96.875,100.0,100.0,100.0,100.0,96.42857142857143,100.0,100.0,96.0,100.0,100.0,95.45454545454545,100.0,100.0,93.33333333333333,100.0,100.0,100.0,100.0,94.44444444444444,90.47619047619048,94.73684210526315,93.75,95.65217391304348,100.0,100.0,100.0,100.0,100.0,100.0,100.0,100.0,100.0,100.0,100.0,94.11764705882352,100.0,100.0,90.9090909090909,100.0,100.0,100.0,100.0,100.0,100.0,88.88888888888889,100.0,100.0,100.0,100.0,100.0,100.0,100.0,100.0,100.0,91.66666666666666,100.0,100.0,100.0,92.3076923076923,92.85714285714286,100.0,100.0,100.0,100.0,100.0,100.0,85.71428571428571,100.0,100.0,100.0,92.85714285714286,100.0,100.0,100.0,100.0,100.0,100.0,100.0,100.0,100.0,100.0,100.0,100.0,100.0,100.0,100.0,100.0,100.0,100.0,80.0,75.0,100.0,100.0,100.0,100.0,100.0,100.0,100.0,100.0,100.0,100.0,100.0,100.0,100.0,100.0,100.0,100.0,85.71428571428571,100.0,100.0,100.0,100.0,100.0,100.0,100.0,100.0,100.0,100.0,80.0,100.0,100.0,100.0,100.0,100.0,100.0,100.0,100.0,80.0,100.0,100.0,100.0,88.88888888888889,100.0,100.0,100.0,100.0,100.0,100.0,100.0,100.0,100.0,100.0,0.0,100.0,100.0,100.0,100.0,100.0,100.0,100.0,66.66666666666666,100.0,100.0,100.0,100.0,100.0,83.33333333333334,83.33333333333334,100.0,100.0,50.0,100.0,100.0,100.0,100.0,80.0,100.0,100.0,100.0,100.0,100.0,100.0,100.0,100.0,100.0,100.0,100.0,100.0,100.0,100.0,100.0,75.0,100.0,100.0,100.0,100.0,100.0,100.0,100.0,100.0,100.0,100.0,100.0,100.0,100.0,100.0,100.0,100.0,100.0,100.0,100.0,100.0,100.0,100.0,83.33333333333334,100.0,100.0,100.0,100.0,100.0,100.0,100.0,100.0,100.0,100.0,66.66666666666666,100.0,100.0,100.0,100.0,100.0,100.0,100.0,100.0,100.0,100.0,100.0,100.0,100.0,100.0,100.0,100.0,100.0,100.0,100.0,100.0,100.0,100.0,100.0,100.0,100.0,100.0,100.0,100.0,100.0,100.0,100.0,100.0,83.33333333333334,100.0,100.0,100.0,100.0,50.0,100.0,80.0,100.0,100.0,100.0,100.0,100.0,100.0,100.0,100.0,100.0,100.0,100.0,100.0,100.0,100.0,100.0,100.0,100.0,100.0,100.0,100.0,100.0,100.0],"cluster_post_filtering_doc_counts":[1255,530,226,164,104,80,59,38,21,28,23,9,10,12,9,5,4,2,6,1,3,10,5,12,9,8,16,10,9,6,2,0,1,1,0,0,1,1,0,0,1,0,2,0,1,1,1,0,1,0,1,0,0,0,0,0,0,1,0,1,0,0,1,0,0,0,0,0,0,0,1,0,0,0,0,0,0,1,0,0,0,1,1,0,0,0,0,1,0,0,1,0,0,1,0,0,1,0,0,0,0,1,2,1,1,1,0,0,0,0,0,0,0,0,0,0,0,1,0,0,1,0,0,0,0,0,0,1,0,0,0,0,0,0,0,0,0,1,0,0,0,1,1,0,0,0,0,0,0,1,0,0,0,1,0,0,0,0,0,0,0,0,0,0,0,0,0,0,0,0,0,0,1,1,0,0,0,0,0,0,0,0,0,0,0,0,0,0,0,0,1,0,0,0,0,0,0,0,0,0,0,2,0,0,0,0,0,0,0,0,1,0,0,0,1,0,0,0,0,0,0,0,0,0,0,1,0,0,0,0,0,0,0,1,0,0,0,0,0,1,1,0,0,1,0,0,0,0,1,0,0,0,0,0,0,0,0,0,0,0,0,0,0,0,1,0,0,0,0,0,0,0,0,0,0,0,0,0,0,0,0,0,0,0,0,0,0,1,0,0,0,0,0,0,0,0,0,0,1,0,0,0,0,0,0,0,0,0,0,0,0,0,0,0,0,0,0,0,0,0,0,0,0,0,0,0,0,0,0,0,0,1,0,0,0,0,1,0,1,0,0,0,0,0,0,0,0,0,0,0,0,0,0,0,0,0,0,0,0,0,0],"tail_threshold":380,"tail_removal_rate":99.2619926199262,"tail_post_filtering_doc_counts":4,"global_removal_rate":99.4950520266205}