{"cluster_sizes":[1,2,3,4,5,6,7,8,9,10,11,12,13,14,15,16,17,18,19,20,21,22,23,24,25,26,27,28,29,30,31,32,33,34,35,36,37,38,39,40,41,42,43,44,45,46,47,48,49,50,51,52,53,54,55,57,58,59,60,61,62,63,64,65,66,67,68,69,70,71,72,73,74,77,78,80,81,82,83,84,85,86,87,88,94,95,96,97,99,100,103,104,105,112,121,129,130,131,135],"cluster_removal_rates":[94.14049958261093,90.07665505226481,95.45115585384042,96.38242894056847,96.18805590851333,61.95372750642674,61.56941649899397,94.62809917355372,98.44559585492227,98.22485207100591,98.23008849557522,98.24561403508771,93.5064935064935,93.24324324324324,95.0,96.36363636363636,97.77777777777777,93.18181818181817,100.0,96.42857142857143,92.0,95.45454545454545,95.83333333333334,100.0,100.0,100.0,100.0,81.25,93.33333333333333,93.33333333333333,85.71428571428571,100.0,100.0,100.0,100.0,100.0,100.0,100.0,100.0,93.33333333333333,100.0,100.0,100.0,100.0,100.0,100.0,100.0,100.0,100.0,50.0,100.0,100.0,100.0,100.0,100.0,100.0,0.0,100.0,100.0,100.0,75.0,100.0,100.0,100.0,100.0,100.0,100.0,100.0,100.0,100.0,100.0,100.0,66.66666666666666,100.0,100.0,100.0,100.0,100.0,100.0,100.0,100.0,100.0,100.0,100.0,100.0,100.0,100.0,100.0,100.0,100.0,100.0,100.0,100.0,100.0,100.0,100.0,100.0,0.0,100.0],"cluster_post_filtering_doc_counts":[1825,712,122,56,30,296,191,13,3,3,2,2,5,5,3,2,1,3,0,1,2,1,1,0,0,0,0,3,1,1,2,0,0,0,0,0,0,0,0,1,0,0,0,0,0,0,0,0,0,1,0,0,0,0,0,0,1,0,0,0,1,0,0,0,0,0,0,0,0,0,0,0,1,0,0,0,0,0,0,0,0,0,0,0,0,0,0,0,0,0,0,0,0,0,0,0,0,1,0],"tail_threshold":140,"tail_removal_rate":100.0,"tail_post_filtering_doc_counts":0,"global_removal_rate":92.90394895671668}