{"cluster_sizes":[1,2,3,4,5,6,7,8,9,10,11,12,13,14,15,16,17,19,20,22,23,24,25,26,27,28,29,30,31,33,34,35,36,37,38,39,42,43,44,45,46,47,48,50,52,58,59,63,66,71,73,82,83,85,97,98,106,115,116,124,137,165],"cluster_removal_rates":[99.61139896373057,79.19799498746866,57.14285714285714,70.34883720930233,85.0,91.22807017543859,97.67441860465115,81.08108108108108,95.23809523809523,100.0,100.0,100.0,100.0,100.0,100.0,100.0,100.0,100.0,100.0,100.0,100.0,100.0,100.0,100.0,100.0,100.0,100.0,100.0,100.0,100.0,100.0,100.0,100.0,100.0,100.0,100.0,50.0,100.0,100.0,100.0,100.0,100.0,100.0,100.0,100.0,100.0,100.0,100.0,100.0,100.0,100.0,100.0,100.0,100.0,100.0,100.0,100.0,100.0,100.0,100.0,100.0,100.0],"cluster_post_filtering_doc_counts":[12,83,117,51,12,5,1,7,1,0,0,0,0,0,0,0,0,0,0,0,0,0,0,0,0,0,0,0,0,0,0,0,0,0,0,0,1,0,0,0,0,0,0,0,0,0,0,0,0,0,0,0,0,0,0,0,0,0,0,0,0,0],"tail_threshold":173,"tail_removal_rate":100.0,"tail_post_filtering_doc_counts":0,"global_removal_rate":93.32412523020258}