{"cluster_sizes":[1,2,3,4,5,6,7,8,9,10,11,12,13,14,15,16,17,18,19,20,21,22,23,24,25,26,27,28,29,30,31,32,33,34,35,36,37,38,39,40,41,42,43,44,45,46,47,48,49,50,51,52,53,54,55,56,57,58,59,60,61,62,63,64,65,66,67,68,69,70,71,72,73,74,75,76,77,78,79,80,81,82,83,84,85,86,87,88,89,90,91,92,93,94,95,96,97,98,99,100,101,102,103,104,105,106,107,108,109,110,111,112,113,114,115,116,117,118,119,120,121,122,123,124,125,126,127,128,129,130,131,132,133,134,135,136,137,138,139,140,141,142,143,144,145,146,147,148,149,150,151,152,153,154,155,156,157,158,159,160,161,162,163,164,165,166,167,168,169,170,171,172,173,174,175,176,177,178,179,180,181,182,183,184,185,186],"cluster_removal_rates":[99.03792463247657,97.48884584412475,96.79559052150563,96.90089470971493,97.58761590444759,98.36249603436073,98.63989016953482,99.22398214095885,98.99244332493703,98.841805950482,98.65029677209529,99.01277584204414,98.81931546829398,98.80327868852459,98.5792137018295,99.06068006763104,98.59602649006622,98.52420306965762,98.5576923076923,98.35312140942168,98.11155028546334,98.63813229571986,98.4144960362401,98.3360171765969,98.92110586648684,98.25436408977556,98.84547069271758,98.19095477386935,97.81931464174455,97.4477958236659,97.08491761723701,96.95364238410596,97.86931818181817,97.85276073619632,98.15436241610739,97.80405405405406,97.32824427480917,98.98580121703854,97.65957446808511,99.20634920634922,97.74436090225564,98.58823529411764,97.9539641943734,99.11242603550295,98.68421052631578,98.54014598540147,99.55947136563876,99.00990099009901,99.53271028037383,99.0521327014218,97.90575916230367,98.85714285714286,99.42857142857143,98.80952380952381,99.40828402366864,100.0,97.45222929936305,98.66666666666667,99.36708860759494,99.31972789115646,100.0,98.07692307692307,100.0,99.19354838709677,100.0,100.0,96.875,100.0,98.9010989010989,100.0,100.0,98.78048780487805,100.0,100.0,100.0,98.76543209876543,100.0,98.33333333333333,98.46153846153847,100.0,98.27586206896551,100.0,100.0,100.0,100.0,98.33333333333333,96.42857142857143,100.0,97.61904761904762,100.0,100.0,97.95918367346938,100.0,100.0,100.0,100.0,97.77777777777777,100.0,98.07692307692307,98.0392156862745,97.2972972972973,100.0,100.0,100.0,100.0,100.0,100.0,100.0,100.0,100.0,100.0,100.0,96.0,100.0,100.0,100.0,100.0,100.0,100.0,100.0,100.0,100.0,100.0,100.0,100.0,100.0,100.0,100.0,100.0,100.0,100.0,100.0,100.0,100.0,100.0,100.0,100.0,100.0,100.0,100.0,100.0,100.0,100.0,100.0,100.0,94.11764705882352,100.0,100.0,100.0,100.0,100.0,100.0,100.0,100.0,100.0,100.0,100.0,100.0,100.0,100.0,100.0,100.0,100.0,100.0,100.0,100.0,100.0,100.0,100.0,100.0,92.3076923076923,100.0,100.0,92.3076923076923,100.0,100.0,100.0,100.0,100.0,100.0,100.0,100.0,91.66666666666666,100.0,100.0,100.0],"cluster_post_filtering_doc_counts":[12302,5769,3401,2345,1228,671,426,292,180,167,166,102,89,73,73,50,53,50,39,43,43,28,28,31,16,21,13,18,21,22,23,23,15,14,11,13,14,5,11,4,9,6,8,3,4,4,1,3,1,2,4,2,1,2,1,0,4,2,1,1,0,2,0,1,0,0,3,0,1,0,0,1,0,0,0,1,0,1,1,0,1,0,0,0,0,1,2,0,1,0,0,1,0,0,0,0,1,0,1,1,1,0,0,0,0,0,0,0,0,0,0,0,1,0,0,0,0,0,0,0,0,0,0,0,0,0,0,0,0,0,0,0,0,0,0,0,0,0,0,0,0,0,0,0,0,1,0,0,0,0,0,0,0,0,0,0,0,0,0,0,0,0,0,0,0,0,0,0,0,0,1,0,0,1,0,0,0,0,0,0,0,0,1,0,0,0],"tail_threshold":187,"tail_removal_rate":99.9493927125506,"tail_post_filtering_doc_counts":1,"global_removal_rate":98.58290265135324}