{"cluster_sizes":[1,2,3,4,5,6,7,16,17,18,19,20,21,22,23,24,25,26,27,28,29,30,31,32,33,34,35,36,37,38,39,40,41,42,44,45,46,48],"cluster_removal_rates":[91.183879093199,79.3103448275862,100.0,55.55555555555556,100.0,100.0,100.0,66.66666666666666,71.42857142857143,76.47058823529412,75.67567567567568,75.60975609756098,80.95238095238095,78.72340425531915,80.42553191489363,80.65573770491802,82.10526315789474,82.58928571428571,80.44692737430168,83.83838383838383,84.21052631578947,90.0,68.42105263157895,100.0,50.0,0.0,80.0,0.0,50.0,100.0,0.0,0.0,0.0,0.0,100.0,100.0,0.0,0.0],"cluster_post_filtering_doc_counts":[70,18,0,4,0,0,0,1,2,4,9,20,24,40,46,59,51,39,35,16,9,2,6,0,3,1,1,2,1,0,2,2,2,1,0,0,1,1],"tail_threshold":50,"tail_removal_rate":100.0,"tail_post_filtering_doc_counts":0,"global_removal_rate":83.26241134751773}