{"cluster_sizes":[1,2,3,4,5,6,7,8,9,10,11,12,13,14,15,16,17,18,19,20,21,22,23,24,25,26,27,28,29,30,31,32,33,34,35,36,37,38,39,40,41,42,43,44,45,46,47,48,49,50,51,52,53,54,55,56,57,58,59,60,61,62,63,64,65,66,67,68,69,70,71,72,73,74,75,76,77,78,79,80,81,82,83,84,85,86,87,88,89,90,91,92,93,94,95,96,97,98,99,100,101,102,103,104,105,106,107,108,109,110,111,112,113,114,115,116,117,118,119,120,121,122,123,124,125,126,127,128,129,130,131,132,133,134,135,136,137,138,139,140,141,142,143,144],"cluster_removal_rates":[63.12793574527592,54.41133609981541,53.92174486188508,57.72110824527831,49.55810688031717,52.77498744349573,48.58018386108274,50.164682036990115,48.55355746677091,50.02344116268167,46.25766871165644,47.16183574879227,47.709090909090904,43.236074270557026,45.45454545454545,48.94409937888199,50.62240663900415,47.208931419457734,42.34875444839858,44.14784394250513,44.95412844036697,49.859154929577464,43.91143911439114,53.81526104417671,50.44642857142857,44.33497536945813,53.84615384615385,52.43243243243243,50.54945054945055,53.57142857142857,57.14285714285714,57.931034482758626,52.51798561151079,60.83333333333333,63.30275229357798,56.481481481481474,56.52173913043478,51.041666666666664,61.76470588235294,65.78947368421053,59.45945945945946,59.45945945945946,55.69620253164557,54.11764705882353,47.43589743589743,61.0,54.87804878048781,61.111111111111114,60.3448275862069,55.55555555555556,55.73770491803278,57.89473684210527,57.14285714285714,58.2089552238806,51.724137931034484,65.0,55.88235294117647,67.56756756756756,63.888888888888886,55.81395348837209,50.0,48.78048780487805,59.375,57.14285714285714,62.22222222222222,73.17073170731707,56.09756097560976,70.96774193548387,59.09090909090909,58.69565217391305,69.44444444444444,52.94117647058824,61.29032258064516,63.1578947368421,64.86486486486487,68.96551724137932,44.0,50.0,62.5,51.85185185185185,70.58823529411765,52.77777777777778,62.06896551724138,55.88235294117647,61.29032258064516,59.25925925925925,79.41176470588235,54.54545454545454,62.06896551724138,52.94117647058824,68.42105263157895,66.66666666666666,61.904761904761905,52.94117647058824,80.0,50.0,50.0,46.15384615384615,47.05882352941176,63.63636363636363,45.45454545454545,46.666666666666664,53.84615384615385,33.33333333333333,66.66666666666666,66.66666666666666,44.44444444444444,55.55555555555556,66.66666666666666,57.14285714285714,66.66666666666666,66.66666666666666,60.0,41.66666666666667,66.66666666666666,66.66666666666666,100.0,75.0,70.0,44.44444444444444,42.857142857142854,75.0,40.0,60.0,60.0,33.33333333333333,25.0,50.0,16.666666666666664,60.0,28.57142857142857,100.0,25.0,50.0,66.66666666666666,33.33333333333333,100.0,50.0,100.0,100.0,42.857142857142854,57.14285714285714,33.33333333333333,25.0],"cluster_post_filtering_doc_counts":[82266,32848,15380,10163,6107,3761,2517,1967,1316,1066,876,875,719,642,480,411,357,331,324,272,240,178,152,115,111,113,84,88,90,78,69,61,66,47,40,47,40,47,26,26,30,30,35,39,41,39,37,28,23,24,27,24,27,28,28,14,15,12,13,19,13,21,13,15,17,11,18,9,18,19,11,16,12,14,13,9,14,15,12,13,10,17,11,15,12,11,7,10,11,8,6,5,8,8,3,7,3,7,9,4,6,8,6,4,4,2,5,4,3,6,3,1,4,7,2,2,0,1,3,5,4,1,3,2,2,2,3,1,5,2,5,0,3,3,1,2,0,2,0,0,4,3,2,3],"tail_threshold":145,"tail_removal_rate":69.23076923076923,"tail_post_filtering_doc_counts":124,"global_removal_rate":58.869614016964974}