{"cluster_sizes":[1,2,3,4,5,6,7,8,9,10,11,12,13,14,15,16,17,18,19,20,21,22,23,24,25,26,27,28,29,30,31,32,33,34,35,37,38,39,40,42,44,46,49,50],"cluster_removal_rates":[39.14068640293424,36.59110350727117,27.780678851174933,23.711340206185564,20.55888223552894,26.129032258064516,24.418604651162788,19.548872180451127,18.085106382978726,29.166666666666668,57.77777777777777,62.121212121212125,57.14285714285714,58.82352941176471,36.84210526315789,45.714285714285715,34.090909090909086,23.809523809523807,53.84615384615385,55.55555555555556,75.0,87.5,60.0,55.55555555555556,80.0,66.66666666666666,100.0,100.0,100.0,100.0,100.0,83.33333333333334,100.0,33.33333333333333,100.0,0.0,0.0,100.0,100.0,50.0,0.0,100.0,100.0,100.0],"cluster_post_filtering_doc_counts":[9292,2965,1383,814,398,229,130,107,77,68,38,25,18,14,24,19,29,16,6,4,3,1,2,4,1,1,0,0,0,0,0,1,0,2,0,3,2,0,0,1,1,0,0,0],"tail_threshold":55,"tail_removal_rate":88.46153846153845,"tail_post_filtering_doc_counts":3,"global_removal_rate":36.578361981799794}