{"cluster_sizes":[1,2,3,4,5,6,7,8,9,10,11,12,13,14,15,16,17,18,19,20,21,22,23,24,25,26,27,28,29,30,31,32,33,34,35,36,37,38,39,40,41,42,43,44,45,46,47,48,49,50,51,52,53,54,55,56,57,58,59,60,61,62,63,64,65,66,67,68,69,70,71,72,73,74,75,76,77,78,79,80,81,82,83,84,85,86,87,88,89,90,91,92,93,94,95,96,97,98,99,100,101,102,103,105,106,108,110,111,112,114,116,117,118,120,122,124,128,130,133,134,135,136],"cluster_removal_rates":[77.29002393001451,61.874887972754976,56.91244239631337,55.16348332793785,58.22649572649573,60.105184072126214,57.988826815642454,58.34564254062038,57.56972111553785,64.0,66.77018633540372,71.53284671532847,79.64071856287424,74.15254237288136,74.69879518072288,72.58064516129032,74.67532467532467,66.46706586826348,78.1021897810219,84.95575221238938,73.95833333333334,72.94117647058823,76.66666666666667,69.89247311827957,68.75,60.65573770491803,57.377049180327866,75.38461538461539,48.97959183673469,63.793103448275865,72.72727272727273,66.66666666666666,61.29032258064516,74.35897435897436,78.04878048780488,77.14285714285715,77.77777777777779,77.14285714285715,82.6086956521739,86.36363636363636,70.58823529411765,81.25,70.0,85.71428571428571,90.0,58.333333333333336,66.66666666666666,91.66666666666666,88.88888888888889,100.0,54.54545454545454,100.0,75.0,82.35294117647058,77.77777777777779,80.0,77.77777777777779,90.0,83.33333333333334,77.77777777777779,80.0,71.42857142857143,100.0,100.0,100.0,80.0,100.0,85.71428571428571,100.0,100.0,100.0,90.9090909090909,87.5,100.0,83.33333333333334,100.0,90.9090909090909,100.0,100.0,90.9090909090909,100.0,100.0,100.0,100.0,100.0,100.0,91.66666666666666,100.0,87.5,100.0,100.0,100.0,100.0,100.0,100.0,100.0,71.42857142857143,100.0,100.0,100.0,100.0,100.0,50.0,100.0,100.0,100.0,100.0,100.0,100.0,100.0,100.0,100.0,100.0,100.0,100.0,100.0,100.0,100.0,100.0,100.0,100.0,100.0],"cluster_post_filtering_doc_counts":[11578,4254,2057,1385,782,531,376,282,213,162,107,117,102,61,63,51,39,56,30,17,25,23,14,28,20,24,26,16,25,21,12,12,12,10,9,8,6,8,4,3,5,3,6,1,1,5,2,1,1,0,5,0,3,3,2,2,2,1,1,2,1,2,0,0,0,1,0,1,0,0,0,1,1,0,1,0,1,0,0,1,0,0,0,0,0,0,1,0,1,0,0,0,0,0,0,0,2,0,0,0,0,0,1,0,0,0,0,0,0,0,0,0,0,0,0,0,0,0,0,0,0,0],"tail_threshold":137,"tail_removal_rate":81.25,"tail_post_filtering_doc_counts":15,"global_removal_rate":71.6363135349082}