{"cluster_sizes":[1,2,3,4,5,6,7,8,9,10,11,12,13,14,15,16,17,18,19,20,21,22,23,24,25,26,27,28,29,30,31,32,33,34,35,36,37,38,39,40,41,42,43,44,45,46,47,48,49,50,51,52,53],"cluster_removal_rates":[99.4263001987326,99.17272499373276,99.94603345925526,99.9223602484472,99.10269192422732,98.42632331902719,98.53249475890985,100.0,100.0,100.0,99.375,97.48427672955975,99.20634920634922,99.10714285714286,100.0,98.73417721518987,96.72131147540983,100.0,97.77777777777777,100.0,100.0,100.0,92.5925925925926,100.0,100.0,100.0,94.44444444444444,100.0,100.0,100.0,100.0,100.0,100.0,100.0,100.0,95.0,100.0,89.47368421052632,100.0,100.0,100.0,100.0,100.0,80.0,100.0,100.0,100.0,100.0,100.0,100.0,100.0,100.0,100.0],"cluster_post_filtering_doc_counts":[1224,33,1,1,9,11,7,0,0,0,1,4,1,1,0,1,2,0,1,0,0,0,2,0,0,0,1,0,0,0,0,0,0,0,0,1,0,2,0,0,0,0,0,1,0,0,0,0,0,0,0,0,0],"tail_threshold":54,"tail_removal_rate":95.19650655021834,"tail_post_filtering_doc_counts":11,"global_removal_rate":99.41566982456764}