{"cluster_sizes":[1,2,3,4,5,6,7,8,9,10,11,12,13,14,15,16,17,21,23,25,29,36,38,39,42,47,79,98,224,330],"cluster_removal_rates":[89.41441441441441,94.81481481481482,94.28571428571428,96.875,100.0,100.0,100.0,28.57142857142857,100.0,100.0,66.66666666666666,100.0,100.0,100.0,100.0,100.0,100.0,100.0,50.0,100.0,100.0,100.0,100.0,100.0,100.0,100.0,100.0,100.0,100.0,100.0],"cluster_post_filtering_doc_counts":[47,7,4,1,0,0,0,25,0,0,1,0,0,0,0,0,0,0,1,0,0,0,0,0,0,0,0,0,0,0],"tail_threshold":1919,"tail_removal_rate":100.0,"tail_post_filtering_doc_counts":0,"global_removal_rate":89.19597989949749}