{"cluster_sizes":[1,2,3,4,5,6,7,8,9,10,11,12,13,14,15,16,17,18,19,20,21,22,23,24,25,26,27,28,29,30,31,32,33,34,35,36,37,38,39,40,41,42],"cluster_removal_rates":[97.18474312402698,99.63403476669717,99.56741167988464,99.8389694041868,100.0,100.0,100.0,100.0,100.0,100.0,97.77777777777777,100.0,100.0,100.0,100.0,90.9090909090909,90.47619047619048,82.85714285714286,77.77777777777779,73.07692307692307,75.57251908396947,78.57142857142857,72.41379310344827,78.125,83.05084745762711,79.03225806451613,84.54545454545455,84.6938775510204,89.79591836734694,78.125,89.47368421052632,60.0,55.55555555555556,66.66666666666666,0.0,0.0,0.0,60.0,66.66666666666666,50.0,50.0,0.0],"cluster_post_filtering_doc_counts":[217,8,6,1,0,0,0,0,0,0,1,0,0,0,0,1,2,6,12,21,32,39,56,49,40,39,17,15,5,7,2,2,4,1,2,2,3,2,1,2,1,1],"tail_threshold":44,"tail_removal_rate":86.66666666666667,"tail_post_filtering_doc_counts":2,"global_removal_rate":95.94777432011907}