{"cluster_sizes":[1,2,3,4,5,6,7,8,9,10,11,12,13,14,15,16,17,18,19,20,21,22,23,24,25,26,27,28,29,30,31,32,33,34,35,36,37,38,39,40,41,42,43,44,45,46,47,48,49,50,51,52,53,54,55,56,57,58,59,60,61,62,63,64,65,66,67,68,69,70,71,72,73,74,75,76,77,78,79,80,81,82,83,84,85,86],"cluster_removal_rates":[48.357178887513186,38.24032900272067,35.06733496010025,33.945034717647104,31.724047382855808,31.139013380751994,33.90426130581065,32.04625543668053,31.540570495245873,33.112157214376445,33.15971886072763,34.222547454319674,33.45183841950801,35.159242352694264,35.584166141472345,35.73268220891728,32.695899309784814,33.130316076866535,35.586507360221795,41.2247750502315,44.05345211581292,44.16469606343024,45.65075212557227,47.47457032620133,48.73037410350843,50.281751192024274,50.76923076923077,51.587301587301596,50.27750571335292,51.35325131810193,51.87449062754686,50.77894736842106,50.39443155452437,49.51456310679612,50.377969762419006,50.82547169811321,51.75627240143369,51.357142857142854,52.89128758673862,53.72424722662441,48.72727272727273,53.07971014492754,52.509652509652504,47.706422018348626,53.910323253388945,51.3189448441247,50.125,49.6617050067659,49.854651162790695,51.201201201201194,54.559505409582684,51.78571428571429,55.28455284552846,54.187192118226605,51.73010380622838,52.52918287937744,53.02491103202846,52.244165170556556,47.657841140529534,50.481695568400774,54.18994413407822,47.78225806451613,45.08196721311475,50.511247443762784,44.779582366589324,48.57142857142857,46.43678160919541,47.69585253456221,44.6524064171123,45.526315789473685,46.33431085043988,46.32768361581921,52.012383900928796,47.93650793650794,49.52681388012618,51.34228187919463,49.81132075471698,46.043165467625904,51.64835164835166,55.67765567765568,52.23214285714286,54.263565891472865,56.640625,52.918287937743195,57.345971563981045,52.63157894736842],"cluster_post_filtering_doc_counts":[2117209,910957,492287,330868,234009,171165,110405,85619,58680,44758,34521,29663,27891,24716,21464,19214,16577,12736,9758,6728,5024,4014,3324,2995,2645,2294,1952,1708,1523,1384,1181,1169,1069,936,919,834,673,681,611,584,564,518,492,513,442,406,399,372,345,325,294,297,275,279,279,244,264,266,257,257,246,259,268,242,238,234,233,227,207,207,183,190,155,164,160,145,133,150,132,121,107,118,111,121,90,99],"tail_threshold":87,"tail_removal_rate":61.736295580777586,"tail_post_filtering_doc_counts":3169,"global_removal_rate":41.92614427257561}