{"cluster_sizes":[1,2,3,4,5,6,7,8,9,10,11,12,13,14,15,16,17,18,19,20,21,22,23,24,25,26,27,28,29,30,31,32,33,34,35,36,37,38,39,40,41,42,43,44,45,46,47,48,49,50,51,52,53,54,55,56,57,58,59,60,61,62,63,64,65,66,67,68,69,70,71,72,73,74,75,76,77,78,79,80,81,82,83,84,85,86,87,88,89,90,91,92,93,94,95,96,97,98,99,100,101,102,103,104,105,106,107,108,109,110,111,112,113,114,115,116,117,118,119,120,121,122,123,124,125,126,127,128,129,130,131,132,133,134,135,136,137,138,139,140,141,142,143],"cluster_removal_rates":[93.3976450419785,84.57316343622875,86.08615899220415,85.0489500567537,85.69526182396152,83.33612273361227,86.4343047219611,84.84021823850351,83.90473138951191,82.61805462128346,82.18437858195513,84.80733944954129,85.20511096166778,83.83698364291655,82.96982372273678,84.92716909436352,81.71625700733075,80.16443987667009,80.15634395670475,79.2273590880304,78.56135401974612,79.08333333333334,80.11583011583011,82.87179487179486,81.70878459687124,82.6086956521739,78.72340425531915,83.53253652058433,79.45205479452055,78.20324005891017,82.72727272727273,83.61669242658424,84.69539375928677,82.34421364985162,83.79970544918999,82.57142857142857,84.51327433628319,81.40350877192982,83.7160751565762,81.51447661469933,83.73205741626795,81.2206572769953,78.73417721518987,80.0632911392405,78.4452296819788,83.77192982456141,82.0627802690583,81.35593220338984,85.63218390804597,80.12820512820514,83.08823529411765,83.45864661654136,86.20689655172413,85.5072463768116,78.0701754385965,84.0909090909091,88.28828828828829,85.18518518518519,81.25,86.07594936708861,84.52380952380952,81.33333333333333,84.5360824742268,84.50704225352112,83.82352941176471,90.0,82.53968253968253,77.77777777777779,79.66101694915254,78.37837837837837,84.7457627118644,73.84615384615385,75.80645161290323,68.96551724137932,70.9090909090909,77.04918032786885,84.44444444444444,81.25,87.8048780487805,83.33333333333334,84.0,73.17073170731707,78.94736842105263,84.61538461538461,73.07692307692307,61.76470588235294,50.0,64.51612903225806,68.42105263157895,55.172413793103445,67.56756756756756,65.71428571428571,78.26086956521739,75.0,84.61538461538461,62.96296296296296,78.78787878787878,90.47619047619048,75.0,80.0,58.333333333333336,90.0,80.0,75.0,78.94736842105263,79.16666666666666,90.9090909090909,78.26086956521739,73.07692307692307,66.66666666666666,56.52173913043478,80.0,56.25,78.26086956521739,75.0,58.82352941176471,63.1578947368421,72.22222222222221,66.66666666666666,64.70588235294117,60.0,75.0,60.0,75.0,66.66666666666666,85.71428571428571,75.0,80.0,64.28571428571429,85.71428571428571,70.0,41.17647058823529,92.85714285714286,87.5,73.68421052631578,70.0,62.5,87.5,76.92307692307693,66.66666666666666,40.0,50.0,76.92307692307693],"cluster_post_filtering_doc_counts":[26651,10315,5158,4215,3330,2987,1876,1945,1507,1292,1088,828,660,583,570,476,424,386,330,328,304,251,206,167,152,132,150,124,150,148,114,106,103,119,110,122,105,106,78,83,68,80,84,63,61,37,40,33,25,31,23,22,16,20,25,21,13,16,18,11,13,14,15,11,11,7,11,12,12,16,9,17,15,18,16,14,7,9,5,6,8,11,8,6,14,13,14,11,12,13,12,12,5,5,4,10,7,2,7,5,10,2,5,5,4,5,1,5,7,5,10,4,7,5,3,7,7,5,5,6,6,4,6,2,6,1,4,3,5,2,3,10,1,1,5,3,3,1,3,2,6,4,3],"tail_threshold":144,"tail_removal_rate":67.00729927007299,"tail_post_filtering_doc_counts":226,"global_removal_rate":89.75435640491287}