{"cluster_sizes":[1,2,3,4,5,6,10,12,16,37],"cluster_removal_rates":[43.44827586206896,100.0,34.48275862068966,33.33333333333333,100.0,100.0,100.0,100.0,100.0,100.0],"cluster_post_filtering_doc_counts":[82,0,19,2,0,0,0,0,0,0],"tail_threshold":39,"tail_removal_rate":100.0,"tail_post_filtering_doc_counts":0,"global_removal_rate":46.35416666666667}