{"cluster_sizes":[1,2,3,4,5,6,7,11,13,30,37],"cluster_removal_rates":[98.23008849557522,86.66666666666667,88.88888888888889,100.0,100.0,100.0,100.0,100.0,100.0,100.0,100.0],"cluster_post_filtering_doc_counts":[2,2,1,0,0,0,0,0,0,0,0],"tail_threshold":59,"tail_removal_rate":100.0,"tail_post_filtering_doc_counts":0,"global_removal_rate":96.7948717948718}