{"cluster_sizes":[1,2,3,4,5,6],"cluster_removal_rates":[0.0,17.647058823529413,34.96932515337423,30.985915492957744,7.142857142857142,14.285714285714285],"cluster_post_filtering_doc_counts":[2,14,106,49,13,6],"tail_threshold":16,"tail_removal_rate":100.0,"tail_post_filtering_doc_counts":0,"global_removal_rate":30.909090909090907}