{"cluster_sizes":[1,2,3,4,6,9,13],"cluster_removal_rates":[51.02040816326531,75.0,100.0,100.0,100.0,100.0,100.0],"cluster_post_filtering_doc_counts":[24,1,0,0,0,0,0],"tail_threshold":14,"tail_removal_rate":100.0,"tail_post_filtering_doc_counts":0,"global_removal_rate":59.67741935483871}