{"cluster_sizes":[1,2,3,4,5,6,7,8,9,10,11,12,21,23,36,38,40,41,87,102,124],"cluster_removal_rates":[60.86956521739131,49.411764705882355,45.09803921568628,92.3076923076923,83.33333333333334,100.0,100.0,100.0,100.0,100.0,100.0,100.0,100.0,100.0,100.0,100.0,100.0,100.0,100.0,100.0,100.0],"cluster_post_filtering_doc_counts":[117,43,28,1,1,0,0,0,0,0,0,0,0,0,0,0,0,0,0,0,0],"tail_threshold":488,"tail_removal_rate":100.0,"tail_post_filtering_doc_counts":0,"global_removal_rate":61.382113821138205}