{"cluster_sizes":[1,2,3,4,5,6,7,8,9,10,11,24,25,27,31,32,33,34,35,37],"cluster_removal_rates":[44.339622641509436,22.727272727272727,25.609756097560975,29.6875,25.49019607843137,20.51282051282051,64.28571428571429,30.0,0.0,0.0,0.0,100.0,100.0,100.0,100.0,100.0,100.0,100.0,100.0,100.0],"cluster_post_filtering_doc_counts":[59,51,61,45,38,31,5,7,3,1,1,0,0,0,0,0,0,0,0,0],"tail_threshold":38,"tail_removal_rate":100.0,"tail_post_filtering_doc_counts":0,"global_removal_rate":34.63203463203463}