{"cluster_sizes":[1,2,3,4,5,6,7,8,9,10,11,12,13,14,15,16,17,18,19,20,21,22,23,24,25,26,27,28,29,30,31,32,33,34,35,36,37,38,39,40,41,42,43,44,45,46,47,48,49,50,51,52,53,54,55,56,57,58,59,60,61,62,63,64,65,66,67,68,69,70,71,72],"cluster_removal_rates":[53.26515458164332,41.44872557770505,35.00294475637049,36.22420506775187,37.47220537699616,38.85901114299059,35.9580951481079,32.47246158220728,30.174036354260668,31.074859525104227,32.836982463422224,34.1093521351603,33.46613545816733,33.19526057219921,32.67052023121387,30.29938811188811,33.63832972883048,34.67146373792842,34.9764732242886,34.80307158781273,36.813353566009106,38.504257682339876,38.2441113490364,39.54410307234886,36.331300813008134,37.834691501746214,37.88487282463186,36.97798025816249,37.129485179407176,36.55821917808219,38.10526315789474,33.97590361445783,33.90728476821192,34.02868318122555,33.7962962962963,31.51815181518152,31.48854961832061,31.150793650793652,39.08872901678657,37.88659793814433,42.74193548387097,42.038216560509554,41.60839160839161,38.02281368821293,40.400000000000006,39.63133640552996,37.745098039215684,47.368421052631575,36.41304347826087,40.625,44.966442953020135,48.92086330935252,55.033557046979865,53.43511450381679,46.788990825688074,40.869565217391305,56.12244897959183,47.32142857142857,39.50617283950617,60.0,50.0,60.0,43.47826086956522,45.07042253521127,50.0,57.407407407407405,53.44827586206896,58.18181818181818,52.0,48.275862068965516,56.81818181818182,45.28301886792453],"cluster_post_filtering_doc_counts":[509171,236149,165541,101709,61865,45816,54223,54621,27082,19013,12945,9906,8183,6935,5824,6379,3989,3450,2902,2632,2082,1661,1442,1220,1253,1068,928,830,806,741,588,548,499,506,429,415,359,347,254,241,213,182,167,163,149,131,127,90,117,95,82,71,67,61,58,68,43,59,49,26,41,38,39,39,29,23,27,23,24,30,19,29],"tail_threshold":73,"tail_removal_rate":63.97871469504708,"tail_post_filtering_doc_counts":880,"global_removal_rate":44.347537753032626}