{"cluster_sizes":[1,2,3,4,5,6,7,8,9,10,11,12,13,14,15,16,17,18,19,20,21,22,23,24,25,26,27,28,29,30,31,32,33,34,35,36,37,38,39,40,41,42,43,44,45,46,47,48,49,50,51,52,53,54,55,56,57,58,59,60,61,62,63,64,65,66,67,68,69,70,71],"cluster_removal_rates":[91.6577819480298,62.486770789904114,63.35203732221436,62.6112474414502,61.319108846979184,59.02916092130126,57.88754794648704,56.14184071608905,56.82046596619461,55.817632676542495,51.78354276449129,49.87970759692792,54.705152079453754,60.89145564934103,64.02603990530945,56.50428265524625,60.58931860036832,62.65208686277529,63.353921018154594,63.20650978667253,64.21543241843605,64.80913903594316,67.05365547536869,70.57722308892356,74.02298850574712,78.24307304785894,78.63277224321538,71.18249534450652,71.98203256597418,76.77532013969733,74.96855345911949,72.3721590909091,76.70765027322405,76.09475951184493,78.47826086956522,82.43727598566308,84.69520103761349,84.2040565457898,84.74777448071217,85.3146853146853,87.26215644820296,89.34290447266704,87.87522071806946,88.11533052039381,87.75677896466722,88.94927536231883,89.15318744053282,87.35632183908046,86.64886515353804,85.91749644381224,82.82312925170068,83.62235067437379,82.52427184466019,86.51452282157676,82.38747553816047,84.29752066115702,82.86334056399133,83.25358851674642,81.3953488372093,82.09366391184572,80.25078369905955,84.61538461538461,81.73374613003097,79.40298507462687,81.54981549815497,74.71698113207546,83.00395256916995,80.9090909090909,78.29787234042553,76.56903765690377,76.54867256637168],"cluster_post_filtering_doc_counts":[622439,233940,96858,66125,44343,32090,22507,19109,14178,12288,11895,10833,7297,5282,4255,4875,3210,2425,1958,1673,1382,1263,1050,943,791,691,622,619,499,399,398,389,341,333,297,245,236,257,257,252,241,193,206,169,149,122,114,121,100,99,101,85,90,65,90,76,79,70,72,65,63,50,59,69,50,67,43,42,51,56,53],"tail_threshold":72,"tail_removal_rate":81.56020716443678,"tail_post_filtering_doc_counts":1709,"global_removal_rate":86.40603305896245}