{"cluster_sizes":[1,2,3,4,5,6,7,8,9,10,11,12,13,14,15,16,17,18,19,20,21,22,23,24,25,26,27,28,29,30,31,32,33,34,35,36,37,38,39,40,41,42,43,44,45,46,47,48,49,50,51,52,53,54,55,56,57,58,59,60,61,62,63,64,65,66,67,68,69,70,71,72,73,74,75,76,77,78,79,80,81,82,83,84,85,86,87,88,89,90,91,92,93,94,95,96,97,98,99,100,101,102,103,104,105,106,107,108,109,110,111,112,113,114,115,116,117,118,119,120,121,122,123,124,125,126,127,128,129,130,131,132,133,134,135,136,137,138,139,140,141,142,143,144,145,146,147,148,149,150,151,152,153,154,155,156,157,158,159,160,161,162,163,164,165,166,167,168,169,170,171,172,173,174,175,176,177,178,179,180,181,182,183,184,185,186,187,188,189,190,191,192,193,194,195,196,197,198,199,200,201,202,203,204,205,206,207,208,209,210,211,212,213,214,215,216,217,218,219,220,221,222,223,224,225,226,229,230,231,232,233,234,235,236,237,238,240,241,242,243,244,245,246,247,248,249,250,253,254,255,256,257,258,260,261,263,264,266,268,269,270,271,272,274,275,276,278,279,280,281,282,283,285,286,287,288,291,292,293,295,296,298,299,300,301,303,304,305,306,307,309,313,314,315,316,317,318,319,320],"cluster_removal_rates":[95.6840447345742,96.78059447639103,97.23660714285714,96.06021319504465,94.66479466479466,97.37367531869144,96.98122177323508,96.43718189124029,94.7178002894356,95.78260869565217,96.84014869888475,97.30238393977415,96.15082482325215,97.71598808341608,97.47126436781609,97.38903394255874,97.54901960784314,91.42419601837672,89.62264150943396,91.25248508946322,95.8005249343832,98.66220735785953,99.03846153846155,99.63369963369964,99.61685823754789,99.5850622406639,98.65470852017937,100.0,99.41176470588235,98.98989898989899,97.98657718120806,100.0,98.47328244274809,99.15966386554622,98.50746268656717,99.20634920634922,99.19354838709677,98.31932773109243,99.06542056074767,98.96907216494846,97.9381443298969,100.0,100.0,100.0,100.0,98.73417721518987,96.61016949152543,100.0,100.0,100.0,100.0,98.30508474576271,97.87234042553192,100.0,98.18181818181819,97.22222222222221,100.0,96.96969696969697,97.91666666666666,96.15384615384616,97.91666666666666,96.0,100.0,97.72727272727273,100.0,100.0,100.0,100.0,100.0,100.0,100.0,100.0,90.9090909090909,100.0,100.0,100.0,100.0,100.0,100.0,100.0,100.0,100.0,100.0,100.0,100.0,100.0,100.0,92.85714285714286,100.0,100.0,100.0,100.0,100.0,100.0,100.0,100.0,100.0,100.0,100.0,100.0,100.0,100.0,100.0,100.0,92.85714285714286,100.0,87.5,100.0,100.0,100.0,92.3076923076923,100.0,100.0,100.0,100.0,100.0,100.0,90.9090909090909,100.0,91.66666666666666,80.0,100.0,100.0,100.0,100.0,100.0,100.0,100.0,100.0,100.0,100.0,100.0,91.66666666666666,100.0,100.0,100.0,100.0,100.0,100.0,100.0,100.0,83.33333333333334,100.0,100.0,100.0,100.0,100.0,100.0,83.33333333333334,100.0,100.0,100.0,50.0,100.0,80.0,80.0,100.0,87.5,100.0,100.0,100.0,100.0,100.0,100.0,100.0,100.0,100.0,100.0,100.0,100.0,100.0,100.0,100.0,100.0,100.0,100.0,100.0,100.0,100.0,100.0,100.0,100.0,100.0,100.0,100.0,100.0,100.0,100.0,100.0,100.0,100.0,100.0,100.0,100.0,100.0,100.0,100.0,100.0,100.0,100.0,100.0,100.0,100.0,100.0,100.0,100.0,100.0,100.0,100.0,100.0,100.0,100.0,100.0,100.0,100.0,100.0,100.0,100.0,100.0,100.0,100.0,100.0,100.0,100.0,100.0,100.0,100.0,100.0,100.0,100.0,100.0,100.0,100.0,100.0,100.0,100.0,100.0,100.0,100.0,100.0,100.0,100.0,100.0,100.0,100.0,100.0,100.0,100.0,66.66666666666666,100.0,100.0,100.0,100.0,100.0,100.0,100.0,100.0,100.0,100.0,100.0,100.0,100.0,100.0,100.0,100.0,100.0,100.0,100.0,100.0,100.0,100.0,100.0,100.0,66.66666666666666,100.0,100.0,100.0,100.0,100.0,100.0,100.0,100.0,100.0,100.0,100.0,100.0,100.0,100.0,100.0,100.0,100.0,100.0,100.0,100.0,100.0,100.0,100.0,100.0,100.0],"cluster_post_filtering_doc_counts":[8714,1590,619,547,456,171,127,133,146,97,51,43,49,23,22,20,15,56,55,44,16,4,3,1,1,1,3,0,1,2,3,0,2,1,2,1,1,2,1,1,2,0,0,0,0,1,2,0,0,0,0,1,1,0,1,1,0,1,1,2,1,1,0,1,0,0,0,0,0,0,0,0,2,0,0,0,0,0,0,0,0,0,0,0,0,0,0,1,0,0,0,0,0,0,0,0,0,0,0,0,0,0,0,0,1,0,1,0,0,0,1,0,0,0,0,0,0,1,0,1,2,0,0,0,0,0,0,0,0,0,0,0,1,0,0,0,0,0,0,0,0,1,0,0,0,0,0,0,1,0,0,0,1,0,1,1,0,1,0,0,0,0,0,0,0,0,0,0,0,0,0,0,0,0,0,0,0,0,0,0,0,0,0,0,0,0,0,0,0,0,0,0,0,0,0,0,0,0,0,0,0,0,0,0,0,0,0,0,0,0,0,0,0,0,0,0,0,0,0,0,0,0,0,0,0,0,0,0,0,0,0,0,0,0,0,0,0,0,0,0,0,0,0,0,0,0,0,0,1,0,0,0,0,0,0,0,0,0,0,0,0,0,0,0,0,0,0,0,0,0,0,0,0,1,0,0,0,0,0,0,0,0,0,0,0,0,0,0,0,0,0,0,0,0,0,0,0,0,0],"tail_threshold":321,"tail_removal_rate":99.40119760479041,"tail_post_filtering_doc_counts":2,"global_removal_rate":96.06819030187725}