{"cluster_sizes":[1,2,4,5,7,18,19,20,21,22,23,24,25,26,27,28,29,30],"cluster_removal_rates":[55.00000000000001,85.71428571428571,66.66666666666666,0.0,100.0,50.0,100.0,75.0,100.0,85.71428571428571,100.0,61.53846153846154,66.66666666666666,90.9090909090909,62.5,100.0,50.0,50.0],"cluster_post_filtering_doc_counts":[18,1,1,1,0,1,0,1,0,1,0,5,3,1,3,0,2,1],"tail_threshold":31,"tail_removal_rate":100.0,"tail_post_filtering_doc_counts":0,"global_removal_rate":69.29133858267717}