{"cluster_sizes":[1,2,3,4,5,6,7,8,9,10,11,12,13,14,15,17,18,20,21,23,26,27,28,29,31,35,38,39,40,48,55,58,75,80,86,97,112,137,196,271,323,409,478],"cluster_removal_rates":[61.47308781869688,44.776119402985074,56.896551724137936,76.59574468085107,90.9090909090909,85.71428571428571,93.33333333333333,76.92307692307693,100.0,100.0,83.33333333333334,83.33333333333334,100.0,100.0,100.0,100.0,100.0,100.0,100.0,100.0,100.0,100.0,100.0,100.0,100.0,100.0,100.0,100.0,100.0,100.0,100.0,100.0,100.0,100.0,100.0,100.0,100.0,100.0,100.0,100.0,100.0,100.0,100.0],"cluster_post_filtering_doc_counts":[408,185,50,11,3,3,1,3,0,0,1,1,0,0,0,0,0,0,0,0,0,0,0,0,0,0,0,0,0,0,0,0,0,0,0,0,0,0,0,0,0,0,0],"tail_threshold":1486,"tail_removal_rate":100.0,"tail_post_filtering_doc_counts":0,"global_removal_rate":60.84656084656085}