{"cluster_sizes":[1,2,3,4,5,6,7,8,9,10,11,12,13,15,18,23],"cluster_removal_rates":[91.57088122605363,90.32258064516128,96.15384615384616,90.9090909090909,100.0,100.0,100.0,100.0,100.0,100.0,100.0,100.0,100.0,100.0,100.0,100.0],"cluster_post_filtering_doc_counts":[22,3,1,1,0,0,0,0,0,0,0,0,0,0,0,0],"tail_threshold":127,"tail_removal_rate":100.0,"tail_post_filtering_doc_counts":0,"global_removal_rate":92.72237196765498}