{"cluster_sizes":[1,2,3,4,5,6,7,8,9,10,11,12,13,14,15,16,17,18,19,20,21,22,23,24,25,26,27,28,29,30,31,32,33,34,35,36,37,38,39,40,41,42,43,44,45,46,47,48,49,50,51,52,53,54,55,56,57,58,59,60,61,62,63,64,65,66,67,68,69,70,71,72,73,74,75,76,77,78,79,80,81,82,83,84,85,86,87,88,89,90,91,92,93,94,95,96,97,98,99,100,101,102,103,104,105,106,107,108,109,110,111,112,113,114,115,116,117,118,119,120,121,122,123,124,125,126,127,128,129,130,131,132,133,134,135,136,137,138,139,140,141,142,143,144,145,146,147,148,149,150,151,152,153,154,155,156,157,158,159,160,161,162,163,164,165,166,167,168,169,170,171,172,173,174,175,176,177,178,179,180,181,182,183,184,185,186,187,188,189,190,191,192,193,194,195,196,197,198,199,200,201,202,203,204,205,206,207,208,209,210,211,212,213,214,215,216,217,218],"cluster_removal_rates":[99.97901600731136,99.95019315751556,99.95418848973489,99.93979387323442,99.93412691754368,99.92768064429971,99.921179496893,99.88529833462006,99.89743489557895,99.89440850557692,99.87380236786609,99.89475662469461,99.84631031755,99.90731341307321,99.89092042385207,99.87678167044092,99.87121432429063,99.86587734714642,99.85319704219225,99.86925774053604,99.8520013454423,99.9128983087755,99.88911769364803,99.84688532516722,99.83361064891847,99.82663675300836,99.84155487482835,99.90690939180803,99.93184141769851,99.84609920681899,99.85484296648191,99.94337485843715,99.89684644857059,99.80725987793126,99.88535866360957,99.8532050236503,99.84888553078957,99.91786447638604,99.90458015267176,99.79407979407979,99.73897911832947,99.85074626865672,99.51953875720692,99.79064898813678,99.5880149812734,99.7822299651568,99.24141008478358,99.52852428099953,99.30444087747459,99.39192924267552,99.48892674616695,99.58258795468097,99.4920634920635,99.59946595460613,99.72318339100346,99.58100558659217,99.48942377826404,99.02475618904725,99.2930086410055,98.981989036805,99.31448157669237,99.08842297174111,99.26806953339434,99.22027290448344,99.14346895074947,99.50149551345963,98.8197424892704,99.46351931330472,99.47201689545935,98.9655172413793,98.9841986455982,99.01315789473685,98.5731272294887,99.35649935649936,99.48652118100128,98.42180774748924,98.09384164222874,98.61963190184049,98.89415481832543,98.43478260869564,98.4375,99.10233393177738,98.3108108108108,97.83783783783784,98.53211009174312,97.70114942528735,98.11320754716981,99.35483870967742,98.29059829059828,98.6870897155361,98.25242718446601,99.0521327014218,98.14385150812065,99.30875576036865,98.0,99.00249376558602,99.73821989528795,98.95287958115183,99.70501474926253,99.43977591036415,99.14529914529915,100.0,100.0,99.65034965034964,99.36102236421725,98.95470383275261,99.61977186311786,99.64539007092199,99.28057553956835,100.0,100.0,100.0,99.61685823754789,99.63369963369964,100.0,100.0,100.0,99.59016393442623,100.0,100.0,100.0,100.0,99.5049504950495,100.0,100.0,99.57264957264957,99.55156950672645,100.0,99.50248756218906,99.4413407821229,99.53271028037383,100.0,100.0,99.48186528497409,100.0,100.0,100.0,100.0,100.0,100.0,100.0,99.40476190476191,100.0,100.0,100.0,100.0,100.0,100.0,100.0,100.0,100.0,100.0,100.0,100.0,100.0,100.0,100.0,100.0,100.0,100.0,100.0,100.0,100.0,100.0,100.0,100.0,100.0,100.0,100.0,100.0,100.0,100.0,100.0,100.0,100.0,100.0,100.0,100.0,100.0,100.0,100.0,98.96907216494846,100.0,100.0,100.0,100.0,100.0,100.0,100.0,100.0,100.0,98.76543209876543,100.0,98.9247311827957,100.0,100.0,100.0,100.0,100.0,100.0,98.82352941176471,100.0,100.0,100.0,100.0,100.0,100.0,100.0,100.0,100.0,100.0,100.0,100.0,100.0,100.0,100.0,100.0,100.0],"cluster_post_filtering_doc_counts":[2198,878,372,304,212,176,129,156,105,87,76,56,68,42,42,37,31,29,27,22,22,12,14,19,18,17,15,9,6,13,11,4,7,12,7,9,8,4,4,8,9,5,15,6,11,5,17,10,13,11,9,7,8,6,4,6,7,13,9,13,8,10,8,8,8,5,11,5,5,9,9,9,12,5,4,11,13,9,7,9,9,5,10,12,8,12,9,3,8,6,9,4,8,3,8,4,1,4,1,2,3,0,0,1,2,3,1,1,2,0,0,0,1,1,0,0,0,1,0,0,0,0,1,0,0,1,1,0,1,1,1,0,0,1,0,0,0,0,0,0,0,1,0,0,0,0,0,0,0,0,0,0,0,0,0,0,0,0,0,0,0,0,0,0,0,0,0,0,0,0,0,0,0,0,0,0,0,0,0,0,0,1,0,0,0,0,0,0,0,0,0,1,0,1,0,0,0,0,0,0,1,0,0,0,0,0,0,0,0,0,0,0,0,0,0,0,0,0],"tail_threshold":219,"tail_removal_rate":99.96720020991866,"tail_post_filtering_doc_counts":5,"global_removal_rate":99.9620764179226}