{"cluster_sizes":[1,2,3,4,5,6,7,8,9,10,11,12,13,14,15,16,17,18,19,20,21,22,23,24,25,26,27,28,29,30,31,32,33,34,35,36,37,38,39,40,41,42,43,44,45,46,47,48,49,50,51,52,53,54,55,56,57,58,59,60,61,62,63,64,65,66,67,68,69,70,71,72,73,74,75,76,77,78,79,80,81,82,83,84,85,86,87,88,89,90,91,92,93,94,95,96,97,98,99,100,101,102,103,104,105,106,107,108,109,110,111,112,113,114,115,116,117,118,119,120,121,122,123,124,125,126,127,128,129,130,131,132,133,134,135,136,137,138,139,140,142,143,145,146,147,148,149,150,151,152,153,154,155,156,157,158,159,161,162,163,164,165,166,167,168,171,172,173,174,175,176,177,178,179,180,181,182,183,184],"cluster_removal_rates":[99.17218005219219,97.5874213138848,96.55577759492184,96.43807398506567,96.19233268356075,94.35336976320583,94.036274208423,94.51648758799556,93.81970260223048,94.01888772298005,92.8332217012726,92.91158536585365,92.0,91.65067178502879,90.75907590759076,91.29930394431554,89.5104895104895,92.76410998552822,92.15384615384615,92.43986254295532,92.54302103250478,91.6504854368932,92.55813953488372,92.05298013245033,90.1639344262295,90.59561128526646,91.98606271777004,92.56756756756756,91.98473282442748,89.81132075471699,91.66666666666666,91.9431279620853,94.25837320574163,87.7659574468085,91.84782608695652,90.52631578947368,88.27160493827161,89.26553672316385,87.66233766233766,89.43089430894308,92.72727272727272,86.20689655172413,86.66666666666667,88.46153846153845,88.04347826086956,86.76470588235294,80.0,89.1566265060241,92.0,84.84848484848484,88.31168831168831,90.0,92.06349206349206,96.36363636363636,95.23809523809523,95.34883720930233,97.87234042553192,90.69767441860465,89.47368421052632,95.1219512195122,90.625,93.54838709677419,87.8048780487805,93.93939393939394,84.61538461538461,86.95652173913044,92.85714285714286,96.15384615384616,87.5,87.5,100.0,93.75,88.23529411764706,76.47058823529412,100.0,100.0,91.66666666666666,100.0,94.44444444444444,92.85714285714286,100.0,100.0,87.5,100.0,88.88888888888889,92.85714285714286,87.5,94.11764705882352,100.0,83.33333333333334,100.0,100.0,100.0,81.81818181818183,100.0,100.0,85.71428571428571,100.0,100.0,87.5,100.0,100.0,100.0,100.0,66.66666666666666,100.0,100.0,100.0,100.0,100.0,100.0,100.0,75.0,100.0,60.0,100.0,100.0,100.0,100.0,100.0,100.0,100.0,100.0,100.0,100.0,100.0,100.0,100.0,100.0,100.0,100.0,100.0,100.0,100.0,100.0,100.0,100.0,50.0,100.0,100.0,100.0,100.0,100.0,100.0,100.0,100.0,100.0,100.0,100.0,100.0,100.0,100.0,100.0,100.0,100.0,100.0,100.0,100.0,100.0,100.0,100.0,100.0,100.0,100.0,100.0,100.0,100.0,100.0,100.0,100.0,100.0,100.0,100.0,100.0,100.0,100.0,100.0,100.0,100.0],"cluster_post_filtering_doc_counts":[1529,870,586,415,293,279,194,148,133,114,107,93,92,87,84,75,75,50,51,44,39,43,32,36,36,30,23,22,21,27,19,17,12,23,15,18,19,19,19,13,8,12,12,9,11,9,16,9,6,10,9,5,5,2,2,2,1,4,4,2,3,2,5,2,4,3,1,1,2,3,0,1,2,4,0,0,2,0,1,1,0,0,2,0,1,1,1,1,0,2,0,0,0,2,0,0,1,0,0,1,0,0,0,0,1,0,0,0,0,0,0,0,1,0,2,0,0,0,0,0,0,0,0,0,0,0,0,0,0,0,0,0,0,0,0,0,0,1,0,0,0,0,0,0,0,0,0,0,0,0,0,0,0,0,0,0,0,0,0,0,0,0,0,0,0,0,0,0,0,0,0,0,0,0,0,0,0,0,0],"tail_threshold":185,"tail_removal_rate":100.0,"tail_post_filtering_doc_counts":0,"global_removal_rate":97.92969100793722}