{"cluster_sizes":[1,2,3,4,5,6,7,8,9,10,11,12,13,14,15,16,17,18,20,21,22,23,24,25,26,30,32,33,34,35,36,37,38,39,40,42,44,46,47,48,50,52,53,54,55,58,59,60,61,66,68,100,106],"cluster_removal_rates":[93.03874092009686,92.6829268292683,99.21875,98.52941176470588,98.14814814814815,97.95918367346938,100.0,100.0,94.73684210526315,100.0,100.0,100.0,100.0,100.0,100.0,100.0,100.0,100.0,100.0,100.0,100.0,100.0,100.0,100.0,100.0,100.0,100.0,100.0,100.0,100.0,100.0,100.0,100.0,100.0,100.0,100.0,100.0,100.0,100.0,100.0,100.0,100.0,100.0,100.0,100.0,100.0,100.0,100.0,100.0,100.0,100.0,100.0,100.0],"cluster_post_filtering_doc_counts":[115,15,1,1,1,1,0,0,1,0,0,0,0,0,0,0,0,0,0,0,0,0,0,0,0,0,0,0,0,0,0,0,0,0,0,0,0,0,0,0,0,0,0,0,0,0,0,0,0,0,0,0,0],"tail_threshold":126,"tail_removal_rate":100.0,"tail_post_filtering_doc_counts":0,"global_removal_rate":94.20352082438815}