{"cluster_sizes":[1,2,3,4,5,6,7,8,9,10,11,12,13,14,15,16,17,18,19,20,21,22,23,24,25,26,27,28,29,30,31,32,33,34,35,36,37,38,39,40,41,42,43,44,45,46,47,48,49,50,51,52,53,54,55,56,57,58,59,60,61,62,63,64,65,66,67,68,69,70,71,72,73,74,75,76,77,78,79,80,81,82,83,84,85,86,87,88,89,90,91,92,93,94,95,96,97,98,99,100,101,102,103,104,105,106,107,108,109,110,111,112,113,114,115,116,117,118,119,120,121,122,123,124,125,126,127,128,129,130,131,132,133,134,135,136,137,138,139,140,141,142,143,144,145,146,147,148,149,150,151,152,153,154,155,156,157,158,159,160,161,162,163,164,165,166,167,168,169,170,171,172,173,174,175,176,177,178,179,180,181,182,183,184,185,186,187,188,189,190,191,192,193,194,195,196,197,198,199,200,201,202,203,204,205,206,207,208,209,210,211,212,213,214,215,216,217,218,219,220],"cluster_removal_rates":[78.76549015619725,68.83899285422349,65.19253085844335,63.76837737587956,60.83161217089593,59.90749755794703,58.788194069551736,59.66382109269289,58.96320885814531,58.93271311348581,57.28696842301719,58.25641470793427,56.954401618875764,57.91775626359996,58.148033192979575,58.13134928560368,57.09524900267851,57.247530689893075,55.21481683400724,56.85533513502439,57.8448647513348,59.0551201036983,59.4377231801347,61.1341358714786,60.677213651506264,60.89221855958446,61.23754830018788,61.984237144050994,62.25009048906679,63.79070167551878,63.68395193526668,64.71061295267774,65.24965813894826,65.65509924900192,66.13620820249591,66.94643545279384,65.52862570417922,65.18299582504194,65.1504266805991,65.9798518726526,65.61167959329988,66.78390103047637,65.69204944300321,66.51894490686988,66.63222597761938,65.89018620268621,65.5392601137019,66.97442138615524,66.3684867748893,67.30247823812016,66.87953186617479,67.86483969668751,67.61740702041739,68.23529411764706,68.02830891482493,69.20020673170102,68.33140287524698,68.32720985519775,68.30190134598327,69.42743009320905,68.83100749513437,68.13939549618975,69.18035690563698,69.32948347770292,69.46739909242895,69.81569091267494,69.57651338009873,70.00324464633356,69.79002919380193,70.88434599396389,69.51835839980515,70.86166398813202,70.38302345443795,70.2276707530648,71.05559465165376,70.55075435769737,70.24085224641038,70.93280632411067,70.93926265020846,71.27196652719665,71.68095154801469,71.11635077536955,71.37367915465899,71.85298038468864,71.28751974723538,71.84506455643482,71.42546482548657,72.3836574175224,71.61370295244535,72.82671942278598,72.70167707185702,72.96222664015905,72.46303551118413,72.80062467464862,72.12785876688511,73.54032147272977,72.67474633596393,74.01563610518835,73.40394233598117,75.0394265232975,73.66099558916194,73.06896002548177,74.2064817908453,74.14055884843353,74.94057724957555,73.51264695404346,74.97670952114775,74.34354485776805,73.8022230739747,74.76542223996806,74.33360258481422,75.29198550140958,75.34700642220841,74.2808072133963,75.64551422319474,74.92041837198727,75.9476534296029,75.01757675181626,76.4218009478673,77.1469465648855,76.14792752544055,76.01740465830561,74.56983805668015,76.58637658637659,78.39555202541699,78.07545106615636,76.44504748982361,77.25237828763291,77.28587962962963,77.23507569265924,75.17964071856288,77.16606498194946,76.61339889366933,77.54777070063695,77.70680293835835,76.94275663575311,77.10233029381965,77.2565512779036,78.96600566572238,78.12173913043479,78.23423423423424,78.39140103780579,76.37178051511758,77.15101749375222,77.09132770529547,77.61605035405192,77.43069113627489,79.32285368802901,77.97570850202429,77.56436452799346,78.48885218827415,77.45967741935483,77.47183979974969,77.17678100263852,79.90810359231412,79.7496647295485,78.18263607737292,78.15622161671209,79.54755309325947,79.62264150943396,77.23658051689861,79.60174842156387,79.0141532454856,79.1398912506179,80.56847545219638,79.60042060988434,79.050736497545,78.90052356020942,79.96853696906136,80.33769063180827,78.36801752464403,78.91891891891892,81.14849187935035,78.26086956521739,80.99219620958752,79.2507204610951,81.08276291225887,79.88826815642457,80.55222088835534,81.74224343675418,79.5031055900621,78.05662805662806,78.90932982917214,80.22457891453524,81.41239173884077,81.4060446780552,79.55682630450322,80.3776129467296,79.22705314009661,81.13074204946996,80.04261363636364,82.1647379169503,82.06997084548105,79.7923875432526,81.01173020527858,81.37404580152672,79.7037037037037,81.66797797010229,79.82385908726981,81.11361926260346,80.30794165316046,79.3296089385475,78.95608947804475,81.55038759689923,79.58366693354684,79.82978723404256,81.6220880069025,79.53020134228188,80.9090909090909,81.90730837789661,80.18628281117697,79.9496644295302,80.55797733217088,80.51146384479718,79.8951048951049,79.40663176265271,77.69911504424779,81.43382352941177,78.6339754816112,79.76618705035972],"cluster_post_filtering_doc_counts":[22901373,9887061,5813823,4310291,3317772,2509421,1805441,1502131,1183293,1013870,892555,779043,609013,504176,428796,373151,324048,293724,266157,231645,190674,161729,140513,125850,110011,97877,87476,79153,70920,65243,59871,56168,52350,49208,46049,42887,39468,35693,32017,29076,26381,24272,22482,20474,19054,17879,16730,15739,14813,13748,13018,12078,11467,10881,10300,9535,9296,8793,8219,8036,7527,7442,6960,6692,6392,6125,5855,5547,5381,5113,5006,4714,4508,4420,4113,4021,3855,3677,3555,3433,3238,3185,2980,2956,2908,2704,2628,2528,2519,2335,2230,2176,2179,2090,2084,1926,1939,1828,1808,1741,1672,1691,1544,1527,1476,1487,1343,1407,1367,1264,1271,1227,1190,1198,1113,1103,1066,1066,995,958,961,937,1005,904,816,802,868,813,785,797,829,759,761,705,698,721,678,703,594,629,604,583,633,640,597,569,578,513,544,549,521,559,540,519,481,453,485,481,443,432,458,420,430,422,376,388,384,403,382,361,395,390,325,395,341,360,304,324,324,306,330,341,321,317,279,283,286,291,301,267,281,262,246,292,259,244,274,233,252,251,243,259,254,238,255,237,213,244,231,203,234,239,223,221,230,236,252,202,244,225],"tail_threshold":221,"tail_removal_rate":86.23736725405531,"tail_post_filtering_doc_counts":29483,"global_removal_rate":71.39592428427356}