{"cluster_sizes":[1,2,3,4,5,6,7,8,9,10,11,12,13,14,15,16,19,21,29,30,31,32,33,34,35,36],"cluster_removal_rates":[98.10010960906101,95.8904109589041,73.67424242424242,82.54545454545455,90.1639344262295,95.65217391304348,94.0,100.0,100.0,100.0,100.0,100.0,100.0,100.0,100.0,100.0,100.0,100.0,100.0,100.0,100.0,100.0,100.0,100.0,100.0,100.0],"cluster_post_filtering_doc_counts":[156,33,139,48,18,4,3,0,0,0,0,0,0,0,0,0,0,0,0,0,0,0,0,0,0,0],"tail_threshold":37,"tail_removal_rate":100.0,"tail_post_filtering_doc_counts":0,"global_removal_rate":96.10149718063387}