{"cluster_sizes":[1,2,3,4,5,6,7,8,9,10,11,12,13,14,15,16,17,18,19,20,21,22,23,24,25,26,27,30,33,34,36,37,38,39,40,42,43,44,48,51,53,55,61,63,65,66,67,70,71],"cluster_removal_rates":[99.58584337349397,100.0,100.0,100.0,100.0,100.0,100.0,100.0,100.0,100.0,100.0,100.0,100.0,100.0,100.0,100.0,100.0,100.0,100.0,100.0,100.0,100.0,100.0,100.0,100.0,100.0,100.0,100.0,100.0,100.0,100.0,100.0,100.0,100.0,100.0,100.0,100.0,100.0,100.0,100.0,100.0,0.0,0.0,0.0,100.0,50.0,50.0,0.0,0.0],"cluster_post_filtering_doc_counts":[11,0,0,0,0,0,0,0,0,0,0,0,0,0,0,0,0,0,0,0,0,0,0,0,0,0,0,0,0,0,0,0,0,0,0,0,0,0,0,0,0,1,1,1,0,1,1,1,1],"tail_threshold":73,"tail_removal_rate":75.0,"tail_post_filtering_doc_counts":1,"global_removal_rate":99.43062631105784}