{"cluster_sizes":[1,2,3,4,5,6,7,8,9,10,11,12,13,14,15,16,17,18,19,20,21,22,23,24,25,26,27,28,29,31,32,33,34,35,36,37,38,39,40,41,42,43,44,47,48,49,50,51],"cluster_removal_rates":[98.33427619586398,78.01047120418848,86.29629629629629,97.6470588235294,97.81420765027322,99.25373134328358,98.9247311827957,97.95918367346938,97.2972972972973,100.0,100.0,100.0,100.0,100.0,100.0,100.0,90.9090909090909,100.0,100.0,100.0,100.0,100.0,100.0,100.0,100.0,100.0,100.0,100.0,100.0,100.0,100.0,100.0,100.0,100.0,100.0,100.0,100.0,100.0,100.0,100.0,100.0,100.0,100.0,100.0,100.0,100.0,100.0,100.0],"cluster_post_filtering_doc_counts":[530,336,74,6,4,1,1,1,1,0,0,0,0,0,0,0,1,0,0,0,0,0,0,0,0,0,0,0,0,0,0,0,0,0,0,0,0,0,0,0,0,0,0,0,0,0,0,0],"tail_threshold":57,"tail_removal_rate":97.14285714285714,"tail_post_filtering_doc_counts":1,"global_removal_rate":97.26442899247432}