{"cluster_sizes":[1,2,3,4,5,6,7,8,9,10,11,12,13,14,15,16,17,18,19,25,28,60,62],"cluster_removal_rates":[59.183673469387756,30.303030303030305,43.333333333333336,89.65517241379311,84.28571428571429,78.98550724637681,78.13953488372093,71.07843137254902,66.46341463414635,65.0,72.22222222222221,65.21739130434783,55.55555555555556,0.0,0.0,0.0,20.0,33.33333333333333,0.0,0.0,100.0,100.0,100.0],"cluster_post_filtering_doc_counts":[160,23,17,3,11,29,47,59,55,35,10,8,4,5,8,2,4,2,1,1,0,0,0],"tail_threshold":63,"tail_removal_rate":50.0,"tail_post_filtering_doc_counts":1,"global_removal_rate":67.07399864222675}