{"cluster_sizes":[1,2,3,4,5,6,7,8,9,10,11,12,13,14,15,16,17,18,19,20,21,22,23,24,25,26,27,28,29,30,31,32,33,34,35,36,37,38,39,40,41,42,43,44,45,46,47,48,49,50,51,52,53,54,55,56,57,58,59,60,61,62,63,64,65,66,67,68,69,70,71,72,73,74,75,76,77,78,79,80,81,82,83,84,85,86,87,88,89,90,91,92,93,94,95,96,97,98,99,100,101,102,103,104,105,106,107,108],"cluster_removal_rates":[96.78603554323779,97.81091370558376,98.76243261711336,98.9982269503546,99.13978494623656,99.07431216250964,99.19614147909968,99.72616380383371,99.32075471698113,99.4535519125683,99.11717495987159,99.05325443786982,98.80952380952381,98.24561403508771,96.7123287671233,96.86520376175548,96.37681159420289,95.07389162561576,96.15384615384616,96.12903225806451,97.8102189781022,97.97297297297297,98.83720930232558,97.35099337748345,98.85057471264368,99.46808510638297,97.81659388646288,99.6124031007752,99.31972789115646,99.22680412371135,99.77876106194691,99.50248756218906,100.0,99.32318104906938,99.86824769433466,99.77876106194691,99.81429897864437,100.0,99.78386167146974,99.82935153583618,99.74171330176496,99.68575418994413,99.83377659574468,99.87004548408058,99.77243172951886,99.79912956143288,99.85915492957747,99.83812221772563,99.91423670668954,99.73446627721721,99.74619289340102,99.66804979253112,99.43342776203966,99.66367713004485,99.50738916256158,99.40915805022156,98.96907216494846,99.29078014184397,99.644128113879,99.03846153846155,98.13664596273291,99.01234567901234,97.8021978021978,98.15384615384616,96.88888888888889,97.79735682819384,99.46524064171123,97.35099337748345,93.57142857142857,94.39999999999999,98.0,98.76543209876543,90.78947368421053,97.14285714285714,95.38461538461539,92.5925925925926,95.3125,85.71428571428571,90.0,92.85714285714286,83.33333333333334,88.88888888888889,82.97872340425532,76.31578947368422,86.20689655172413,83.87096774193549,77.77777777777779,83.33333333333334,85.18518518518519,74.19354838709677,80.0,85.0,92.85714285714286,89.47368421052632,100.0,94.11764705882352,88.88888888888889,81.25,100.0,92.3076923076923,66.66666666666666,93.75,91.66666666666666,86.66666666666667,100.0,90.0,100.0,75.0],"cluster_post_filtering_doc_counts":[2644,552,163,113,88,72,45,11,18,10,11,8,7,8,12,10,10,10,6,6,3,3,2,4,2,1,5,1,2,3,1,2,0,4,1,2,2,0,3,3,6,9,5,4,7,6,4,4,2,5,4,4,6,3,4,4,7,4,2,5,9,4,8,6,7,5,1,4,9,7,2,1,7,2,3,4,3,7,5,3,6,4,8,9,4,5,4,3,4,8,5,3,2,2,0,1,1,3,0,1,3,1,1,2,0,1,0,1],"tail_threshold":109,"tail_removal_rate":93.75,"tail_post_filtering_doc_counts":14,"global_removal_rate":98.11379266312775}