{"cluster_sizes":[1,2,3,4,5,6,7,8,9,11,12,13,18,19,22,24,26,28,36,38,39],"cluster_removal_rates":[99.7340425531915,100.0,85.71428571428571,100.0,100.0,100.0,100.0,100.0,100.0,100.0,100.0,100.0,100.0,100.0,100.0,100.0,0.0,100.0,100.0,100.0,100.0],"cluster_post_filtering_doc_counts":[4,0,2,0,0,0,0,0,0,0,0,0,0,0,0,0,1,0,0,0,0],"tail_threshold":72,"tail_removal_rate":50.0,"tail_post_filtering_doc_counts":1,"global_removal_rate":99.50433705080545}