{"cluster_sizes":[1,2,3,4,5,6,7,8,9,10,11,12,13,14,15,16,17,18,19,20,21,22,23,24,25,26,27,28,29,30,31,32,33,34,35,36,37,38,39,40,41,42,43,44,45,46,47,48,49,50,51,52,53,54,55,56,57,58,59,60,61,62,63,64,65,66,67,68,69,70,71,72,73,74,75,76,77,78,79,80,81,82,83,84,85,86,87,88,89,90,91,92,93,94,95,96,97,98,99,100,101,102,103,104,105,106,107,108,109,110,111,112,113,114,115,116,117,118,119,120,121,122,123,124,125,126,127,128,129,130,131,132,133,134,135,137,138,139,140,141,142,143,144,145,146,147,148,149,150,151,152,153,154,155,156,157,158,159,162,163,164,167,169,171,172,173,174,175,176,177,178,179,180,182,183,184,185,186,187,188,189,191,192,193,195,196,197,198,199,201,203,204,205,206,208],"cluster_removal_rates":[98.89002662297767,96.56420922887297,91.14291942163773,92.20838569633268,88.64628820960698,91.87840290381125,75.95146166574737,85.65400843881856,79.10809500727096,85.32235939643347,88.16000000000001,86.49193548387096,88.04100227790433,89.62536023054754,92.14175654853621,90.0172117039587,91.01123595505618,91.19373776908023,92.16417910447761,92.65033407572383,90.60052219321149,92.56198347107438,93.73134328358209,95.15151515151516,91.49659863945578,93.54838709677419,94.83568075117371,94.94949494949495,92.89940828402366,92.25352112676056,90.38461538461539,91.51515151515152,86.54970760233918,87.68115942028986,86.9281045751634,91.0344827586207,96.96969696969697,92.74193548387096,91.34615384615384,91.73553719008265,94.04761904761905,84.70588235294117,92.5925925925926,85.13513513513513,89.65517241379311,83.33333333333334,85.71428571428571,86.0,87.75510204081633,93.47826086956522,91.66666666666666,90.69767441860465,76.19047619047619,95.83333333333334,90.9090909090909,89.65517241379311,92.5925925925926,94.87179487179486,100.0,87.5,84.84848484848484,90.9090909090909,80.48780487804879,86.11111111111111,93.93939393939394,86.48648648648648,88.88888888888889,97.43589743589743,100.0,90.625,95.0,87.17948717948718,78.57142857142857,97.67441860465115,94.64285714285714,90.0,91.42857142857143,85.0,87.09677419354838,85.29411764705883,84.0909090909091,70.45454545454545,86.04651162790698,92.3076923076923,77.77777777777779,90.47619047619048,87.87878787878788,85.71428571428571,94.28571428571428,91.8918918918919,85.71428571428571,96.875,83.87096774193549,82.14285714285714,83.33333333333334,96.15384615384616,80.0,90.9090909090909,90.9090909090909,100.0,87.5,94.11764705882352,92.3076923076923,100.0,80.0,85.71428571428571,85.71428571428571,84.61538461538461,77.77777777777779,88.88888888888889,90.0,100.0,85.71428571428571,80.0,90.0,100.0,100.0,71.42857142857143,100.0,100.0,100.0,100.0,100.0,66.66666666666666,100.0,100.0,100.0,100.0,100.0,100.0,100.0,100.0,100.0,60.0,100.0,100.0,100.0,100.0,100.0,100.0,100.0,100.0,100.0,100.0,100.0,100.0,100.0,100.0,100.0,100.0,0.0,100.0,100.0,100.0,100.0,100.0,66.66666666666666,100.0,100.0,100.0,100.0,100.0,100.0,100.0,100.0,100.0,100.0,100.0,100.0,100.0,100.0,100.0,100.0,100.0,100.0,100.0,100.0,100.0,100.0,100.0,100.0,100.0,100.0,100.0,100.0,100.0,100.0,100.0,100.0,100.0,100.0,100.0,100.0,100.0,100.0],"cluster_post_filtering_doc_counts":[1084,892,1219,682,754,358,872,340,431,214,148,134,105,72,51,58,48,45,42,33,36,27,21,16,25,16,11,10,12,11,15,14,23,17,20,13,3,9,9,10,5,13,6,11,6,11,7,7,6,3,3,4,10,2,3,3,2,2,0,4,5,4,8,5,2,5,4,1,0,3,2,5,9,1,3,4,3,6,4,5,7,13,6,3,6,4,4,7,2,3,3,1,5,5,6,1,5,2,1,0,2,1,1,0,1,1,1,2,2,1,1,0,1,1,1,0,0,2,0,0,0,0,0,1,0,0,0,0,0,0,0,0,0,2,0,0,0,0,0,0,0,0,0,0,0,0,0,0,0,0,2,0,0,0,0,0,1,0,0,0,0,0,0,0,0,0,0,0,0,0,0,0,0,0,0,0,0,0,0,0,0,0,0,0,0,0,0,0,0,0,0,0,0,0,0],"tail_threshold":209,"tail_removal_rate":97.26775956284153,"tail_post_filtering_doc_counts":5,"global_removal_rate":95.46294554428054}