{"cluster_sizes":[1,2,3,4,5,6,7,9,10,11,13,16,17,18,19,20,21,22,23,24,25,26,27,28,29,30,31,32,33,34,35,36,37,38,39,42,50,53,56,68],"cluster_removal_rates":[80.40816326530611,65.0,100.0,83.33333333333334,100.0,62.5,100.0,100.0,100.0,100.0,100.0,0.0,14.285714285714285,22.22222222222222,44.44444444444444,29.03225806451613,41.17647058823529,42.5531914893617,49.31506849315068,53.84615384615385,70.96774193548387,62.22222222222222,68.57142857142857,61.111111111111114,77.77777777777779,83.33333333333334,25.0,50.0,0.0,0.0,0.0,0.0,0.0,33.33333333333333,0.0,0.0,100.0,100.0,0.0,100.0],"cluster_post_filtering_doc_counts":[96,7,0,1,0,3,0,0,0,0,0,3,6,7,10,22,20,27,37,36,18,17,11,7,2,1,3,1,3,3,2,4,3,2,3,1,0,0,1,0],"tail_threshold":93,"tail_removal_rate":100.0,"tail_post_filtering_doc_counts":0,"global_removal_rate":65.83732057416269}