{"cluster_sizes":[1,2,3,4,5,6,7,8,9,10,12,13,14,15,23,43],"cluster_removal_rates":[91.66666666666666,100.0,100.0,100.0,100.0,100.0,100.0,100.0,100.0,100.0,100.0,100.0,100.0,100.0,0.0,100.0],"cluster_post_filtering_doc_counts":[1,0,0,0,0,0,0,0,0,0,0,0,0,0,1,0],"tail_threshold":153,"tail_removal_rate":100.0,"tail_post_filtering_doc_counts":0,"global_removal_rate":93.54838709677419}