{"cluster_sizes":[1,2,3,4,5,6,7,8,10,12,17,18,26,33,45],"cluster_removal_rates":[75.93582887700535,100.0,100.0,100.0,100.0,25.0,13.333333333333334,30.0,100.0,100.0,100.0,100.0,100.0,100.0,100.0],"cluster_post_filtering_doc_counts":[90,0,0,0,0,3,13,7,0,0,0,0,0,0,0],"tail_threshold":46,"tail_removal_rate":100.0,"tail_post_filtering_doc_counts":0,"global_removal_rate":73.8425925925926}