{"cluster_sizes":[1,2,3,4,5,6,7,8,9,10,11,12,13,14,15,16,17,18,19,20,21,22,23,24,25,26,27,28,29,30,31,32,33,34,35,36,37,38,39,40,41,42,43,44,46,47,48,49,50,52,53,54,55,58],"cluster_removal_rates":[97.62148491599928,91.45241317095174,89.76525821596243,96.78055190538764,99.22330097087378,100.0,100.0,100.0,100.0,100.0,100.0,99.35897435897436,100.0,100.0,100.0,98.84393063583815,97.20670391061452,88.33333333333333,72.38805970149254,60.0,58.52713178294574,59.45945945945946,61.55717761557178,64.23841059602648,65.70743405275779,67.93002915451895,69.34673366834171,77.77777777777779,82.05128205128204,74.46808510638297,80.0,80.0,60.0,81.25,50.0,55.55555555555556,54.166666666666664,58.82352941176471,69.23076923076923,77.77777777777779,100.0,87.5,60.0,50.0,80.0,100.0,100.0,100.0,100.0,100.0,100.0,100.0,100.0,100.0],"cluster_post_filtering_doc_counts":[790,379,218,49,4,0,0,0,0,0,0,1,0,0,0,2,5,14,37,74,107,150,158,162,143,110,61,34,14,12,5,4,8,3,9,8,11,7,4,2,0,1,2,1,1,0,0,0,0,0,0,0,0,0],"tail_threshold":59,"tail_removal_rate":100.0,"tail_post_filtering_doc_counts":0,"global_removal_rate":94.57079970652971}