{"cluster_sizes":[1,2,3,4,5,6,7,8,9,10,11,12,13,14,15,16,17,18,19,20,21,22,23,24,25,26,27,28,29,30,31,32,33,34,35,36,37,38,39,40,41,42,43,44,45,46,47,48,49,50,51,52,53,54,55,56,57,58,59,60,61,62,63,64,65,66,67,68,69,70,71,72,73,74,75,76,77,78,79,80,81,82,83,84,85,86,87,88,89,90,91,92,93,94,95,96,97,98,99,100,101,102,103,104,105,106,107,108,109,110,111,112,113,114,115,116,117,118,119,120,121,122,123,124,125,126,127,128,129,130,131,132,133,134,135,136,137,138,139,140,141,142,143,144,145,146,147,148,149,150,151,152,153,154,155,156,157,158,159,160,161,162,163,164,165,166,167,168,169,170,171,172,173,174,175,176,177,178,179,180,181,182,183,184,185,186,187,188,189,190,191,192,193,194,195,196,197,198,199,200,201,202,203,204,205,206,207,208,209,210,211,212,213,214,215,216,217,218,219,220,221,222,223,224,225,226,227,228,229,230,231,232,233,234,235,236,237,238,239,240,241,242,243,244,245,246,247,248,249,250,251,252,253,254,255,256,257,258,259,260,261,262,263,264,265,266,267,268,270,271,272,273,274,275,276,277,278,279,280,281,282,283,284,285,286,287,288,289,290,291,292,293,294,295,296,297,298,299,300,301,302,303,304,305,306,307,309,310,311,312,313,314,315,316],"cluster_removal_rates":[99.91004129744212,99.72267904936957,99.77415088218412,99.62262096993668,99.6517210002824,99.79446489173557,99.86573176189766,99.10293165633959,99.90354473113094,99.88247392390187,99.94997498749375,99.88978692138134,99.90089197224975,99.94690735333155,99.88002399520096,99.74059662775616,99.27461139896373,98.41795437821928,99.52545297670406,99.75259772389906,99.40314704286489,99.19137466307278,98.71570344424985,99.14268218003674,99.12445278298937,99.18144611186904,99.25428784489188,99.26410466067048,99.63031423290202,99.5959595959596,99.69696969696969,99.62616822429906,99.8283261802575,99.84459984459984,99.72844534962661,99.81226533166459,99.81873111782478,99.94175888177053,99.88358556461002,99.75155279503105,99.78354978354979,99.83673469387755,99.79736575481256,99.64028776978418,99.8567335243553,99.84301412872841,100.0,99.64476021314387,99.18367346938776,99.36440677966102,99.58071278825996,99.54545454545455,99.78308026030369,99.3421052631579,99.29245283018868,99.55456570155901,99.28400954653938,100.0,100.0,99.73474801061008,99.42028985507247,99.41002949852508,99.10979228486647,98.98648648648648,100.0,100.0,98.31223628691983,98.96907216494846,99.29577464788733,99.64539007092199,99.58847736625515,99.61977186311786,99.57983193277312,99.61685823754789,99.18367346938776,99.56140350877193,98.5,98.82352941176471,97.74011299435028,100.0,100.0,99.35483870967742,99.27007299270073,98.56115107913669,99.13793103448276,99.06542056074767,100.0,98.93617021276596,98.57142857142858,100.0,98.63013698630137,100.0,100.0,100.0,100.0,98.76543209876543,100.0,100.0,100.0,100.0,95.65217391304348,100.0,100.0,100.0,100.0,100.0,100.0,100.0,100.0,100.0,100.0,100.0,100.0,100.0,100.0,100.0,97.82608695652173,100.0,100.0,100.0,96.42857142857143,100.0,100.0,100.0,100.0,100.0,100.0,100.0,96.66666666666667,100.0,100.0,100.0,95.0,100.0,100.0,100.0,100.0,100.0,100.0,100.0,100.0,100.0,100.0,100.0,100.0,100.0,100.0,100.0,100.0,100.0,100.0,100.0,100.0,100.0,100.0,100.0,100.0,100.0,100.0,100.0,100.0,100.0,100.0,100.0,100.0,93.75,100.0,100.0,100.0,100.0,100.0,100.0,100.0,100.0,100.0,100.0,100.0,100.0,100.0,95.45454545454545,100.0,100.0,85.71428571428571,100.0,100.0,100.0,100.0,100.0,100.0,100.0,100.0,100.0,100.0,100.0,100.0,100.0,100.0,100.0,100.0,100.0,100.0,100.0,100.0,100.0,100.0,100.0,100.0,100.0,100.0,100.0,100.0,100.0,100.0,100.0,100.0,100.0,100.0,100.0,100.0,100.0,100.0,100.0,100.0,100.0,100.0,100.0,100.0,100.0,100.0,100.0,100.0,100.0,100.0,100.0,100.0,100.0,100.0,100.0,100.0,100.0,100.0,100.0,100.0,100.0,100.0,100.0,100.0,100.0,100.0,100.0,100.0,100.0,100.0,100.0,100.0,100.0,100.0,100.0,100.0,100.0,100.0,100.0,100.0,100.0,100.0,100.0,100.0,100.0,100.0,100.0,100.0,100.0,100.0,100.0,100.0,100.0,100.0,100.0,100.0,100.0,100.0,100.0,100.0,100.0,100.0,100.0,100.0,100.0,100.0,100.0,100.0,100.0,100.0,100.0,100.0,100.0,100.0,100.0,100.0,100.0,100.0,100.0,100.0,100.0,100.0,100.0,100.0,100.0,100.0,100.0,100.0,100.0,100.0,100.0],"cluster_post_filtering_doc_counts":[689,516,181,208,111,43,18,97,8,8,3,6,4,2,4,8,21,43,11,5,11,15,22,14,14,12,10,9,4,4,3,4,2,2,4,3,3,1,2,4,3,2,2,3,1,1,0,2,4,3,2,2,1,3,3,2,3,0,0,1,2,2,3,3,0,0,4,3,2,1,1,1,1,1,2,1,3,2,4,0,0,1,1,2,1,1,0,1,1,0,1,0,0,0,0,1,0,0,0,0,2,0,0,0,0,0,0,0,0,0,0,0,0,0,0,0,1,0,0,0,1,0,0,0,0,0,0,0,1,0,0,0,1,0,0,0,0,0,0,0,0,0,0,0,0,0,0,0,0,0,0,0,0,0,0,0,0,0,0,0,0,0,0,0,0,1,0,0,0,0,0,0,0,0,0,0,0,0,0,1,0,0,1,0,0,0,0,0,0,0,0,0,0,0,0,0,0,0,0,0,0,0,0,0,0,0,0,0,0,0,0,0,0,0,0,0,0,0,0,0,0,0,0,0,0,0,0,0,0,0,0,0,0,0,0,0,0,0,0,0,0,0,0,0,0,0,0,0,0,0,0,0,0,0,0,0,0,0,0,0,0,0,0,0,0,0,0,0,0,0,0,0,0,0,0,0,0,0,0,0,0,0,0,0,0,0,0,0,0,0,0,0,0,0,0,0,0,0,0,0,0,0,0,0,0,0,0,0,0,0,0,0,0,0],"tail_threshold":317,"tail_removal_rate":99.9213217938631,"tail_post_filtering_doc_counts":1,"global_removal_rate":99.82457137175244}