{"cluster_sizes":[1,2,3,4,5,7,8,9,10,12,13,19,22],"cluster_removal_rates":[96.05263157894737,96.29629629629629,85.0,100.0,100.0,100.0,100.0,100.0,100.0,100.0,100.0,100.0,100.0],"cluster_post_filtering_doc_counts":[6,1,3,0,0,0,0,0,0,0,0,0,0],"tail_threshold":30,"tail_removal_rate":100.0,"tail_post_filtering_doc_counts":0,"global_removal_rate":95.65217391304348}