{"cluster_sizes":[1,2,3,4,5,6,7,8,9,10,11,12,13,14,15,16,17,18,19,21,23,24,30,31,34,35,36,38,39,41,44,58,64,66,71,126,129,210],"cluster_removal_rates":[96.80306905370844,81.6,80.0,81.3953488372093,84.375,95.45454545454545,100.0,93.75,100.0,100.0,100.0,100.0,100.0,100.0,100.0,100.0,100.0,100.0,100.0,100.0,100.0,100.0,100.0,100.0,100.0,100.0,100.0,100.0,100.0,100.0,100.0,100.0,100.0,100.0,100.0,100.0,100.0,100.0],"cluster_post_filtering_doc_counts":[25,23,20,8,5,1,0,1,0,0,0,0,0,0,0,0,0,0,0,0,0,0,0,0,0,0,0,0,0,0,0,0,0,0,0,0,0,0],"tail_threshold":329,"tail_removal_rate":100.0,"tail_post_filtering_doc_counts":0,"global_removal_rate":93.09484193011647}