{"cluster_sizes":[1,2,3,4,5,6,7,8,9,10,11,12,13,14,15,16,17,18,19,20,23,25,26,31,32,35,38,39,40,41,46,52],"cluster_removal_rates":[97.09281961471103,95.59055118110236,95.6043956043956,94.73684210526315,92.6829268292683,97.2972972972973,100.0,100.0,100.0,100.0,83.33333333333334,100.0,66.66666666666666,100.0,80.0,100.0,100.0,100.0,100.0,100.0,100.0,100.0,100.0,100.0,100.0,100.0,100.0,100.0,100.0,100.0,100.0,100.0],"cluster_post_filtering_doc_counts":[83,28,4,3,3,1,0,0,0,0,1,0,1,0,1,0,0,0,0,0,0,0,0,0,0,0,0,0,0,0,0,0],"tail_threshold":77,"tail_removal_rate":100.0,"tail_post_filtering_doc_counts":0,"global_removal_rate":96.74054758800521}