{"cluster_sizes":[1,2,3,4,5,6,7,8,11,12,16,18,36],"cluster_removal_rates":[29.761904761904763,36.36363636363637,42.42424242424242,32.0,56.25,33.33333333333333,0.0,50.0,100.0,100.0,100.0,100.0,100.0],"cluster_post_filtering_doc_counts":[118,49,19,17,7,8,2,1,0,0,0,0,0],"tail_threshold":38,"tail_removal_rate":100.0,"tail_post_filtering_doc_counts":0,"global_removal_rate":35.19061583577713}