{"cluster_sizes":[1,2,3,4,5,6,7,8,9,10,11,12,13,15,17,20,24,25,30,33,34,35,43],"cluster_removal_rates":[100.0,98.83720930232558,100.0,100.0,100.0,100.0,100.0,100.0,100.0,100.0,100.0,100.0,100.0,100.0,100.0,100.0,100.0,100.0,100.0,100.0,100.0,100.0,100.0],"cluster_post_filtering_doc_counts":[0,1,0,0,0,0,0,0,0,0,0,0,0,0,0,0,0,0,0,0,0,0,0],"tail_threshold":63,"tail_removal_rate":100.0,"tail_post_filtering_doc_counts":0,"global_removal_rate":99.80314960629921}