{"cluster_sizes":[1,2,3,4,5,6,7,8,9,10,12,13,14,15,16,18,20,32,34,40,42,45,46,47,48,49,63,65],"cluster_removal_rates":[83.33333333333334,66.66666666666666,100.0,0.0,80.0,100.0,80.0,50.0,50.0,50.0,33.33333333333333,100.0,0.0,53.84615384615385,0.0,0.0,100.0,50.0,0.0,0.0,0.0,33.33333333333333,20.0,0.0,100.0,33.33333333333333,100.0,100.0],"cluster_post_filtering_doc_counts":[1,1,0,1,1,0,1,1,1,1,2,0,2,6,1,1,0,1,1,2,2,2,4,4,0,2,0,0],"tail_threshold":478,"tail_removal_rate":0.0,"tail_post_filtering_doc_counts":1,"global_removal_rate":50.63291139240506}