{"cluster_sizes":[1,2,3,6,8,9],"cluster_removal_rates":[72.41379310344827,8.695652173913043,100.0,100.0,100.0,100.0],"cluster_post_filtering_doc_counts":[8,21,0,0,0,0],"tail_threshold":10,"tail_removal_rate":0.0,"tail_post_filtering_doc_counts":1,"global_removal_rate":50.81967213114754}