{"cluster_sizes":[1,2,3,4,5,6,7,8,9,10,11,13,16,21,28,32,33,34,36,38,40,42],"cluster_removal_rates":[92.7797833935018,70.10309278350515,94.73684210526315,100.0,100.0,52.32558139534884,49.28909952606635,100.0,100.0,100.0,80.0,100.0,100.0,100.0,100.0,100.0,100.0,100.0,100.0,100.0,100.0,100.0],"cluster_post_filtering_doc_counts":[20,29,2,0,0,41,107,0,0,0,1,0,0,0,0,0,0,0,0,0,0,0],"tail_threshold":88,"tail_removal_rate":100.0,"tail_post_filtering_doc_counts":0,"global_removal_rate":74.48979591836735}