{"cluster_sizes":[1,2,3,4,5,6,7,8,9,10,11,12,14,16,17,18,19,20,23,28,30,33,34,37,38,39],"cluster_removal_rates":[78.98089171974523,86.66666666666667,75.0,100.0,92.85714285714286,100.0,100.0,100.0,100.0,100.0,100.0,100.0,100.0,100.0,100.0,100.0,100.0,100.0,100.0,100.0,100.0,100.0,100.0,100.0,100.0,100.0],"cluster_post_filtering_doc_counts":[165,8,9,0,1,0,0,0,0,0,0,0,0,0,0,0,0,0,0,0,0,0,0,0,0,0],"tail_threshold":40,"tail_removal_rate":100.0,"tail_post_filtering_doc_counts":0,"global_removal_rate":80.99688473520249}