{"cluster_sizes":[1,2,3,4,5,6,7,8,9,10,11,12,13,14,15,16,17,18,19,20,21,22,23,24,25,26,27,28,29,30,31,32,33,34,35,36,37,38,39,40,41,42,43,44,45,46,47,48,49,50,51,52,53,54,55,56,57,58,59,60,61,62,63,64,65,66,67,68,69,70,71,72,73,74,75,76,77,78,79,80,81,82,83,84,85,86,87,88,89,90,91,92,93,94,95,96,97,98,99,100,101,102,103,104,105,106,107,108,109,110,111,112,113,114,115,116,117,118,119,120,121,122,123,124,125,126,127,128,129,130,131,132,133,134,135,136],"cluster_removal_rates":[97.75839447980952,90.32733224222585,87.70082599618772,87.94636930837648,87.27272727272727,87.92517006802721,85.6929955290611,84.56762749445676,82.85077951002228,79.50464396284829,78.125,78.4535186794092,79.18502202643171,81.35168961201502,81.61434977578476,80.64,81.00172711571675,80.96280087527352,80.36175710594316,80.05464480874316,80.8641975308642,76.89530685920577,75.0,81.71641791044776,76.69491525423729,74.54545454545455,79.08163265306123,76.16822429906543,75.52083333333334,72.99270072992701,72.14285714285714,72.28915662650603,72.2972972972973,77.09923664122137,80.45977011494253,80.59701492537313,80.8641975308642,84.0909090909091,76.86567164179104,79.72027972027972,72.26277372262774,68.85245901639344,76.5625,75.0,69.6078431372549,76.53061224489795,65.51724137931035,68.08510638297872,79.45205479452055,65.4320987654321,71.7948717948718,67.08860759493672,64.51612903225806,73.52941176470588,71.01449275362319,82.02247191011236,69.04761904761905,68.0,77.77777777777779,60.256410256410255,60.56338028169014,59.25925925925925,60.9375,56.896551724137936,72.05882352941177,59.42028985507246,55.81395348837209,58.730158730158735,50.0,45.07042253521127,71.11111111111111,43.13725490196079,60.0,56.25,57.14285714285714,39.02439024390244,53.125,55.55555555555556,51.21951219512195,42.857142857142854,48.78048780487805,48.93617021276596,60.97560975609756,52.5,50.0,57.89473684210527,48.717948717948715,37.83783783783784,52.94117647058824,47.5,48.64864864864865,34.375,40.74074074074074,42.5,47.05882352941176,44.827586206896555,38.095238095238095,40.0,29.629629629629626,52.17391304347826,58.82352941176471,44.44444444444444,50.0,63.1578947368421,38.095238095238095,45.0,30.0,63.1578947368421,100.0,46.666666666666664,45.45454545454545,58.333333333333336,33.33333333333333,55.55555555555556,35.714285714285715,66.66666666666666,57.14285714285714,44.44444444444444,50.0,50.0,50.0,37.5,50.0,33.33333333333333,80.0,22.22222222222222,66.66666666666666,0.0,33.33333333333333,33.33333333333333,50.0,71.42857142857143,100.0,77.77777777777779,33.33333333333333,50.0],"cluster_post_filtering_doc_counts":[4613,2364,1355,908,602,426,384,348,308,331,280,248,189,149,123,121,110,87,76,73,62,64,75,49,55,56,41,51,47,37,39,46,41,30,34,26,31,28,31,29,38,38,30,31,31,23,30,30,15,28,22,26,33,27,20,16,26,24,18,31,28,33,25,25,19,28,19,26,19,39,13,29,16,21,21,25,15,28,20,24,21,24,16,19,19,16,20,23,16,21,19,21,16,23,18,16,13,15,19,11,7,10,11,7,13,11,7,7,0,8,6,5,8,4,9,4,3,5,4,6,5,5,2,2,1,7,1,4,4,4,3,2,0,2,2,1],"tail_threshold":137,"tail_removal_rate":77.8169014084507,"tail_post_filtering_doc_counts":63,"global_removal_rate":94.44875804050348}