{"cluster_sizes":[1,2,3,4,5,6,7,8,9,10,11,12,13],"cluster_removal_rates":[99.74468085106383,78.30188679245283,70.83333333333334,90.47619047619048,87.5,83.33333333333334,100.0,100.0,66.66666666666666,100.0,100.0,100.0,100.0],"cluster_post_filtering_doc_counts":[15,23,14,2,1,1,0,0,1,0,0,0,0],"tail_threshold":24,"tail_removal_rate":100.0,"tail_post_filtering_doc_counts":0,"global_removal_rate":99.06357811729917}