{"cluster_sizes":[1,2,3,4,5,6,7,8,12,13,16,18,22,24,26,31,33,37,51,67],"cluster_removal_rates":[96.8609865470852,40.74074074074074,78.26086956521739,100.0,100.0,100.0,100.0,80.0,100.0,100.0,100.0,100.0,100.0,100.0,100.0,100.0,100.0,100.0,100.0,100.0],"cluster_post_filtering_doc_counts":[7,64,5,0,0,0,0,1,0,0,0,0,0,0,0,0,0,0,0,0],"tail_threshold":144,"tail_removal_rate":100.0,"tail_post_filtering_doc_counts":0,"global_removal_rate":80.84577114427861}