{"cluster_sizes":[1,2,3,4,5,6,7,8,9,10,11,12,16],"cluster_removal_rates":[98.63013698630137,100.0,75.0,81.25,54.83870967741935,52.57142857142857,25.0,0.0,50.0,30.0,22.22222222222222,0.0,100.0],"cluster_post_filtering_doc_counts":[1,0,1,3,84,83,3,2,3,7,7,3,0],"tail_threshold":35,"tail_removal_rate":100.0,"tail_post_filtering_doc_counts":0,"global_removal_rate":60.834990059642145}