{"cluster_sizes":[1,2,3,4,5,6,7,8,9,10,11,12,14,15,16,17,18,19,20,21,24,27,33,36,39,40,41,74,199],"cluster_removal_rates":[89.95363214837712,57.6271186440678,72.91666666666666,59.375,100.0,100.0,87.5,100.0,100.0,100.0,100.0,100.0,100.0,100.0,100.0,100.0,100.0,100.0,100.0,100.0,100.0,100.0,100.0,100.0,100.0,100.0,100.0,100.0,100.0],"cluster_post_filtering_doc_counts":[65,125,13,13,0,0,1,0,0,0,0,0,0,0,0,0,0,0,0,0,0,0,0,0,0,0,0,0,0],"tail_threshold":239,"tail_removal_rate":100.0,"tail_post_filtering_doc_counts":0,"global_removal_rate":80.23679417122041}