{"cluster_sizes":[1,2,3,4,5,6,7,8,9,10,11,12,13,14,15,16,17,18,19,20,21,22,23,24,25,26,27,28,29,30,31,32,33,34,35,36,37,38,39,40,41,42,43,44,45,46,47,48,49,50,51,52,53,54,55,56,57,58,59,60,61,62,63,64,65,66,67,68,69,70,71,72,73,74,75,76,77,78,79,80,81,82,83,84,85,86,87,88,89,90,91,92,93,94,95,96,97,98,99,100,101,102,103,104,105,106,107,108,109,110,111,112,113,114,115,116,117,118,119,120,121,122,123,124,125,126,127,128,129,130,131,132,133,134,135,136,137,138,139,140,141,142,143,144,145,146,147,148,149,150,151,152,153,154,155,156,157,158,159,160,161,162,163,164,165,166],"cluster_removal_rates":[99.81995403573201,99.32604735883424,99.33595000652193,99.48501429463998,99.40895262929162,99.28943827783384,99.41034575180917,99.09902179509182,99.01001112347052,99.04761904761905,99.27095990279466,99.51678535096643,99.20906370243694,98.97815362931642,98.85204081632652,98.59086491739552,98.47775175644028,98.0209545983702,97.226173541963,97.82439782439782,99.0008326394671,99.28571428571429,99.16579770594369,99.0721649484536,99.0314769975787,98.97510980966325,99.01547116736991,99.04912836767036,98.80749574105621,99.50738916256158,99.18032786885246,99.53416149068323,99.86187845303867,99.57142857142857,99.31787175989086,99.32795698924731,99.47506561679789,99.64071856287426,99.63503649635037,99.2836676217765,99.27404718693285,98.91598915989161,100.0,98.84615384615385,98.61111111111111,99.53917050691244,99.49748743718592,99.52830188679245,98.9247311827957,96.40718562874252,98.02631578947368,95.17241379310344,95.19999999999999,97.2027972027972,98.21428571428571,99.15966386554622,97.3913043478261,97.34513274336283,95.58823529411765,98.21428571428571,94.69026548672566,97.58064516129032,96.26168224299066,97.19626168224299,96.29629629629629,98.21428571428571,97.75280898876404,98.09523809523809,100.0,96.875,95.52238805970148,93.61702127659575,97.98657718120806,98.49624060150376,96.81528662420382,98.01324503311258,98.61111111111111,97.93103448275862,97.87234042553192,96.15384615384616,95.57522123893806,97.36842105263158,98.30508474576271,94.73684210526315,91.22807017543859,92.72727272727272,95.45454545454545,87.71929824561403,87.27272727272727,83.6734693877551,87.3015873015873,87.5,95.1219512195122,100.0,95.0,88.37209302325581,93.61702127659575,94.54545454545455,88.88888888888889,97.77777777777777,83.33333333333334,93.54838709677419,88.57142857142857,100.0,92.5925925925926,87.87878787878788,93.33333333333333,94.11764705882352,89.47368421052632,100.0,100.0,88.88888888888889,100.0,94.73684210526315,100.0,95.1219512195122,97.61904761904762,100.0,100.0,96.07843137254902,96.55172413793103,96.15384615384616,100.0,100.0,100.0,96.96969696969697,100.0,100.0,100.0,100.0,100.0,100.0,100.0,96.15384615384616,100.0,100.0,92.5925925925926,100.0,100.0,100.0,100.0,100.0,100.0,100.0,100.0,95.45454545454545,100.0,93.75,100.0,92.0,100.0,100.0,100.0,96.7741935483871,100.0,100.0,100.0,100.0,100.0,100.0,100.0,100.0,100.0,100.0,100.0,100.0],"cluster_post_filtering_doc_counts":[3118,1221,560,272,204,169,88,105,89,73,54,38,37,29,27,29,26,34,39,28,12,8,8,9,8,7,7,6,7,3,5,3,1,3,5,5,4,3,3,5,4,4,0,3,3,1,1,1,2,6,3,7,6,4,2,1,3,3,6,2,6,3,4,3,4,2,2,2,0,4,6,9,3,2,5,3,2,3,3,5,5,2,1,2,5,4,3,7,7,8,8,7,2,0,2,5,3,3,5,1,6,2,4,0,2,4,3,2,4,0,0,3,0,2,0,2,1,0,0,2,1,1,0,0,0,1,0,0,0,0,0,0,0,1,0,0,2,0,0,0,0,0,0,0,0,1,0,1,0,2,0,0,0,1,0,0,0,0,0,0,0,0,0,0,0,0],"tail_threshold":167,"tail_removal_rate":99.64028776978418,"tail_post_filtering_doc_counts":8,"global_removal_rate":99.70068596754696}