{"cluster_sizes":[1,2,3,4,5,6,7,8,9,10,11,12,13,14,15,16,17,18,19,20,21,22],"cluster_removal_rates":[68.12705366922235,71.42857142857143,25.0,0.0,0.0,37.5,34.285714285714285,45.65217391304348,63.74999999999999,49.35064935064935,70.58823529411765,62.31884057971014,67.3469387755102,36.0,45.0,16.666666666666664,33.33333333333333,0.0,0.0,0.0,0.0,0.0],"cluster_post_filtering_doc_counts":[873,4,3,8,7,5,23,25,29,39,20,26,16,16,11,10,4,7,3,7,3,3],"tail_threshold":23,"tail_removal_rate":0.0,"tail_post_filtering_doc_counts":5,"global_removal_rate":65.1896813353566}