{"cluster_sizes":[1,2,3,4,5,6,7,8,9,10,11,12,13,15,16,23,29,36,70,86],"cluster_removal_rates":[99.61538461538461,92.80000000000001,100.0,100.0,94.73684210526315,100.0,93.33333333333333,84.21052631578947,80.0,87.5,100.0,100.0,100.0,100.0,100.0,100.0,0.0,100.0,100.0,100.0],"cluster_post_filtering_doc_counts":[1,9,0,0,1,0,1,3,2,1,0,0,0,0,0,0,1,0,0,0],"tail_threshold":89,"tail_removal_rate":100.0,"tail_post_filtering_doc_counts":0,"global_removal_rate":96.55172413793103}