{"cluster_sizes":[1,2,3,4,5,6,7,8,9,10,12,13,14,15,17,18,20,24,29,31,33,35,36,37,38],"cluster_removal_rates":[79.03587443946188,58.666666666666664,52.63157894736842,68.18181818181817,73.68421052631578,100.0,100.0,100.0,100.0,100.0,100.0,100.0,100.0,100.0,100.0,100.0,100.0,100.0,100.0,100.0,100.0,100.0,100.0,100.0,100.0],"cluster_post_filtering_doc_counts":[187,93,36,7,5,0,0,0,0,0,0,0,0,0,0,0,0,0,0,0,0,0,0,0,0],"tail_threshold":39,"tail_removal_rate":100.0,"tail_post_filtering_doc_counts":0,"global_removal_rate":74.17322834645668}