{"cluster_sizes":[1,2,3,4,5,6,7,8,9,10,11,12,13,14,15,16,17,18,19,20,21,22,23,24,25,26,27,28,29,30,31,32,33,34,35,36,37,38,39,40,41,42,43,44,45,46,47,48,49,50,51,52,53,54,55,56,57,58,59,60,61,62,63,64,65,66,67,68,69,70,71,72,73,74,75,76,77,78,79,80,81,82,83,84,85,86,87,88,89,90,91,92,93,94,95,96,97,98,99,100,101,102,103,104,105,106,107,108,109,110,111,112,113,114,115,116,117,118,119,120,121,122,123,124,125,126,127,128,129,130,131,132,133,134,135,136,137,138,139,140,141,142,143,144,145,146,147,148,149,150,151,152,153,154,155,156,157,158,159,160,161,162,163,164,165,166,167,168,169,170,171,172,173,174,175,176,177,178,179,180,181,182,183,184,185,186,187,188,189,190,191,192,193,194,195,196,197,198,199,200,201,202,203,204,205,206,207,208,209,210,211,212,213,214,215,216,217,218,219,220,221,222,223,224,225,226,227,228,229,230,231,232,233,234,235,236,237,238,239,240,241,242,243,244,245,246,247,248,249,250,251,252,253,254,255,256,257,258,259,260,261,262,263,264,265,266,267,268,269,270,271,272,273,274,275,276,277,278,279,280,281,282,283,284,285,286,287,288,289,290,291,292,293,294,295,296,297,298,299,300,301,302,303,304,305,306,307,308,309,310,311,312,313,314,315,316,317,318,319,320,321,322,323,324,325,326,327,328,329,330,331,332,333,334,335,336,337,338,339,340,341,342,343,344,345,346,347,348,349,350,351,352,353,354,355,356,357,358,359,360,361,362,363,364,365,366,367,368,369,370,371,372,373,374,375,376,377,378,379,380],"cluster_removal_rates":[99.9464244151391,99.84726959082938,99.76492913226335,99.65116160117849,99.43437914273089,99.26807579177782,98.62322011647086,98.19752653276028,97.52218315754227,96.53324512074099,95.24961133183623,94.60232691207324,92.9894344313238,92.43827160493827,92.20112878399179,92.44724176231026,92.66759776536313,92.16534486902187,93.60070775582425,94.29540548874499,93.12614259597807,94.66235341690255,94.20485175202157,94.76609541454377,94.1294530858003,94.56342668863262,93.85441527446301,94.52768729641694,93.50282485875707,94.29793300071276,95.55895865237366,95.59566787003611,96.27976190476191,96.14803625377644,96.82287529785543,97.81591263650546,97.91666666666666,97.78523489932886,97.9702300405954,98.61516034985422,97.93559042113955,97.8444236176195,98.10650887573964,97.8643216080402,96.90402476780186,96.3157894736842,95.88014981273409,96.7680608365019,97.2972972972973,97.54098360655738,97.62419006479482,97.6303317535545,96.85714285714285,98.66310160427807,96.86609686609687,97.23926380368098,96.20253164556962,95.78947368421052,94.96644295302013,96.18055555555556,98.16176470588235,98.046875,97.21115537848605,94.88188976377953,97.02127659574468,99.18032786885246,96.0352422907489,93.64406779661016,95.83333333333334,95.36082474226805,97.91666666666666,97.6303317535545,96.13259668508287,96.17486338797814,96.80851063829788,98.14814814814815,98.02631578947368,96.62921348314607,96.7741935483871,95.15151515151516,96.7948717948718,97.2027972027972,97.93103448275862,98.78048780487805,96.22641509433963,97.45222929936305,95.3125,97.67441860465115,96.7479674796748,98.3739837398374,99.0,97.36842105263158,95.41984732824427,95.57522123893806,99.2248062015504,96.7741935483871,95.6989247311828,97.24770642201835,97.84946236559139,98.07692307692307,97.97979797979798,92.5925925925926,98.75,100.0,97.5609756097561,97.91666666666666,96.51162790697676,98.9010989010989,97.36842105263158,98.83720930232558,97.14285714285714,98.94736842105263,95.23809523809523,98.59154929577466,100.0,98.59154929577466,95.71428571428572,98.61111111111111,100.0,100.0,98.59154929577466,100.0,98.66666666666667,100.0,96.66666666666667,100.0,98.9247311827957,97.1830985915493,98.38709677419355,100.0,100.0,100.0,100.0,100.0,97.77777777777777,100.0,100.0,100.0,100.0,100.0,100.0,100.0,100.0,100.0,100.0,100.0,98.0,98.0,100.0,100.0,100.0,100.0,100.0,97.43589743589743,100.0,100.0,100.0,100.0,100.0,100.0,97.36842105263158,100.0,100.0,100.0,100.0,100.0,100.0,100.0,100.0,100.0,100.0,100.0,100.0,100.0,100.0,100.0,100.0,96.875,100.0,100.0,100.0,100.0,100.0,100.0,100.0,100.0,100.0,100.0,100.0,100.0,100.0,100.0,100.0,100.0,100.0,100.0,100.0,100.0,100.0,100.0,100.0,100.0,100.0,100.0,100.0,100.0,100.0,100.0,100.0,100.0,100.0,100.0,100.0,100.0,100.0,100.0,100.0,100.0,100.0,100.0,100.0,100.0,100.0,100.0,100.0,100.0,100.0,100.0,100.0,100.0,100.0,100.0,100.0,100.0,100.0,100.0,100.0,100.0,100.0,100.0,100.0,100.0,100.0,100.0,100.0,100.0,100.0,100.0,100.0,100.0,100.0,100.0,100.0,100.0,100.0,100.0,100.0,100.0,100.0,100.0,100.0,100.0,100.0,100.0,100.0,100.0,100.0,100.0,100.0,100.0,100.0,100.0,100.0,100.0,100.0,100.0,100.0,100.0,100.0,100.0,100.0,100.0,100.0,100.0,100.0,100.0,100.0,100.0,100.0,100.0,100.0,100.0,100.0,100.0,100.0,100.0,100.0,100.0,100.0,100.0,100.0,100.0,100.0,100.0,100.0,100.0,100.0,100.0,100.0,100.0,100.0,100.0,100.0,100.0,100.0,100.0,100.0,100.0,100.0,100.0,100.0,100.0,100.0,100.0,100.0,100.0,100.0,100.0,100.0,100.0,100.0,100.0,100.0,100.0,100.0,100.0,100.0,100.0,100.0,100.0,100.0,100.0,100.0,100.0,100.0,100.0,100.0,100.0,100.0,100.0,100.0,100.0,100.0,100.0,100.0,100.0,100.0,100.0,100.0,100.0,100.0,100.0,100.0,100.0,100.0,100.0,100.0,100.0,100.0,100.0,100.0,100.0,100.0,100.0,100.0,100.0,100.0,100.0,100.0,100.0],"cluster_post_filtering_doc_counts":[1510,811,441,341,320,321,409,411,444,524,550,566,564,539,456,408,315,326,217,185,188,132,129,113,117,99,103,84,92,80,58,61,50,51,40,28,29,33,30,19,25,23,16,17,20,21,22,17,13,12,11,10,11,5,11,9,12,12,15,11,5,5,7,13,7,2,9,15,9,9,4,5,7,7,6,3,3,6,6,8,5,4,3,2,6,4,6,3,4,2,1,3,6,5,1,4,4,3,2,2,2,6,1,0,2,2,3,1,2,1,2,1,3,1,0,1,3,1,0,0,1,0,1,0,2,0,1,2,1,0,0,0,0,0,1,0,0,0,0,0,0,0,0,0,0,0,1,1,0,0,0,0,0,1,0,0,0,0,0,0,1,0,0,0,0,0,0,0,0,0,0,0,0,0,0,0,0,1,0,0,0,0,0,0,0,0,0,0,0,0,0,0,0,0,0,0,0,0,0,0,0,0,0,0,0,0,0,0,0,0,0,0,0,0,0,0,0,0,0,0,0,0,0,0,0,0,0,0,0,0,0,0,0,0,0,0,0,0,0,0,0,0,0,0,0,0,0,0,0,0,0,0,0,0,0,0,0,0,0,0,0,0,0,0,0,0,0,0,0,0,0,0,0,0,0,0,0,0,0,0,0,0,0,0,0,0,0,0,0,0,0,0,0,0,0,0,0,0,0,0,0,0,0,0,0,0,0,0,0,0,0,0,0,0,0,0,0,0,0,0,0,0,0,0,0,0,0,0,0,0,0,0,0,0,0,0,0,0,0,0,0,0,0,0,0,0,0,0,0,0,0,0,0,0,0,0,0,0,0,0,0,0,0,0,0,0,0,0,0,0,0,0,0,0,0,0,0,0,0,0],"tail_threshold":381,"tail_removal_rate":100.0,"tail_post_filtering_doc_counts":0,"global_removal_rate":99.70253231435638}