{"cluster_sizes":[1,2,3,4,5,6,7,8,9,10,11,12,13,14,15,16,17,18,19,20,21,22,23,24,25,26,27,28,29,30,31,32,33,34,35,36,37,38,39,40,41,42,43,44,45,46,48,49,50,51,52,53,54,55,56,57,58,59,60,61,62,63,64,66,68,69,70,72,73,74,75,76,77,79,80,81,82,83,84,85,86,87,88,89,91,94,95,96,98,102,111,113,116,117,118,121,125,126,131,141,142,143,146,153,172,177,224],"cluster_removal_rates":[91.47031723048572,88.08193668528864,86.29032258064517,83.01369863013699,76.63551401869158,80.76923076923077,82.05128205128204,68.75,76.5625,59.67741935483871,71.7948717948718,92.85714285714286,87.09677419354838,82.14285714285714,90.9090909090909,75.0,88.88888888888889,57.14285714285714,58.620689655172406,50.0,36.36363636363637,20.930232558139537,27.027027027027028,25.64102564102564,36.0,40.74074074074074,40.0,62.5,100.0,83.33333333333334,85.71428571428571,100.0,66.66666666666666,71.42857142857143,50.0,71.42857142857143,90.9090909090909,83.33333333333334,66.66666666666666,60.0,100.0,80.0,100.0,100.0,100.0,100.0,100.0,83.33333333333334,100.0,100.0,100.0,100.0,100.0,100.0,77.77777777777779,66.66666666666666,100.0,50.0,100.0,100.0,100.0,100.0,100.0,100.0,100.0,100.0,100.0,100.0,100.0,100.0,100.0,75.0,100.0,0.0,100.0,100.0,100.0,50.0,100.0,50.0,0.0,50.0,66.66666666666666,66.66666666666666,100.0,100.0,50.0,50.0,0.0,100.0,100.0,100.0,100.0,0.0,100.0,100.0,100.0,100.0,100.0,100.0,100.0,100.0,100.0,100.0,100.0,100.0,100.0],"cluster_post_filtering_doc_counts":[648,192,85,62,50,30,21,30,15,25,11,3,4,5,2,5,2,6,12,20,21,34,27,29,16,16,12,3,0,1,1,0,2,2,4,2,1,1,2,2,0,1,0,0,0,0,0,1,0,0,0,0,0,0,2,1,0,2,0,0,0,0,0,0,0,0,0,0,0,0,0,1,0,2,0,0,0,1,0,1,1,1,1,1,0,0,1,1,1,0,0,0,0,1,0,0,0,0,0,0,0,0,0,0,0,0,0],"tail_threshold":225,"tail_removal_rate":100.0,"tail_post_filtering_doc_counts":0,"global_removal_rate":87.77472527472527}