{"cluster_sizes":[1,2,3,4,5,6,7,8,9,10,11,12,13,14,17,18,20,24,25,26,28,30,31,32,33,34,35,36,37,38,41,42],"cluster_removal_rates":[88.43299869052815,80.0,83.33333333333334,85.29411764705883,94.0,46.666666666666664,50.0,38.46153846153847,40.0,71.42857142857143,100.0,100.0,100.0,100.0,100.0,100.0,100.0,100.0,100.0,100.0,100.0,100.0,100.0,0.0,60.0,75.0,50.0,50.0,33.33333333333333,100.0,0.0,100.0],"cluster_post_filtering_doc_counts":[265,28,13,15,3,8,11,8,3,2,0,0,0,0,0,0,0,0,0,0,0,0,0,1,2,1,2,1,2,0,1,0],"tail_threshold":43,"tail_removal_rate":100.0,"tail_post_filtering_doc_counts":0,"global_removal_rate":86.83453237410072}