{"cluster_sizes":[1,2,3,4,5,6,7,8,9,10,12],"cluster_removal_rates":[94.11764705882352,60.0,54.54545454545454,75.0,100.0,100.0,100.0,100.0,100.0,100.0,100.0],"cluster_post_filtering_doc_counts":[2,4,5,1,0,0,0,0,0,0,0],"tail_threshold":13,"tail_removal_rate":100.0,"tail_post_filtering_doc_counts":0,"global_removal_rate":83.09859154929578}