{"cluster_sizes":[1,2,3,4,5,6,7,8,9,10,11,12,13,14,15,16,17,18,19,20,21,22,23,24,25,26,27,28,29,30,31,32,33,34,35,36,37,38,39,40,41,42,43,44,45,46,47,48,49,50,51,52,53,54,55,56,57],"cluster_removal_rates":[98.17830992975514,95.29693741677762,96.24497301916057,96.20528964324761,95.63575268817203,95.58391709049036,95.37392725786677,95.19458419650785,95.08531065015173,94.5295262816353,93.96383186705768,94.58300857365549,95.44218567914024,96.16496728047481,95.66700784715114,96.16842105263159,96.69398907103826,97.41090466037161,98.23904083926564,97.55830903790087,98.73262469337695,98.19277108433735,98.58585858585859,98.54847071021254,98.77450980392157,98.41671944268523,98.76627827278959,98.52289512555392,98.82260596546311,99.13494809688581,97.98068481123792,98.84547069271758,98.9805375347544,98.49023090586145,99.24098671726756,98.97003745318352,98.89705882352942,99.29203539823008,98.86831275720165,99.52606635071089,98.48484848484848,99.18831168831169,98.86363636363636,98.95833333333334,98.86363636363636,98.5981308411215,97.51861042183623,99.0521327014218,99.19571045576407,99.69325153374233,99.0228013029316,100.0,98.62068965517241,98.97260273972603,99.2156862745098,98.56630824372759,98.85057471264368],"cluster_post_filtering_doc_counts":[200245,27373,8086,4894,3247,2301,1698,1299,988,843,741,556,352,252,254,182,121,85,47,67,31,39,28,28,20,25,18,20,15,10,23,13,11,17,8,11,12,8,11,4,10,5,6,5,5,6,10,4,3,1,3,0,4,3,2,4,3],"tail_threshold":58,"tail_removal_rate":99.1350040420372,"tail_post_filtering_doc_counts":107,"global_removal_rate":97.92532495466006}