{"cluster_sizes":[1,2,3,4,5,6,7,8,9,10,11,13,14,16,17,18,21,22,25,32,35,40,42,56,2023,2160],"cluster_removal_rates":[32.57328990228013,15.510204081632653,21.794871794871796,24.193548387096776,31.25,30.0,41.66666666666667,0.0,66.66666666666666,50.0,0.0,0.0,100.0,100.0,100.0,100.0,100.0,100.0,100.0,100.0,100.0,0.0,0.0,100.0,100.0,100.0],"cluster_post_filtering_doc_counts":[207,207,61,47,22,7,7,3,1,1,1,1,0,0,0,0,0,0,0,0,0,1,1,0,0,0],"tail_threshold":2227,"tail_removal_rate":100.0,"tail_post_filtering_doc_counts":0,"global_removal_rate":26.55440414507772}