{"cluster_sizes":[1,2,3,4,5,6,7,8,9,10,11,12,13,14,15,16,17,18,19,20,21,22,23,24,25,26,27,28,29,30,31,32,33,34,35,36,37,38,39,40,41,42,43,44,45,46,47,48,49,50,51,52,53,54,55,56,57,58,59,60,61,62,63,64,65,66,67,68,69,70,71,72,73,74,75,76,77,78,79,80,81,82,83,84,85,86,87,88,89,90,91,92,93,94,95,96,97,98,99,100,101,102,103,104,105,106,107,108,109,110,111,112,113,114,115,116,117,118,119,120,121,122,123,124,125,126,127,128,129,130,131,133,135,136,138,139,140,141,142],"cluster_removal_rates":[96.89022237910342,95.71428571428572,95.10258107213765,93.4359296482412,94.28923582580116,91.59104658197217,88.08290155440415,90.99476439790575,91.83417085427136,89.88095238095238,90.19607843137256,89.91596638655463,90.47619047619048,89.82683982683982,89.20704845814979,89.88505747126436,90.92827004219409,86.0576923076923,90.74074074074075,89.80099502487562,87.25212464589235,88.1159420289855,88.29787234042553,88.06366047745358,89.13649025069638,88.9937106918239,86.61971830985915,84.8249027237354,87.109375,84.72222222222221,82.29665071770334,88.88888888888889,83.75,80.3030303030303,81.37931034482759,84.61538461538461,83.62068965517241,87.73584905660378,86.73469387755102,84.0909090909091,84.61538461538461,87.0,90.0,87.8048780487805,93.24324324324324,82.1917808219178,85.18518518518519,72.3404255319149,72.91666666666666,76.0,67.44186046511628,66.66666666666666,85.41666666666666,74.50980392156863,84.0909090909091,67.5,70.6896551724138,77.08333333333334,70.73170731707317,68.08510638297872,73.33333333333333,68.88888888888889,63.41463414634146,78.72340425531915,71.42857142857143,71.7948717948718,63.46153846153846,70.0,67.56756756756756,54.761904761904766,73.17073170731707,80.0,60.60606060606061,72.72727272727273,64.70588235294117,76.92307692307693,75.0,81.25,58.06451612903226,67.5,64.0,72.0,80.76923076923077,61.76470588235294,59.375,53.84615384615385,66.66666666666666,43.75,53.84615384615385,69.56521739130434,60.86956521739131,50.0,76.47058823529412,50.0,64.70588235294117,60.0,80.0,92.85714285714286,66.66666666666666,73.33333333333333,45.45454545454545,50.0,77.77777777777779,71.42857142857143,60.0,33.33333333333333,80.0,66.66666666666666,100.0,100.0,50.0,50.0,75.0,50.0,100.0,0.0,66.66666666666666,100.0,100.0,66.66666666666666,100.0,100.0,75.0,66.66666666666666,100.0,100.0,75.0,100.0,100.0,100.0,100.0,66.66666666666666,100.0,100.0,0.0,100.0,100.0,100.0,0.0],"cluster_post_filtering_doc_counts":[881,396,222,209,139,139,138,86,65,68,55,48,42,47,49,44,43,58,35,41,45,41,44,45,39,35,38,39,33,33,37,21,26,26,27,20,19,13,13,14,16,13,6,10,5,13,8,13,13,12,14,16,7,13,7,13,17,11,12,15,12,14,15,10,12,11,19,9,12,19,11,6,13,9,12,6,7,6,13,13,9,7,5,13,13,12,9,18,12,7,9,9,4,6,6,4,2,1,4,4,6,4,2,2,2,4,2,1,0,0,3,2,1,1,0,2,1,0,0,1,0,0,1,2,0,0,1,0,0,0,0,1,0,0,1,0,0,0,1],"tail_threshold":143,"tail_removal_rate":87.6923076923077,"tail_post_filtering_doc_counts":8,"global_removal_rate":93.67675327091214}