{"cluster_sizes":[1,2,3,4,5,6,7,8,9,10,11,12,13,14,15,16,17,18,19,20,21,22,23,24,25,26,27,28,29,30,31,32,33,34,35,36,37,38,39,40,41,42,43,44,48,49,50,58,61,69,70,74,87,91,94,98,105],"cluster_removal_rates":[96.56301145662847,88.02083333333334,93.65079365079364,97.5609756097561,90.65420560747664,90.32258064516128,97.82608695652173,91.42857142857143,100.0,94.73684210526315,100.0,100.0,77.77777777777779,100.0,100.0,100.0,100.0,100.0,100.0,100.0,100.0,100.0,66.66666666666666,100.0,100.0,100.0,100.0,100.0,100.0,100.0,100.0,100.0,75.0,100.0,85.71428571428571,100.0,100.0,100.0,100.0,100.0,100.0,100.0,100.0,100.0,100.0,100.0,100.0,100.0,100.0,100.0,100.0,100.0,100.0,100.0,100.0,100.0,100.0],"cluster_post_filtering_doc_counts":[21,23,8,2,10,3,1,3,0,1,0,0,2,0,0,0,0,0,0,0,0,0,1,0,0,0,0,0,0,0,0,0,1,0,1,0,0,0,0,0,0,0,0,0,0,0,0,0,0,0,0,0,0,0,0,0,0],"tail_threshold":123,"tail_removal_rate":100.0,"tail_post_filtering_doc_counts":0,"global_removal_rate":94.7972972972973}