{"cluster_sizes":[1,2,3,4,5,6,7,8,9,10,11,12,13,14,15,16,17,18,19,20,21,22,23,24,25,26,27,28,29,30,31,32,33,34,35,36,37,38,39,40,41,42,43,44,45,46,47,48,49,50,51,52,53,54,55,56,57,58,59,60,61,62,63,64,65,67,68,69,72,73,74,75,76,77,78,79,80,81,82,85,86,87,89,91,93,94,95,96,99,101,102,103,104,105,107,109,110,111,113,114,119,121,125,126,127,131],"cluster_removal_rates":[99.79341282021012,99.63587182688306,99.76931949250289,99.65635738831615,99.34679334916865,99.42252165543792,99.68152866242038,100.0,99.04153354632588,100.0,99.52153110047847,99.45652173913044,100.0,100.0,100.0,100.0,100.0,100.0,100.0,100.0,100.0,97.36842105263158,100.0,100.0,100.0,97.2972972972973,96.66666666666667,100.0,100.0,100.0,100.0,100.0,100.0,100.0,100.0,100.0,100.0,100.0,100.0,100.0,100.0,100.0,100.0,100.0,100.0,100.0,100.0,100.0,100.0,100.0,100.0,100.0,100.0,100.0,100.0,100.0,100.0,100.0,100.0,100.0,100.0,100.0,100.0,100.0,100.0,100.0,100.0,100.0,100.0,100.0,100.0,100.0,100.0,100.0,100.0,100.0,100.0,100.0,100.0,100.0,100.0,100.0,100.0,100.0,100.0,100.0,100.0,100.0,100.0,100.0,100.0,100.0,100.0,100.0,100.0,100.0,100.0,100.0,100.0,100.0,100.0,100.0,100.0,100.0,100.0,100.0],"cluster_post_filtering_doc_counts":[70,35,12,10,11,6,2,0,3,0,1,1,0,0,0,0,0,0,0,0,0,1,0,0,0,1,1,0,0,0,0,0,0,0,0,0,0,0,0,0,0,0,0,0,0,0,0,0,0,0,0,0,0,0,0,0,0,0,0,0,0,0,0,0,0,0,0,0,0,0,0,0,0,0,0,0,0,0,0,0,0,0,0,0,0,0,0,0,0,0,0,0,0,0,0,0,0,0,0,0,0,0,0,0,0,0],"tail_threshold":133,"tail_removal_rate":100.0,"tail_post_filtering_doc_counts":0,"global_removal_rate":99.73319011070878}