{"cluster_sizes":[1,2,3,4,5,6,7,8,9,10,11,12,13,14,15,16,17,18,20,22,24,27,28,30,32,33,34,36,37,38,39,44,49,60,63,64,77],"cluster_removal_rates":[96.7982924226254,86.09625668449198,94.23076923076923,96.55172413793103,100.0,95.23809523809523,100.0,100.0,100.0,100.0,100.0,100.0,100.0,100.0,100.0,100.0,60.0,100.0,100.0,75.0,100.0,100.0,100.0,100.0,100.0,100.0,100.0,100.0,100.0,100.0,100.0,100.0,0.0,100.0,100.0,100.0,100.0],"cluster_post_filtering_doc_counts":[30,26,3,1,0,2,0,0,0,0,0,0,0,0,0,0,4,0,0,1,0,0,0,0,0,0,0,0,0,0,0,0,1,0,0,0,0],"tail_threshold":176,"tail_removal_rate":100.0,"tail_post_filtering_doc_counts":0,"global_removal_rate":95.1219512195122}