{"cluster_sizes":[1,2,3,4,5,6,7,8,9,10,11,12,13,14,15,17,18,19,22,25,32,36,39,41,42,44,49,59,66,86,230],"cluster_removal_rates":[89.28905519176801,95.33527696793003,67.54385964912281,75.53956834532374,71.73144876325088,74.19354838709677,62.5,71.31147540983606,74.07407407407408,12.5,33.33333333333333,16.666666666666664,75.0,72.22222222222221,63.63636363636363,50.0,100.0,100.0,100.0,100.0,100.0,100.0,100.0,100.0,100.0,50.0,100.0,100.0,100.0,100.0,100.0],"cluster_post_filtering_doc_counts":[229,16,37,34,80,88,87,35,7,7,2,5,3,5,4,1,0,0,0,0,0,0,0,0,0,1,0,0,0,0,0],"tail_threshold":381,"tail_removal_rate":100.0,"tail_post_filtering_doc_counts":0,"global_removal_rate":83.21989528795811}