{"cluster_sizes":[1,2,3,5,15,16,17,18,19,20,21,22,23,24,25,26,27,28,29,30,31,32,33,34,35,36,37,38,39,45,47],"cluster_removal_rates":[77.81155015197568,82.35294117647058,50.0,100.0,100.0,50.0,100.0,52.94117647058824,64.86486486486487,57.14285714285714,61.224489795918366,72.35772357723577,64.0625,66.96035242290749,65.02463054187191,72.57142857142857,65.71428571428571,67.05882352941175,64.44444444444444,77.27272727272727,50.0,50.0,0.0,0.0,0.0,0.0,0.0,0.0,0.0,0.0,50.0],"cluster_post_filtering_doc_counts":[73,12,5,0,0,2,0,8,13,30,38,34,69,75,71,48,48,28,16,5,5,2,2,2,3,2,2,2,4,1,1],"tail_threshold":50,"tail_removal_rate":100.0,"tail_post_filtering_doc_counts":0,"global_removal_rate":68.16737288135593}