{"cluster_sizes":[1,2,3,4,5,6,7,8,9,10,11,12,13,14,15,16,17,18,19,20,21,22,23,24,25,26,27,28,29,30,32],"cluster_removal_rates":[88.26446280991735,90.05817028027498,87.87878787878788,80.0,44.44444444444444,60.0,35.294117647058826,29.411764705882355,25.0,27.419354838709676,32.075471698113205,26.923076923076923,15.492957746478872,14.516129032258066,26.190476190476193,23.684210526315788,20.0,41.66666666666667,62.5,42.857142857142854,38.46153846153847,54.54545454545454,42.857142857142854,62.5,38.46153846153847,33.33333333333333,50.0,25.0,50.0,0.0,0.0],"cluster_post_filtering_doc_counts":[142,376,4,10,10,6,11,24,27,45,36,57,60,53,31,29,16,7,3,4,8,5,8,6,8,4,4,3,3,1,1],"tail_threshold":36,"tail_removal_rate":50.0,"tail_post_filtering_doc_counts":3,"global_removal_rate":82.5126152775361}