{"cluster_sizes":[1,2,3,4,5,6,7,8,9,10,11,12,13,14,15,16,17,18,19,22,30,31,32,34,35,44],"cluster_removal_rates":[80.55555555555556,51.11111111111111,100.0,100.0,92.85714285714286,90.9090909090909,100.0,100.0,66.66666666666666,50.0,80.0,60.0,100.0,50.0,66.66666666666666,0.0,100.0,0.0,33.33333333333333,100.0,100.0,100.0,100.0,100.0,100.0,100.0],"cluster_post_filtering_doc_counts":[105,22,0,0,1,1,0,0,1,1,1,2,0,1,1,1,0,2,2,0,0,0,0,0,0,0],"tail_threshold":49,"tail_removal_rate":100.0,"tail_post_filtering_doc_counts":0,"global_removal_rate":79.62427745664739}