{"cluster_sizes":[1,2,3,4,5,6,7,8,9,12,18,26,31],"cluster_removal_rates":[58.03921568627452,58.18181818181818,37.5,100.0,66.66666666666666,100.0,75.0,100.0,66.66666666666666,100.0,100.0,100.0,100.0],"cluster_post_filtering_doc_counts":[107,23,5,0,1,0,1,0,1,0,0,0,0],"tail_threshold":97,"tail_removal_rate":100.0,"tail_post_filtering_doc_counts":0,"global_removal_rate":59.530791788856305}