{"cluster_sizes":[1,2,3,4,5,6,7,8,9,10,11,26,44],"cluster_removal_rates":[78.57142857142857,33.33333333333333,18.181818181818183,0.0,90.9090909090909,92.3076923076923,90.47619047619048,90.9090909090909,83.33333333333334,100.0,0.0,100.0,100.0],"cluster_post_filtering_doc_counts":[162,34,18,6,1,1,2,1,2,0,1,0,0],"tail_threshold":84,"tail_removal_rate":0.0,"tail_post_filtering_doc_counts":1,"global_removal_rate":74.83516483516483}