{"cluster_sizes":[1,2,3,4,5,6,7,8,9,10],"cluster_removal_rates":[82.27979274611398,86.95652173913044,80.0,92.3076923076923,94.44444444444444,86.20689655172413,90.0,91.66666666666666,100.0,100.0],"cluster_post_filtering_doc_counts":[171,9,2,1,1,4,2,1,0,0],"tail_threshold":11,"tail_removal_rate":100.0,"tail_post_filtering_doc_counts":0,"global_removal_rate":83.27495621716288}