{"cluster_sizes":[1,2,3,4,5,6,7,8,9,10,11,12,13,14,15,16,18,19,20,23,25,27,30,31,32,35,36,37,38,41,45,47,48,51,71,75],"cluster_removal_rates":[78.72340425531915,97.05882352941177,100.0,100.0,100.0,100.0,90.0,100.0,66.66666666666666,100.0,100.0,100.0,100.0,66.66666666666666,100.0,50.0,100.0,100.0,100.0,66.66666666666666,100.0,100.0,100.0,100.0,100.0,100.0,100.0,66.66666666666666,100.0,100.0,100.0,100.0,100.0,100.0,100.0,100.0],"cluster_post_filtering_doc_counts":[50,2,0,0,0,0,1,0,1,0,0,0,0,1,0,1,0,0,0,1,0,0,0,0,0,0,0,1,0,0,0,0,0,0,0,0],"tail_threshold":102,"tail_removal_rate":100.0,"tail_post_filtering_doc_counts":0,"global_removal_rate":87.16814159292035}