{"cluster_sizes":[1,2,3,4,5,7,8,11,12,15,16,22,23,25,26,28,33],"cluster_removal_rates":[97.77777777777777,38.59649122807017,27.27272727272727,100.0,80.0,100.0,100.0,0.0,100.0,0.0,100.0,100.0,0.0,100.0,100.0,100.0,100.0],"cluster_post_filtering_doc_counts":[1,35,16,0,1,0,0,1,0,1,0,0,1,0,0,0,0],"tail_threshold":128,"tail_removal_rate":0.0,"tail_post_filtering_doc_counts":1,"global_removal_rate":60.416666666666664}