{"cluster_sizes":[1,2,3,4,5,6,7,8,9,11,18,19,21,22,23,24,25,28,30,39,54,56],"cluster_removal_rates":[36.25730994152047,8.108108108108109,5.88235294117647,21.875,16.666666666666664,100.0,20.0,33.33333333333333,16.666666666666664,100.0,100.0,100.0,100.0,100.0,66.66666666666666,100.0,100.0,100.0,0.0,0.0,100.0,0.0],"cluster_post_filtering_doc_counts":[327,102,16,25,10,0,4,2,5,0,0,0,0,0,1,0,0,0,1,1,0,1],"tail_threshold":215,"tail_removal_rate":100.0,"tail_post_filtering_doc_counts":0,"global_removal_rate":31.440443213296398}