{"cluster_sizes":[1,2,3,5,6,7,8,9,11,19,20,21,22,23,24,25,26,27,30],"cluster_removal_rates":[95.16129032258065,92.85714285714286,77.77777777777779,75.0,33.33333333333333,100.0,100.0,100.0,100.0,100.0,100.0,100.0,100.0,100.0,100.0,100.0,100.0,100.0,100.0],"cluster_post_filtering_doc_counts":[3,1,2,1,2,0,0,0,0,0,0,0,0,0,0,0,0,0,0],"tail_threshold":75,"tail_removal_rate":0.0,"tail_post_filtering_doc_counts":1,"global_removal_rate":91.30434782608695}