{"cluster_sizes":[1,2,3,4,5,6,7,8,9,10,11,12,13,14,17,18,20,21,30,31,39,41,50,51],"cluster_removal_rates":[98.7487969201155,91.2,97.67441860465115,79.48717948717949,62.06896551724138,76.47058823529412,90.0,60.0,100.0,75.0,0.0,100.0,100.0,100.0,100.0,100.0,100.0,100.0,50.0,100.0,100.0,100.0,100.0,100.0],"cluster_post_filtering_doc_counts":[26,11,1,8,11,4,1,2,0,1,1,0,0,0,0,0,0,0,1,0,0,0,0,0],"tail_threshold":52,"tail_removal_rate":66.66666666666666,"tail_post_filtering_doc_counts":1,"global_removal_rate":97.15600167294019}