{"cluster_sizes":[1,2,3,4,5,6,7,8,9,10,11,12,13,14,15,16,17,18,19,20,21,22,23,24,25,26,27,28,29,30,31,32,33,34,35,36,37,38,39,40,41,42,44,45,46,47,48,49,52,53,54,57,59,61,62,63,64,65,67,68,73,74,75,77,81,83,85,90],"cluster_removal_rates":[98.66998522205802,96.22997172478793,98.32402234636871,99.70414201183432,99.45054945054946,98.11320754716981,98.94736842105263,98.7012987012987,100.0,100.0,95.1219512195122,96.96969696969697,90.0,95.23809523809523,100.0,100.0,94.11764705882352,100.0,100.0,80.0,100.0,100.0,100.0,100.0,75.0,100.0,83.33333333333334,100.0,71.42857142857143,100.0,100.0,100.0,100.0,100.0,100.0,100.0,80.0,83.33333333333334,100.0,100.0,100.0,100.0,100.0,100.0,100.0,100.0,100.0,100.0,50.0,66.66666666666666,0.0,100.0,50.0,100.0,0.0,100.0,0.0,100.0,100.0,0.0,100.0,0.0,0.0,100.0,100.0,100.0,100.0,100.0],"cluster_post_filtering_doc_counts":[171,40,9,1,1,3,1,1,0,0,2,1,2,1,0,0,1,0,0,1,0,0,0,0,1,0,1,0,2,0,0,0,0,0,0,0,1,1,0,0,0,0,0,0,0,0,0,0,1,1,1,0,1,0,1,0,1,0,0,1,0,1,1,0,0,0,0,0],"tail_threshold":93,"tail_removal_rate":93.75,"tail_post_filtering_doc_counts":1,"global_removal_rate":98.41169398215528}