{"cluster_sizes":[1,2,3,4,5,6,7,8,9,10,11,12,13,14,15,16,17,18,19,20,21,22,23,24,25,26,27,28,29,30,31,32,33,34,35,36,37,38,39,40,41,42,43,44,45,46,47,48,49,50,51,52,53,54,55,56,57,58,59,60,61,62,63,64,65,66,67,68,69,70,71,72,73,74,75,76,77,78,79,80,82,83,84,85,86,87,88,89,90,92,93,94,95,96,97,98,99,100,101,102,104,105,106,107,108,109,110,111,112,113,114,115,116,117,118,119,120,122,123,127,128,129,130,132,133,134,135,136,138,141,142,145,146,147,148,149,150,151,152,153,154,157,158,161,163],"cluster_removal_rates":[98.24167410999107,97.45148468552723,96.41744548286604,96.36904761904762,97.50479846449136,98.05491990846681,98.068669527897,98.40848806366049,99.44289693593315,97.24137931034483,99.50738916256158,96.90721649484536,98.0392156862745,97.70114942528735,98.9795918367347,97.40259740259741,94.11764705882352,98.4126984126984,100.0,98.33333333333333,100.0,100.0,100.0,100.0,95.23809523809523,95.45454545454545,100.0,100.0,100.0,95.65217391304348,100.0,100.0,100.0,100.0,100.0,100.0,100.0,100.0,94.11764705882352,100.0,100.0,100.0,100.0,100.0,100.0,100.0,100.0,100.0,100.0,100.0,100.0,100.0,100.0,100.0,100.0,100.0,100.0,100.0,100.0,85.71428571428571,100.0,100.0,100.0,100.0,100.0,100.0,87.5,100.0,100.0,100.0,100.0,100.0,100.0,100.0,100.0,100.0,100.0,100.0,100.0,100.0,66.66666666666666,100.0,50.0,100.0,100.0,100.0,50.0,100.0,100.0,100.0,100.0,100.0,100.0,100.0,100.0,100.0,100.0,100.0,100.0,100.0,100.0,100.0,100.0,100.0,100.0,100.0,100.0,100.0,100.0,100.0,100.0,100.0,100.0,100.0,100.0,100.0,100.0,100.0,100.0,100.0,100.0,100.0,100.0,100.0,100.0,100.0,100.0,100.0,100.0,100.0,100.0,100.0,100.0,0.0,0.0,0.0,100.0,100.0,100.0,100.0,50.0,0.0,33.33333333333333,50.0,100.0],"cluster_post_filtering_doc_counts":[689,218,115,61,26,17,9,6,2,8,1,6,3,2,1,2,4,1,0,1,0,0,0,0,2,1,0,0,0,1,0,0,0,0,0,0,0,0,1,0,0,0,0,0,0,0,0,0,0,0,0,0,0,0,0,0,0,0,0,1,0,0,0,0,0,0,1,0,0,0,0,0,0,0,0,0,0,0,0,0,1,0,1,0,0,0,1,0,0,0,0,0,0,0,0,0,0,0,0,0,0,0,0,0,0,0,0,0,0,0,0,0,0,0,0,0,0,0,0,0,0,0,0,0,0,0,0,0,0,0,0,0,0,1,1,1,0,0,0,0,1,1,2,1,0],"tail_threshold":164,"tail_removal_rate":95.0,"tail_post_filtering_doc_counts":3,"global_removal_rate":97.95105195362817}