{"cluster_sizes":[1,2,3,4,5,6,8,12],"cluster_removal_rates":[26.666666666666668,100.0,66.66666666666666,100.0,100.0,0.0,0.0,0.0],"cluster_post_filtering_doc_counts":[66,0,1,0,0,1,2,1],"tail_threshold":30,"tail_removal_rate":0.0,"tail_post_filtering_doc_counts":1,"global_removal_rate":35.13513513513514}