{"cluster_sizes":[1,2,3,4,5,6,7,8,9,10,11,12,13,14,15,16,17,18,19,20,21,22,23,24,25,26,27,28,29,30,31,32,33,34,35,36,37,39,40,41,42,43],"cluster_removal_rates":[88.05535324107792,92.86186384666226,64.21052631578948,50.649350649350644,54.54545454545454,47.69230769230769,42.857142857142854,51.11111111111111,40.74074074074074,78.78787878787878,61.111111111111114,75.0,78.94736842105263,100.0,89.47368421052632,100.0,69.23076923076923,72.22222222222221,83.33333333333334,76.92307692307693,81.81818181818183,83.33333333333334,100.0,100.0,71.42857142857143,88.88888888888889,50.0,100.0,80.0,75.0,100.0,50.0,100.0,80.0,100.0,100.0,100.0,0.0,100.0,100.0,100.0,100.0],"cluster_post_filtering_doc_counts":[164,540,34,38,30,34,24,22,16,7,7,7,4,0,2,0,4,5,1,3,2,2,0,0,2,1,4,0,1,1,0,1,0,1,0,0,0,1,0,0,0,0],"tail_threshold":44,"tail_removal_rate":100.0,"tail_post_filtering_doc_counts":0,"global_removal_rate":90.08897165321747}