{"cluster_sizes":[1,2,3,4,5,6,7,8,9,11,12,14,19,20,21,22,24,25,26,27,28,59],"cluster_removal_rates":[59.25925925925925,75.55555555555556,100.0,100.0,100.0,100.0,100.0,50.0,50.0,100.0,100.0,50.0,100.0,100.0,100.0,100.0,100.0,100.0,100.0,100.0,100.0,0.0],"cluster_post_filtering_doc_counts":[33,11,0,0,0,0,0,1,1,0,0,1,0,0,0,0,0,0,0,0,0,1],"tail_threshold":74,"tail_removal_rate":100.0,"tail_post_filtering_doc_counts":0,"global_removal_rate":74.19354838709677}