{"cluster_sizes":[1,2,3,4,5,6,7,8,9,10,11,12,13,14,15,16,17,18,19,20,21,22,23,24,25,26,27,28,29,30,31,32,33,34,35,36,37,38,39,40,41,42,43,44,45,46,47,48,49,50,51,52,53,54,55,56,57,58,59,60,61,62,63,64,65,66,67,68,69,70,71,72,73,74,75,76,77,78,79,80,81,82,83,84,85,86,87,88,89,90,91,92,93,94,95,96,97,98,99,100,101,102,103,104,105,106,107,108,109,110,111,112,113,114,115,116,117,118,119,120,121,122,123,124,125,126,127,128,129,130,131,132,133,134,135,136,137,138,139,140,141,142,143,144,145,146,147,148,149,150,151,152,153,154,155,156,157,158,159,160],"cluster_removal_rates":[73.2795671180768,70.90178086922204,68.78138277327153,67.96239466121096,66.76807301256905,65.63061041292639,64.18353105373342,63.63444491346559,65.50945526390065,65.42738012508687,65.22887323943662,64.29615197272285,65.57197591680351,68.66708780795958,70.71905114899926,68.34659593280283,68.99810964083176,71.9704952581665,72.97008547008546,70.97186700767263,69.98514115898959,73.23717948717949,70.30411449016101,74.48132780082987,73.77398720682304,73.22175732217573,74.68354430379746,80.1909307875895,74.56140350877193,73.27586206896551,74.11764705882354,78.93175074183976,73.93939393939394,73.47560975609755,74.76038338658148,75.54858934169279,74.39446366782006,78.43866171003717,74.69879518072288,82.72251308900523,75.59523809523809,76.96629213483146,75.27472527472527,75.7396449704142,76.35135135135135,76.47058823529412,74.66666666666667,68.57142857142857,74.11764705882354,63.33333333333333,73.57142857142858,72.02797202797203,74.0,68.4931506849315,72.22222222222221,73.33333333333333,71.53284671532847,77.47747747747748,65.94202898550725,64.13793103448275,59.72222222222222,66.21621621621621,64.66165413533834,68.55345911949685,66.45569620253164,68.79432624113475,56.86274509803921,65.18518518518519,56.86274509803921,66.66666666666666,59.854014598540154,67.93893129770993,63.86554621848739,61.59420289855072,67.44186046511628,65.98639455782312,73.87387387387388,69.23076923076923,64.22764227642277,60.83333333333333,63.07692307692307,61.36363636363637,61.40350877192983,68.96551724137932,58.87096774193549,60.83333333333333,61.94690265486725,61.240310077519375,66.01941747572816,60.0,59.813084112149525,55.08474576271186,66.29213483146067,70.96774193548387,67.03296703296702,64.19753086419753,54.83870967741935,49.09090909090909,64.28571428571429,52.72727272727272,63.63636363636363,65.38461538461539,62.857142857142854,63.63636363636363,50.0,55.55555555555556,60.526315789473685,55.55555555555556,69.6969696969697,54.54545454545454,76.66666666666667,70.96774193548387,64.51612903225806,62.96296296296296,70.58823529411765,71.42857142857143,80.64516129032258,81.08108108108108,62.06896551724138,70.96774193548387,76.47058823529412,56.52173913043478,69.56521739130434,71.42857142857143,86.66666666666667,77.77777777777779,82.6086956521739,60.0,78.57142857142857,42.10526315789473,66.66666666666666,53.84615384615385,70.58823529411765,78.57142857142857,77.77777777777779,55.55555555555556,70.83333333333334,64.28571428571429,46.666666666666664,77.77777777777779,77.77777777777779,57.14285714285714,40.0,55.55555555555556,57.14285714285714,75.0,62.5,63.63636363636363,62.5,72.72727272727273,60.0,85.71428571428571,87.5,57.14285714285714,66.66666666666666,83.33333333333334,42.857142857142854,33.33333333333333,66.66666666666666,40.0],"cluster_post_filtering_doc_counts":[72492,23594,9699,6577,4151,3063,2053,1723,1222,995,790,733,629,496,395,358,328,266,253,227,202,167,166,123,123,128,100,83,87,93,88,71,86,87,79,78,74,58,63,33,41,41,45,41,35,40,38,55,44,55,37,40,39,46,35,28,39,25,47,52,58,50,47,50,53,44,66,47,66,43,55,42,43,53,42,50,29,36,44,47,48,51,44,36,51,47,43,50,35,46,43,53,30,27,30,29,42,28,20,26,20,18,13,16,18,16,15,20,10,15,7,9,11,10,10,8,6,7,11,9,4,10,7,8,2,4,4,8,3,11,5,6,5,3,4,4,7,5,8,2,2,3,3,4,6,2,3,4,3,3,2,1,1,3,3,1,4,6,1,3],"tail_threshold":161,"tail_removal_rate":79.2887029288703,"tail_post_filtering_doc_counts":99,"global_removal_rate":71.45989333051698}