{"cluster_sizes":[1,2,3,4,5,6,7,8,9,10,11,12,14,15,16,18,20,22,23,29,30,34,43,47,56,87],"cluster_removal_rates":[99.65317919075144,100.0,100.0,94.44444444444444,100.0,90.0,100.0,100.0,100.0,100.0,100.0,100.0,100.0,100.0,100.0,100.0,100.0,100.0,100.0,0.0,100.0,100.0,100.0,100.0,100.0,100.0],"cluster_post_filtering_doc_counts":[3,0,0,1,0,1,0,0,0,0,0,0,0,0,0,0,0,0,0,1,0,0,0,0,0,0],"tail_threshold":242,"tail_removal_rate":100.0,"tail_post_filtering_doc_counts":0,"global_removal_rate":99.39879759519037}