{"cluster_sizes":[1,2,3,4,5,6,7,8,9,13,18,19,20,24,37,38,41],"cluster_removal_rates":[82.35294117647058,31.11111111111111,75.0,83.33333333333334,75.0,50.0,100.0,100.0,100.0,100.0,100.0,100.0,100.0,100.0,0.0,0.0,0.0],"cluster_post_filtering_doc_counts":[15,31,4,1,1,1,0,0,0,0,0,0,0,0,1,1,1],"tail_threshold":502,"tail_removal_rate":100.0,"tail_post_filtering_doc_counts":0,"global_removal_rate":68.0}