{"cluster_sizes":[1,2,3,4,5,6,7,10,11,12,13,14],"cluster_removal_rates":[75.65543071161048,39.56043956043956,16.363636363636363,15.151515151515152,12.5,20.0,0.0,14.285714285714285,0.0,14.285714285714285,0.0,0.0],"cluster_post_filtering_doc_counts":[195,55,46,28,14,8,1,6,5,6,2,4],"tail_threshold":15,"tail_removal_rate":0.0,"tail_post_filtering_doc_counts":2,"global_removal_rate":64.02321083172147}