{"cluster_sizes":[1,2,3,4,5,6,7,8,9,10,11,12,13,14,15,16,17,18,19,20,21,22,23,24,25,26,27,28,29,30,31,32,33,34,35,36,37,38,39,41,44,46],"cluster_removal_rates":[88.51269649334945,95.6989247311828,100.0,100.0,100.0,100.0,50.0,100.0,100.0,100.0,100.0,100.0,100.0,100.0,100.0,100.0,72.72727272727273,72.72727272727273,70.0,61.53846153846154,59.34065934065934,67.04545454545455,66.92307692307692,65.15151515151516,69.56521739130434,82.56880733944955,78.66666666666666,73.68421052631578,94.73684210526315,71.42857142857143,66.66666666666666,25.0,0.0,0.0,0.0,25.0,33.33333333333333,83.33333333333334,33.33333333333333,50.0,0.0,0.0],"cluster_post_filtering_doc_counts":[95,4,0,0,0,0,1,0,0,0,0,0,0,0,0,0,3,3,9,15,37,29,43,46,42,19,16,10,1,4,3,3,1,3,4,3,2,1,2,1,1,1],"tail_threshold":49,"tail_removal_rate":100.0,"tail_post_filtering_doc_counts":0,"global_removal_rate":79.6969696969697}