{"cluster_sizes":[1,2,3,4,5,6,7,8,9,10,11,12,13,14,15,16,17,18,19,20,21,22,23,24,26,27,29,31,32,34,35,37,39,40,41,42,43,47,51,54,57,58,67],"cluster_removal_rates":[95.11978704525288,85.69277108433735,87.95180722891565,90.0,94.91525423728814,72.72727272727273,80.0,94.87179487179486,90.9090909090909,95.23809523809523,100.0,100.0,100.0,100.0,100.0,100.0,100.0,100.0,100.0,100.0,100.0,100.0,100.0,100.0,100.0,100.0,100.0,100.0,100.0,100.0,100.0,100.0,100.0,100.0,100.0,100.0,100.0,100.0,100.0,100.0,100.0,100.0,100.0],"cluster_post_filtering_doc_counts":[165,95,20,9,3,12,7,2,2,1,0,0,0,0,0,0,0,0,0,0,0,0,0,0,0,0,0,0,0,0,0,0,0,0,0,0,0,0,0,0,0,0,0],"tail_threshold":69,"tail_removal_rate":100.0,"tail_post_filtering_doc_counts":0,"global_removal_rate":93.17347159213652}