{"cluster_sizes":[1,2,3,4,5,6,7,8,9,10,11,12,13,14,15,16,17,18,19,20,21,22,23,24,25,26,27,28,30,33,34,35,36,37,38,39,40,42,43,44,46,47,48,51,52,56,60,75,78,88],"cluster_removal_rates":[96.12903225806451,81.01644245142003,62.0979020979021,80.58252427184466,49.13294797687861,78.3132530120482,91.8918918918919,96.875,100.0,94.73684210526315,100.0,100.0,100.0,100.0,100.0,100.0,87.5,100.0,100.0,100.0,100.0,100.0,100.0,100.0,100.0,100.0,100.0,100.0,100.0,100.0,100.0,100.0,100.0,100.0,100.0,100.0,100.0,100.0,100.0,100.0,100.0,100.0,100.0,100.0,100.0,100.0,0.0,100.0,100.0,100.0],"cluster_post_filtering_doc_counts":[150,127,271,40,88,18,3,1,0,1,0,0,0,0,0,0,1,0,0,0,0,0,0,0,0,0,0,0,0,0,0,0,0,0,0,0,0,0,0,0,0,0,0,0,0,0,1,0,0,0],"tail_threshold":118,"tail_removal_rate":85.71428571428571,"tail_post_filtering_doc_counts":1,"global_removal_rate":88.30779480346436}