{"cluster_sizes":[1,2,3,4,5,6,7,8,9,10,11,12,13,16,17,20,24,26,32,35,37,39,40,56],"cluster_removal_rates":[62.15277777777778,51.89873417721519,85.71428571428571,90.9090909090909,50.0,100.0,100.0,100.0,100.0,100.0,100.0,100.0,100.0,100.0,100.0,100.0,100.0,100.0,0.0,100.0,100.0,100.0,100.0,100.0],"cluster_post_filtering_doc_counts":[327,38,5,1,1,0,0,0,0,0,0,0,0,0,0,0,0,0,1,0,0,0,0,0],"tail_threshold":58,"tail_removal_rate":100.0,"tail_post_filtering_doc_counts":0,"global_removal_rate":63.46718903036239}