{"cluster_sizes":[1,2,3,4,5,6,7,8,9,10,11,12,13,14,15,16,17,18,19,20,21,22,23,24,25,26,27,28,29,30,31,32,33,34,35,36,37,38,39,40,41,42,43,44,45,46,47,48,49,50,51,52,53,54,55,56,57,58,59,60,61,62,63,64,65,66,67,68,69,70,71,72,73,74,75,76,77,78,79,80,81,82,83,84,85,86,87,88,89,90,91,92,93,94,95,96,97,98,99,100,101,102,103,104,105,106,107,108,109,110,111,112,113,114,115,116,117,118,119],"cluster_removal_rates":[91.17381575716495,84.28458073961488,80.22058311878088,79.33063844964927,82.9324409119431,85.87145338737695,83.8,87.4649467190129,89.42520265291083,88.89323425889715,91.8734793187348,94.33497536945814,93.87296233839236,90.75975359342917,86.6390041493776,86.875,91.45077720207254,94.54545454545455,95.62289562289563,96.46840148698885,95.31568228105907,91.73228346456693,93.72093023255815,94.1588785046729,96.64804469273743,98.24046920821115,96.9283276450512,97.50889679715303,97.17741935483872,96.15384615384616,96.17224880382776,93.33333333333333,93.77990430622009,94.46808510638299,97.36842105263158,98.66220735785953,98.93992932862191,99.22779922779922,99.14529914529915,99.52830188679245,96.25,97.5609756097561,99.35897435897436,95.96774193548387,97.10144927536231,99.18032786885246,97.08029197080292,97.14285714285714,100.0,96.68874172185431,97.6470588235294,96.045197740113,97.1590909090909,99.35897435897436,98.66666666666667,98.6013986013986,96.55172413793103,100.0,96.94656488549617,100.0,99.15254237288136,98.74213836477988,99.31972789115646,97.14285714285714,97.85714285714285,98.4375,99.0,95.83333333333334,97.87234042553192,100.0,97.26027397260275,94.44444444444444,98.48484848484848,97.53086419753086,98.78048780487805,96.29629629629629,95.94594594594594,96.07843137254902,100.0,98.55072463768117,96.15384615384616,98.4126984126984,100.0,95.83333333333334,100.0,91.66666666666666,100.0,95.91836734693877,100.0,92.0,95.45454545454545,96.15384615384616,100.0,96.66666666666667,85.71428571428571,100.0,88.23529411764706,84.21052631578947,100.0,75.0,88.23529411764706,90.9090909090909,88.88888888888889,94.73684210526315,100.0,100.0,100.0,100.0,93.75,89.47368421052632,100.0,86.66666666666667,90.9090909090909,100.0,91.66666666666666,100.0,100.0,90.9090909090909,88.88888888888889],"cluster_post_filtering_doc_counts":[51042,14062,5685,3477,1632,976,729,447,287,284,167,115,109,135,161,126,66,36,26,19,23,42,27,25,12,6,9,7,7,9,8,13,13,13,6,4,3,2,2,1,6,4,1,5,4,1,4,4,0,5,4,7,5,1,2,2,4,0,4,0,1,2,1,4,3,2,1,4,2,0,2,5,1,2,1,3,3,2,0,1,2,1,0,2,0,3,0,2,0,2,1,1,0,1,4,0,2,3,0,4,2,2,1,1,0,0,0,0,1,2,0,2,1,0,1,0,0,1,1],"tail_threshold":120,"tail_removal_rate":94.79166666666666,"tail_post_filtering_doc_counts":40,"global_removal_rate":89.5795015813304}