{"cluster_sizes":[1,2,3,4,5,6,7,8,9,10,14,15,17,19,21,22,23,24,28,30,31,38,134,246],"cluster_removal_rates":[54.69728601252609,42.0,83.33333333333334,75.0,100.0,100.0,100.0,100.0,100.0,100.0,100.0,100.0,100.0,100.0,100.0,100.0,100.0,100.0,100.0,100.0,100.0,100.0,100.0,100.0],"cluster_post_filtering_doc_counts":[217,29,1,2,0,0,0,0,0,0,0,0,0,0,0,0,0,0,0,0,0,0,0,0],"tail_threshold":2536,"tail_removal_rate":100.0,"tail_post_filtering_doc_counts":0,"global_removal_rate":56.46853146853147}