{"cluster_sizes":[1,2,3,4,5,6,7,8,9,10,11,12,13,14,15,16,17,18,19,20,21,22,23,26,27,28,29,32,33,34,40,42,67,166,169,179],"cluster_removal_rates":[54.58715596330275,38.38383838383838,34.831460674157306,27.710843373493976,25.757575757575758,55.55555555555556,30.76923076923077,53.84615384615385,20.0,100.0,33.33333333333333,80.0,83.33333333333334,50.0,33.33333333333333,100.0,0.0,100.0,0.0,66.66666666666666,0.0,0.0,0.0,100.0,0.0,100.0,0.0,100.0,100.0,0.0,0.0,0.0,100.0,100.0,100.0,100.0],"cluster_post_filtering_doc_counts":[198,122,58,60,49,12,18,6,8,0,4,1,1,1,2,0,1,0,1,1,1,1,1,0,1,0,1,0,0,1,1,1,0,0,0,0],"tail_threshold":398,"tail_removal_rate":100.0,"tail_post_filtering_doc_counts":0,"global_removal_rate":44.789579158316634}