{"cluster_sizes":[1,2,3,4,5,6,7,8,9,10,11,12,13,14,15,16,17,18,19,20,21,22,23,24,25,26,27,28,29,30,32,35,37,38,40,41,45,49,50,54,61,82,105],"cluster_removal_rates":[99.95516700291415,100.0,98.3957219251337,99.01960784313727,100.0,91.93548387096774,100.0,100.0,85.71428571428571,93.75,100.0,100.0,100.0,100.0,100.0,100.0,100.0,100.0,100.0,100.0,100.0,100.0,100.0,100.0,100.0,100.0,100.0,100.0,100.0,100.0,100.0,100.0,100.0,100.0,100.0,100.0,100.0,100.0,100.0,100.0,100.0,100.0,100.0],"cluster_post_filtering_doc_counts":[2,0,3,2,0,5,0,0,3,1,0,0,0,0,0,0,0,0,0,0,0,0,0,0,0,0,0,0,0,0,0,0,0,0,0,0,0,0,0,0,0,0,0],"tail_threshold":143,"tail_removal_rate":100.0,"tail_post_filtering_doc_counts":0,"global_removal_rate":99.71336438552491}