{"cluster_sizes":[1,2,3,4,5,6,7,8,9,10,11,12,13,14,15,17,19,20,21,23,24,25,28,29,30,31,32,33,34,35,36,37,38,39,40,41,42,44,60,83,169],"cluster_removal_rates":[66.15384615384615,67.9245283018868,62.96296296296296,61.111111111111114,45.0,66.66666666666666,76.47058823529412,70.0,100.0,100.0,100.0,100.0,100.0,100.0,100.0,100.0,100.0,100.0,100.0,100.0,100.0,100.0,100.0,100.0,100.0,100.0,100.0,100.0,100.0,100.0,100.0,100.0,100.0,100.0,100.0,100.0,100.0,100.0,100.0,100.0,100.0],"cluster_post_filtering_doc_counts":[374,85,40,21,22,12,4,3,0,0,0,0,0,0,0,0,0,0,0,0,0,0,0,0,0,0,0,0,0,0,0,0,0,0,0,0,0,0,0,0,0],"tail_threshold":184,"tail_removal_rate":100.0,"tail_post_filtering_doc_counts":0,"global_removal_rate":67.19298245614034}