{"cluster_sizes":[1,2,3,4,5,6,7,8,9,10,11,12,13,14,15,16,17,18,19,20,21,22,23,24,25,26,27,28,29,30,31,32,33,34,35,36,37,38,39,40,41,42,43,44,45,46,47,48,49,50,51,52,53,54,55,56,57,58,59,60,61,62,63,64,65,66,67,68,69,70,71,72,73,74,75,77,79,80,81,83,84,85,86,88,89,90,92,94,95,96,97,98,99,102,103,104,105,106,107,108,109,111,112,113,114,116,117,118,124,125,126,131,132,135,138,140,141,143,147,149,150,151,156,157,160,162,167,172,174],"cluster_removal_rates":[95.4056137745924,90.26073619631902,88.63705972434916,86.28665840561752,82.11036992116433,78.81493506493507,80.37974683544303,88.52140077821011,88.40970350404312,88.31168831168831,83.94495412844036,88.46153846153845,87.58620689655172,97.52066115702479,92.17391304347827,93.02325581395348,96.29629629629629,100.0,93.10344827586206,96.0,97.72727272727273,97.14285714285714,93.93939393939394,93.54838709677419,97.14285714285714,92.6829268292683,100.0,96.15384615384616,100.0,91.66666666666666,95.0,93.33333333333333,95.45454545454545,89.47368421052632,93.33333333333333,90.0,100.0,93.33333333333333,83.33333333333334,91.66666666666666,77.77777777777779,90.0,100.0,85.71428571428571,100.0,83.33333333333334,100.0,88.88888888888889,90.0,100.0,100.0,100.0,100.0,100.0,100.0,100.0,100.0,100.0,100.0,66.66666666666666,50.0,100.0,50.0,100.0,100.0,100.0,100.0,100.0,100.0,100.0,90.0,100.0,100.0,100.0,100.0,100.0,100.0,100.0,100.0,100.0,100.0,100.0,100.0,100.0,100.0,100.0,100.0,100.0,100.0,100.0,100.0,100.0,100.0,100.0,100.0,66.66666666666666,100.0,100.0,100.0,100.0,100.0,100.0,100.0,100.0,100.0,100.0,100.0,100.0,100.0,100.0,50.0,50.0,100.0,100.0,100.0,100.0,100.0,100.0,100.0,100.0,100.0,100.0,100.0,100.0,100.0,100.0,100.0,100.0,100.0],"cluster_post_filtering_doc_counts":[1609,635,371,332,295,261,155,59,43,36,35,21,18,3,9,6,2,0,4,2,1,1,2,2,1,3,0,1,0,2,1,1,1,2,1,1,0,1,2,1,2,1,0,1,0,1,0,1,1,0,0,0,0,0,0,0,0,0,0,1,2,0,1,0,0,0,0,0,0,0,1,0,0,0,0,0,0,0,0,0,0,0,0,0,0,0,0,0,0,0,0,0,0,0,0,1,0,0,0,0,0,0,0,0,0,0,0,0,0,0,1,1,0,0,0,0,0,0,0,0,0,0,0,0,0,0,0,0,0],"tail_threshold":178,"tail_removal_rate":96.36363636363636,"tail_post_filtering_doc_counts":2,"global_removal_rate":92.71033920900608}