{"cluster_sizes":[1,2,3,4,5,6,7,8,9,10,11,12,13,14,15,16,17,18,19,20,21,22,23,24,25,26,27,28,29,30,31,32,33,34,35,36,37,38,39,40,41,42,43,44,45,46,47,48,49,50,51,52,53,54,55,56,57,58,59,60,61,62,63,64,65,66,67,68,69,70,71,72,73,74,75,76,77,78,79,80,81,82,83,84,85,86,87,88,89,90,91,92,93,94,95,96,97,98,99,100,101,102,103,104,105,106,107,108,109,110,111,112,113,114,115,116,117,118,119,120,121,122,123,124,125,126,127,128,129,130,131,132,133,134,135,136,137,138,139,140,141,142,143,144,145,146,147],"cluster_removal_rates":[97.63351320026334,87.80714237152242,83.15997938200266,78.69579884267068,75.2895752895753,76.91528984815204,75.05212735981966,73.84258432982331,74.81556621172999,74.5692020634398,73.83745286971093,74.71905570377557,72.5551071095933,73.51364232098177,74.82964224872232,74.20835972134262,73.1388520553135,73.34558823529412,73.38862559241706,77.81924820047988,76.94020356234097,78.63391655450876,78.64864864864865,79.27740863787376,79.4131794131794,80.97098214285714,83.29207920792079,83.14150304671631,82.05723124516628,84.28680396643783,85.26315789473684,83.66124893071,85.61464690496948,84.4306049822064,84.80300187617262,84.91124260355029,85.02066115702479,85.46910755148741,84.64566929133859,86.65749656121045,88.07069219440353,85.08771929824562,83.44155844155844,85.42024013722127,87.26591760299625,85.86206896551725,83.82066276803118,84.49612403100775,81.69642857142857,81.31868131868131,82.05689277899344,80.45112781954887,83.72703412073491,80.76923076923077,81.35135135135135,83.28611898016997,82.72980501392759,78.57142857142857,83.38461538461537,80.48780487804879,78.91566265060241,79.20792079207921,82.57839721254355,81.9047619047619,74.81203007518798,84.3205574912892,83.9080459770115,76.13636363636364,74.9003984063745,77.23577235772358,82.58706467661692,80.0,80.86124401913875,77.98165137614679,75.80645161290323,81.71428571428572,80.31914893617021,80.10752688172043,81.95121951219512,75.91623036649214,80.55555555555556,83.04093567251462,81.69934640522875,81.5068493150685,77.21518987341773,87.90322580645162,80.4054054054054,74.49664429530202,77.33333333333333,79.71014492753623,82.78688524590164,81.10236220472441,81.81818181818183,78.50467289719626,86.76470588235294,82.11382113821138,79.54545454545455,86.32478632478633,80.0,85.36585365853658,78.70370370370371,82.22222222222221,77.0,87.05882352941177,85.86956521739131,89.79591836734694,85.0,90.21739130434783,91.02564102564102,88.46153846153845,93.25842696629213,88.23529411764706,87.5,86.66666666666667,91.37931034482759,81.42857142857143,89.83050847457628,85.71428571428571,96.0,89.87341772151899,94.23076923076923,93.75,93.33333333333333,98.38709677419355,95.45454545454545,91.37931034482759,97.87234042553192,95.74468085106383,95.65217391304348,93.10344827586206,89.65517241379311,93.61702127659575,95.08196721311475,100.0,96.22641509433963,95.55555555555556,84.78260869565217,98.0,95.23809523809523,96.29629629629629,93.87755102040816,95.83333333333334,90.9090909090909,92.6829268292683,88.09523809523809,97.14285714285714,97.5],"cluster_post_filtering_doc_counts":[121609,52009,31037,24630,18432,12086,8854,7328,5462,4634,3747,3127,2652,2223,1773,1629,1418,1305,1123,832,725,635,553,499,428,341,270,249,232,206,168,191,165,175,162,153,145,127,117,97,81,102,102,85,68,82,83,80,82,85,82,78,62,75,69,59,62,75,54,64,70,63,50,57,67,45,42,63,63,56,35,45,40,48,45,32,37,37,37,46,35,29,28,27,36,15,29,38,34,28,21,24,22,23,18,22,18,16,22,18,23,16,23,11,13,10,12,9,7,9,6,8,10,10,5,13,6,12,2,8,3,4,4,1,2,5,1,2,2,4,6,3,3,0,2,2,7,1,2,2,3,2,3,3,5,1,1],"tail_threshold":148,"tail_removal_rate":98.3173076923077,"tail_post_filtering_doc_counts":105,"global_removal_rate":94.94342822757406}