{"cluster_sizes":[1,2,3,4,5,6,7,8,9,10,11,12,13,14,15,16,17,18,19,23,27,28,30,33,34,35,37,40,41,43,45,46,48,50,53,63,113],"cluster_removal_rates":[79.00874635568513,71.57534246575342,55.932203389830505,47.368421052631575,40.0,80.0,66.66666666666666,90.9090909090909,100.0,100.0,100.0,100.0,100.0,100.0,100.0,100.0,100.0,100.0,100.0,100.0,100.0,100.0,100.0,100.0,100.0,100.0,100.0,100.0,100.0,100.0,100.0,100.0,100.0,100.0,100.0,100.0,100.0],"cluster_post_filtering_doc_counts":[144,83,52,40,24,4,3,1,0,0,0,0,0,0,0,0,0,0,0,0,0,0,0,0,0,0,0,0,0,0,0,0,0,0,0,0,0],"tail_threshold":909,"tail_removal_rate":100.0,"tail_post_filtering_doc_counts":0,"global_removal_rate":73.34851936218679}