{"cluster_sizes":[1,2,3,4,5,6,8],"cluster_removal_rates":[61.452513966480446,47.93388429752066,31.70731707317073,33.33333333333333,10.0,0.0,100.0],"cluster_post_filtering_doc_counts":[138,63,28,8,9,1,0],"tail_threshold":30,"tail_removal_rate":100.0,"tail_post_filtering_doc_counts":0,"global_removal_rate":54.67889908256881}