{"cluster_sizes":[1,2,3,4,5,6,7,8,9,10,11,12,14,19,21,22,23,26,39,178,184],"cluster_removal_rates":[59.66386554621849,95.23809523809523,60.0,25.806451612903224,83.33333333333334,100.0,100.0,100.0,100.0,100.0,100.0,100.0,100.0,100.0,100.0,100.0,100.0,0.0,100.0,100.0,100.0],"cluster_post_filtering_doc_counts":[48,1,6,23,1,0,0,0,0,0,0,0,0,0,0,0,0,1,0,0,0],"tail_threshold":694,"tail_removal_rate":100.0,"tail_post_filtering_doc_counts":0,"global_removal_rate":63.96396396396396}