{"cluster_sizes":[1,2,3,4,5,6,7,8,9,10,11,12,13,14,15,16,17,18,19,20,21,22,23,24,25,26,27,29,30,32,33,34,35,36,37,38,39,40,41,43,44,46,47,48,50,52,60,78,87,91,98,107,109,114],"cluster_removal_rates":[96.2293549392334,98.13857290589452,97.98657718120806,99.46524064171123,99.47916666666666,100.0,100.0,98.0392156862745,100.0,93.33333333333333,100.0,100.0,100.0,100.0,100.0,100.0,100.0,100.0,100.0,100.0,100.0,100.0,100.0,100.0,100.0,100.0,100.0,100.0,100.0,100.0,0.0,50.0,100.0,100.0,100.0,100.0,100.0,100.0,100.0,100.0,100.0,100.0,100.0,100.0,100.0,100.0,100.0,100.0,100.0,100.0,100.0,100.0,100.0,100.0],"cluster_post_filtering_doc_counts":[121,18,6,1,1,0,0,1,0,1,0,0,0,0,0,0,0,0,0,0,0,0,0,0,0,0,0,0,0,0,1,1,0,0,0,0,0,0,0,0,0,0,0,0,0,0,0,0,0,0,0,0,0,0],"tail_threshold":136,"tail_removal_rate":100.0,"tail_post_filtering_doc_counts":0,"global_removal_rate":97.20059325176122}