{"cluster_sizes":[1,2,3,4,5,6,7,8,9,10,11,12,13,14,15,16,17],"cluster_removal_rates":[68.07909604519774,24.242424242424242,30.303030303030305,65.51724137931035,66.66666666666666,71.42857142857143,68.38709677419355,73.20261437908496,65.67164179104478,71.42857142857143,53.57142857142857,64.70588235294117,50.0,16.666666666666664,20.0,16.666666666666664,20.0],"cluster_post_filtering_doc_counts":[113,25,23,10,16,36,49,41,46,22,13,6,1,5,4,5,4],"tail_threshold":19,"tail_removal_rate":25.0,"tail_post_filtering_doc_counts":3,"global_removal_rate":65.26748971193416}