{"cluster_sizes":[1,2,3,4,5,6,7,8,9,10,11,12,13,14,15,16,17,18,19,20,21,22,23,24,25,26,27,28,29,30,31,34,37,38,39,43],"cluster_removal_rates":[95.81151832460732,88.23529411764706,96.29629629629629,100.0,100.0,100.0,100.0,100.0,100.0,100.0,100.0,100.0,100.0,100.0,100.0,100.0,100.0,100.0,100.0,100.0,100.0,100.0,100.0,100.0,80.0,87.5,100.0,100.0,100.0,100.0,0.0,0.0,100.0,100.0,100.0,100.0],"cluster_post_filtering_doc_counts":[8,8,1,0,0,0,0,0,0,0,0,0,0,0,0,0,0,0,0,0,0,0,0,0,2,1,0,0,0,0,1,1,0,0,0,0],"tail_threshold":49,"tail_removal_rate":100.0,"tail_post_filtering_doc_counts":0,"global_removal_rate":94.76190476190476}