{"cluster_sizes":[1,2,3,4,5,6,7,8,9,12,14,18,26,38,64,84],"cluster_removal_rates":[73.4567901234568,92.3076923076923,94.44444444444444,93.75,80.0,75.0,100.0,100.0,100.0,100.0,100.0,100.0,100.0,100.0,100.0,100.0],"cluster_post_filtering_doc_counts":[43,2,1,1,1,1,0,0,0,0,0,0,0,0,0,0],"tail_threshold":216,"tail_removal_rate":100.0,"tail_post_filtering_doc_counts":0,"global_removal_rate":79.75206611570248}