{"cluster_sizes":[1,2,3,4,5,6,7,8,9,10,11,12,13,14,15,16,17,18,19,20,21,22,23,24,25,26,27,28,29,30,31,32,33,34,35,36,37,38,39,40,41,42,43,44,45,46,47,48,49,50,51,52,53,54,55,56,57,62,63,64,65,66,67,68,70,72,73,74,75,76,79,80,83,87,90,93,94,97,99],"cluster_removal_rates":[95.00426654254906,76.81962025316456,92.39766081871345,96.33333333333334,98.22485207100591,97.90697674418605,97.91666666666666,98.02631578947368,97.6,93.02325581395348,94.9367088607595,96.07843137254902,88.09523809523809,96.0,95.83333333333334,84.21052631578947,96.42857142857143,74.19354838709677,62.7906976744186,69.23076923076923,77.27272727272727,72.5,61.49068322981367,77.27272727272727,77.71739130434783,77.39130434782608,81.70731707317073,89.74358974358975,87.87878787878788,88.88888888888889,75.0,77.77777777777779,66.66666666666666,77.77777777777779,100.0,30.0,71.42857142857143,57.14285714285714,63.63636363636363,83.33333333333334,83.33333333333334,100.0,80.0,100.0,87.5,0.0,66.66666666666666,100.0,100.0,100.0,100.0,0.0,100.0,100.0,100.0,100.0,100.0,100.0,0.0,100.0,100.0,100.0,100.0,50.0,100.0,100.0,100.0,100.0,100.0,100.0,100.0,100.0,100.0,100.0,100.0,100.0,100.0,100.0,100.0],"cluster_post_filtering_doc_counts":[644,586,65,22,9,9,5,3,3,6,4,2,5,2,1,6,1,8,16,20,20,33,62,35,41,26,15,8,4,2,3,2,2,2,0,7,2,3,4,1,1,0,1,0,1,1,1,0,0,0,0,1,0,0,0,0,0,0,1,0,0,0,0,1,0,0,0,0,0,0,0,0,0,0,0,0,0,0,0],"tail_threshold":100,"tail_removal_rate":95.23809523809523,"tail_post_filtering_doc_counts":1,"global_removal_rate":91.54256113961249}