{"cluster_sizes":[1,2,3,4,5,6,7,8,9,10,11,12,13,14,15,16,18,19,20,21,22,23,24,25,26,28,31,32,35,36,37,38,39,40,47,54,63,92,134,145,199],"cluster_removal_rates":[95.7593123209169,93.82716049382715,100.0,95.55555555555556,100.0,96.0,100.0,95.65217391304348,100.0,92.85714285714286,100.0,100.0,100.0,100.0,66.66666666666666,100.0,100.0,100.0,100.0,100.0,100.0,100.0,100.0,75.0,100.0,100.0,0.0,100.0,100.0,100.0,100.0,80.0,100.0,100.0,100.0,100.0,100.0,100.0,100.0,100.0,100.0],"cluster_post_filtering_doc_counts":[74,10,0,2,0,1,0,1,0,1,0,0,0,0,1,0,0,0,0,0,0,0,0,1,0,0,2,0,0,0,0,1,0,0,0,0,0,0,0,0,0],"tail_threshold":202,"tail_removal_rate":100.0,"tail_post_filtering_doc_counts":0,"global_removal_rate":95.84254754533393}