{"cluster_sizes":[1,2,3,4,5,6,7,8,9,10,13,15,18,26,34,102,107],"cluster_removal_rates":[68.65671641791045,42.857142857142854,100.0,100.0,100.0,100.0,100.0,100.0,100.0,100.0,100.0,100.0,100.0,0.0,100.0,100.0,100.0],"cluster_post_filtering_doc_counts":[21,8,0,0,0,0,0,0,0,0,0,0,0,1,0,0,0],"tail_threshold":122,"tail_removal_rate":100.0,"tail_post_filtering_doc_counts":0,"global_removal_rate":81.0126582278481}