{"cluster_sizes":[1,2,3,4,5,6,8,9,10,11,14,15,16,17,18,19,20,21,22,23,24,25,26,27,28,29,30,31,32,33,34,35,36,37,38,41,42,44,47],"cluster_removal_rates":[83.16176470588236,81.3953488372093,93.63636363636364,57.14285714285714,100.0,83.33333333333334,100.0,0.0,100.0,100.0,100.0,75.0,90.0,94.44444444444444,82.6923076923077,77.63157894736842,88.96551724137932,87.85046728971963,89.05109489051095,89.36170212765957,91.34396355353076,92.72727272727272,93.13984168865436,96.18055555555556,94.21052631578948,90.29126213592234,89.58333333333334,95.23809523809523,80.0,66.66666666666666,50.0,33.33333333333333,0.0,0.0,33.33333333333333,0.0,0.0,50.0,100.0],"cluster_post_filtering_doc_counts":[229,24,7,6,0,1,0,1,0,0,0,1,1,1,9,17,16,26,30,40,38,32,26,11,11,10,5,1,2,2,2,2,4,3,2,2,1,1,0],"tail_threshold":49,"tail_removal_rate":80.0,"tail_post_filtering_doc_counts":1,"global_removal_rate":88.11527135044173}