{"cluster_sizes":[1,2,3,4,5,6,7,8,9,10,11,12,13,14,15,17,21,22,23,24,36,37,38,42,44,45,53,81,253],"cluster_removal_rates":[96.15861214374225,78.65168539325843,94.11764705882352,100.0,88.88888888888889,100.0,87.5,100.0,85.71428571428571,100.0,66.66666666666666,100.0,100.0,100.0,100.0,33.33333333333333,100.0,100.0,100.0,100.0,100.0,100.0,100.0,100.0,100.0,100.0,100.0,100.0,100.0],"cluster_post_filtering_doc_counts":[31,19,3,0,2,0,1,0,1,0,3,0,0,0,0,2,0,0,0,0,0,0,0,0,0,0,0,0,0],"tail_threshold":254,"tail_removal_rate":100.0,"tail_post_filtering_doc_counts":0,"global_removal_rate":94.17293233082707}