{"cluster_sizes":[1,2,3,4,5,6,7,8,9,10,11,12,13,14,15,16,17,18,19,20,21,22,23,24,25,26,27,28,29,30,31,32,33,34,35,36,37,38,39,40,41,42,43,44,45,46,47,48,49,50,51,52,53,54,55,56,57,58,59,60,61,62,63,64,65,66,67,68,69,70,71,72,73,74,75,76,77,78,79,80,81,82,83,84,85,86,87,88,89,90,91,92,93,94,95,96,97,98,99,100,101,102,103,104,105,106,107,108,109,110,111,112,113,114,115,116,117,118,119,120,121,122,123,124,125,126,127,128,129,130,131,132,133,134,135,136,137,138,139,140,141,142,143,144,145,146,147,148,149,150,151,152,153,154,155,156,157,159,160,161,162,163,164,165,166,167,168,169,170,171,172,173,174,175,176,177,178,179,180,181,182],"cluster_removal_rates":[97.72750235753739,95.45668464685227,94.24920127795528,94.79089563286455,93.30475908956547,94.53222453222453,94.30644711135919,93.53152564521399,93.36810730253353,92.0804794520548,91.21546961325967,91.77461139896373,91.56079854809437,90.72265625,90.73604060913706,91.86875891583452,89.91735537190083,91.54676258992805,88.96882494004797,87.96992481203007,88.68421052631578,85.45994065281899,88.56304985337243,86.64495114006515,87.74193548387098,87.82287822878229,87.12121212121212,85.89211618257261,85.64593301435407,86.28318584070797,91.005291005291,90.20618556701031,83.52272727272727,85.63218390804597,85.16129032258064,88.32116788321169,85.9504132231405,85.59322033898306,88.0,89.69072164948454,89.8876404494382,83.0,85.33333333333334,81.60919540229885,83.54430379746836,88.09523809523809,86.74698795180723,90.9090909090909,83.72093023255815,88.88888888888889,84.76190476190476,83.33333333333334,84.61538461538461,85.8974358974359,82.43243243243244,86.3013698630137,79.66101694915254,77.96610169491525,67.6056338028169,71.42857142857143,73.84615384615385,69.84126984126983,67.79661016949152,71.42857142857143,71.875,73.4375,81.63265306122449,67.44186046511628,76.81159420289855,79.03225806451613,58.97435897435898,68.25396825396825,62.5,69.38775510204081,66.66666666666666,87.5,65.38461538461539,85.0,79.41176470588235,69.44444444444444,66.66666666666666,63.41463414634146,75.60975609756098,64.58333333333334,75.75757575757575,69.23076923076923,70.73170731707317,69.23076923076923,72.41379310344827,71.7948717948718,65.71428571428571,64.86486486486487,77.5,75.0,52.0,80.0,78.125,65.21739130434783,69.56521739130434,81.25,77.77777777777779,42.857142857142854,61.111111111111114,63.63636363636363,58.333333333333336,83.33333333333334,86.66666666666667,58.333333333333336,66.66666666666666,62.5,77.77777777777779,100.0,60.0,80.0,66.66666666666666,85.71428571428571,100.0,80.0,60.0,25.0,80.0,60.0,50.0,75.0,50.0,50.0,100.0,75.0,66.66666666666666,100.0,100.0,75.0,33.33333333333333,100.0,100.0,85.71428571428571,100.0,80.0,50.0,100.0,75.0,100.0,60.0,71.42857142857143,75.0,100.0,100.0,100.0,80.0,50.0,100.0,100.0,100.0,100.0,100.0,100.0,100.0,100.0,100.0,100.0,100.0,75.0,100.0,100.0,100.0,66.66666666666666,50.0,50.0,100.0,100.0,83.33333333333334,50.0,100.0,100.0,100.0,100.0,100.0,100.0,0.0,66.66666666666666,100.0],"cluster_post_filtering_doc_counts":[2699,1255,792,563,453,263,204,198,178,185,159,127,93,95,73,57,61,47,46,48,43,49,39,41,38,33,34,34,30,31,17,19,29,25,23,16,17,17,12,10,9,17,11,16,13,10,11,7,14,11,16,17,12,11,13,10,12,13,23,16,17,19,19,16,18,17,9,14,16,13,16,20,18,15,16,3,18,6,7,11,14,15,10,17,8,12,12,8,8,11,12,13,9,6,12,4,7,8,7,3,4,8,7,4,5,2,2,5,3,3,2,0,2,1,3,1,0,1,4,3,1,2,1,1,6,1,0,1,1,0,0,1,4,0,0,1,0,1,1,0,1,0,2,2,1,0,0,0,1,1,0,0,0,0,0,0,0,0,0,0,0,2,0,0,0,1,1,1,0,0,1,2,0,0,0,0,0,0,1,1,0],"tail_threshold":183,"tail_removal_rate":98.12206572769952,"tail_post_filtering_doc_counts":4,"global_removal_rate":95.7412085260977}