{"cluster_sizes":[1,2,3,4,5,6,7,8,9,10,11,12,13,14,15,16,17,18,19,20,21,22,23,26,27,29,30,31,34,35,37,39,46,52,63,68],"cluster_removal_rates":[93.99085564990203,87.23897911832947,85.71428571428571,82.53968253968253,85.29411764705883,80.0,90.0,76.92307692307693,66.66666666666666,88.88888888888889,100.0,100.0,33.33333333333333,80.0,100.0,100.0,100.0,100.0,100.0,100.0,100.0,80.0,100.0,100.0,100.0,33.33333333333333,100.0,100.0,50.0,100.0,100.0,100.0,0.0,100.0,100.0,100.0],"cluster_post_filtering_doc_counts":[92,55,24,22,10,5,2,3,4,1,0,0,12,2,0,0,0,0,0,0,0,1,0,0,0,2,0,0,1,0,0,0,1,0,0,0],"tail_threshold":79,"tail_removal_rate":100.0,"tail_post_filtering_doc_counts":0,"global_removal_rate":90.48192771084337}