{"cluster_sizes":[1,2,3,4,5,6,7,9,23,31,33,34,35,36,38,39,40,41],"cluster_removal_rates":[10.191082802547772,46.15384615384615,7.894736842105263,13.432835820895523,16.363636363636363,0.0,50.0,100.0,0.0,100.0,100.0,100.0,100.0,100.0,100.0,100.0,100.0,100.0],"cluster_post_filtering_doc_counts":[141,14,105,58,46,22,1,0,1,0,0,0,0,0,0,0,0,0],"tail_threshold":42,"tail_removal_rate":100.0,"tail_post_filtering_doc_counts":0,"global_removal_rate":16.559139784946236}