{"cluster_sizes":[1,2,3,4,5,6,7,8,9,10,11,12,13,14,15,16,17,18,19,20,21,22,23,24,25,26,27,28,29,30,31,32,33,34,35,36,37,41,42],"cluster_removal_rates":[100.0,85.62091503267973,97.39956958393114,41.30434782608695,27.906976744186046,44.44444444444444,46.51162790697674,71.05263157894737,84.21052631578947,95.45454545454545,80.0,88.88888888888889,96.29629629629629,95.0,87.5,100.0,100.0,92.85714285714286,100.0,100.0,86.66666666666667,80.0,90.9090909090909,100.0,88.88888888888889,100.0,100.0,85.71428571428571,100.0,100.0,100.0,100.0,100.0,100.0,100.0,100.0,100.0,0.0,100.0],"cluster_post_filtering_doc_counts":[0,44,145,27,31,35,23,11,3,1,3,2,1,1,2,0,0,1,0,0,2,2,1,0,1,0,0,1,0,0,0,0,0,0,0,0,0,1,0],"tail_threshold":45,"tail_removal_rate":85.71428571428571,"tail_post_filtering_doc_counts":1,"global_removal_rate":95.13350559862188}