{"cluster_sizes":[1,2,3,4,5,6,7,8,9,10,11,12,13,14,15,16,17,18,19,20,21,22,23,24,25,26,27,28,29,30,31,32,33,34,35,36,37,38,39,40,41,42,43,44,45,46,47,48,49,50,51,52,53,54,55,56,57,60,61,62,63,64,65,66,68,69,70,71,72,74,76,81,83,87,88,95,96,99,100,102,103,104,105,109,110,111,112,114,116,119],"cluster_removal_rates":[99.40797870895908,98.6276455026455,96.99972474538949,96.89561505626698,95.54347826086956,95.86092715231787,94.66666666666667,97.07317073170731,96.86746987951807,95.0,95.18518518518519,95.41666666666667,96.47577092511013,97.1731448763251,99.672131147541,97.88359788359789,96.73913043478261,98.26086956521739,87.05035971223022,86.47058823529412,81.3953488372093,88.84462151394422,87.53993610223642,90.84967320261438,94.04761904761905,89.0295358649789,95.16129032258065,91.72932330827066,95.16129032258065,92.15686274509804,93.10344827586206,90.32258064516128,90.0,85.18518518518519,95.65217391304348,96.55172413793103,89.28571428571429,96.0,90.0,92.3076923076923,100.0,100.0,95.0,100.0,80.0,100.0,100.0,83.33333333333334,100.0,100.0,100.0,100.0,100.0,100.0,100.0,100.0,100.0,100.0,100.0,100.0,100.0,100.0,100.0,100.0,100.0,100.0,100.0,66.66666666666666,100.0,100.0,100.0,50.0,100.0,100.0,100.0,100.0,100.0,100.0,100.0,100.0,100.0,100.0,100.0,100.0,100.0,100.0,100.0,100.0,100.0,100.0],"cluster_post_filtering_doc_counts":[218,83,109,80,82,50,44,18,13,17,13,11,8,8,1,4,3,2,18,23,40,28,39,28,20,26,9,11,3,4,2,3,2,4,1,1,3,1,2,2,0,0,1,0,1,0,0,1,0,0,0,0,0,0,0,0,0,0,0,0,0,0,0,0,0,0,0,1,0,0,0,1,0,0,0,0,0,0,0,0,0,0,0,0,0,0,0,0,0,0],"tail_threshold":123,"tail_removal_rate":100.0,"tail_post_filtering_doc_counts":0,"global_removal_rate":98.23748939779475}