{"cluster_sizes":[1,2,3,4,5,6,7,9,10,13,14,15,24,25,30],"cluster_removal_rates":[85.04672897196261,26.36363636363636,44.44444444444444,12.5,100.0,100.0,100.0,100.0,100.0,100.0,100.0,100.0,100.0,0.0,100.0],"cluster_post_filtering_doc_counts":[32,81,10,14,0,0,0,0,0,0,0,0,0,1,0],"tail_threshold":39,"tail_removal_rate":100.0,"tail_post_filtering_doc_counts":0,"global_removal_rate":63.2}