{"cluster_sizes":[1,2,3,4,5,6,7,8,9,10,11,12,13,14,15,16,17,18,19,20,21,22,23,24,25,26,27,28,29,30,31,32,33,34,35,36,37,38,39,40,41,42,43,44,45,47,48,52,54,55,61,67,69],"cluster_removal_rates":[98.06155075939249,84.36482084690554,86.57024793388429,91.0299003322259,88.14102564102564,72.61410788381743,66.08996539792388,57.986111111111114,50.51020408163265,52.44755244755245,67.14285714285714,82.35294117647058,90.0,100.0,93.75,100.0,100.0,100.0,100.0,100.0,100.0,100.0,100.0,100.0,100.0,100.0,100.0,100.0,100.0,100.0,100.0,100.0,100.0,100.0,100.0,100.0,100.0,100.0,100.0,100.0,100.0,100.0,100.0,100.0,100.0,100.0,100.0,100.0,100.0,100.0,100.0,100.0,100.0],"cluster_post_filtering_doc_counts":[194,192,65,27,37,66,98,121,97,68,23,9,2,0,1,0,0,0,0,0,0,0,0,0,0,0,0,0,0,0,0,0,0,0,0,0,0,0,0,0,0,0,0,0,0,0,0,0,0,0,0,0,0],"tail_threshold":77,"tail_removal_rate":92.85714285714286,"tail_post_filtering_doc_counts":1,"global_removal_rate":92.7584460681473}