{"cluster_sizes":[1,2,3,4,5,6,7,8,9,10,11,12,13,14,15,16,17,19,20,33,40,55,57,63,83,93,99,168,170],"cluster_removal_rates":[56.25,31.818181818181817,31.25,28.57142857142857,10.0,20.454545454545457,11.11111111111111,8.19672131147541,10.256410256410255,18.181818181818183,0.0,50.0,0.0,0.0,0.0,0.0,50.0,100.0,50.0,50.0,100.0,100.0,100.0,100.0,100.0,100.0,100.0,100.0,100.0],"cluster_post_filtering_doc_counts":[28,15,11,10,18,35,48,56,35,18,14,2,3,3,4,7,2,0,1,1,0,0,0,0,0,0,0,0,0],"tail_threshold":504,"tail_removal_rate":100.0,"tail_post_filtering_doc_counts":0,"global_removal_rate":24.146341463414632}