{"cluster_sizes":[1,2,3,4,5,6,7,8,9,10,11,12,13,14,15,16,17,18,19,20,21,22,23,24,25,26,28,30,31,32,33,35,36,37,38,39,40,42,43,48,54,56,57,62,71,72,73,88,97,102,106,133,182,260,262],"cluster_removal_rates":[97.2520107238606,93.76558603491272,90.85365853658537,99.15966386554622,100.0,100.0,100.0,100.0,100.0,100.0,100.0,100.0,100.0,100.0,96.15384615384616,100.0,100.0,100.0,100.0,100.0,100.0,100.0,100.0,100.0,50.0,100.0,100.0,100.0,100.0,100.0,100.0,100.0,100.0,100.0,100.0,100.0,100.0,100.0,100.0,100.0,100.0,100.0,100.0,100.0,100.0,100.0,100.0,100.0,100.0,100.0,100.0,100.0,100.0,100.0,100.0],"cluster_post_filtering_doc_counts":[41,25,15,1,0,0,0,0,0,0,0,0,0,0,1,0,0,0,0,0,0,0,0,0,1,0,0,0,0,0,0,0,0,0,0,0,0,0,0,0,0,0,0,0,0,0,0,0,0,0,0,0,0,0,0],"tail_threshold":296,"tail_removal_rate":100.0,"tail_post_filtering_doc_counts":0,"global_removal_rate":96.76050906286156}