{"cluster_sizes":[1,2,3,4,5,6,7,8,9,10,11,12,13,16,18,19,21,23,24,25,26,30,32,39,56,70,112],"cluster_removal_rates":[94.14225941422593,70.32967032967034,91.66666666666666,100.0,100.0,90.0,92.3076923076923,100.0,100.0,60.0,100.0,66.66666666666666,100.0,100.0,50.0,100.0,100.0,100.0,100.0,100.0,100.0,100.0,0.0,100.0,100.0,100.0,100.0],"cluster_post_filtering_doc_counts":[28,27,4,0,0,1,1,0,0,2,0,1,0,0,1,0,0,0,0,0,0,0,1,0,0,0,0],"tail_threshold":419,"tail_removal_rate":100.0,"tail_post_filtering_doc_counts":0,"global_removal_rate":90.89655172413794}