{"cluster_sizes":[1,2,3,4,5,6,7,8,9,11,12,13,14,15,16,18,21,23,24,25,27,58],"cluster_removal_rates":[64.81481481481481,66.66666666666666,89.47368421052632,92.85714285714286,100.0,87.5,100.0,100.0,100.0,100.0,100.0,100.0,100.0,100.0,100.0,100.0,100.0,100.0,100.0,100.0,100.0,100.0],"cluster_post_filtering_doc_counts":[57,16,2,1,0,1,0,0,0,0,0,0,0,0,0,0,0,0,0,0,0,0],"tail_threshold":149,"tail_removal_rate":100.0,"tail_post_filtering_doc_counts":0,"global_removal_rate":72.79151943462897}