{"cluster_sizes":[1,2,3,4,5,6,7,8,9,10,11,12,13,14,15,16,17,18,19,20,21,22,23,24,25,26,29,30,31,32,33,35,36,38,39,40,42,49,51,68,69,81,112],"cluster_removal_rates":[87.86610878661088,80.56426332288402,85.98726114649682,84.84848484848484,84.7457627118644,78.2051282051282,76.29310344827587,68.34862385321101,66.31016042780749,60.22727272727273,56.60377358490566,38.46153846153847,57.14285714285714,50.0,58.333333333333336,42.857142857142854,40.0,50.0,50.0,100.0,66.66666666666666,100.0,100.0,0.0,100.0,66.66666666666666,0.0,100.0,100.0,100.0,100.0,100.0,100.0,100.0,100.0,100.0,100.0,100.0,100.0,100.0,100.0,100.0,100.0],"cluster_post_filtering_doc_counts":[145,62,22,15,18,34,55,69,63,35,23,8,3,6,5,4,3,4,2,0,1,0,0,1,0,1,1,0,0,0,0,0,0,0,0,0,0,0,0,0,0,0,0],"tail_threshold":122,"tail_removal_rate":100.0,"tail_post_filtering_doc_counts":0,"global_removal_rate":80.29221882432893}