{"cluster_sizes":[1,2,3,4,5,6,7,8,9,11,12,13,14,18,19,20,22,23,25,26,34,35,38,39,42,76],"cluster_removal_rates":[55.08982035928144,31.88405797101449,25.0,37.83783783783784,60.0,78.57142857142857,83.33333333333334,100.0,100.0,100.0,100.0,100.0,100.0,100.0,100.0,100.0,100.0,100.0,100.0,0.0,100.0,100.0,100.0,100.0,100.0,100.0],"cluster_post_filtering_doc_counts":[75,47,42,23,6,3,1,0,0,0,0,0,0,0,0,0,0,0,0,1,0,0,0,0,0,0],"tail_threshold":123,"tail_removal_rate":100.0,"tail_post_filtering_doc_counts":0,"global_removal_rate":49.746192893401016}