{"cluster_sizes":[1,2,3,4,5,6,7,8,10,12,13,15,16,17,18,19,20,21,22,23,24,25,26,27,28,29,30,31,32,33,34,35,36,37,38,40,45,46],"cluster_removal_rates":[53.65079365079365,42.5531914893617,37.03703703703704,40.0,100.0,100.0,100.0,0.0,100.0,100.0,100.0,100.0,100.0,0.0,0.0,25.0,14.285714285714285,39.21568627450981,25.925925925925924,34.48275862068966,53.125,38.88888888888889,43.18181818181818,33.33333333333333,64.28571428571429,53.84615384615385,33.33333333333333,33.33333333333333,50.0,20.0,0.0,0.0,0.0,33.33333333333333,0.0,0.0,100.0,0.0],"cluster_post_filtering_doc_counts":[146,27,17,9,0,0,0,1,0,0,0,0,0,1,4,9,18,31,40,38,30,33,25,20,5,6,2,2,1,4,2,7,5,2,2,1,0,1],"tail_threshold":83,"tail_removal_rate":100.0,"tail_post_filtering_doc_counts":0,"global_removal_rate":44.05034324942792}