{"cluster_sizes":[1,2,3,4,5,6,7,8,10,11,15,16,19],"cluster_removal_rates":[93.75,100.0,100.0,50.0,41.66666666666667,100.0,100.0,75.0,100.0,100.0,100.0,100.0,100.0],"cluster_post_filtering_doc_counts":[3,0,0,1,7,0,0,1,0,0,0,0,0],"tail_threshold":26,"tail_removal_rate":100.0,"tail_post_filtering_doc_counts":0,"global_removal_rate":85.54216867469879}