{"cluster_sizes":[1,2,3,4,5,6,7,8,9,10,11,12,13,14,15,16,17,18,19,20,21,22,23,24,25,26,27,28,29,30,31,32,33,34,35,36,37,38,39,40,41,42,43,44,45,46,47,48,49,50,51,52,53,54,55,56,57,58,59,60,61,62,63,64,65,66,67,68,69,70,71,72,73,74,75,76,77,78,79,80,81,82,83,84,85,86,87,88,89,90,91,92,93,94,95,96,97,98,99,100,101,102,103,104,105,106,107,108,109,110,111,112,113,114,115,116,117,118,119,120,121,122,123,124,125,126,127,128,129,130,131,132,133,134,135,136,137,138,139,140,141,142,143,144,145,146,147,148,149,150,151,152,153,154,155,156,157,158,159,160,161,162,163,164,165,166,167,168,169,170,171,172,173,174,175,176,177,178,179,180,181,182,183,184,185,186,187,188,189,190,191,192,193,194,195,196,197],"cluster_removal_rates":[74.12936259040859,63.44415749760993,57.99842816775737,55.48592317954226,54.3123837048733,55.23062894415227,54.62765060767254,51.272929910569985,53.24543261400921,53.03455731941603,52.74580540340471,53.1647101536972,51.268078375393635,51.624990118837445,52.192314718957434,52.53412078216716,52.25134467473763,53.22367138356713,52.87934073026038,54.70967741935484,54.75488557274413,54.67617623375129,53.307796221247614,53.63153232949512,52.88155028093109,53.06640278094948,54.09849866704083,54.56181169536218,54.86567369543531,55.43152639087019,55.88312912346842,57.20959549145378,56.85086787105915,57.190159266249466,55.648972255240196,54.17294600633997,53.44818679615663,53.15717327266894,53.06272545792036,54.75279169790475,54.14343246592317,54.548750861162475,54.045666149412554,54.56713670028035,54.25802104390194,53.522058337191616,54.00639775298431,54.79969765684052,53.76534027519524,54.31947840260799,54.104187493057864,54.37537718768859,54.45249805850375,54.666848344461094,55.00290023201856,54.705706602928,54.93485342019544,54.732579719925766,55.90647356482289,53.333333333333336,56.0313515580195,54.70949831449534,55.05241090146751,55.30607922050413,55.35037878787878,54.803756320732,55.9560327198364,54.966198647945916,54.259835833569205,57.09770114942528,56.14608076009501,59.059233449477354,54.987908101571946,56.307303193171045,57.47422680412371,56.72494956287828,57.14285714285714,57.31795241528479,57.91599353796446,55.892648774795795,56.72489082969432,56.272401433691755,54.90284681427926,57.49080882352941,56.78537054860443,56.37880274779196,55.99793174767321,57.928642220019825,54.80597014925374,54.28403755868545,54.424778761061944,56.46470955652717,58.279430789133244,57.14285714285714,57.436260623229465,58.47520355292376,57.27773406766325,56.34016704631739,56.318914334181514,55.90361445783133,56.608695652173914,56.76392572944297,58.4942084942085,58.66028708133971,56.67330677290837,59.144385026737964,58.45824411134903,55.4054054054054,57.371428571428574,56.730769230769226,54.94880546075085,56.78449258836944,57.125603864734295,60.050251256281406,59.19165580182529,57.20164609053497,59.72222222222222,52.98507462686567,59.01639344262295,57.496136012364765,57.09828393135725,58.18452380952381,56.65024630541872,60.90468497576737,55.34804753820034,59.523809523809526,58.98305084745763,60.60606060606061,57.989228007181325,59.50570342205324,58.16733067729084,58.26446280991735,56.87022900763359,56.287425149700596,58.55670103092784,60.12793176972282,57.2354211663067,58.836689038031324,61.75115207373272,60.82251082251082,61.06194690265486,61.33909287257019,58.392434988179666,59.30521091811415,61.96473551637279,58.1151832460733,57.64411027568922,60.58201058201058,60.66838046272493,61.20218579234973,55.714285714285715,63.29479768786127,57.52212389380531,62.5,59.87261146496815,58.982035928143716,57.89473684210527,60.95890410958904,58.77192982456141,61.82965299684543,57.3170731707317,60.05830903790087,61.79775280898876,62.01550387596899,59.2741935483871,64.36363636363637,61.42857142857143,59.34959349593496,62.06896551724138,55.859375,61.59695817490495,68.3127572016461,57.3170731707317,63.63636363636363,67.98418972332016,61.86440677966102,61.53846153846154,65.21739130434783,57.028112449799195,65.70247933884298,66.50485436893204,58.03108808290155,63.63636363636363,67.38197424892704,63.26530612244898,63.78378378378379,59.907834101382484,60.51282051282051,66.85714285714286,63.0,62.82722513089005,61.87845303867403,61.016949152542374,60.57142857142858,62.35955056179775,58.64197530864198,59.2391304347826],"cluster_post_filtering_doc_counts":[3012577,1262210,770111,642327,818866,519442,368737,289431,176556,181149,196611,143190,101051,91794,78505,65904,54507,45584,37967,34047,29774,27580,25232,23034,20546,18497,16357,14647,13121,12497,11702,11541,12181,12929,15298,17637,18023,16061,13402,11467,11842,12535,12438,10858,8825,7027,5895,5382,4973,4484,4132,3780,3519,3327,3103,3032,2767,2683,2527,2653,2300,2284,2144,2110,1886,1877,1723,1732,1616,1493,1477,1410,1489,1382,1320,1287,1161,1184,1042,1134,991,976,998,925,898,889,851,849,757,779,721,697,645,651,601,561,543,575,515,549,499,489,430,432,435,382,388,429,373,405,396,379,355,318,313,312,290,315,275,275,275,281,264,242,263,238,242,208,234,213,210,202,226,219,201,187,198,184,166,181,176,179,176,164,151,160,169,149,153,142,155,127,144,132,126,137,128,114,141,121,140,137,102,98,101,98,108,100,99,113,101,77,105,88,81,90,90,80,107,83,69,81,72,76,72,67,87,77,58,74,71,69,69,69,67,67,75],"tail_threshold":198,"tail_removal_rate":68.78045095743475,"tail_post_filtering_doc_counts":8266,"global_removal_rate":64.40435960874315}