{"cluster_sizes":[1,2,3,4,5,6,7,8,9,10,12,13,14,15,16,17,18,19,22,25,36,37,39,44,64,104,269],"cluster_removal_rates":[91.68900804289544,96.55172413793103,100.0,100.0,100.0,100.0,100.0,100.0,100.0,100.0,100.0,100.0,100.0,100.0,100.0,100.0,100.0,100.0,100.0,0.0,100.0,100.0,100.0,100.0,100.0,100.0,100.0],"cluster_post_filtering_doc_counts":[31,2,0,0,0,0,0,0,0,0,0,0,0,0,0,0,0,0,0,1,0,0,0,0,0,0,0],"tail_threshold":280,"tail_removal_rate":100.0,"tail_post_filtering_doc_counts":0,"global_removal_rate":93.39805825242719}