{"cluster_sizes":[1,2,3,4,5,6,7,8,9,10,11,12,13,14,15,16,17,18,19,20,21,22,23,24,25,27,28,29,30,32,33,36,37,38,39,40,41,49,50,65,72,76,81,85,88,102,112,123],"cluster_removal_rates":[96.57387580299786,92.27053140096618,95.6896551724138,94.8051948051948,89.56521739130436,85.9375,71.03448275862068,69.04761904761905,61.53846153846154,57.534246575342465,45.09803921568628,50.0,40.0,27.77777777777778,83.33333333333334,40.0,40.0,50.0,42.857142857142854,66.66666666666666,100.0,100.0,66.66666666666666,33.33333333333333,100.0,0.0,100.0,100.0,100.0,100.0,100.0,100.0,100.0,100.0,100.0,100.0,100.0,100.0,100.0,100.0,100.0,100.0,100.0,100.0,100.0,100.0,100.0,100.0],"cluster_post_filtering_doc_counts":[176,32,5,4,12,18,42,52,45,31,28,17,15,13,2,3,3,3,4,1,0,0,1,2,0,1,0,0,0,0,0,0,0,0,0,0,0,0,0,0,0,0,0,0,0,0,0,0],"tail_threshold":157,"tail_removal_rate":100.0,"tail_post_filtering_doc_counts":0,"global_removal_rate":92.39146650753393}