{"cluster_sizes":[1,2,3,4,5,6,7,8,9,10,11,12,13,14,15,16,17,18,19,20,21,22,23,24,25,26,27],"cluster_removal_rates":[80.04115226337449,94.37365783822477,94.56018518518519,89.13043478260869,100.0,92.85714285714286,92.78350515463917,91.90283400809717,83.84279475982532,75.78947368421053,70.17543859649122,37.5,55.55555555555556,46.15384615384615,69.44444444444444,55.00000000000001,72.0,72.22222222222221,61.53846153846154,62.5,66.66666666666666,90.0,85.71428571428571,83.33333333333334,75.0,100.0,75.0],"cluster_post_filtering_doc_counts":[97,393,47,5,0,10,14,20,37,46,34,50,28,28,11,9,7,5,5,6,2,1,2,1,1,0,1],"tail_threshold":28,"tail_removal_rate":63.63636363636363,"tail_post_filtering_doc_counts":4,"global_removal_rate":91.32530120481928}