{"cluster_sizes":[1,2,3,4,5,6,7,8,9,10,11,12,13,14,15,16,17,18,19,20,21,22,23,24,25,26,27,28,29,30,31,32,33,34,35,36,37,38,39,40,41,42,43,44,45,46,47,48,49,50,51,52,53,54,55,56,57,58,59,60,61,62,63,64,65,66,67,68,69,70,71,72,73,74,75,76,77,78,79,80,81,82,83,84,85,86,87,88,89,90,91,92,93,94,95,96,97,98,99,100,101,102,103,104,105,106,107,108,109,110,111,112,113,114,115,116,117,118,119,120,121,122],"cluster_removal_rates":[99.574474496243,98.1243121289581,98.62526563144529,98.50565703380589,98.64091958123822,98.8025231699499,98.62895144392822,98.71948266529927,98.9679872983052,99.07721194357941,99.13244485031821,99.26066411649363,99.0127108481893,99.09269838221881,99.30505763609287,99.09425947904303,99.25682435329428,99.37440608172315,99.4598973805023,99.31992903607333,99.48297178824322,99.17811579980373,99.41365349713807,99.29524666366771,99.29161747343565,99.33369349900954,99.25433293027005,99.30795847750865,99.69802555168408,99.4046201476542,99.26749179085628,97.7665514490827,96.95847659349378,95.43039319872476,93.2719365566641,90.83930399181168,90.49369747899159,90.43769166434346,93.86257505003336,96.50205761316872,98.9146521953626,99.39659901261658,99.65217391304347,99.70184853905785,99.62168978562421,99.2445054945055,99.5774647887324,99.38931297709924,99.3660855784469,99.38366718027734,99.35639581657281,99.7411561691113,98.77729257641921,99.80449657869013,99.18032786885246,98.65384615384616,99.67105263157895,99.1764705882353,98.74429223744292,99.16167664670658,99.13258983890955,99.11838790931989,99.72936400541272,99.32249322493224,99.71305595408894,98.43304843304843,99.29178470254958,99.70193740685544,99.03691813804173,99.375,99.19354838709677,99.66101694915255,99.50576606260296,99.62825278810409,99.45945945945947,99.42965779467681,99.609375,98.59719438877755,98.36734693877551,100.0,99.13978494623656,100.0,99.76076555023924,99.75369458128078,98.91598915989161,99.7340425531915,99.73262032085562,98.96907216494846,99.4186046511628,99.21465968586386,100.0,99.40298507462687,100.0,99.69135802469135,99.71509971509973,99.40298507462687,99.33774834437085,99.68051118210862,99.6845425867508,99.32432432432432,99.6415770609319,99.625468164794,100.0,98.52941176470588,100.0,100.0,99.53271028037383,100.0,100.0,100.0,100.0,100.0,99.53703703703704,100.0,99.06976744186046,100.0,99.48186528497409,100.0,99.53051643192488,100.0,99.47916666666666,99.5049504950495],"cluster_post_filtering_doc_counts":[79365,25257,7032,4385,2438,1513,1204,899,559,403,304,230,247,189,126,145,104,79,60,69,46,67,42,47,42,37,37,32,13,25,29,84,115,172,263,358,362,343,184,85,22,11,6,5,6,11,6,8,8,8,8,3,14,2,8,14,3,7,11,7,7,7,2,5,2,11,5,2,6,4,5,2,3,2,3,3,2,7,8,0,4,0,1,1,4,1,1,4,2,3,0,2,0,1,1,2,2,1,1,2,1,1,0,4,0,0,1,0,0,0,0,0,1,0,2,0,1,0,1,0,1,1],"tail_threshold":123,"tail_removal_rate":99.80212599512217,"tail_post_filtering_doc_counts":43,"global_removal_rate":99.41392304545165}