{"cluster_sizes":[1,2,3,4,5,6,7,8,9,10,11,12,13,14,15,16,17,18,19,20,21,22,23,24,25,26,27,28,29,30,31,32,33,34,35,36,37,38,39,40,41,42,43,45,46,47,48,49,50,51,52,53,54,55,56,57,58,59,60,61,62,63,64,65,66,67,68,69,70,71,72,73,74,75,76,77,78,79,80,81,82,83,84,85,86,87,88,89,90,91,92,93,94,95,96,97,98,99,100,101,102,103,104,105,106,107,109,111,112,114,122,124,126,127,130,140,144,172,192,221],"cluster_removal_rates":[87.36312518496597,72.91523087525844,84.21052631578947,83.92282958199357,83.82352941176471,86.71875,87.17948717948718,85.96491228070175,71.42857142857143,82.92682926829268,97.72727272727273,90.2439024390244,94.73684210526315,93.93939393939394,94.25287356321839,94.0,87.5,85.71428571428571,96.96969696969697,84.21052631578947,100.0,85.71428571428571,91.66666666666666,91.66666666666666,100.0,100.0,92.3076923076923,91.66666666666666,100.0,100.0,100.0,100.0,80.0,80.0,100.0,90.0,100.0,100.0,85.71428571428571,100.0,75.0,80.0,100.0,100.0,100.0,100.0,100.0,100.0,100.0,100.0,80.0,100.0,100.0,100.0,75.0,100.0,100.0,85.71428571428571,66.66666666666666,80.0,80.0,100.0,66.66666666666666,80.0,100.0,100.0,100.0,100.0,100.0,60.0,100.0,100.0,100.0,77.77777777777779,80.0,85.71428571428571,100.0,75.0,62.5,87.5,100.0,85.71428571428571,100.0,90.0,87.5,77.77777777777779,100.0,57.14285714285714,100.0,100.0,100.0,85.71428571428571,100.0,100.0,75.0,66.66666666666666,100.0,0.0,50.0,100.0,0.0,100.0,75.0,100.0,100.0,100.0,100.0,100.0,100.0,100.0,0.0,100.0,100.0,100.0,50.0,100.0,100.0,100.0,100.0,100.0],"cluster_post_filtering_doc_counts":[427,393,87,50,33,17,10,8,12,7,1,8,4,4,5,3,5,5,1,3,0,2,1,1,0,0,1,1,0,0,0,0,1,1,0,1,0,0,1,0,1,1,0,0,0,0,0,0,0,0,1,0,0,0,1,0,0,1,1,1,1,0,1,1,0,0,0,0,0,2,0,0,0,2,1,1,0,1,3,1,0,1,0,1,1,2,0,3,0,0,0,1,0,0,1,1,0,2,1,0,1,0,1,0,0,0,0,0,0,0,1,0,0,0,1,0,0,0,0,0],"tail_threshold":232,"tail_removal_rate":87.5,"tail_post_filtering_doc_counts":1,"global_removal_rate":84.45176341429944}