{"cluster_sizes":[1,2,3,4,5,6,7,8,9,10,11,12,13,14,15,16,17,18,19,20,21,22,23,24,25,26,28,30,31,32,33,34,35,36,38,39,40,41,42,43,44,45,46,49,50,64,68,70,75,86,90],"cluster_removal_rates":[97.82352941176471,87.71498771498771,75.57603686635944,98.3739837398374,97.70992366412213,97.05882352941177,96.96969696969697,100.0,94.11764705882352,95.65217391304348,100.0,100.0,100.0,93.75,100.0,83.33333333333334,100.0,100.0,100.0,92.85714285714286,95.65217391304348,100.0,100.0,100.0,100.0,0.0,100.0,100.0,100.0,100.0,100.0,100.0,100.0,100.0,100.0,100.0,100.0,100.0,100.0,100.0,100.0,100.0,100.0,100.0,100.0,100.0,100.0,100.0,100.0,100.0,100.0],"cluster_post_filtering_doc_counts":[37,50,53,2,3,4,2,0,1,1,0,0,0,1,0,2,0,0,0,1,1,0,0,0,0,1,0,0,0,0,0,0,0,0,0,0,0,0,0,0,0,0,0,0,0,0,0,0,0,0,0],"tail_threshold":96,"tail_removal_rate":100.0,"tail_post_filtering_doc_counts":0,"global_removal_rate":94.79882237487733}